simulation_id,timestamp,node_id,x,y,speed,battery_level,cpu_usage,memory_usage,signal_strength,packet_loss,latency,active,faulty,fault_type,
18,0,1,640.154604544317,671.834304248172,8.910632543489616,100.0,4.2703625251228665,0.0,9.706040874838727,0.9029395912516127,62.29671589217392,true,false,NORMAL
18,0,2,951.5049266787944,785.4183654043907,1.754116212705998,100.0,0.0,2.7280150786644493,20.639227343431415,0.7936077265656858,53.57249099722039,true,false,NORMAL
18,0,3,870.5075993400328,627.0919837072661,4.4005228000598855,100.0,3.029981833253067,1.6708920111530285,15.8708661881568,0.8412913381184319,57.37706926674397,true,false,NORMAL
18,0,4,337.1982188460533,613.198548312514,4.634219109175588,100.0,0.8830517636755952,0.17851456180542846,30.107258529713725,0.6989274147028628,46.03634355410749,true,false,NORMAL
18,0,5,337.76078217170135,151.7146312600132,6.028259194061971,100.0,0.0,0.2761301462766039,23.26676278522454,0.7673323721477545,51.485409514679446,true,false,NORMAL
18,0,6,524.0859340713879,38.592123853898,4.951566524130769,100.0,0.0,0.0,19.0929069202216,0.8090709307977839,54.807638532498125,true,false,NORMAL
18,0,7,16.15849161385575,431.17215604709537,9.233211148700489,100.0,3.799303560234936,2.0712296195974753,0.0,0.0,0.0,true,false,NORMAL
18,0,8,260.5108656176715,231.93441524500486,7.836423248121745,100.0,3.2820119988985583,0.0,21.58007100047365,0.7841992899952634,52.834654956569096,true,false,NORMAL
18,0,9,490.54048014841607,191.1343505268269,3.166573545176757,100.0,0.0,0.0,19.860348005932337,0.8013965199406767,54.19633134245572,true,false,NORMAL
18,0,10,393.6989926074702,721.1002171534129,2.976833909045558,100.0,0.0,2.740215219287692,19.208417623254498,0.8079158237674551,54.724063901093885,true,false,NORMAL
18,1,1,638.5513714891943,680.5995205088274,8.910632543489616,100.0,6.948814226473611,0.6606837711671989,9.694292287858879,0.9030570771214113,62.306074186135966,true,false,NORMAL
18,1,2,950.3882431174266,784.065612096707,1.754116212705998,100.0,0.0,1.1658955898676737,20.20159291144411,0.7979840708855589,53.921395875861094,true,false,NORMAL
18,1,3,867.7696920837395,623.6469198806029,4.4005228000598855,100.0,7.807833896019593,0.0,15.523888533131025,0.8447611146686897,57.65384480056002,true,false,NORMAL
18,1,4,333.7974016988643,610.050464850591,4.634219109175588,100.0,3.7982784666743674,0.0,29.069904054603708,0.709300959453963,46.8604389754104,true,false,NORMAL
18,1,5,333.56310388336163,147.3880383858923,6.028259194061971,100.0,0.0,1.6313146357518706,22.552196373362488,0.7744780362663751,52.055015819537005,true,false,NORMAL
18,1,6,528.7698101356884,40.19814877810227,4.951566524130769,100.0,0.0,0.7436017923408011,18.5773719349967,0.8142262806500329,55.21891705874917,true,false,NORMAL
18,1,7,13.458885794832973,422.34241559007256,9.233211148700489,100.0,7.068868875778285,2.7247442835066877,0.0,0.0,0.0,true,false,NORMAL
18,1,8,254.85275934381707,226.5126661990353,7.836423248121745,100.0,0.0,0.0,21.02810797992883,0.7897189202007118,53.27524201008558,true,false,NORMAL
18,1,9,492.5479228932391,193.58330165808098,3.166573545176757,100.0,3.4651001781245094,0.40902513291857057,18.989341928467393,0.8101065807153262,54.89082056390706,true,false,NORMAL
18,1,10,392.3652829693773,723.7615624379075,2.976833909045558,100.0,2.8587866931746984,3.742814763825085,18.806152237751764,0.8119384776224824,55.0431468112117,true,false,NORMAL
18,2,1,646.7872156218828,684.0010266086539,8.910632543489616,100.0,3.9066729518039445,0.0,9.757285135589703,0.902427148644103,62.25601404463521,true,false,NORMAL
18,2,2,950.9153315117893,782.3925605397591,1.754116212705998,100.0,4.9627970616821475,2.7420933722135423,20.81078041003725,0.7918921958996274,53.43572950193978,true,false,NORMAL
18,2,3,865.6345074864076,627.4947228445245,4.4005228000598855,100.0,5.092772128328085,2.554149821101866,16.680130857509166,0.8331986914249083,56.731108302963904,true,false,NORMAL
18,2,4,332.29542335384576,614.4345323458451,4.634219109175588,100.0,5.790063167008492,1.2378290865741761,30.086733943001242,0.6991326605699876,46.05264323200676,true,false,NORMAL
18,2,5,337.3621812249027,142.70755547664223,6.028259194061971,100.0,1.9317541133236371,0.24109012082756598,22.847058062758702,0.7715294193724129,51.819836933206204,true,false,NORMAL
18,2,6,533.643255337197,39.32205351456931,4.951566524130769,100.0,2.1526265083928298,3.5064929062329018,18.53440706548713,0.8146559293451288,55.253015524188406,true,false,NORMAL
18,2,7,4.226009608938195,422.2637679427835,9.233211148700489,100.0,3.8079645747225257,1.5940444464706527,0.0,0.0,0.0,true,false,NORMAL
18,2,8,254.3135567679395,218.69481547739383,7.836423248121745,100.0,0.0,0.0,21.200507001543148,0.7879949299845685,53.13715704506296,true,false,NORMAL
18,2,9,489.7471583288234,192.10583562743037,3.166573545176757,100.0,4.224205287793071,0.0,19.383936621198426,0.8061606337880157,54.576141146576255,true,false,NORMAL
18,2,10,390.18506026061317,721.7347005624378,2.976833909045558,100.0,1.8268375620022967,2.098655234736846,18.525911454599783,0.8147408854540021,55.26909210864458,true,false,NORMAL
18,3,1,645.788733024666,692.8555398549115,8.910632543489616,100.0,5.923700009627005,2.7774571985846928,9.724925156791148,0.9027507484320886,62.28169937913229,true,false,NORMAL
18,3,2,950.1307320349449,780.823698739404,1.754116212705998,100.0,5.595238051016666,5.2309401376675275,20.540831194922575,0.7945916880507742,53.65093450141606,true,false,NORMAL
18,3,3,866.54048249526,623.1884703905708,4.4005228000598855,100.0,9.894366401117185,2.479462704356026,16.087617775737595,0.839123822242624,57.20396579470203,true,false,NORMAL
18,3,4,328.9419466615867,617.6329977319832,4.634219109175588,100.0,9.019282979980174,0.0,30.007693347900737,0.6999230665209926,46.115415769822214,true,false,NORMAL
18,3,5,331.4400221546059,141.581526677324,6.028259194061971,100.0,4.017180444646725,2.3111071132255803,22.165488005382503,0.778345119946175,52.36390944091818,true,false,NORMAL
18,3,6,538.1779185870869,37.333375498149486,4.951566524130769,100.0,4.4625869108952365,1.1835836964941384,17.27639545422957,0.8272360454577043,56.25652152452594,true,false,NORMAL
18,3,7,8.236097678958664,413.9468345062838,9.233211148700489,100.0,6.275803990467098,1.2058609338719364,0.0,0.0,0.0,true,false,NORMAL
18,3,8,247.46593730346066,214.8843513333041,7.836423248121745,100.0,2.5852796318431936,0.0,21.008705894228697,0.789912941057713,53.29079800332924,true,false,NORMAL
18,3,9,486.8387666386674,193.3582116866254,3.166573545176757,100.0,3.8601801126146897,0.0,18.693801398351006,0.8130619860164899,55.12627333535676,true,false,NORMAL
18,3,10,393.1607848382147,721.81596162508,2.976833909045558,100.0,0.48276059680502614,0.0,18.91156965246521,0.8108843034753479,54.9609087200494,true,false,NORMAL
18,4,1,639.4969590754337,699.165290475725,8.910632543489616,100.0,9.679874306420057,1.2252506333440494,9.815580645062607,0.901844193549374,62.209233376476504,true,false,NORMAL
18,4,2,948.9180381616475,782.0910965685582,1.754116212705998,100.0,5.24458458284727,5.2781115209491976,20.319169380908953,0.7968083061909105,53.82765444264001,true,false,NORMAL
18,4,3,862.3594186925214,624.5608064978262,4.4005228000598855,100.0,8.330410678995648,3.315156965626561,15.68066752960128,0.8431933247039871,57.52873817455303,true,false,NORMAL
18,4,4,324.9895570581415,615.2133690054167,4.634219109175588,100.0,4.215463389942027,2.8700689580462866,29.18629300228937,0.7081370699771063,46.76795026205704,true,false,NORMAL
18,4,5,325.6402734140151,143.22555327589478,6.028259194061971,100.0,7.955844246846143,5.229752021715449,22.198548021707754,0.7780145197829226,52.3406176396241,true,false,NORMAL
18,4,6,537.6342143857604,42.25500091912093,4.951566524130769,100.0,1.8408189730468862,3.2131339839497493,17.616410982749894,0.8238358901725011,55.98615578137837,true,false,NORMAL
18,4,7,11.951286357070105,422.3996187341296,9.233211148700489,100.0,3.459718743757826,1.3954799909199345E-4,0.0,0.0,0.0,true,false,NORMAL
18,4,8,255.29215595267286,215.28414000050975,7.836423248121745,100.0,0.8747216653070178,0.0,22.34231162011617,0.7765768837988383,52.23161906010488,true,false,NORMAL
18,4,9,489.5106141694711,191.65867681226973,3.166573545176757,100.0,5.598096432390852,2.492174595967601,18.981436723138387,0.8101856327686162,54.89674401752935,true,false,NORMAL
18,4,10,391.065423720188,723.9304360058909,2.976833909045558,100.0,0.0,0.0,18.88764430706049,0.8111235569293951,54.978297554272004,true,false,NORMAL
18,5,1,645.3215988266456,705.9086534419087,8.910632543489616,100.0,6.149947789326545,0.0,9.508817754014377,0.9049118224598562,62.45429590078184,true,false,NORMAL
18,5,2,947.2033013887626,782.4606929530028,1.754116212705998,100.0,4.981015734358601,4.815242915088383,21.118453461069052,0.7888154653893095,53.190467465659545,true,false,NORMAL
18,5,3,863.4055939904131,628.8351623744383,4.4005228000598855,100.0,8.178668655044554,2.290136914281197,16.391617592499728,0.8360838240750028,56.96160650139731,true,false,NORMAL
18,5,4,329.3820388331562,613.7361788998405,4.634219109175588,100.0,6.895745437534813,5.307966194631998,29.81712297396122,0.7018287702603878,46.26677699768758,true,false,NORMAL
18,5,5,321.7229068523921,147.80749043529264,6.028259194061971,100.0,5.901998467661316,2.6610657952473895,22.378365667507637,0.7762163433249235,52.20191020082937,true,false,NORMAL
18,5,6,537.8185902872298,37.30686828449503,4.951566524130769,100.0,0.6035169281385158,1.0441803318273668,16.691574746493526,0.8330842525350648,56.72407377559052,true,false,NORMAL
18,5,7,2.9221034269512725,424.32991501473987,9.233211148700489,100.0,1.6125474225777794,2.649620301196948,0.0,0.0,0.0,true,false,NORMAL
18,5,8,263.09577992040715,216.0003678231372,7.836423248121745,100.0,0.0,0.0,24.062937730707546,0.7593706226929245,50.865179802499505,true,false,NORMAL
18,5,9,487.44368123686274,189.25972365117795,3.166573545176757,100.0,2.9011768494665278,0.6341113597365462,19.33792455135087,0.8066207544864913,54.61183160145691,true,false,NORMAL
18,5,10,388.7816195037762,722.0210438452432,2.976833909045558,100.0,0.0,0.0,18.584988379029785,0.8141501162097021,55.221311631058086,true,false,NORMAL
18,6,1,654.2233780100001,706.3057676520455,8.910632543489616,100.0,8.638111905807769,0.8400265918950327,9.156794740433913,0.9084320525956608,62.735589712496086,true,false,NORMAL
18,6,2,945.4607037227828,782.2600014927966,1.754116212705998,100.0,2.5996751554615676,2.181758490171448,21.093210828443702,0.7890678917155629,53.21058898968285,true,false,NORMAL
18,6,3,866.6419969416295,625.8535022913295,4.4005228000598855,100.0,3.338644962498744,0.10539212633856776,16.727548193226447,0.8327245180677355,56.69341429674016,true,false,NORMAL
18,6,4,328.80429720599966,609.138113941176,4.634219109175588,100.0,4.300123219633438,5.243522483958557,28.59499796237313,0.7140500203762687,47.237890116995466,true,false,NORMAL
18,6,5,325.60539486091534,143.19596186284878,6.028259194061971,100.0,10.209823241098244,4.7175837933443105,22.164977700669056,0.7783502229933094,52.369255877204644,true,false,NORMAL
18,6,6,539.7984510160998,32.76834842256089,4.951566524130769,100.0,0.0,0.0,16.66825892655949,0.833317410734405,56.74237727716803,true,false,NORMAL
18,6,7,11.866866145293367,422.0400661050857,9.233211148700489,100.0,4.077953004126063,4.40231321424526,0.0,0.0,0.0,true,false,NORMAL
18,6,8,268.8717545028781,221.29637074480863,7.836423248121745,100.0,0.0,0.0,23.716249247073726,0.7628375075292627,51.1373379700763,true,false,NORMAL
18,6,9,489.483572751521,186.83773466989862,3.166573545176757,100.0,1.9978127389364717,2.9980914281075504,19.443463299297893,0.805565367007021,54.527492704806114,true,false,NORMAL
18,6,10,389.4610282052635,724.9193095229178,2.976833909045558,100.0,0.0,0.0,17.273350942615885,0.8272664905738412,56.26641496909508,true,false,NORMAL
18,7,1,645.6461094663936,703.8912621838485,8.910632543489616,100.0,8.150614599152462,3.626886818697927,9.154450732313343,0.9084554926768666,62.737160430844966,true,false,NORMAL
18,7,2,946.1402020865078,783.8771612441425,1.754116212705998,100.0,0.0,1.2128286221298143,21.20013960410269,0.787998603958973,53.1253542718313,true,false,NORMAL
18,7,3,871.0122912426524,626.368408725833,4.4005228000598855,100.0,7.2257459495329295,0.0,15.843954885588253,0.8415604511441175,57.398906959514505,true,false,NORMAL
18,7,4,325.1316888591255,606.311820488203,4.634219109175588,100.0,0.0,6.012925631397256,27.52892975873084,0.7247107024126915,48.085551585814,true,false,NORMAL
18,7,5,326.1427931133078,149.2002196878525,6.028259194061971,100.0,10.379381729342361,6.704709784280354,22.722821780693597,0.7727717821930641,51.928952588146586,true,false,NORMAL
18,7,6,535.602849029339,30.13872202103882,4.951566524130769,100.0,0.0,0.0,16.43599124316663,0.8356400875683336,56.92741987765675,true,false,NORMAL
18,7,7,3.0318248021518013,419.3578594423794,9.233211148700489,100.0,0.8075018006136352,7.176459713879201,0.0,0.0,0.0,true,false,NORMAL
18,7,8,268.72926418113303,213.46124306034093,7.836423248121745,100.0,1.1764198735975018,0.2816057780708734,24.522983442905346,0.7547701655709466,50.50093442345292,true,false,NORMAL
18,7,9,491.72388845564154,189.0756295653046,3.166573545176757,100.0,0.0,2.272827268969761,19.18719619913996,0.8081280380086003,54.731761117877035,true,false,NORMAL
18,7,10,392.3344103185922,725.697265403959,2.976833909045558,100.0,1.4801024369879223,0.7408057204804537,17.675030528141853,0.8232496947185814,55.943706400153104,true,false,NORMAL
18,8,1,637.2847046701941,700.8112813139101,8.910632543489616,100.0,11.618194304173247,6.367653481352812,8.659185639740219,0.9134081436025978,63.132593165876145,true,false,NORMAL
18,8,2,945.0444834362411,785.2469511284444,1.754116212705998,100.0,0.0,0.1084652363740819,20.989175135004967,0.7901082486499503,53.293519690380016,true,false,NORMAL
18,8,3,874.801690563371,624.1312109916163,4.4005228000598855,100.0,10.09242214028557,0.0,14.795355933937637,0.8520464406606236,58.23607476190964,true,false,NORMAL
18,8,4,322.6272656572448,602.4126088784376,4.634219109175588,100.0,0.0,3.2640924550254873,26.72408872060434,0.7327591127939566,48.725802723084236,true,false,NORMAL
18,8,5,329.6410883498681,154.1095821055858,6.028259194061971,100.0,10.049754108202652,5.926711092517179,22.996875551266836,0.7700312444873316,51.71503590079836,true,false,NORMAL
18,8,6,539.4546295079234,27.027163217530735,4.951566524130769,100.0,0.0,0.0,15.686933353216343,0.8431306664678366,57.524908910145896,true,false,NORMAL
18,8,7,3.2728933706521066,428.5879230424727,9.233211148700489,100.0,1.9494737264619626,8.977841503414853,0.0,0.0,0.0,true,false,NORMAL
18,8,8,276.4212049557828,211.9633857764239,7.836423248121745,100.0,4.908215442550458,2.6581677096642817,25.60735909098762,0.7439264090901238,49.64237769195333,true,false,NORMAL
18,8,9,494.59275776377945,190.41606863883146,3.166573545176757,100.0,0.0,4.173879828475096,19.29551185293538,0.8070448814706461,54.64505936168789,true,false,NORMAL
18,8,10,389.7931492334767,727.2475983421763,2.976833909045558,100.0,0.0,1.404222879795893,17.720461633607236,0.8227953836639277,55.90617961069863,true,false,NORMAL
18,9,1,645.1931123727799,696.7056193776594,8.910632543489616,100.0,12.710236913351762,6.248400184737799,8.472263128427354,0.9152773687157265,63.28189002505678,true,false,NORMAL
18,9,2,943.9663235924851,783.8632983399926,1.754116212705998,100.0,3.974153477944707,0.0,21.27756065546378,0.7872243934453622,53.063642038607796,true,false,NORMAL
18,9,3,878.8674455300066,622.4476916228161,4.4005228000598855,100.0,14.471629919822352,0.0,15.307862459358324,0.8469213754064168,57.82701964060822,true,false,NORMAL
18,9,4,322.1646011582061,607.0236747327903,4.634219109175588,100.0,0.0,0.6314790032266653,26.87749326353814,0.7312250673646186,48.6037509313186,true,false,NORMAL
18,9,5,331.7254041501015,148.4531223863188,6.028259194061971,100.0,7.619757229035166,7.626881569952101,22.98067385689055,0.7701932614310945,51.72129022074808,true,false,NORMAL
18,9,6,536.5769082655994,31.056646000019015,4.951566524130769,100.0,0.0,2.580503628595182,17.070896404505785,0.8292910359549421,56.420885026334524,true,false,NORMAL
18,9,7,0.0,429.83378993915596,9.233211148700489,100.0,0.0,10.821051064576078,0.0,0.0,0.0,true,false,NORMAL
18,9,8,268.62451982023174,212.75156736767053,7.836423248121745,100.0,9.457799841890777,3.6719753369797887,24.009827996264498,0.759901720037355,50.9074554190992,true,false,NORMAL
18,9,9,493.60731069371934,187.40673613990032,3.166573545176757,100.0,0.0,6.5656631538601,19.438515368771718,0.8056148463122828,54.53167225398227,true,false,NORMAL
18,9,10,391.771344144671,729.4720724407822,2.976833909045558,100.0,0.0,2.3877320318444744,17.24192762856999,0.8275807237143,56.28856686941175,true,false,NORMAL
18,10,1,641.5506240687454,688.5734824334074,8.910632543489616,100.0,9.691120646582917,7.714833166061587,8.582777063263974,0.9141722293673602,63.1936109995692,true,false,NORMAL
18,10,2,945.6408588457136,783.3409427394936,1.754116212705998,100.0,5.3588132132486574,0.0,20.751394640291814,0.7924860535970819,53.48307100946045,true,false,NORMAL
18,10,3,880.7572711393212,618.4736307173662,4.4005228000598855,100.0,15.429710330694514,0.0,14.703378941116615,0.8529662105888338,58.30935825691807,true,false,NORMAL
18,10,4,324.736792578468,603.1688312794994,4.634219109175588,100.0,1.6838876725515262,1.6843619474917335,26.376880318066565,0.7362311968193344,49.00207947134092,true,false,NORMAL
18,10,5,327.8801956069715,153.09578112573013,6.028259194061971,100.0,10.914120051332787,10.238361258414834,22.579879023231783,0.7742012097676821,52.04064581760627,true,false,NORMAL
18,10,6,533.8322544764122,26.935373548409782,4.951566524130769,100.0,0.0,4.010882902387858,16.14275799889278,0.8385724200110722,57.161155290541366,true,false,NORMAL
18,10,7,4.707794964475865,421.890940658895,9.233211148700489,100.0,3.7859493556502413,8.657080900204242,0.0,0.0,0.0,true,false,NORMAL
18,10,8,265.8461131733482,220.07891244131463,7.836423248121745,100.0,7.336427304446186,0.9006603213695743,23.836569644938304,0.761634303550617,51.04486612769553,true,false,NORMAL
18,10,9,490.96071738063597,189.14533668406096,3.166573545176757,100.0,0.0,4.12911686976882,19.047237579793443,0.8095276242020656,54.843500884653906,true,false,NORMAL
18,10,10,394.6772551887115,728.8261458767158,2.976833909045558,100.0,0.0,0.0,17.44353560132655,0.8255646439867346,56.126827983051825,true,false,NORMAL
18,11,1,643.149969357091,679.8075559579148,8.910632543489616,100.0,14.018785811923479,7.995303423060212,8.363671308816656,0.9163632869118334,63.36860609702765,true,false,NORMAL
18,11,2,946.116918353649,785.0292232353183,1.754116212705998,100.0,2.6428848735289665,0.0,21.196774633343306,0.7880322536665669,53.12803651269011,true,false,NORMAL
18,11,3,882.6088763224532,622.4656426361418,4.4005228000598855,100.0,12.161058046983367,0.0,15.180434549128112,0.8481956545087188,57.92871673161672,true,false,NORMAL
18,11,4,329.2558061642841,602.1419413325929,4.634219109175588,100.0,2.2733905375338717,1.6774679218734463,26.44203091235712,0.7355796908764288,48.95023539292026,true,false,NORMAL
18,11,5,329.9132450007614,158.77086870859642,6.028259194061971,100.0,13.316467642884705,10.685028447389666,22.391790232977062,0.7760820976702294,52.190433516895105,true,false,NORMAL
18,11,6,537.9402843218718,24.170938374326955,4.951566524130769,100.0,0.0,3.2431975799245674,15.06001322645594,0.8493998677354406,58.02489143505588,true,false,NORMAL
18,11,7,13.79901181685048,423.5040011845997,9.233211148700489,100.0,5.173693964339035,9.776809955905193,0.0,0.0,0.0,true,false,NORMAL
18,11,8,267.44559169920973,227.75036587394465,7.836423248121745,100.0,11.526450399064604,0.0,23.92132076873164,0.7607867923126836,50.975952427392215,true,false,NORMAL
18,11,9,488.9113290970274,191.55929519240803,3.166573545176757,100.0,2.7075533959323406,6.7181504649843555,19.09498071325427,0.8090501928674573,54.805311042099355,true,false,NORMAL
18,11,10,392.5088397692133,730.8656347074099,2.976833909045558,100.0,0.0,0.0,17.002639532538755,0.8299736046746125,56.47902531821612,true,false,NORMAL
18,12,1,647.9181641299497,687.3350848308704,8.910632543489616,100.0,11.238654612512683,7.513683638094179,7.753136670196032,0.9224686332980396,63.856212494336404,true,false,NORMAL
18,12,2,947.0918887577825,783.5710200948946,1.754116212705998,100.0,5.8182253342325865,2.268195891048328,21.044106388506894,0.7895589361149311,53.24973169805523,true,false,NORMAL
18,12,3,885.6207567339216,619.2573444422608,4.4005228000598855,100.0,8.718245428289904,0.0,15.01782287838743,0.8498217712161258,58.05846046514197,true,false,NORMAL
18,12,4,333.7737125213711,601.1101909265154,4.634219109175588,100.0,3.2847643455902844,0.7104001067611185,26.784927627757693,0.7321507237224231,48.67739703515933,true,false,NORMAL
18,12,5,333.9458137202121,163.25175014350413,6.028259194061971,100.0,10.022456913537674,12.431292073890688,22.14165244087746,0.7785834755912253,52.387259583544164,true,false,NORMAL
18,12,6,541.4149859281068,27.698608964180814,4.951566524130769,100.0,3.9957497012267518,3.400616905269888,15.497747487787784,0.8450225251221222,57.67601732759701,true,false,NORMAL
18,12,7,19.885755646612374,430.44689234515687,9.233211148700489,100.0,2.328870283333394,7.7111764978101,0.0,0.0,0.0,true,false,NORMAL
18,12,8,261.9392797526515,233.32621182508902,7.836423248121745,100.0,7.191882427724801,0.0,22.540254806323937,0.7745974519367607,52.07371869047495,true,false,NORMAL
18,12,9,491.00239870127615,189.1813515582568,3.166573545176757,100.0,4.412534254421599,8.128466235503948,19.071484090285747,0.8092851590971426,54.824751828622404,true,false,NORMAL
18,12,10,389.53753465725634,731.0469798305918,2.976833909045558,100.0,0.0,2.033860371858899,16.649830799940894,0.8335016920005911,56.761316395801714,true,false,NORMAL
18,13,1,639.0221295424134,686.8252407934883,8.910632543489616,100.0,6.245130179989126,4.686897181433885,7.533212602736331,0.9246678739726367,64.03181775631961,true,false,NORMAL
18,13,2,945.9422297113747,782.2461775515368,1.754116212705998,100.0,9.26484097928807,3.5316401986734585,21.43068898671869,0.7856931101328131,52.94158707803308,true,false,NORMAL
18,13,3,889.9398672396094,618.4147974978689,4.4005228000598855,100.0,8.41107404985575,1.440267265142845,14.138074040624169,0.8586192595937583,58.761337131538156,true,false,NORMAL
18,13,4,336.2066737127873,605.0543874977972,4.634219109175588,100.0,0.0,0.0,27.92195140987996,0.7207804859012004,47.77299361731569,true,false,NORMAL
18,13,5,335.0635617656229,169.1754777045735,6.028259194061971,100.0,12.589421419295485,12.273008320137148,22.887160213236825,0.7711283978676318,51.79499755331372,true,false,NORMAL
18,13,6,536.6981528978488,29.205094014740403,4.951566524130769,100.0,1.606531482822898,4.036708593953904,15.868514608192786,0.8413148539180721,57.380229653468106,true,false,NORMAL
18,13,7,17.75671641137439,421.4624958684143,9.233211148700489,100.0,7.055177580063072,8.7215172862292,0.0,0.0,0.0,true,false,NORMAL
18,13,8,259.17756192461025,225.99256034973365,7.836423248121745,100.0,9.088987936043305,0.8420206654208071,23.165967317699888,0.7683403268230011,51.57775497023099,true,false,NORMAL
18,13,9,487.8395368160994,189.0280782327582,3.166573545176757,100.0,4.146332372325512,10.29185954293576,19.566302471016634,0.8043369752898336,54.430436717014736,true,false,NORMAL
18,13,10,390.5938365487619,728.2638581235791,2.976833909045558,100.0,0.0,2.424432750169608,18.071458760411485,0.8192854123958851,55.62777097245585,true,false,NORMAL
18,14,1,630.6128888447728,683.8783707226775,8.910632543489616,100.0,2.230524535234906,3.5456728154248776,7.596801358541108,0.924031986414589,63.981196061275554,true,false,NORMAL
18,14,2,947.1905460167874,781.0138504483216,1.754116212705998,100.0,10.506193402258138,0.7384084124045107,20.95679322895105,0.7904320677104895,53.31933292657376,true,false,NORMAL
18,14,3,891.2106750293874,614.2017643297955,4.4005228000598855,100.0,12.688847956693706,1.3190373673339824,13.09141512104242,0.8690858487895758,59.5969523045121,true,false,NORMAL
18,14,4,331.633630227346,604.3038809807626,4.634219109175588,100.0,0.0,2.7561969326161178,27.146003036944432,0.7285399696305557,48.39013966393621,true,false,NORMAL
18,14,5,330.9311048617549,164.7865474421444,6.028259194061971,100.0,11.835403451347123,14.426625423103548,22.49252480365156,0.7750747519634844,52.10699396390604,true,false,NORMAL
18,14,6,533.3640438252497,32.86593104128298,4.951566524130769,100.0,0.0,1.4526602839880605,16.829281124639483,0.8317071887536052,56.61420738726066,true,false,NORMAL
18,14,7,25.90431370853117,417.1186673266955,9.233211148700489,100.0,10.87445585018746,6.505232785103249,0.952836805165963,0.9904716319483404,69.288355695006,true,false,NORMAL
18,14,8,257.2369166156558,233.58488707535184,7.836423248121745,100.0,8.088396696096979,1.3822507370151496,15.177893774827218,0.8482210622517279,57.94477278218715,true,false,NORMAL
18,14,9,488.2764789563417,185.89179546758956,3.166573545176757,100.0,3.2807812021194174,11.845067785125101,19.489872914182087,0.8051012708581791,54.49165151268061,true,false,NORMAL
18,14,10,393.45260836311684,729.0938965778046,2.976833909045558,100.0,0.0,0.27509487542950195,18.55678437044643,0.8144321562955357,55.23898005201845,true,false,NORMAL
18,15,1,627.7721712681831,692.3240616935307,8.910632543489616,100.0,0.6798994038234878,4.394870535888078,7.407695979501086,0.9259230402049892,64.13240616034344,true,false,NORMAL
18,15,2,945.4364574545194,781.0040014179818,1.754116212705998,100.0,5.766248062296111,1.8850735109750905,21.702804810512642,0.7829719518948736,52.724701544821926,true,false,NORMAL
18,15,3,894.3766510800054,617.2581014448338,4.4005228000598855,100.0,15.204502270416347,1.9288583816898066,12.860436437334112,0.8713956356266588,59.782104793988196,true,false,NORMAL
18,15,4,330.7156417193108,608.8462684423255,4.634219109175588,100.0,0.0,0.6400605501302428,27.258599622902967,0.7274140037709703,48.300572129779184,true,false,NORMAL
18,15,5,325.98229856392726,168.2288177884964,6.028259194061971,100.0,7.4329998151299534,12.24752534446602,22.950909741484008,0.7704909025851601,51.747300480336925,true,false,NORMAL
18,15,6,529.523751141135,29.740205022703062,4.951566524130769,100.0,0.0,4.3615000847171865,16.222581700965875,0.8377741829903412,57.0982336759979,true,false,NORMAL
18,15,7,24.338212832784997,408.01924337990226,9.233211148700489,100.0,6.740375559854153,3.6700971505025874,0.3641487992777581,0.9963585120072225,69.75871169248146,true,false,NORMAL
18,15,8,263.55330717113486,228.94670427663016,7.836423248121745,100.0,7.804767441134099,0.0,16.338470364685303,0.836615296353147,57.024715256164086,true,false,NORMAL
18,15,9,485.1137665190379,185.7354687074453,3.166573545176757,100.0,4.528784672878384,9.542198818870354,19.833536274503412,0.8016646372549658,54.21689986807031,true,false,NORMAL
18,15,10,394.61672612399997,731.8336721089092,2.976833909045558,100.0,0.0,2.7844291611210736,19.027961758874778,0.8097203824112522,54.86293820365579,true,false,NORMAL
18,16,1,619.8217340279227,688.3003917252335,8.910632543489616,100.0,2.6624546192625003,6.278978106880093,4.897465215860477,0.9510253478413953,66.13766558889449,true,false,NORMAL
18,16,2,943.7826900271389,781.5887893999145,1.754116212705998,100.0,9.535840219700276,3.7334948273624917,21.530661178593373,0.7846933882140663,52.86190412305727,true,false,NORMAL
18,16,3,898.245607735343,615.1614910105932,4.4005228000598855,100.0,19.309574749056658,2.91232861347112,11.862705813348386,0.8813729418665162,60.57901511594905,true,false,NORMAL
18,16,4,335.16721578487204,610.1344745945661,4.634219109175588,100.0,0.0,0.4006459701444478,14.345103893483035,0.8565489610651696,58.60403413006607,true,false,NORMAL
18,16,5,331.6725992240978,166.23874560195244,6.028259194061971,100.0,11.314498364682207,12.828880822685967,23.084489585584397,0.769155104144156,51.64011173401595,true,false,NORMAL
18,16,6,531.5909785032458,25.240807054504074,4.951566524130769,100.0,0.028563973708992663,2.7249465081545248,15.933149767873527,0.8406685023212648,57.32861080861246,true,false,NORMAL
18,16,7,32.42606766929481,403.5651674645151,9.233211148700489,100.0,8.551350670801648,2.7926791938104802,1.2656652590229411,0.9873433474097706,69.03841456313238,true,false,NORMAL
18,16,8,262.30614308988606,221.2101604049685,7.836423248121745,100.0,3.3618271688373396,0.0,16.404667321482695,0.8359533267851731,56.97089982930462,true,false,NORMAL
18,16,9,488.1409123259651,186.66475675784534,3.166573545176757,100.0,0.7634114380589319,12.021211546748052,19.530754613784612,0.8046924538621539,54.45840532507083,true,false,NORMAL
18,16,10,392.1397107041973,733.4847126087467,2.976833909045558,100.0,4.871818871746845,0.07662951918277328,19.623723825894515,0.8037627617410548,54.38798870532045,true,false,NORMAL
18,17,1,619.455467156338,679.3972899677628,8.910632543489616,100.0,3.478266124904264,7.276618430033155,4.8874255878329125,0.9511257441216708,66.14555345657152,true,false,NORMAL
18,17,2,942.1697497148612,780.8993350963473,1.754116212705998,100.0,10.704138121215088,5.74409896625464,21.72339123708432,0.7827660876291568,52.708294074919735,true,false,NORMAL
18,17,3,902.5275622870746,614.1468649066751,4.4005228000598855,100.0,16.5078760574503,2.9663051820449757,11.739531627163233,0.8826046837283676,60.67760764712447,true,false,NORMAL
18,17,4,338.42868831070234,613.4267054059009,4.634219109175588,100.0,0.1512843684117149,1.7366078720896463,15.428313851415396,0.845716861485846,57.740699693777344,true,false,NORMAL
18,17,5,332.0453863629021,160.22202401458156,6.028259194061971,100.0,15.31685892405159,15.736678448624648,23.19659087397511,0.7680340912602489,51.54668464699795,true,false,NORMAL
18,17,6,526.8906298594477,26.797962688870324,4.951566524130769,100.0,2.878935567521891,3.05280903300884,16.922053783629046,0.8307794621637095,56.539472863259064,true,false,NORMAL
18,17,7,31.21479098741685,412.7185819594687,9.233211148700489,100.0,4.536065054371219,0.40997163617671006,0.8988963396350469,0.9910110366036495,69.33145301776354,true,false,NORMAL
18,17,8,254.7218558000321,219.23832987759997,7.836423248121745,100.0,7.862178311605849,0.0,15.5227101803261,0.844772898196739,57.67093093897097,true,false,NORMAL
18,17,9,485.28427126963214,185.29845156050234,3.166573545176757,100.0,3.4303214185516206,11.935349605208575,19.60147303081457,0.8039852696918542,54.4025061041545,true,false,NORMAL
18,17,10,389.3168408682145,732.5397544027173,2.976833909045558,100.0,8.081797038733505,1.4707433670874612,19.820035179395703,0.801799648206043,54.233050360250424,true,false,NORMAL
18,18,1,610.7266339233055,677.6065240101337,8.910632543489616,100.0,7.505857887038918,4.5526323948085095,5.616047707175817,0.9438395229282418,65.5638182971297,true,false,NORMAL
18,18,2,941.3620770344768,782.4564441256188,1.754116212705998,100.0,11.293957233955384,8.189464019485433,21.17553971538567,0.7882446028461433,53.14496305946809,true,false,NORMAL
18,18,3,898.2274723051414,613.2120777324345,4.4005228000598855,100.0,18.46560136095265,2.920856896139818,11.120326039233227,0.8887967396076677,61.17180663819633,true,false,NORMAL
18,18,4,334.90670811392846,616.4386221121497,4.634219109175588,100.0,2.920953908723336,1.8826574365366222,15.973977651104596,0.840260223488954,57.30489485518892,true,false,NORMAL
18,18,5,326.856067938882,163.2897402995268,6.028259194061971,100.0,15.410680437198907,16.1623782734906,22.351959480005565,0.7764804051999444,52.219972311182666,true,false,NORMAL
18,18,6,531.8287994096639,27.161957930885595,4.951566524130769,100.0,7.18721652324875,4.784390903592545,15.753219588124185,0.8424678041187581,57.47218816139154,true,false,NORMAL
18,18,7,31.69596860219167,403.4979173294365,9.233211148700489,100.0,5.908792192807619,0.0,3.254481921944169,0.9674551807805583,67.44950524422174,true,false,NORMAL
18,18,8,249.4185279450187,225.007579654299,7.836423248121745,100.0,7.245094697872727,2.2214801927447416,15.981827106443452,0.8401817289355655,57.303223949890906,true,false,NORMAL
18,18,9,483.59893909962926,187.97928044235337,3.166573545176757,100.0,5.622887967140986,12.357340308668565,18.95867034448074,0.8104132965551926,54.9149821233978,true,false,NORMAL
18,18,10,392.26878661241517,732.1556236367805,2.976833909045558,100.0,12.425303564747502,0.11227725731373162,20.775980949189666,0.7922401905081033,53.470000732725815,true,false,NORMAL
18,19,1,613.0373917190838,686.2123226793071,8.910632543489616,100.0,11.923788356015642,2.5850082722682863,5.591676046090882,0.9440832395390912,65.58324170701543,true,false,NORMAL
18,19,2,942.4159329631134,781.0541918767864,1.754116212705998,100.0,14.519910875519916,10.11068896275387,21.180761612614486,0.7881923838738552,53.14080062946036,true,false,NORMAL
18,19,3,893.8284305669463,613.3262385815184,4.4005228000598855,100.0,20.099026979956417,0.5005556760143106,11.501553285379266,0.8849844671462074,60.8672269819606,true,false,NORMAL
18,19,4,336.2378568200068,611.9996999598526,4.634219109175588,100.0,6.06234497176271,2.3267816842421913,15.113820185158312,0.8488617981484169,57.990048478878506,true,false,NORMAL
18,19,5,326.52988644310176,169.30916839051713,6.028259194061971,100.0,19.438897274669422,18.759480163363012,21.716581946955415,0.7828341805304458,52.72581880066912,true,false,NORMAL
18,19,6,533.2106819792602,22.40712758620049,4.951566524130769,100.0,6.780188333454305,4.503609695538449,14.973388290951856,0.8502661170904815,58.09469113528418,true,false,NORMAL
18,19,7,23.46153125485459,407.67478573642126,9.233211148700489,100.0,2.993996048899878,0.0,3.0473153495605363,0.9695268465043947,67.61500681786485,true,false,NORMAL
18,19,8,242.8054907463326,229.21201401964436,7.836423248121745,100.0,9.964124372671634,3.5403427814537918,15.21769558391005,0.8478230441608995,57.91184680942024,true,false,NORMAL
18,19,9,484.2929359401679,184.88969205515102,3.166573545176757,100.0,8.47488395440319,14.595066602915244,18.395375872659162,0.8160462412734084,55.364616955025575,true,false,NORMAL
18,19,10,392.3208811534416,735.132001684146,2.976833909045558,100.0,16.646518263574855,0.0,20.178871505237485,0.7982112849476252,53.944956366098516,true,false,NORMAL
18,20,1,609.9042589125903,677.8706890777893,8.910632543489616,100.0,10.910646226456556,2.994125225930713,6.0433654672446755,0.9395663453275533,65.2225110379477,true,false,NORMAL
18,20,2,941.0500772776426,782.154810763661,1.754116212705998,100.0,15.828390301357524,7.842932474487336,21.08385844692875,0.7891614155307125,53.21804403435069,true,false,NORMAL
18,20,3,889.6376611158264,614.6686440051545,4.4005228000598855,100.0,20.100349490627522,1.3026872742829032,11.730102330094173,0.8826989766990583,60.68454471095164,true,false,NORMAL
18,20,4,333.14136185658856,608.5518447289338,4.634219109175588,100.0,4.434892213856077,0.28371897631737975,14.664885777430891,0.8533511422256911,58.3467865008677,true,false,NORMAL
18,20,5,322.3900546334186,164.9271937787322,6.028259194061971,100.0,16.60107131696472,19.31155636145829,21.269642769522004,0.78730357230478,53.08318994902362,true,false,NORMAL
18,20,6,538.1208824805284,23.045831023046468,4.951566524130769,100.0,6.087961263173416,4.612047349439614,14.76305085565754,0.8523694914434246,58.26298450574032,true,false,NORMAL
18,20,7,14.426032425465518,405.7742729054739,9.233211148700489,100.0,1.3630243687311834,0.0,1.6051352441755207,0.9839486475582448,68.76719223689884,true,false,NORMAL
18,20,8,249.4011640266314,233.44363584859545,7.836423248121745,100.0,13.36217984667194,2.985214382908876,15.080702554160885,0.8491929744583911,58.02254288401104,true,false,NORMAL
18,20,9,486.22850073862645,182.3835442287087,3.166573545176757,100.0,5.464629936532045,17.059800612911527,18.345160558524935,0.8165483944147507,55.40424838225908,true,false,NORMAL
18,20,10,395.11632466093107,736.1552493171646,2.976833909045558,100.0,12.162264007568183,0.3177306557621251,19.91908693293374,0.8008091306706626,54.150779072753465,true,false,NORMAL
18,21,1,613.7539402233788,669.8345627640444,8.910632543489616,100.0,10.025081299575213,2.8709516659671284,5.985926265355377,0.9401407373464462,65.26821694567396,true,false,NORMAL
18,21,2,940.7918836193949,780.4198007572003,1.754116212705998,100.0,12.840631784646988,6.203145219864506,20.9140652795731,0.790859347204269,53.35339381497512,true,false,NORMAL
18,21,3,885.5252237450079,613.1026108685502,4.4005228000598855,100.0,22.080161748245356,0.0,12.410965008558868,0.8758903499144113,60.14046847715475,true,false,NORMAL
18,21,4,331.22800706317014,604.3310556810956,4.634219109175588,100.0,1.5621318187673947,0.2898690675655191,13.628146326332969,0.8637185367366703,59.17309921972749,true,false,NORMAL
18,21,5,327.06598118044906,168.73187771272305,6.028259194061971,100.0,19.020279361898396,19.094578452224145,21.78961760665403,0.7821038239334598,52.666976416198,true,false,NORMAL
18,21,6,533.7960915246001,25.457095054714028,4.951566524130769,100.0,2.09133644849371,3.6343735400485238,15.771726907979858,0.8422827309202015,57.45826316392004,true,false,NORMAL
18,21,7,21.41370699329296,411.80955187587983,9.233211148700489,100.0,4.47254137973617,2.5458093019178913,2.5006400502729678,0.9749935994972703,68.05174524720113,true,false,NORMAL
18,21,8,242.31749577312306,230.09234156161597,7.836423248121745,100.0,12.827422678003233,5.274928953346269,14.854282359906792,0.851457176400932,58.201485814285576,true,false,NORMAL
18,21,9,484.21894937023905,179.936323087327,3.166573545176757,100.0,1.5795427513824434,18.539452677883975,18.783407650799838,0.8121659234920017,55.055596616024154,true,false,NORMAL
18,21,10,396.42181016822036,738.8305526106813,2.976833909045558,100.0,14.768829234620302,0.0,18.817963969949894,0.8118203603005011,55.028221731445896,true,false,NORMAL
18,22,1,621.2591578482941,665.0313262793649,8.910632543489616,100.0,7.793236384581301,0.3665043035156801,7.426829678400356,0.9257317032159964,64.11702211738987,true,false,NORMAL
18,22,2,941.5145835517586,782.0181212805745,1.754116212705998,100.0,16.767165519507984,9.03989134934047,20.72071599420184,0.7927928400579816,53.50752785499877,true,false,NORMAL
18,22,3,889.8607223908767,612.3489183546449,4.4005228000598855,100.0,18.364003153045967,0.0361364360300831,12.641421154157934,0.8735857884584206,59.9562139989659,true,false,NORMAL
18,22,4,326.93960428205514,602.5744713993791,4.634219109175588,100.0,5.82824692309037,0.0,24.763431518331796,0.752365684816682,50.286428404292195,true,false,NORMAL
18,22,5,325.75396448434486,174.6156283107631,6.028259194061971,100.0,22.684245058750214,19.28312448607781,21.329138309513098,0.7867086169048689,53.03602984555618,true,false,NORMAL
18,22,6,538.7296262686236,25.03490318789832,4.951566524130769,100.0,0.0,3.496054057694394,14.939428390684649,0.8506057160931535,58.12277308323815,true,false,NORMAL
18,22,7,25.93686834018672,419.8589741872295,9.233211148700489,100.0,0.9072050321041858,3.4100274740530203,1.94180437402664,0.9805819562597335,68.49821254275912,true,false,NORMAL
18,22,8,238.35137678453134,223.3336856677244,7.836423248121745,100.0,11.841141513953541,4.599355527408027,14.611523196990902,0.853884768030091,58.397179988620586,true,false,NORMAL
18,22,9,487.3744413965518,180.20100797335212,3.166573545176757,100.0,0.0,20.087137183897507,18.164372652480406,0.8183562734751959,55.54934152313276,true,false,NORMAL
18,22,10,393.96712993736054,740.5146206277963,2.976833909045558,100.0,15.424731721467428,2.053814663083328,17.52748228050924,0.8247251771949076,56.05778624806945,true,false,NORMAL
18,23,1,629.723236781922,667.8167777922104,8.910632543489616,100.0,12.147710335215972,2.504516523201442,7.723990547847009,0.92276009452153,63.87952875673001,true,false,NORMAL
18,23,2,940.4680286792774,783.425830975989,1.754116212705998,100.0,17.95623472239047,10.62976170355384,21.234799937775705,0.7876520006222429,53.09772641439348,true,false,NORMAL
18,23,3,889.5180708373645,616.7360804016546,4.4005228000598855,100.0,13.442886060675491,2.6516288418221663,13.647388014852485,0.8635261198514752,59.15309277198325,true,false,NORMAL
18,23,4,322.6386536758709,604.3001048004849,4.634219109175588,100.0,5.445778870458382,2.964427402351817,24.24956723403493,0.7575043276596507,50.69563968947506,true,false,NORMAL
18,23,5,325.7573202356125,180.6438865708019,6.028259194061971,100.0,20.92303516997998,17.945788722290242,21.631357048854692,0.7836864295114531,52.79910640811053,true,false,NORMAL
18,23,6,538.1948591557648,20.112298676270655,4.951566524130769,100.0,4.729432077361913,5.8314539684769375,14.198831131568992,0.8580116886843101,58.71383706380804,true,false,NORMAL
18,23,7,30.255215509346755,428.0201055942768,9.233211148700489,100.0,0.0,3.362776896298759,0.7351577573484203,0.9926484224265157,69.4622775064012,true,false,NORMAL
18,23,8,246.08743589512872,224.5838531609214,7.836423248121745,100.0,9.941485118791668,4.475068327485147,15.227679625300105,0.8477232037469989,57.90943856898118,true,false,NORMAL
18,23,9,485.36396509576804,177.7545466388937,3.166573545176757,100.0,0.0,21.67719144288681,18.62102610469329,0.813789738953067,55.18462320161069,true,false,NORMAL
18,23,10,396.4073187685703,742.219618748054,2.976833909045558,100.0,19.179486281883975,4.6613215937595385,16.818786118899844,0.8318121388110016,56.623119036681025,true,false,NORMAL
18,24,1,630.2746449009704,676.7103328413087,8.910632543489616,100.0,7.332458175563723,0.6503985426085404,8.348445090218796,0.9165155490978121,63.380858151276996,true,false,NORMAL
18,24,2,942.0864023018781,782.7492287994125,1.754116212705998,100.0,20.842845418138477,9.304723176850498,20.87836470025275,0.7912163529974725,53.381853049530946,true,false,NORMAL
18,24,3,885.2315631891547,615.7408653014447,4.4005228000598855,100.0,9.206183472931535,0.5316126782812134,13.688721629685727,0.8631127837031427,59.119796434651235,true,false,NORMAL
18,24,4,318.8391596629566,606.9533729734512,4.634219109175588,100.0,8.120646550162148,2.503746704290026,24.368527550181735,0.7563147244981827,50.600900269651476,true,false,NORMAL
18,24,5,331.7853398942763,180.6976258074483,6.028259194061971,100.0,22.434816940395887,16.01734493403649,22.422813837820552,0.7757718616217945,52.166881685109956,true,false,NORMAL
18,24,6,535.1781830348965,24.038833564015263,4.951566524130769,100.0,1.4067039272305824,7.588882723468899,15.626450930072524,0.8437354906992747,57.574875018034696,true,false,NORMAL
18,24,7,39.468883570817255,427.41968160281283,9.233211148700489,100.0,2.429238907849407,6.26806153181208,1.647673160332086,0.9835232683966791,68.73320656550318,true,false,NORMAL
18,24,8,252.5454764138619,229.02268656420466,7.836423248121745,100.0,10.486831045891195,1.8454204322190821,15.720399259240333,0.8427960074075966,57.514965048597524,true,false,NORMAL
18,24,9,484.81889669998566,174.63523766719297,3.166573545176757,100.0,0.0,22.74410172565993,19.698497349580972,0.8030150265041903,54.32579966513674,true,false,NORMAL
18,24,10,398.85406938060527,740.5240505351678,2.976833909045558,100.0,20.055316186698064,6.142649074500795,17.28316958575031,0.8271683041424969,56.25243837621697,true,false,NORMAL
18,25,1,622.7851103298802,671.8826787284355,8.910632543489616,100.0,6.274321272290205,1.7496836721200326,8.337299387642386,0.9166270061235762,63.38993124083381,true,false,NORMAL
18,25,2,941.3255622732534,781.1687079553487,1.754116212705998,100.0,17.74143196686364,10.64732372685819,20.4414745797309,0.795585254202691,53.73014549640337,true,false,NORMAL
18,25,3,884.5464053948648,611.3940089993833,4.4005228000598855,100.0,13.442250915208966,0.0,12.92516637352586,0.8707483362647415,59.7293423480043,true,false,NORMAL
18,25,4,314.636374699004,605.0007887118578,4.634219109175588,100.0,12.518898512145931,0.0,23.217692726253,0.76782307273747,51.51757301223091,true,false,NORMAL
18,25,5,337.43221659930623,182.80776617931542,6.028259194061971,100.0,21.761375978399993,13.061417822378148,23.334370383137014,0.76665629616863,51.441438187305096,true,false,NORMAL
18,25,6,530.8584079891405,21.618595022681777,4.951566524130769,100.0,0.1833757626108321,8.835296613740274,15.886350327938352,0.8411364967206165,57.36699384659947,true,false,NORMAL
18,25,7,31.91253257658751,422.11367107054946,9.233211148700489,100.0,0.2975078719802706,9.234009999512583,0.3972297229645261,0.9960277027703548,69.73227998668389,true,false,NORMAL
18,25,8,260.34497432946654,229.7825296981356,7.836423248121745,100.0,9.972265368900551,3.2287988410570914,16.033455634477665,0.8396654436552233,57.266528630464244,true,false,NORMAL
18,25,9,481.65447911808315,174.51840708746502,3.166573545176757,100.0,4.321669606178844,21.64209218687444,20.668923532319145,0.7933107646768085,53.55199525571971,true,false,NORMAL
18,25,10,400.23697697906977,743.1601663702844,2.976833909045558,100.0,21.24789120309191,7.032236009847557,17.241716667108477,0.8275828333289152,56.28444814714665,true,false,NORMAL
18,26,1,621.4533313317181,663.0721318086836,8.910632543489616,100.0,8.286694346489389,2.2757554247452454,7.89305301583523,0.9210694698416477,63.74468505448239,true,false,NORMAL
18,26,2,941.0501074617513,779.4363545461108,1.754116212705998,100.0,15.736223181573946,12.533483044372302,20.20570461207149,0.797942953879285,53.918117655685684,true,false,NORMAL
18,26,3,886.5126679076328,607.4572066618599,4.4005228000598855,100.0,10.740170853682702,0.0,12.625564842118084,0.8737443515788191,59.96847946339399,true,false,NORMAL
18,26,4,311.44843602241036,601.637303354951,4.634219109175588,100.0,8.265172932618857,1.2631065434911584,22.085509001043903,0.779144909989561,52.41969900724178,true,false,NORMAL
18,26,5,332.2719361124357,179.69145197698984,6.028259194061971,100.0,17.108803739713668,14.585113912621896,23.050637558702295,0.769493624412977,51.66676766645457,true,false,NORMAL
18,26,6,531.8789740924199,26.463845880143083,4.951566524130769,100.0,4.330908268915748,7.664778295309333,16.452522238319542,0.8354747776168046,56.91603919067295,true,false,NORMAL
18,26,7,23.42957415090943,425.75943634888324,9.233211148700489,100.0,2.565807018237808,9.708981674803153,0.0,0.0,0.0,true,false,NORMAL
18,26,8,253.36456283625859,226.22115570637436,7.836423248121745,100.0,14.594601502931777,5.905789858186783,23.289398384194932,0.7671060161580506,51.48146173093574,true,false,NORMAL
18,26,9,480.33585718107713,171.63944473893392,3.166573545176757,100.0,4.676858126205622,19.881918853385155,20.524743801595136,0.7947525619840485,53.66727252290701,true,false,NORMAL
18,26,10,399.66049842588546,746.0806479401222,2.976833909045558,100.0,23.45608596889723,9.208430678422234,16.413094980274842,0.8358690501972517,56.945113922552125,true,false,NORMAL
18,27,1,613.1846381354171,659.7512757216872,8.910632543489616,100.0,6.37665313645137,2.737233310522802,7.488299589227966,0.9251170041077204,64.06816541050807,true,false,NORMAL
18,27,2,940.3905167729927,777.8109734181962,1.754116212705998,100.0,15.431753672703538,15.17314304151371,21.218572242286577,0.7878142775771342,53.11066153077423,true,false,NORMAL
18,27,3,888.7971189333064,611.2183081527992,4.4005228000598855,100.0,14.92753150013073,1.7682698709466103,12.377219282971735,0.8762278071702826,60.16768859950547,true,false,NORMAL
18,27,4,314.1591870468377,605.3960020174424,4.634219109175588,100.0,8.338155074782138,0.0,22.612378637678177,0.7738762136232182,51.9998525046629,true,false,NORMAL
18,27,5,338.29183335763656,180.00885718806185,6.028259194061971,100.0,12.568494946854372,16.073738563049545,23.024385875070134,0.7697561412492987,51.682825583785565,true,false,NORMAL
18,27,6,530.4995903735576,31.219401746603907,4.951566524130769,100.0,3.3019497768397272,5.419050499086518,17.44556171601277,0.8255443828398723,56.12368989686609,true,false,NORMAL
18,27,7,30.44655741045861,431.76061407093863,9.233211148700489,100.0,4.130510206394979,7.3905760557000955,0.8568655770156308,0.9914313442298437,69.36503481543701,true,false,NORMAL
18,27,8,246.12658895712045,229.22469752373217,7.836423248121745,100.0,16.8380870208469,8.813167279746583,14.566323185751616,0.8543367681424838,58.43171548089712,true,false,NORMAL
18,27,9,482.3212180558132,174.1063314842225,3.166573545176757,100.0,0.4814059665396657,22.65418275702093,20.432972438026546,0.7956702756197345,53.7415396633688,true,false,NORMAL
18,27,10,398.2137712685635,748.6822860114746,2.976833909045558,100.0,18.54192138421324,8.613898268398742,17.026555746238607,0.829734442537614,56.45573382872116,true,false,NORMAL
18,28,1,620.4030884726726,664.9755792210708,8.910632543489616,100.0,6.436207626419062,1.5274641499688129,7.718755204403933,0.9228124479559607,63.88381080716471,true,false,NORMAL
18,28,2,939.7030066426893,779.4247433858212,1.754116212705998,100.0,13.594094040403569,15.034831688813757,21.055184339434224,0.7894481566056577,53.240901071271026,true,false,NORMAL
18,28,3,884.7282795517661,612.8943591666632,4.4005228000598855,100.0,18.59669476221731,1.8741496733775986,13.16944211316238,0.8683055788683762,59.53470652479632,true,false,NORMAL
18,28,4,318.4828231127107,603.7280218251948,4.634219109175588,100.0,11.435902253967022,2.5099533562248286,22.91534501446527,0.7708465498553473,51.758455704748485,true,false,NORMAL
18,28,5,343.53183359705037,182.98917703695997,6.028259194061971,100.0,13.181838284734928,18.716887138936187,22.834427158720462,0.7716557284127954,51.83322635364209,true,false,NORMAL
18,28,6,532.463091686024,26.673780376666137,4.951566524130769,100.0,7.689333572118683,6.972654806358671,17.098761611387296,0.829012383886127,56.40022592392283,true,false,NORMAL
18,28,7,24.111485154092993,425.0435427133369,9.233211148700489,100.0,0.831855175670837,6.209544622473169,1.5689430356818468,0.9843105696431815,68.79610806558358,true,false,NORMAL
18,28,8,247.0046722979773,237.01177007830702,7.836423248121745,100.0,14.126937363178534,6.917537091319854,14.355711376673232,0.8564428862332676,58.59769753158068,true,false,NORMAL
18,28,9,482.206533767448,170.94183538989478,3.166573545176757,100.0,0.0,21.57273113346161,20.502235817112066,0.7949776418288793,53.68677406723495,true,false,NORMAL
18,28,10,395.25542197460624,749.0135103719705,2.976833909045558,100.0,20.122798156577005,11.3344815735397,16.534577768191298,0.8346542223180871,56.84878267037814,true,false,NORMAL
18,29,1,620.9983188526423,673.8663088379164,8.910632543489616,100.0,6.27369981182656,0.0,7.912778275102528,0.9208722172489747,63.7289875157078,true,false,NORMAL
18,29,2,940.5159605049861,777.8703850920373,1.754116212705998,100.0,12.803765576609704,17.07870547534032,21.967907748244226,0.7803209225175578,52.513420050326154,true,false,NORMAL
18,29,3,887.288591422855,616.473381943429,4.4005228000598855,100.0,22.16806360939496,1.227154912457334,13.37498074779996,0.8662501925220004,59.37132036303606,true,false,NORMAL
18,29,4,323.1078020013535,603.4355204893745,4.634219109175588,100.0,11.22625393332189,2.221220899964928,23.25661552162729,0.7674338447837271,51.486564500479425,true,false,NORMAL
18,29,5,349.0875010232241,180.649418852757,6.028259194061971,100.0,15.971245678554595,17.93434657800337,23.64933223439631,0.763506677656037,51.18298110936786,true,false,NORMAL
18,29,6,529.3500441034832,30.524357708928143,4.951566524130769,100.0,9.380144619858832,8.557532311029407,18.60748312827769,0.8139251687172231,55.197063055761724,true,false,NORMAL
18,29,7,15.604244179757666,428.63228053060317,9.233211148700489,100.0,0.0,4.567047290712694,0.0,0.0,0.0,true,false,NORMAL
18,29,8,253.73063697695866,241.03307937514032,7.836423248121745,100.0,12.124584883690959,8.311624833863275,20.98393615825121,0.790160638417488,53.30993984558181,true,false,NORMAL
18,29,9,481.4731681954478,167.8613544282886,3.166573545176757,100.0,2.434060338679256,18.704955216092024,21.54904694851839,0.7845095305148161,52.853033584657,true,false,NORMAL
18,29,10,397.82527897854334,747.511054016079,2.976833909045558,100.0,16.171333341776354,10.459861879361767,17.15005916223833,0.8284994083776167,56.35765942807453,true,false,NORMAL
18,30,1,617.7670383526505,682.1704161743777,8.910632543489616,100.0,9.84523410667633,1.9687931138295531,7.602226532841353,0.9239777346715865,63.97724006718179,true,false,NORMAL
18,30,2,941.908723960504,776.8040204055196,1.754116212705998,100.0,9.216463631169727,18.001385426228527,21.57410540177332,0.7842589459822669,52.82727747673822,true,false,NORMAL
18,30,3,889.5146616432335,612.6774351198037,4.4005228000598855,100.0,26.375932794683123,0.0,12.501489622606805,0.874985103773932,60.06873289443204,true,false,NORMAL
18,30,4,318.8194190549788,605.1921531934681,4.634219109175588,100.0,13.437153004984694,0.09755162520243577,23.66818794486207,0.7633181205513793,51.158700811170974,true,false,NORMAL
18,30,5,354.4049217646679,177.80953407177455,6.028259194061971,100.0,12.092940466092635,18.218869961422378,23.97583357283017,0.7602416642716984,50.921335303643836,true,false,NORMAL
18,30,6,524.8731352450559,28.40886766730008,4.951566524130769,100.0,11.868776480343483,8.439084595352512,19.260944739868155,0.8073905526013185,54.675359371523,true,false,NORMAL
18,30,7,24.51922493826231,426.2290938562104,9.233211148700489,100.0,0.0,4.567047290712694,0.0,0.0,0.0,false,true,NODE_FAILURE
18,30,8,246.7276709010057,237.5162632777655,7.836423248121745,100.0,11.231646813034276,10.123699901110019,19.829911198299595,0.801700888017004,54.2272873443709,true,false,NORMAL
18,30,9,478.64592350105795,166.43521437378564,3.166573545176757,100.0,6.425024831135019,16.44241104602173,21.820837928202693,0.7817916207179731,52.63773131420479,true,false,NORMAL
18,30,10,395.91322297404287,745.2294795689709,2.976833909045558,100.0,15.484145836112905,10.490423970053943,17.72188358355224,0.8227811641644776,55.901496316704346,true,false,NORMAL
18,31,1,618.2451265313068,691.0682138804691,8.910632543489616,100.0,13.979982419609453,0.0,7.250227589653061,0.9274977241034694,64.2585034036356,true,false,NORMAL
18,31,2,941.9726463143567,775.0510692880164,1.754116212705998,100.0,4.612141832984431,19.90401886205726,22.317117437048577,0.7768288256295142,52.23512979121033,true,false,NORMAL
18,31,3,893.6069131639388,614.2954828339122,4.4005228000598855,100.0,30.609608913693137,0.0,12.423716913223004,0.87576283086777,60.1315831428782,true,false,NORMAL
18,31,4,314.2159412838915,604.6592562400589,4.634219109175588,100.0,9.16431656846699,1.506518566076589,22.766681016186972,0.7723331898381303,51.87690522585923,true,false,NORMAL
18,31,5,357.46223711158984,183.00498706263764,6.028259194061971,100.0,8.196873795938847,18.024638351097664,24.81561039697564,0.7518438960302435,50.253639438616894,true,false,NORMAL
18,31,6,520.6440880150138,30.984361905104883,4.951566524130769,100.0,8.491550964922675,10.650721545428219,19.664070128391877,0.8033592987160812,54.35380044035787,true,false,NORMAL
18,31,7,24.51922493826231,426.2290938562104,9.233211148700489,100.0,0.0,4.567047290712694,0.0,0.0,0.0,false,true,NODE_FAILURE
18,31,8,250.5020334700399,230.64867880277166,7.836423248121745,100.0,8.294603003657732,12.330484683715879,21.054377067183538,0.7894562293281646,53.25191348274781,true,false,NORMAL
18,31,9,476.13656980299487,168.36662112406648,3.166573545176757,100.0,7.5282041927692465,19.317439738724463,22.653839427041035,0.7734616057295897,51.974051954754124,true,false,NORMAL
18,31,10,395.99124172219996,748.2052909200111,2.976833909045558,100.0,13.515220157989356,10.188142686172833,17.368409903047834,0.8263159009695217,56.182937769292195,true,false,NORMAL
18,32,1,609.768207992988,688.3220848922746,8.910632543489616,100.0,14.030381040030928,1.738231602842977,7.121807799031877,0.9287819220096812,64.36172212007693,true,false,NORMAL
18,32,2,943.469290352241,775.9659355687063,1.754116212705998,100.0,1.5677230330950556,21.676121513701926,22.03484791366949,0.779651520863305,52.46007245366707,true,false,NORMAL
18,32,3,897.7108891324377,612.7074078470711,4.4005228000598855,100.0,33.397746128245124,0.0,11.29232644551788,0.8870767355448211,61.03522257806356,true,false,NORMAL
18,32,4,311.90034553682614,608.6734813319067,4.634219109175588,100.0,4.263357233389465,2.7077564281515745,22.86375216305403,0.7713624783694597,51.799562247718804,true,false,NORMAL
18,32,5,362.8381833952096,185.73246033774547,6.028259194061971,100.0,10.290763946473678,17.183134369533718,25.805028785928716,0.7419497121407129,49.466988204146865,true,false,NORMAL
18,32,6,515.730159287699,31.593718537761415,4.951566524130769,100.0,5.35995632360423,9.570478495927725,20.150739984862412,0.7984926001513759,53.96533337383134,true,false,NORMAL
18,32,7,24.51922493826231,426.2290938562104,9.233211148700489,100.0,0.0,4.567047290712694,0.0,0.0,0.0,false,true,NODE_FAILURE
18,32,8,256.7025545580548,225.85669929939468,7.836423248121745,100.0,7.736066175710218,10.341243740525886,22.229630464351008,0.77770369535649,52.31518966570612,true,false,NORMAL
18,32,9,473.2848031472188,169.74307125320925,3.166573545176757,100.0,12.336992200508007,20.506965368103945,23.678144069451573,0.7632185593054843,51.15849795853497,true,false,NORMAL
18,32,10,398.9618345124313,748.3979527913524,2.976833909045558,100.0,13.391294532779147,10.168985464950296,18.278781391875757,0.8172121860812425,55.4563168927063,true,false,NORMAL
18,33,1,604.4516136131654,695.4728328619303,8.910632543489616,100.0,14.175869838136197,4.166042866514754,14.587586740823827,0.8541241325917617,58.39974004257695,true,false,NORMAL
18,33,2,942.1187384738341,774.846590531906,1.754116212705998,100.0,3.9079302191475676,19.002526185083987,22.76287782597465,0.7723712217402535,51.87993552189701,true,false,NORMAL
18,33,3,895.3025290187713,616.3903961007514,4.4005228000598855,100.0,29.2278990877162,0.13837951621986067,22.76287782597465,0.7723712217402535,51.87993552189701,true,false,NORMAL
18,33,4,316.2739492092048,610.2056620225579,4.634219109175588,100.0,4.760267999112152,3.420284550433035,23.14545148793488,0.7685454851206512,51.57512619025108,true,false,NORMAL
18,33,5,362.7267531204583,179.70523110660935,6.028259194061971,100.0,13.722460349556078,18.807543131155644,25.92793051485586,0.7407206948514414,49.36974328858151,true,false,NORMAL
18,33,6,518.8912504576042,27.782483349736424,4.951566524130769,100.0,6.498210133571619,10.024768309728382,19.53914973389073,0.8046085026610927,54.45228797556531,true,false,NORMAL
18,33,7,24.51922493826231,426.2290938562104,9.233211148700489,100.0,0.0,4.567047290712694,0.0,0.0,0.0,false,true,NODE_FAILURE
18,33,8,264.3166408917415,227.71013357847465,7.836423248121745,100.0,5.145963911385374,7.93109861286277,23.05074340847903,0.7694925659152096,51.66153145526265,true,false,NORMAL
18,33,9,475.1405886459445,172.30885538281422,3.166573545176757,100.0,14.457147710887373,18.94267245780973,23.574512076372717,0.7642548792362728,51.24010936888578,true,false,NORMAL
18,33,10,397.9700924237189,751.2047281210715,2.976833909045558,100.0,13.710625054574562,11.520112667461952,18.866519114379354,0.8113348088562065,54.98743311641402,true,false,NORMAL
18,34,1,595.96864949026,698.200229425431,8.910632543489616,100.0,13.606700509055193,2.8459043227698446,8.077984250149925,0.9192201574985008,63.59863293860651,true,false,NORMAL
18,34,2,943.1012950710075,776.2996928067062,1.754116212705998,100.0,4.221497727020443,17.18619872714059,22.35932351268122,0.7764067648731878,52.201496934551216,true,false,NORMAL
18,34,3,899.279231583956,614.5061356033941,4.4005228000598855,100.0,32.706505572780266,0.0,22.35932351268122,0.7764067648731878,52.201496934551216,true,false,NORMAL
18,34,4,312.50381666846954,607.5108359841767,4.634219109175588,100.0,2.71462302751706,4.73858497314266,11.513820371494926,0.8848617962850507,60.85870067300007,true,false,NORMAL
18,34,5,359.73992216902144,184.94152271215725,6.028259194061971,100.0,11.698337502027021,16.834728969688623,25.441857013702304,0.7455814298629768,49.75634305593445,true,false,NORMAL
18,34,6,514.2458353717564,26.068386000380247,4.951566524130769,100.0,9.275936203745275,11.304581944012543,19.437352038937814,0.8056264796106218,54.53397881032927,true,false,NORMAL
18,34,7,24.51922493826231,426.2290938562104,9.233211148700489,100.0,0.0,4.567047290712694,0.0,0.0,0.0,false,true,NODE_FAILURE
18,34,8,260.3523884841601,234.4698844742317,7.836423248121745,100.0,6.045450548717978,8.001414675589931,22.41263137973541,0.7758736862026459,52.17016362555111,true,false,NORMAL
18,34,9,474.64173166628024,169.18182328658406,3.166573545176757,100.0,15.785927731318074,20.568418111253408,23.190024878622214,0.7680997512137777,51.546390693577244,true,false,NORMAL
18,34,10,395.3104429860963,752.5418163720847,2.976833909045558,100.0,9.634460817436171,11.21589524610888,19.02748001391758,0.8097251998608243,54.858562012533525,true,false,NORMAL
18,35,1,604.8692358802517,698.6232356185184,8.910632543489616,100.0,11.055828532216431,5.541643257945343,13.742986396741014,0.8625701360325899,59.07382175272197,true,false,NORMAL
18,35,2,944.5977891887625,777.2148042989315,1.754116212705998,100.0,8.673032030817726,16.593642770420857,21.796967024465708,0.7820303297553429,52.64965456785754,true,false,NORMAL
18,35,3,894.9701813707438,613.6135622597053,4.4005228000598855,100.0,35.192269527014226,0.0,21.796967024465708,0.7820303297553429,52.64965456785754,true,false,NORMAL
18,35,4,308.394575511957,609.6532934212034,4.634219109175588,100.0,5.622052771556993,4.3526212294308575,22.285343901579147,0.7771465609842085,52.260449500092,true,false,NORMAL
18,35,5,365.7304936360953,184.2684978919065,6.028259194061971,100.0,9.485729324001898,19.41639750429006,26.458043647040512,0.7354195635295948,48.94772158521237,true,false,NORMAL
18,35,6,510.74098308664105,29.566102613031223,4.951566524130769,100.0,6.591294653484743,12.285975566439703,20.342548219871368,0.7965745178012863,53.81174575657744,true,false,NORMAL
18,35,7,24.51922493826231,426.2290938562104,9.233211148700489,100.0,0.0,4.567047290712694,0.0,0.0,0.0,false,true,NODE_FAILURE
18,35,8,264.11901585040334,227.5980544699628,7.836423248121745,100.0,10.409449548484169,9.579251919697645,23.11005569832652,0.7688994430167349,51.61375813547714,true,false,NORMAL
18,35,9,473.1284635838588,171.96340695919537,3.166573545176757,100.0,13.12891526514759,22.826040799916203,24.138043203063333,0.7586195679693666,50.792125478757235,true,false,NORMAL
18,35,10,393.26974590590373,754.7090947457452,2.976833909045558,100.0,14.542199039214744,14.173257155141673,18.01416514916008,0.8198583485083992,55.66713562640699,true,false,NORMAL
18,36,1,607.1637783429933,690.0130993122935,8.910632543489616,100.0,16.03445089942467,6.156022846811003,12.520012040902662,0.8747998795909734,60.050011392837455,true,false,NORMAL
18,36,2,942.8566883344055,777.0015169279142,1.754116212705998,100.0,10.180972844461609,17.934145282003442,21.584969765143914,0.7841503023485609,52.81861823826577,true,false,NORMAL
18,36,3,898.233127413099,610.6609728811216,4.4005228000598855,100.0,33.98714738705758,0.0,21.584969765143914,0.7841503023485609,52.81861823826577,true,false,NORMAL
18,36,4,308.7816689666017,605.0352694488513,4.634219109175588,100.0,3.9624052041341,2.286454769653492,21.93508278068144,0.7806491721931856,52.5395800713914,true,false,NORMAL
18,36,5,368.9193616346048,179.15273501635465,6.028259194061971,100.0,12.843350964712512,18.489210355526808,27.19899906011111,0.7280100093988889,48.357611985674644,true,false,NORMAL
18,36,6,510.840305618164,34.51667289105217,4.951566524130769,100.0,8.961740706507797,13.539744681486262,21.422725205915782,0.7857727479408422,52.95043293909991,true,false,NORMAL
18,36,7,24.51922493826231,426.2290938562104,9.233211148700489,100.0,0.0,4.567047290712694,0.0,0.0,0.0,false,true,NODE_FAILURE
18,36,8,269.9263930699453,222.33650534887227,7.836423248121745,100.0,15.16406763901566,9.392364010638932,23.74128047974252,0.7625871952025748,51.11111432561202,true,false,NORMAL
18,36,9,475.58239670527473,173.96475656699283,3.166573545176757,100.0,9.811851495353638,19.969483637015585,24.687458347315886,0.7531254165268412,50.3544970309809,true,false,NORMAL
18,36,10,390.3121483848444,754.3712234307936,2.976833909045558,100.0,11.989012027346668,16.839684057271583,17.227547410792052,0.8277245258920796,56.29479573211442,true,false,NORMAL
18,37,1,600.7312839738042,683.8468696283256,8.910632543489616,100.0,16.46882950523972,3.2616106037077772,6.970753353497431,0.9302924664650256,64.48242507855778,true,false,NORMAL
18,37,2,944.2072657807576,775.882202740975,1.754116212705998,100.0,14.867190152765566,19.891757928122903,22.41146826413263,0.7758853173586737,52.159944758591976,true,false,NORMAL
18,37,3,900.651527710277,614.3373761392606,4.4005228000598855,100.0,30.61015773416885,0.0,22.41146826413263,0.7758853173586737,52.159944758591976,true,false,NORMAL
18,37,4,312.421137628884,602.1664274162338,4.634219109175588,100.0,8.56026789585227,0.7309060996625847,10.90528572437714,0.8909471427562285,61.34401701451565,true,false,NORMAL
18,37,5,364.0510953634994,182.70799765424945,6.028259194061971,100.0,16.723099793005858,20.47297629503712,27.20826760090816,0.7279173239909182,48.352296295143155,true,false,NORMAL
18,37,6,513.218635491255,38.859662421048235,4.951566524130769,100.0,5.651058708817778,15.699340250878311,21.599427721436506,0.784005722785635,52.81074885898519,true,false,NORMAL
18,37,7,24.51922493826231,426.2290938562104,9.233211148700489,100.0,0.0,4.567047290712694,0.0,0.0,0.0,false,true,NODE_FAILURE
18,37,8,277.3294459472799,224.90639589500273,7.836423248121745,100.0,16.470598868092388,10.51725881332501,25.095036123192358,0.7490496387680764,50.03700730589465,true,false,NORMAL
18,37,9,477.18538425240183,171.23389242889135,3.166573545176757,100.0,8.841623094641623,21.856750519893637,24.910322870550388,0.7508967712944962,50.1755556428238,true,false,NORMAL
18,37,10,393.28458865938467,754.2095480265587,2.976833909045558,100.0,8.01195976155481,15.450466494226607,17.65260272503423,0.8234739727496576,55.95530046859175,true,false,NORMAL
18,38,1,605.8014141630184,691.1744307634862,8.910632543489616,100.0,21.10052682671488,0.8353328105747466,13.012338321085416,0.8698766167891459,59.657014894667014,true,false,NORMAL
18,38,2,945.7919420500192,775.1300559405983,1.754116212705998,100.0,16.396572112741026,17.41673520033943,23.152834570087915,0.7684716542991208,51.56924417656372,true,false,NORMAL
18,38,3,900.2300568117296,618.7176687317166,4.4005228000598855,100.0,27.281801133018178,0.4919834047852647,23.152834570087915,0.7684716542991208,51.56924417656372,true,false,NORMAL
18,38,4,312.38070622662707,597.5323846829867,4.634219109175588,100.0,9.814905565595996,2.7624122089125747,21.35937758838778,0.7864062241161223,52.99842712715544,true,false,NORMAL
18,38,5,367.34657774893543,177.66025511346217,6.028259194061971,100.0,12.825791203054466,20.163285561922397,27.228904622600567,0.7277109537739944,48.33451112072021,true,false,NORMAL
18,38,6,512.764996216562,33.928919834850035,4.951566524130769,100.0,1.3793624592002613,15.80781510838746,21.172994780664755,0.7882700521933524,53.149485338496476,true,false,NORMAL
18,38,7,24.51922493826231,426.2290938562104,9.233211148700489,100.0,0.0,4.567047290712694,0.0,0.0,0.0,false,true,NODE_FAILURE
18,38,8,279.22817437851023,232.50931373410506,7.836423248121745,100.0,18.410254920607283,12.667633649387856,24.6091880312151,0.753908119687849,50.420588476207186,true,false,NORMAL
18,38,9,475.9703341057628,174.158074563808,3.166573545176757,100.0,12.544485928687312,19.784009296431954,24.854220087367235,0.7514577991263276,50.22070998043807,true,false,NORMAL
18,38,10,391.05148297618496,752.2411021599662,2.976833909045558,100.0,12.05106524705008,15.615573915686177,17.185857954736598,0.8281414204526341,56.327721010911226,true,false,NORMAL
18,39,1,612.5736301803952,685.3833632851122,8.910632543489616,100.0,18.348353948287198,0.0,5.721240253836898,0.9427875974616311,65.47985731242949,true,false,NORMAL
18,39,2,944.6082369341581,776.4245697050528,1.754116212705998,100.0,16.94637319397569,20.134345697675307,22.739508746452568,0.7726049125354744,51.89855554872017,true,false,NORMAL
18,39,3,903.8169333554011,616.1683712649022,4.4005228000598855,100.0,25.62974343025821,0.0,11.506744694748988,0.8849325530525102,60.864655974225826,true,false,NORMAL
18,39,4,313.6323928586192,593.0704044805273,4.634219109175588,100.0,7.190077326971074,4.864007426474281,20.98460786833172,0.7901539213166828,53.297160474922705,true,false,NORMAL
18,39,5,369.3217713458422,171.96477276641454,6.028259194061971,100.0,12.685558521149153,22.27583782400607,27.005370927037166,0.7299462907296284,48.50959805023641,true,false,NORMAL
18,39,6,508.13895699218176,32.163198413620854,4.951566524130769,100.0,6.34731222587591,16.478034862310473,21.91583820218562,0.7808416179781439,52.55707790747294,true,false,NORMAL
18,39,7,24.51922493826231,426.2290938562104,9.233211148700489,100.0,0.0,4.567047290712694,0.0,0.0,0.0,false,true,NODE_FAILURE
18,39,8,277.6776133055344,240.19080380326972,7.836423248121745,100.0,15.225963423749553,12.675305473040758,23.135787241183333,0.7686421275881667,51.59163506446021,true,false,NORMAL
18,39,9,478.7900870027113,172.71717844778718,3.166573545176757,100.0,11.112602389521205,19.21823322727364,24.50068446665576,0.7549931553334424,50.502754761041366,true,false,NORMAL
18,39,10,388.07566500023944,752.318867808443,2.976833909045558,100.0,7.062909892123093,16.31268070508269,16.076553866480054,0.8392344613351994,57.21305935002509,true,false,NORMAL
18,40,1,610.6949878133247,694.0937062853473,8.910632543489616,100.0,19.947167368746126,2.251728073670738,11.96989699024591,0.8803010300975409,60.48916334509361,true,false,NORMAL
18,40,2,944.462067138481,778.1725851736657,1.754116212705998,100.0,19.522024345839387,22.435691668901224,23.111155979135262,0.7688884402086473,51.602449183202054,true,false,NORMAL
18,40,3,906.7781971196368,619.4234469679346,4.4005228000598855,100.0,23.980645402213785,0.0,23.111155979135262,0.7688884402086473,51.602449183202054,true,false,NORMAL
18,40,4,313.63161229960025,588.4361854370879,4.634219109175588,100.0,3.9720715158845565,3.142823218959293,20.739318643899225,0.7926068135610078,53.49269790560477,true,false,NORMAL
18,40,5,370.6989200650485,166.09592532283747,6.028259194061971,100.0,14.000914637680886,20.28023810244722,27.215815962516213,0.7278418403748379,48.34051846131467,true,false,NORMAL
18,40,6,503.2764917807692,33.09831504308217,4.951566524130769,100.0,9.11784428309209,17.153634889024577,23.096837657915472,0.7690316234208452,51.61591111423145,true,false,NORMAL
18,40,7,24.51922493826231,426.2290938562104,9.233211148700489,100.0,0.0,4.567047290712694,0.0,0.0,0.0,false,true,NODE_FAILURE
18,40,8,272.6543355531882,234.17613756593894,7.836423248121745,100.0,15.789665610600029,10.549518276975604,22.25677438797232,0.7774322561202768,52.291229056366674,true,false,NORMAL
18,40,9,480.38197135431756,169.9798271316196,3.166573545176757,100.0,14.127528975665944,18.737701078754938,24.459588184370215,0.7554041181562977,50.5361367499518,true,false,NORMAL
18,40,10,387.96312178879094,749.3441620839047,2.976833909045558,100.0,4.49313417229292,17.398211808441967,16.35460781707257,0.8364539218292744,56.99093062534919,true,false,NORMAL
18,41,1,602.3020278043437,691.1007821946392,8.910632543489616,100.0,16.351199807490644,0.019300292695962007,13.35163304957791,0.8664836695042208,59.38618813248126,true,false,NORMAL
18,41,2,946.183300899171,777.834534839042,1.754116212705998,100.0,21.93770104904007,20.772321667310205,22.579508023915384,0.7742049197608462,52.02604431953973,true,false,NORMAL
18,41,3,909.1236427601202,615.700076765902,4.4005228000598855,100.0,27.598146646551758,1.0199171183450644,22.579508023915384,0.7742049197608462,52.02604431953973,true,false,NORMAL
18,41,4,314.51158592699113,583.8862806944647,4.634219109175588,100.0,1.6828275901267364,2.409541412446907,19.608252657520868,0.8039174734247914,54.394491076045085,true,false,NORMAL
18,41,5,367.5899948544214,171.26066083838128,6.028259194061971,100.0,15.11390893216095,21.481161918837778,27.277997298968895,0.727220027010311,48.29237292710612,true,false,NORMAL
18,41,6,506.04653216203974,37.202567390224466,4.951566524130769,100.0,7.146449565990647,16.907093235569345,15.505699326182315,0.8449430067381769,57.67480630744956,true,false,NORMAL
18,41,7,24.51922493826231,426.2290938562104,9.233211148700489,100.0,0.0,4.567047290712694,0.0,0.0,0.0,false,true,NODE_FAILURE
18,41,8,276.11484249123794,227.14517596346857,7.836423248121745,100.0,15.279142643188747,8.138681177922457,15.809435091744136,0.8419056490825586,57.4385049207794,true,false,NORMAL
18,41,9,483.5484174118437,170.00824159608007,3.166573545176757,100.0,13.666661046172628,16.75225734498087,24.463426009313753,0.7553657399068624,50.53198466175635,true,false,NORMAL
18,41,10,389.5664443212413,751.8523281427972,2.976833909045558,100.0,7.743953200171071,18.338763504201513,16.47994285354939,0.8352005714645061,56.890339604263175,true,false,NORMAL
18,42,1,593.8730204778808,693.9906278333424,8.910632543489616,100.0,11.965145595297969,0.0,7.7970152035083125,0.9220298479649169,63.82278829297525,true,false,NORMAL
18,42,2,947.3685885707266,779.1275997342952,1.754116212705998,100.0,20.003901478939873,21.77537437808507,21.939365377913507,0.780606346220865,52.5361670214518,true,false,NORMAL
18,42,3,904.9223026493241,614.3911297894119,4.4005228000598855,100.0,27.417375675533602,0.0,21.939365377913507,0.780606346220865,52.5361670214518,true,false,NORMAL
18,42,4,318.79249941809115,582.111522560643,4.634219109175588,100.0,0.19141368274686155,4.870682934003511,9.896910056178273,0.9010308994382172,62.14756228157282,true,false,NORMAL
18,42,5,367.06663781819236,165.25516283043703,6.028259194061971,100.0,16.24878405679603,22.54224563818889,27.502498523478398,0.724975014765216,48.114253855964215,true,false,NORMAL
18,42,6,504.6833443115315,32.44234366364194,4.951566524130769,100.0,11.096243852292295,16.18314026315816,15.815177683639794,0.841848223163602,57.42733440653305,true,false,NORMAL
18,42,7,24.51922493826231,426.2290938562104,9.233211148700489,100.0,0.0,4.567047290712694,0.0,0.0,0.0,false,true,NODE_FAILURE
18,42,8,280.74608622997874,220.8236958554498,7.836423248121745,100.0,19.010884269113223,8.431843291336993,16.600027513025168,0.8339997248697483,56.808799446270505,true,false,NORMAL
18,42,9,485.0674677845103,167.22981146697575,3.166573545176757,100.0,16.467115204362916,19.255260496041654,24.481254745286353,0.7551874525471365,50.51700705299345,true,false,NORMAL
18,42,10,390.82174096769495,754.5515447794245,2.976833909045558,100.0,11.548834909034275,16.74952478081166,17.019728365650174,0.8298027163434982,56.45936604234424,true,false,NORMAL
18,43,1,585.9123339749644,689.9872738985295,8.910632543489616,100.0,7.570556729154976,1.9694829838125065,9.39845908564629,0.9060154091435371,62.544080921577034,true,false,NORMAL
18,43,2,947.2046253831668,777.3811634311902,1.754116212705998,100.0,18.943035208880765,24.342369939858088,22.639578374126717,0.7736042162587329,51.978179515816336,true,false,NORMAL
18,43,3,909.0694928519918,615.8626644769897,4.4005228000598855,100.0,23.057281372796936,0.0,22.639578374126717,0.7736042162587329,51.978179515816336,true,false,NORMAL
18,43,4,318.2155447579676,586.7096863324122,4.634219109175588,100.0,1.4658784156364824,6.284066896652107,11.15641782987887,0.8884358217012113,61.141925041779814,true,false,NORMAL
18,43,5,368.9690910236548,170.9753534489233,6.028259194061971,100.0,17.84789639653731,23.10202063666019,27.7509065305705,0.7224909346942949,47.9183564178747,true,false,NORMAL
18,43,6,501.7960072719772,28.419745515316635,4.951566524130769,100.0,15.438221884083637,14.183086507206708,15.471387065025874,0.8452861293497412,57.700577441692964,true,false,NORMAL
18,43,7,24.51922493826231,426.2290938562104,9.233211148700489,100.0,0.0,4.567047290712694,0.0,0.0,0.0,false,true,NODE_FAILURE
18,43,8,279.3024134326091,213.12140151039665,7.836423248121745,100.0,19.74428511968719,10.20521310903254,17.177331291247338,0.8282266870875267,56.34924763311222,true,false,NORMAL
18,43,9,482.66106606153846,169.28806771066638,3.166573545176757,100.0,21.324624176208225,21.117134107127004,24.569476667186873,0.7543052333281312,50.44685452519309,true,false,NORMAL
18,43,10,392.9853838286698,752.5069935591818,2.976833909045558,100.0,13.902769488888119,15.139513405504582,18.20260057372181,0.8179739942627818,55.515730727890514,true,false,NORMAL
18,44,1,593.3010060288262,694.9679262258434,8.910632543489616,100.0,12.558811371772704,0.0,7.818055414784009,0.9218194458521599,63.80604676704643,true,false,NORMAL
18,44,2,945.5945603335191,776.6850210437572,1.754116212705998,100.0,19.961034071481727,23.146168885061837,22.345801061519445,0.7765419893848056,52.21227256037274,true,false,NORMAL
18,44,3,911.8101563901809,612.4197929597402,4.4005228000598855,100.0,20.70617409472139,0.0,22.345801061519445,0.7765419893848056,52.21227256037274,true,false,NORMAL
18,44,4,314.8897412326943,589.9369169816109,4.634219109175588,100.0,0.0,8.51229365481705,10.312610269458037,0.8968738973054197,61.81616515107669,true,false,NORMAL
18,44,5,370.7345244473974,165.21140048787953,6.028259194061971,100.0,15.0850584237678,23.216121430548345,27.34405528810599,0.72655944711894,48.240230199443886,true,false,NORMAL
18,44,6,506.18437783924065,26.126229697348858,4.951566524130769,100.0,13.30773564738492,13.140065611441571,21.81895644853413,0.7818104355146587,52.633743993994145,true,false,NORMAL
18,44,7,24.51922493826231,426.2290938562104,9.233211148700489,100.0,0.0,4.567047290712694,0.0,0.0,0.0,false,true,NODE_FAILURE
18,44,8,271.6658322071507,214.8798543845673,7.836423248121745,100.0,20.629181010740364,9.624175049287967,23.343563030695503,0.766564369693045,51.42724434072324,true,false,NORMAL
18,44,9,480.32890395348545,171.43007796245672,3.166573545176757,100.0,19.924814782283963,22.073398532990872,24.201805281760198,0.757981947182398,50.74069389495958,true,false,NORMAL
18,44,10,390.8595180283836,754.5907965060117,2.976833909045558,100.0,14.68177896046252,16.1309121404692,17.557200542071392,0.8244279945792861,56.03074355056636,true,false,NORMAL
18,45,1,599.3311501911626,688.4076873806079,8.910632543489616,100.0,9.266573886493427,0.0,13.638850211699127,0.8636114978830087,59.15693862796191,true,false,NORMAL
18,45,2,946.5260202325327,775.1986475563027,1.754116212705998,100.0,16.358999833713046,24.16438036176161,23.263520569194757,0.7673647943080524,51.48106351394282,true,false,NORMAL
18,45,3,911.3648075920565,616.7977223061157,4.4005228000598855,100.0,25.019245006731772,0.41187009545505493,23.263520569194757,0.7673647943080524,51.48106351394282,true,false,NORMAL
18,45,4,310.50143303556365,588.4473741259521,4.634219109175588,100.0,0.0,5.814997968551488,20.00673609746546,0.7999326390253454,54.0767567679046,true,false,NORMAL
18,45,5,364.7759628632532,164.29736943876063,6.028259194061971,100.0,18.810531541048288,24.69926103002866,26.60647760296875,0.7339352239703126,48.82641428786868,true,false,NORMAL
18,45,6,510.07160922080664,29.193385257319843,4.951566524130769,100.0,8.825144363355985,11.560926813189727,21.84835662234805,0.7815164337765195,52.61100875698624,true,false,NORMAL
18,45,7,24.51922493826231,426.2290938562104,9.233211148700489,100.0,0.0,4.567047290712694,0.0,0.0,0.0,false,true,NODE_FAILURE
18,45,8,264.39310682254046,211.96146530773936,7.836423248121745,100.0,18.623599555273152,8.532426427995365,22.52567237444741,0.7747432762555259,52.07989649141607,true,false,NORMAL
18,45,9,482.9088766802895,169.59406904473312,3.166573545176757,100.0,22.507533004467493,19.63523493844712,23.4499963823382,0.765500036176618,51.339015139975494,true,false,NORMAL
18,45,10,389.24376699812,752.0906187662808,2.976833909045558,100.0,15.649188439418454,15.050895097157003,16.822793154582293,0.8317720684541771,56.61684769793325,true,false,NORMAL
18,46,1,593.2118472418454,694.8848398212699,8.910632543489616,100.0,6.534138201073099,0.2502118255154986,14.440508975126837,0.8555949102487317,58.51711855126063,true,false,NORMAL
18,46,2,945.8304003437165,776.808938417595,1.754116212705998,100.0,18.548129658862784,23.618441777054628,22.318098571627043,0.7768190142837296,52.2343479477454,true,false,NORMAL
18,46,3,909.1436510573544,612.9988982035549,4.4005228000598855,100.0,25.59537915888859,0.0,22.318098571627043,0.7768190142837296,52.2343479477454,true,false,NORMAL
18,46,4,305.9972637525223,587.357215503753,4.634219109175588,100.0,0.0,5.24317438537822,19.703240347037195,0.8029675965296281,54.31874936457895,true,false,NORMAL
18,46,5,369.00478128809624,168.59353093950762,6.028259194061971,100.0,20.025560756194494,22.460237854750595,26.998962418045423,0.7300103758195458,48.514965380614605,true,false,NORMAL
18,46,6,512.8644595106113,33.282150144376864,4.951566524130769,100.0,6.230082466008541,11.758332188127586,14.997012970732408,0.8500298702926758,58.08004624124891,true,false,NORMAL
18,46,7,24.51922493826231,426.2290938562104,9.233211148700489,100.0,0.0,4.567047290712694,0.0,0.0,0.0,false,true,NODE_FAILURE
18,46,8,269.516072660211,206.0314779258166,7.836423248121745,100.0,20.6065358153315,11.466173808779597,15.600242826728055,0.8439975717327194,57.60576568591184,true,false,NORMAL
18,46,9,486.07252399046246,169.45796719372186,3.166573545176757,100.0,25.309528989352692,18.039243359010115,23.92035077768063,0.7607964922231937,50.96449874676447,true,false,NORMAL
18,46,10,386.2719852181831,752.2639772805751,2.976833909045558,100.0,18.46567955319429,17.076157446542435,17.071874661082017,0.8292812533891799,56.417933957919786,true,false,NORMAL
18,47,1,599.8427604801494,688.9324989413152,8.910632543489616,100.0,6.373689215247136,2.367494429849695,12.597848547373081,0.8740215145262692,59.98787738697425,true,false,NORMAL
18,47,2,945.4985305302,775.0865023187644,1.754116212705998,100.0,19.06763637139722,23.329765907424076,23.278738510255,0.7672126148974501,51.46894000443599,true,false,NORMAL
18,47,3,911.8832616511957,616.4426076436731,4.4005228000598855,100.0,20.98620017440109,0.0,23.278738510255,0.7672126148974501,51.46894000443599,true,false,NORMAL
18,47,4,308.7550768862252,591.0815212741516,4.634219109175588,100.0,1.6187337059262363,2.9861112247373596,20.569850368208314,0.7943014963179169,53.62779961492707,true,false,NORMAL
18,47,5,362.9783611531091,168.74242441624338,6.028259194061971,100.0,22.46403584625401,24.946141488014145,27.002074374549597,0.729979256254504,48.51621229688428,true,false,NORMAL
18,47,6,513.3997970697658,28.359607636622265,4.951566524130769,100.0,10.247931971529255,9.557503800664506,14.587477706991516,0.8541252229300849,58.40628688558184,true,false,NORMAL
18,47,7,24.51922493826231,426.2290938562104,9.233211148700489,100.0,0.0,4.567047290712694,0.0,0.0,0.0,false,true,NODE_FAILURE
18,47,8,277.3442028370275,205.6710514305121,7.836423248121745,100.0,24.037548583878014,11.975882594176483,16.989761634051508,0.8301023836594851,56.50166677620012,true,false,NORMAL
18,47,9,484.98295587164694,166.48474851164107,3.166573545176757,100.0,20.47190997587536,17.364070728113475,23.97869119898017,0.7602130880101985,50.91644696094877,true,false,NORMAL
18,47,10,383.37866552682243,752.9641496062409,2.976833909045558,100.0,16.22577160267542,15.201474878773,16.5838494577907,0.834161505422093,56.80783850095066,true,false,NORMAL
18,48,1,605.3448661832641,695.9415077982685,8.910632543489616,100.0,5.655475868615479,0.11118319468780502,12.442807415035134,0.8755719258496486,60.11164153341943,true,false,NORMAL
18,48,2,945.9286567060556,773.3859391295467,1.754116212705998,100.0,16.599115494854885,24.584794410630227,23.042111721643778,0.7695788827835622,51.65745710361554,true,false,NORMAL
18,48,3,914.4555251652998,612.8721649081212,4.4005228000598855,100.0,24.927134822044124,0.39718110253813155,23.042111721643778,0.7695788827835622,51.65745710361554,true,false,NORMAL
18,48,4,305.02031667829425,588.3378826424977,4.634219109175588,100.0,5.2432817476596805,2.967900388973782,19.540291102073336,0.8045970889792666,54.448683488339505,true,false,NORMAL
18,48,5,358.46607897354374,164.74502295494761,6.028259194061971,100.0,19.07576768386689,27.650834029152488,26.984147589014643,0.7301585241098536,48.53347095434307,true,false,NORMAL
18,48,6,517.8003219751716,26.089499357311475,4.951566524130769,100.0,9.917969284703426,6.6610068591874505,14.207785646412761,0.8579221435358724,58.70895726861119,true,false,NORMAL
18,48,7,24.51922493826231,426.2290938562104,9.233211148700489,100.0,0.0,4.567047290712694,0.0,0.0,0.0,false,true,NODE_FAILURE
18,48,8,278.6781487587952,197.9489974549495,7.836423248121745,100.0,19.304223641995865,11.35171169406016,17.70120964853729,0.8229879035146271,55.93725936217222,true,false,NORMAL
18,48,9,482.36027669087827,164.71027903267674,3.166573545176757,100.0,15.494929932497438,19.405434059367586,24.03226907584781,0.759677309241522,50.87303245477824,true,false,NORMAL
18,48,10,386.2127487295008,753.8749253867378,2.976833909045558,100.0,19.325379374201496,16.227821349180914,15.991549258554235,0.8400845074144576,57.280162510879464,true,false,NORMAL
18,49,1,614.243753319562,696.3988698654864,8.910632543489616,100.0,4.723303839307433,0.6461940220492968,11.24674046649865,0.8875325953350135,61.06649253032204,true,false,NORMAL
18,49,2,947.4320851555852,772.48226519232,1.754116212705998,100.0,12.994100367603593,21.84328289968041,22.848796877378064,0.7715120312262194,51.811477968417236,true,false,NORMAL
18,49,3,918.0948780806491,610.3983598892513,4.4005228000598855,100.0,23.19105316729408,0.0,22.848796877378064,0.7715120312262194,51.811477968417236,true,false,NORMAL
18,49,4,308.1068621958985,591.7946475346483,4.634219109175588,100.0,1.538746827841769,0.1308478053658706,19.808592500161144,0.8019140749983886,54.23474496127839,true,false,NORMAL
18,49,5,364.3141664156415,166.20782238766932,6.028259194061971,100.0,23.302217371016987,29.69453943100587,27.830258319601942,0.7216974168039805,47.861174734891755,true,false,NORMAL
18,49,6,512.9266877059808,25.214456470898675,4.951566524130769,100.0,9.676625279932923,3.9446505448397806,15.028042329196182,0.8497195767080381,58.05348384740123,true,false,NORMAL
18,49,7,24.51922493826231,426.2290938562104,9.233211148700489,100.0,0.0,4.567047290712694,0.0,0.0,0.0,false,true,NODE_FAILURE
18,49,8,285.66861836225263,194.40740684523183,7.836423248121745,100.0,15.136816877277024,10.833794137514221,18.9246197985315,0.8107538020146849,54.962078684624394,true,false,NORMAL
18,49,9,482.47907886128297,167.87462320822408,3.166573545176757,100.0,17.842300151274475,20.763443012901224,24.63456620183369,0.7536543379816631,50.393395780378825,true,false,NORMAL
18,49,10,388.1960811459745,756.0948201247395,2.976833909045558,100.0,20.179753723309517,18.705656312325424,15.527666483329897,0.8447233351667011,57.650618745800216,true,false,NORMAL
18,50,1,606.4347345320077,692.1071804661099,8.910632543489616,100.0,0.3870498598330725,2.250634595195593,12.581466953193921,0.8741853304680608,60.000954162337,true,false,NORMAL
18,50,2,948.9655590239586,771.630571830426,1.754116212705998,100.0,15.935202228050027,19.862930507982625,22.225881027915456,0.7777411897208455,52.30783488795562,true,false,NORMAL
18,50,3,918.4137554075002,606.0094057810079,4.4005228000598855,100.0,18.407174215791393,0.0,22.225881027915456,0.7777411897208455,52.30783488795562,true,false,NORMAL
18,50,4,307.88043605837964,587.1659632770977,4.634219109175588,100.0,0.0,2.7461263353858785,18.631749088638678,0.8136825091136133,55.17322450645087,true,false,NORMAL
18,50,5,359.9969668321723,162.0004839573448,6.028259194061971,100.0,23.600762773353154,31.32057344524621,27.925392623044303,0.7207460737695571,47.78698241026666,true,false,NORMAL
18,50,6,514.4903356490242,29.91264933125558,4.951566524130769,100.0,8.921229346762557,6.612239395647353,15.468746369443801,0.845312536305562,57.70169500183954,true,false,NORMAL
18,50,7,24.51922493826231,426.2290938562104,9.233211148700489,100.0,0.0,4.567047290712694,0.0,0.0,0.0,false,true,NODE_FAILURE
18,50,8,284.71060622944725,186.62976310968438,7.836423248121745,100.0,11.2031709681797,8.71251182331258,19.49439683110882,0.8050560316889118,54.50984550174605,true,false,NORMAL
18,50,9,482.17025540884015,171.02610160609302,3.166573545176757,100.0,14.324667170536399,22.511681522948468,24.480292389625188,0.7551970761037481,50.515667242503646,true,false,NORMAL
18,50,10,390.4424331073708,758.0481360202297,2.976833909045558,100.0,19.586969606767944,20.86048048202397,15.6066080209163,0.8439339197908371,57.58708933439394,true,false,NORMAL
18,51,1,613.9805649198693,687.3680016255594,8.910632543489616,100.0,2.0879940520147984,1.177090029996222,11.380846004576606,0.8861915399542339,60.95942658454331,true,false,NORMAL
18,51,2,950.1116526728929,772.9584999292139,1.754116212705998,100.0,20.370809449070105,19.627042250299596,22.528506623929722,0.7747149337607028,52.06668350342336,true,false,NORMAL
18,51,3,916.2186967058987,609.8233693637352,4.4005228000598855,100.0,17.159872731414094,0.0,22.528506623929722,0.7747149337607028,52.06668350342336,true,false,NORMAL
18,51,4,307.98989882938656,582.5330371333295,4.634219109175588,100.0,0.4796658305229162,3.754146855859794,17.472282724204597,0.825277172757954,56.09805254248655,true,false,NORMAL
18,51,5,357.5413773200502,156.49503310761884,6.028259194061971,100.0,20.65074832668388,33.62794798170866,28.37027860348348,0.7162972139651652,47.43733200935885,true,false,NORMAL
18,51,6,511.409907101674,26.035927648240172,4.951566524130769,100.0,4.204126025976312,5.445936879937952,15.907190634530261,0.8409280936546973,57.35146266877251,true,false,NORMAL
18,51,7,24.51922493826231,426.2290938562104,9.233211148700489,100.0,0.0,4.567047290712694,0.0,0.0,0.0,false,true,NODE_FAILURE
18,51,8,292.5443742375982,186.42578242880143,7.836423248121745,100.0,7.938839818017946,9.713382536790284,20.805635299674748,0.7919436470032526,53.46902106414708,true,false,NORMAL
18,51,9,481.06178361219276,168.0598787059976,3.166573545176757,100.0,13.133888914855604,19.74365179923288,24.85140009847135,0.7514859990152866,50.21931233190487,true,false,NORMAL
18,51,10,392.61937150243205,760.0785249844805,2.976833909045558,100.0,24.476227360312386,23.15265121182057,14.4265643643906,0.855734356356094,58.52873956351493,true,false,NORMAL
18,52,1,622.8602085047264,686.6255043993006,8.910632543489616,100.0,0.6063688217454695,3.896384692892415,10.032126596340103,0.899678734036599,62.03627024250959,true,false,NORMAL
18,52,2,951.8633163449374,772.8657741630134,1.754116212705998,100.0,23.42542892658292,19.262756931359554,22.7414603466795,0.772585396533205,51.89700054696911,true,false,NORMAL
18,52,3,920.5669070211674,610.4998809808102,4.4005228000598855,100.0,12.429535287170062,0.5776890383880535,22.7414603466795,0.772585396533205,51.89700054696911,true,false,NORMAL
18,52,4,311.14115795871913,585.9309118590435,4.634219109175588,100.0,5.302145273664491,2.5763182060191765,18.68433834308722,0.8131566165691277,55.13128228639869,true,false,NORMAL
18,52,5,363.3183313010728,154.77261863602985,6.028259194061971,100.0,20.766377613339102,31.676098307936794,28.773947051957297,0.7122605294804271,47.11748486587485,true,false,NORMAL
18,52,6,516.3610059687784,26.103979474443577,4.951566524130769,100.0,2.664816903925272,3.350826184279874,16.010938032919224,0.8398906196708077,57.26817069886615,true,false,NORMAL
18,52,7,24.51922493826231,426.2290938562104,9.233211148700489,100.0,0.0,4.567047290712694,0.0,0.0,0.0,false,true,NODE_FAILURE
18,52,8,300.12234622193574,184.4298190202443,7.836423248121745,100.0,4.1020136360257,8.095413607013194,21.444693111225188,0.7855530688877481,52.96059497749528,true,false,NORMAL
18,52,9,482.77232244081773,170.72469482212637,3.166573545176757,100.0,16.79141005590613,17.582788838936512,25.21983528152029,0.7478016471847971,49.925880474328864,true,false,NORMAL
18,52,10,392.35015439500705,757.1138897166755,2.976833909045558,100.0,20.884413999642153,21.703994505868497,14.358232469713661,0.8564176753028634,58.58377626445414,true,false,NORMAL
18,53,1,614.2240524960504,684.4309243212663,8.910632543489616,100.0,3.9343340209903177,6.800036622085274,11.726574672110834,0.8827342532788917,60.68341382675612,true,false,NORMAL
18,53,2,953.5768530943664,772.4906535210403,1.754116212705998,100.0,21.416219194119524,18.76569357269627,22.44178213399127,0.7755821786600873,52.135789058776346,true,false,NORMAL
18,53,3,924.1643025844181,607.9654488796581,4.4005228000598855,100.0,13.559902237985497,2.479441100762183,22.44178213399127,0.7755821786600873,52.135789058776346,true,false,NORMAL
18,53,4,314.06896859161833,589.5231133636546,4.634219109175588,100.0,0.9739259602148254,3.68930237354007,19.129080448148382,0.8087091955185162,54.77659816389506,true,false,NORMAL
18,53,5,367.58790164605995,150.51695441290335,6.028259194061971,100.0,23.616766723169043,32.93059398649933,29.057112066164677,0.7094288793383532,46.89385537677871,true,false,NORMAL
18,53,6,519.517500702223,22.28893661221659,4.951566524130769,100.0,5.161699948902566,3.808020384883238,15.84875940370393,0.8415124059629607,57.39678705497206,true,false,NORMAL
18,53,7,24.51922493826231,426.2290938562104,9.233211148700489,100.0,0.0,4.567047290712694,0.0,0.0,0.0,false,true,NODE_FAILURE
18,53,8,307.2118017878655,181.0907848631248,7.836423248121745,100.0,0.0,5.496528953352028,22.068642049418333,0.7793135795058165,52.464747615996515,true,false,NORMAL
18,53,9,484.1937036754729,173.5543349764187,3.166573545176757,100.0,20.38536221322667,19.241437345939186,25.26493432736002,0.7473506567263998,49.889818001705606,true,false,NORMAL
18,53,10,395.2501460955839,757.7858928852909,2.976833909045558,100.0,19.051458611650872,22.116172797024326,15.427827560129607,0.8457217243987039,57.73000599532559,true,false,NORMAL
18,54,1,606.8310267804907,679.4567366394261,8.910632543489616,100.0,3.773594740116918,9.209191242718754,12.119553871641564,0.8788044612835844,60.36969094151279,true,false,NORMAL
18,54,2,954.3052104151005,770.8949031329748,1.754116212705998,100.0,21.328481939929404,20.164360995335425,22.34343010995251,0.7765656989004749,52.21416190293168,true,false,NORMAL
18,54,3,919.9390073713872,606.7360257317611,4.4005228000598855,100.0,15.292441191825011,4.760922559900875,22.34343010995251,0.7765656989004749,52.21416190293168,true,false,NORMAL
18,54,4,316.21461397478487,593.630690829941,4.634219109175588,100.0,0.0,4.854709046638167,19.969291179013045,0.8003070882098695,54.10661265488435,true,false,NORMAL
18,54,5,373.35910558202113,148.77537063934,6.028259194061971,100.0,23.853206457642123,32.08942876413747,29.695384162627175,0.7030461583737283,46.38413921753463,true,false,NORMAL
18,54,6,515.5835004056695,19.282002507582803,4.951566524130769,100.0,8.406480446123926,2.4180109818446156,16.5483535545428,0.834516464454572,56.838376380660954,true,false,NORMAL
18,54,7,24.51922493826231,426.2290938562104,9.233211148700489,100.0,0.0,4.567047290712694,0.0,0.0,0.0,false,true,NODE_FAILURE
18,54,8,307.31747128073187,173.25507409243014,7.836423248121745,100.0,0.564620798896529,8.000939302104246,22.371879647806725,0.7762812035219328,52.220143343232444,true,false,NORMAL
18,54,9,482.2333761297618,171.0675089007673,3.166573545176757,100.0,19.412935639523823,21.850050649614623,25.823886798210367,0.7417611320178964,49.4458689781649,true,false,NORMAL
18,54,10,392.4220132675998,758.7149810561995,2.976833909045558,100.0,15.995112111664424,23.894021980892163,16.044422525327306,0.8395557747467269,57.23815179819857,true,false,NORMAL
18,55,1,612.3734642243364,672.4795767941773,8.910632543489616,100.0,4.7905654345076325,11.767113549303964,11.2610680348256,0.887389319651744,61.05505374742896,true,false,NORMAL
18,55,2,954.5303888364429,769.1553001994754,1.754116212705998,100.0,22.555961431853053,19.24126437800926,22.035749692649365,0.7796425030735064,52.45935379231197,true,false,NORMAL
18,55,3,921.8764829055427,602.784976571298,4.4005228000598855,100.0,17.023219167858496,3.1181867053579166,22.035749692649365,0.7796425030735064,52.45935379231197,true,false,NORMAL
18,55,4,312.951960052381,596.921750861978,4.634219109175588,100.0,0.0,3.8963137930531495,19.936297022363085,0.8006370297763692,54.132920024225115,true,false,NORMAL
18,55,5,379.1613075693328,150.41071800587395,6.028259194061971,100.0,24.087445228904965,34.50784432138074,29.71661233606117,0.7028338766393883,46.36446547193728,true,false,NORMAL
18,55,6,520.4541948132253,20.173263990592726,4.951566524130769,100.0,10.959620693659762,4.622722812198681,16.274744786359946,0.8372525521364006,57.05648381317324,true,false,NORMAL
18,55,7,24.51922493826231,426.2290938562104,9.233211148700489,100.0,0.0,4.567047290712694,0.0,0.0,0.0,false,true,NODE_FAILURE
18,55,8,304.40260511272743,165.98093603034152,7.836423248121745,100.0,0.0,10.281072563214831,21.812120938172118,0.7818787906182788,52.66212074365861,true,false,NORMAL
18,55,9,481.2951937243807,174.091909963994,3.166573545176757,100.0,19.375324601564426,22.15625003077358,25.86958196398349,0.7413041803601651,49.41093639842857,true,false,NORMAL
18,55,10,395.35529894219684,759.2223027226472,2.976833909045558,100.0,19.90251383892508,26.47660975864765,15.598682528594342,0.8440131747140566,57.593986885827036,true,false,NORMAL
18,56,1,620.5981565527983,669.0511940227767,8.910632543489616,100.0,7.288617909591025,11.378146349535854,9.27142770493199,0.9072857229506801,62.6436880374459,true,false,NORMAL
18,56,2,956.0116058139402,768.215661996095,1.754116212705998,100.0,19.248909766613412,18.76324713704712,22.26038654859211,0.777396134514079,52.28033767986738,true,false,NORMAL
18,56,3,926.2750662677356,602.6543422737833,4.4005228000598855,100.0,14.908788737381073,6.096646037482423,22.26038654859211,0.777396134514079,52.28033767986738,true,false,NORMAL
18,56,4,308.3932343598574,596.0886801493893,4.634219109175588,100.0,3.802407906637175,1.3547060037429395,19.46690966827599,0.8053309033172401,54.507198557533464,true,false,NORMAL
18,56,5,373.19251575546485,151.25536775191995,6.028259194061971,100.0,19.656921521515017,33.83537478981992,29.960057572562942,0.7003994242743706,46.17594246804945,true,false,NORMAL
18,56,6,515.7997388651418,21.862657630406265,4.951566524130769,100.0,8.981476778653075,6.712809613915387,17.13277130544219,0.8286722869455782,56.37190182150439,true,false,NORMAL
18,56,7,24.51922493826231,426.2290938562104,9.233211148700489,100.0,0.0,4.567047290712694,0.0,0.0,0.0,false,true,NODE_FAILURE
18,56,8,305.79867837543543,158.26987198127185,7.836423248121745,100.0,1.220264416787702,8.50862567192781,22.999883382143796,0.7700011661785621,51.72109429232287,true,false,NORMAL
18,56,9,480.42162198642154,171.04821805520095,3.166573545176757,100.0,18.90388104218035,23.69160173247142,26.051140253195257,0.7394885974680473,49.265319770405746,true,false,NORMAL
18,56,10,392.6936572318041,760.555420694749,2.976833909045558,100.0,20.252648388277002,28.090263486827688,14.369168686603988,0.8563083131339602,58.575443297489684,true,false,NORMAL
18,57,1,623.8816323598242,677.3348018689856,8.910632543489616,100.0,5.017802506636256,11.156180401581357,9.52609650500174,0.9047390349499826,62.44033040420304,true,false,NORMAL
18,57,2,956.8717901347607,766.6869348713626,1.754116212705998,100.0,23.40942107211735,16.849868990211096,23.228327022231205,0.7677167297776879,51.509100982167155,true,false,NORMAL
18,57,3,926.8983679778408,607.0104983651128,4.4005228000598855,100.0,19.8505708149872,4.332437233730482,23.228327022231205,0.7677167297776879,51.509100982167155,true,false,NORMAL
18,57,4,305.2960565625884,599.5359220097688,4.634219109175588,100.0,7.525102992185772,0.0,20.103878776196233,0.7989612122380376,53.999303308050955,true,false,NORMAL
18,57,5,378.7746758535805,153.5311967327088,6.028259194061971,100.0,20.848685018908647,34.535623735425155,29.388865896248813,0.7061113410375118,46.623986041291175,true,false,NORMAL
18,57,6,520.6124488909552,20.698255101069027,4.951566524130769,100.0,13.365528222189056,9.3056694177913,16.512143717671652,0.8348785628232834,56.86708841275322,true,false,NORMAL
18,57,7,24.51922493826231,426.2290938562104,9.233211148700489,100.0,0.0,4.567047290712694,0.0,0.0,0.0,false,true,NODE_FAILURE
18,57,8,300.22250889960026,152.76388766414314,7.836423248121745,100.0,0.0,11.084632287861876,21.49588761337957,0.7850411238662044,52.91253011853454,true,false,NORMAL
18,57,9,483.32423083068073,172.31393915964756,3.166573545176757,100.0,19.799524120387936,23.864571168288037,25.545998844318586,0.744540011556814,49.66865882736956,true,false,NORMAL
18,57,10,393.4130983010178,757.6668319960984,2.976833909045558,100.0,21.76995096337535,25.300932020247643,14.814987640598986,0.8518501235940101,58.219816856127,true,false,NORMAL
18,58,1,615.5471417477046,680.486886665051,8.910632543489616,100.0,0.19103668870345825,12.270666007297587,10.556013814401249,0.8944398618559875,61.61797158287126,true,false,NORMAL
18,58,2,957.4029948890349,768.358684014241,1.754116212705998,100.0,24.833454073446795,19.01067706732055,22.731794418293465,0.7726820558170653,51.90470220219434,true,false,NORMAL
18,58,3,922.5111475477141,606.6685951458749,4.4005228000598855,100.0,22.682679538121082,1.975166931011859,22.731794418293465,0.7726820558170653,51.90470220219434,true,false,NORMAL
18,58,4,300.8300559379157,600.7731872086132,4.634219109175588,100.0,9.939148557758903,0.4790111257067238,19.813117114704287,0.8018688288529572,54.23113722180054,true,false,NORMAL
18,58,5,384.371308454799,151.29119395642235,6.028259194061971,100.0,22.52584238146196,36.048664595287406,29.2613864789283,0.7073861352107169,46.72110461938098,true,false,NORMAL
18,58,6,518.2891300756287,16.325589926916983,4.951566524130769,100.0,11.875329267807222,7.8405440500801875,16.26977864913771,0.8373022135086229,57.06008773730982,true,false,NORMAL
18,58,7,24.51922493826231,426.2290938562104,9.233211148700489,100.0,0.0,4.567047290712694,0.0,0.0,0.0,false,true,NODE_FAILURE
18,58,8,295.0829274991843,146.8482953563348,7.836423248121745,100.0,0.0,8.271589266353182,20.442418534777104,0.795575814652229,53.74680078724663,true,false,NORMAL
18,58,9,483.03074285082806,175.4668826768542,3.166573545176757,100.0,16.280479264683613,24.36264710817548,25.09060038730018,0.7490939961269981,50.032913064548666,true,false,NORMAL
18,58,10,391.1776268405075,759.632590748155,2.976833909045558,100.0,18.436556339324753,23.59038470594103,15.184565464552769,0.8481543453544723,57.9245544023359,true,false,NORMAL
18,59,1,624.4325996290789,681.1562225772949,8.910632543489616,100.0,2.1441824837138763,12.685023654997757,8.834135206233457,0.9116586479376654,62.99288468189134,true,false,NORMAL
18,59,2,956.1357739535767,767.1458052946591,1.754116212705998,100.0,20.16093592169418,18.38543964590544,22.986253450575884,0.7701374654942412,51.70196049798525,true,false,NORMAL
18,59,3,918.2302099220594,607.687503365049,4.4005228000598855,100.0,23.82767403996108,0.0,22.986253450575884,0.7701374654942412,51.70196049798525,true,false,NORMAL
18,59,4,298.74169481332626,604.9101830467972,4.634219109175588,100.0,13.57249652573352,2.8413098246391773,20.659502130613472,0.7934049786938653,53.556327725581475,true,false,NORMAL
18,59,5,378.70284568001426,153.34264190401257,6.028259194061971,100.0,24.804880064000486,37.8708354420809,29.510767211218806,0.704892327887812,46.527480104806706,true,false,NORMAL
18,59,6,517.0280632360341,21.11387996292851,4.951566524130769,100.0,8.493257496929878,5.366203779877894,16.983455196094383,0.8301654480390562,56.49046831512745,true,false,NORMAL
18,59,7,24.51922493826231,426.2290938562104,9.233211148700489,100.0,0.0,4.567047290712694,0.0,0.0,0.0,false,true,NODE_FAILURE
18,59,8,302.9157786306657,146.61171032774558,7.836423248121745,100.0,0.0,10.895071445272464,22.0678975385253,0.7793210246147471,52.45746106382916,true,false,NORMAL
18,59,9,485.56244702795647,177.36889791773004,3.166573545176757,100.0,13.86584003995269,22.989358599656637,25.114354749995872,0.7488564525000413,50.011777774139375,true,false,NORMAL
18,59,10,388.5223651261082,758.2868101753688,2.976833909045558,100.0,14.419176613599316,21.240789598992773,14.746818668423465,0.8525318133157653,58.27460620373641,true,false,NORMAL
18,60,1,625.633814599129,672.3269273097877,8.910632543489616,100.0,3.5824855515765606,11.368225615099066,8.375966491844567,0.9162403350815543,63.35876597704562,true,false,NORMAL
18,60,2,954.4645790990068,767.6787513010582,1.754116212705998,100.0,15.73910017035418,19.28513448498114,23.550497129160693,0.7644950287083931,51.25245051894916,true,false,NORMAL
18,60,3,921.5930251516924,610.5258258705434,4.4005228000598855,100.0,20.21720712485992,0.0,23.550497129160693,0.7644950287083931,51.25245051894916,true,false,NORMAL
18,60,4,295.042272586148,607.7012871181116,4.634219109175588,100.0,14.054185937742522,3.5146127125182742,21.135457890168226,0.7886454210983178,53.176912885635616,true,false,NORMAL
18,60,5,375.56483553886056,158.48975772404316,6.028259194061971,100.0,21.975019617497022,38.77525313140195,29.016603146996033,0.7098339685300398,46.921609627461976,true,false,NORMAL
18,60,6,514.3229804641355,16.96652680216802,4.951566524130769,100.0,5.360581365443624,7.0393872292146025,16.81678648014052,0.8318321351985949,56.62316893491565,true,false,NORMAL
18,60,7,24.51922493826231,426.2290938562104,9.233211148700489,100.0,0.0,4.567047290712694,0.0,0.0,0.0,false,true,NODE_FAILURE
18,60,8,303.17187749631194,138.7794729274418,7.836423248121745,100.0,0.0,10.594022162285508,22.26173080441684,0.7773826919558315,52.303367281737074,true,false,NORMAL
18,60,9,486.98282928954,174.53875618135143,3.166573545176757,100.0,18.062573038868315,24.52359348008597,24.797104851433712,0.7520289514856628,50.26397214636446,true,false,NORMAL
18,60,10,388.822360939279,755.3251311525638,2.976833909045558,100.0,16.091292809995803,22.004267307311782,14.755712191006396,0.852442878089936,58.26783943134062,true,false,NORMAL
18,61,1,625.9239777245721,663.4210204112327,8.910632543489616,100.0,1.4053824642117752,11.756553016405594,7.7474205376982965,0.922525794623017,63.86072863956969,true,false,NORMAL
18,61,2,956.0132920790845,768.5024088713001,1.754116212705998,100.0,17.25671489753936,21.892799960693207,23.46836547378531,0.765316345262147,51.31787667799715,true,false,NORMAL
18,61,3,925.9869643802316,610.2852038230271,4.4005228000598855,100.0,15.452308189903965,0.7301095085868747,23.46836547378531,0.765316345262147,51.31787667799715,true,false,NORMAL
18,61,4,291.7973917217078,604.392702084077,4.634219109175588,100.0,11.427497340825887,1.9826471608721532,20.871864424835262,0.7912813557516474,53.38703486415511,true,false,NORMAL
18,61,5,369.5793327465327,159.2064621497505,6.028259194061971,100.0,19.553767771823487,38.495772324992515,29.157966021053667,0.7084203397894632,46.81940765132183,true,false,NORMAL
18,61,6,517.8854906788387,20.405499325034135,4.951566524130769,100.0,7.510854231130304,7.906398271383156,16.798870043080424,0.8320112995691957,56.63725157988886,true,false,NORMAL
18,61,7,24.51922493826231,426.2290938562104,9.233211148700489,100.0,0.0,4.567047290712694,0.0,0.0,0.0,false,false,NORMAL
18,61,8,310.9656571344272,139.59588475746534,7.836423248121745,100.0,4.655860736561179,7.710680839776763,23.715057356896494,0.762849426431035,51.156006087954076,true,false,NORMAL
18,61,9,487.10222715438084,177.70307793599093,3.166573545176757,100.0,13.644488461105261,24.010262052702966,24.808532796912004,0.75191467203088,50.25344475157013,true,false,NORMAL
18,61,10,387.39974318603464,752.7102317567558,2.976833909045558,100.0,12.088207840867147,19.26119344788122,14.30964248126678,0.8569035751873322,58.6238817518624,true,false,NORMAL
18,62,1,627.7209886742476,654.6934706994383,8.910632543489616,100.0,4.800780841700998,14.10803168622977,3.9285391625361683,0.9607146083746383,66.91131723391142,true,false,NORMAL
18,62,2,954.5836322754152,767.4860445008845,1.754116212705998,100.0,20.04861907850051,20.850835098947194,24.07060022749206,0.7592939977250794,50.838175252064524,true,false,NORMAL
18,62,3,922.7511998305924,613.2675567017363,4.4005228000598855,100.0,10.563264049671897,1.8159921550093587,12.291902249681321,0.8770809775031868,60.23889587543094,true,false,NORMAL
18,62,4,287.17288896119305,604.6926370267555,4.634219109175588,100.0,6.90580049118857,2.7784285838963965,20.119275051837587,0.7988072494816241,53.98702775416794,true,false,NORMAL
18,62,5,366.6453163593553,164.47252868470497,6.028259194061971,100.0,20.88017588283911,39.46724742663314,28.452232094276866,0.7154776790572314,47.37630195941373,true,false,NORMAL
18,62,6,521.3063169450439,23.98543769033218,4.951566524130769,100.0,7.116723077160971,6.950555848240584,16.288597385183625,0.8371140261481637,57.045113071795946,true,false,NORMAL
18,62,7,24.51922493826231,426.2290938562104,9.233211148700489,100.0,0.0,4.567047290712694,0.0,0.0,0.0,false,false,NORMAL
18,62,8,303.2207417221392,140.789959537455,7.836423248121745,100.0,6.4784646124698595,9.385757408461231,22.580920991996326,0.7741907900800368,52.054961912699504,true,false,NORMAL
18,62,9,485.69389473739056,174.86692070828516,3.166573545176757,100.0,11.877461499822157,25.54790575894017,24.770176669236847,0.7522982333076316,50.284188886301045,true,false,NORMAL
18,62,10,390.305962088072,753.3547717597687,2.976833909045558,100.0,11.204772920726107,20.114148723774697,13.731574552519671,0.8626842544748032,59.08502286159671,true,false,NORMAL
18,63,1,636.2437467172815,652.0930923298549,8.910632543489616,100.0,7.357216000763938,15.007274896224851,4.402841101759322,0.9559715889824068,66.53222558951074,true,false,NORMAL
18,63,2,953.5100740853662,766.0988183115928,1.754116212705998,100.0,18.24124028948743,21.208781095321612,24.739063274312528,0.7526093672568748,50.30583218688538,true,false,NORMAL
18,63,3,919.6360041761536,616.3756360038798,4.4005228000598855,100.0,14.299850565416875,0.7580539569373166,13.653899051251026,0.8634610094874897,59.1515879143605,true,false,NORMAL
18,63,4,282.55669225529385,604.2843298822015,4.634219109175588,100.0,8.963631674931165,4.263622304511995,19.208546394941244,0.8079145360505875,54.71322693416292,true,false,NORMAL
18,63,5,372.39216551522406,162.65218979030007,6.028259194061971,100.0,18.83173651441733,38.07221193613285,29.511955138008258,0.7048804486199175,46.53427214400674,true,false,NORMAL
18,63,6,516.3548107336051,24.009877022856713,4.951566524130769,100.0,11.613235473285734,4.539293354058862,17.4100293714114,0.825899706285886,56.14986044760689,true,false,NORMAL
18,63,7,24.51922493826231,426.2290938562104,9.233211148700489,100.0,0.0,4.567047290712694,0.0,0.0,0.0,false,false,NORMAL
18,63,8,310.75496403970453,138.6347279041488,7.836423248121745,100.0,10.078037245209849,7.908839443489005,23.867062026947732,0.7613293797305228,51.030164820726554,true,false,NORMAL
18,63,9,482.93452670270426,176.4203285961771,3.166573545176757,100.0,7.817169495497398,23.03303938097341,25.698157254453932,0.7430184274554609,49.54600476138892,true,false,NORMAL
18,63,10,393.1353878318472,754.2799150365133,2.976833909045558,100.0,15.469990021391954,20.375815065504227,12.722746885135184,0.8727725311486482,59.89016723567439,true,false,NORMAL
18,64,1,627.379960237025,651.1805894216307,8.910632543489616,100.0,3.076157923762227,12.339074875315548,4.09842469445284,0.9590157530554716,66.77562952983686,true,false,NORMAL
18,64,2,952.3483607505494,764.7845330246832,1.754116212705998,100.0,21.81681477188598,22.565817362188366,24.551137337827196,0.7544886266217281,50.45547818828162,true,false,NORMAL
18,64,3,922.5350743005656,613.0650479401683,4.4005228000598855,100.0,18.43947396182279,0.8848044752666604,12.558790382554674,0.8744120961744533,60.026278431548825,true,false,NORMAL
18,64,4,278.0765321831034,603.0993604820067,4.634219109175588,100.0,7.357821205596503,4.874705711425239,18.09811179152807,0.8190188820847193,55.59884687522596,true,false,NORMAL
18,64,5,374.065926403905,156.8609521507005,6.028259194061971,100.0,19.619718956950802,38.69508214232973,30.207586001247076,0.6979241399875292,45.98748085069633,true,false,NORMAL
18,64,6,519.1170261795043,28.119399729124254,4.951566524130769,100.0,16.548977278711106,4.11534002521334,18.19065800399215,0.8180934199600784,55.52701867187161,true,false,NORMAL
18,64,7,24.51922493826231,426.2290938562104,9.233211148700489,100.0,0.0,4.567047290712694,0.0,0.0,0.0,false,false,NORMAL
18,64,8,318.58684768497466,138.36802977769565,7.836423248121745,100.0,11.35446701736197,7.192707572351243,24.974730135130766,0.7502526986486924,50.15506352888071,true,false,NORMAL
18,64,9,484.95823176841736,178.855858481853,3.166573545176757,100.0,6.148671931246472,24.877033064652178,25.97015428575047,0.7402984571424952,49.32888972296873,true,false,NORMAL
18,64,10,394.8246596136402,756.7310170273088,2.976833909045558,100.0,18.705742968501866,20.30634336760056,12.864258876575798,0.871357411234242,59.77651363004183,true,false,NORMAL
18,65,1,621.3904097745556,657.7779114224602,8.910632543489616,100.0,3.011588702906388,11.95976236952237,9.48702589518699,0.90512974104813,62.471528688982744,true,false,NORMAL
18,65,2,952.0910417069463,766.5196729606761,1.754116212705998,100.0,25.59538908530693,24.500681124100964,24.890434133080074,0.7510956586691993,50.18530233939459,true,false,NORMAL
18,65,3,920.8677803562364,617.1374835525568,4.4005228000598855,100.0,16.67250757554566,0.0,24.890434133080074,0.7510956586691993,50.18530233939459,true,false,NORMAL
18,65,4,281.9713802195694,600.5881564829886,4.634219109175588,100.0,12.244833094157553,2.090968205306211,17.956302584925105,0.8204369741507489,55.71195911262235,true,false,NORMAL
18,65,5,378.85995482765736,160.5157025365746,6.028259194061971,100.0,18.21959255973475,39.220319579437486,29.506018525559274,0.7049398147444071,46.53548664124062,true,false,NORMAL
18,65,6,520.3135989412654,23.314587072141272,4.951566524130769,100.0,16.767481354869485,6.9930407021897185,16.98726318203779,0.8301273681796223,56.486890107664294,true,false,NORMAL
18,65,7,24.51922493826231,426.2290938562104,9.233211148700489,100.0,0.0,4.567047290712694,0.0,0.0,0.0,false,false,NORMAL
18,65,8,311.1360636956465,140.79606339938925,7.836423248121745,100.0,15.708346704347004,7.9893045693068885,23.14299265854925,0.7685700734145074,51.603867809693746,true,false,NORMAL
18,65,9,486.5251264628159,181.6075904880046,3.166573545176757,100.0,2.825938427468746,22.968611986517452,25.25351015031464,0.7474648984968536,49.900668540114566,true,false,NORMAL
18,65,10,397.71770957939515,756.0297310530522,2.976833909045558,100.0,15.261121860737028,20.315307823481366,13.721664240056047,0.8627833575994395,59.09174390080255,true,false,NORMAL
18,66,1,629.9468973777017,660.2650568187536,8.910632543489616,100.0,0.0,14.763488063565173,5.28112732634331,0.9471887267365668,65.83088559601222,true,false,NORMAL
18,66,2,953.7988275425279,766.9201616964286,1.754116212705998,100.0,28.426422598796208,25.4704845941672,24.48051787359848,0.7551948212640152,50.51171521721479,true,false,NORMAL
18,66,3,916.5248278796149,616.4280015586666,4.4005228000598855,100.0,19.874468811204547,1.9705952499418333,13.1669156211663,0.868330843788337,59.54031330986757,true,false,NORMAL
18,66,4,277.99501027700956,598.2081420225799,4.634219109175588,100.0,8.377462988944561,2.7378448673686897,17.45013124823627,0.8254986875176373,56.115723129850096,true,false,NORMAL
18,66,5,384.8460517545121,161.22742754884658,6.028259194061971,100.0,13.823690798356933,37.59898788772549,30.30890355286273,0.6969109644713726,45.89822286971911,true,false,NORMAL
18,66,6,515.8326145316877,21.207743517433357,4.951566524130769,100.0,19.556421926224687,6.211433438523056,17.933080906549,0.82066919093451,55.73210495737698,true,false,NORMAL
18,66,7,24.51922493826231,426.2290938562104,9.233211148700489,100.0,0.0,4.567047290712694,0.0,0.0,0.0,false,false,NORMAL
18,66,8,318.7790924725604,139.0658494129214,7.836423248121745,100.0,15.806655984375523,5.6058601311096155,24.279811780808433,0.7572018821919156,50.697645522930394,true,false,NORMAL
18,66,9,485.0553332723943,178.80279174399396,3.166573545176757,100.0,0.0,24.861991362833923,26.291766513530586,0.7370823348646942,49.075276564394215,true,false,NORMAL
18,66,10,399.06920069085754,753.3773713682278,2.976833909045558,100.0,11.94398078291994,22.79458747080827,13.079536266094385,0.8692046373390562,59.6042914596771,true,false,NORMAL
18,67,1,624.1277134695744,653.5169851706094,8.910632543489616,100.0,0.7444910272105054,12.97005082565378,5.413895247721368,0.9458610475227863,65.72489919057124,true,false,NORMAL
18,67,2,954.5733578711963,765.3463045054324,1.754116212705998,100.0,24.287747541617144,24.451187652669628,25.002497499174183,0.7499750250082582,50.09607551939995,true,false,NORMAL
18,67,3,913.0857459699779,619.1734189281486,4.4005228000598855,100.0,22.708375468056868,3.2028703519631296,13.337551296149833,0.8666244870385017,59.4046813756558,true,false,NORMAL
18,67,4,274.45927731163135,595.2123818270057,4.634219109175588,100.0,4.000521116050547,0.9718937826305567,16.205420921554136,0.8379457907844586,57.10875225801528,true,false,NORMAL
18,67,5,389.5548839209331,157.46354543867474,6.028259194061971,100.0,18.61170397465533,34.68863057301781,31.220162558642418,0.6877983744135759,45.174463788644,true,false,NORMAL
18,67,6,510.94833654410434,22.02127875508524,4.951566524130769,100.0,21.75204756402035,7.943382143038009,18.96289300024447,0.8103710699975553,54.9109489263989,true,false,NORMAL
18,67,7,24.51922493826231,426.2290938562104,9.233211148700489,100.0,0.0,4.567047290712694,0.0,0.0,0.0,false,false,NORMAL
18,67,8,322.26066422123984,146.08640405500634,7.836423248121745,100.0,11.718063983383875,4.832402802783704,24.900433683906716,0.7509956631609329,50.20398737726098,true,false,NORMAL
18,67,9,484.7757166052844,175.64858779743508,3.166573545176757,100.0,3.1608478693066844,26.878425280068875,27.156477531012317,0.7284352246898768,48.38783569674009,true,false,NORMAL
18,67,10,400.234499420912,756.1166448105437,2.976833909045558,100.0,11.460812974417331,25.06713835297394,12.680303161935694,0.8731969683806431,59.922631703623054,true,false,NORMAL
18,68,1,627.1980148128928,661.8819491266771,8.910632543489616,100.0,0.2490534596579541,13.345824459815727,5.134496205974095,0.9486550379402591,65.94809656717494,true,false,NORMAL
18,68,2,954.6246448067292,763.5929382179951,1.754116212705998,100.0,22.541608974551444,23.192523517288038,25.35456484234963,0.7464543515765036,49.81577727427518,true,false,NORMAL
18,68,3,917.4218034455201,618.4229480875155,4.4005228000598855,100.0,26.669633620334913,1.2419145100515423,13.307217696350449,0.8669278230364955,59.429410804780105,true,false,NORMAL
18,68,4,279.000050496861,596.1383222312154,4.634219109175588,100.0,0.0,3.5125854507610494,17.279899237955444,0.8272010076204456,56.251522155616456,true,false,NORMAL
18,68,5,392.901050264993,162.47783299611234,6.028259194061971,100.0,15.229944061377205,32.049432652774264,31.57597063899169,0.6842402936100832,44.892392440010475,true,false,NORMAL
18,68,6,507.4277674420286,25.50317539921498,4.951566524130769,100.0,19.3979992548635,10.057017254471267,19.49546961630366,0.8050453038369634,54.48618745840239,true,false,NORMAL
18,68,7,24.51922493826231,426.2290938562104,9.233211148700489,100.0,0.0,4.567047290712694,0.0,0.0,0.0,false,false,NORMAL
18,68,8,326.33958305400216,152.77758858985814,7.836423248121745,100.0,6.878065203611873,5.52961649276925,25.372680503287217,0.7462731949671279,49.82821255055914,true,false,NORMAL
18,68,9,486.5975084088939,178.23861919518194,3.166573545176757,100.0,0.2972796444094059,23.965149316120783,27.525871125833493,0.7247412887416651,48.09423103201058,true,false,NORMAL
18,68,10,397.9405557430448,754.219446211341,2.976833909045558,100.0,7.822807483919534,22.138621567458273,13.144510549776184,0.8685548945022381,59.552335477340655,true,false,NORMAL
18,69,1,618.80965859301,658.876146030423,8.910632543489616,100.0,3.8470577064749447,12.88781896555667,9.832284174195971,0.9016771582580403,62.19584023915802,true,false,NORMAL
18,69,2,953.1224100497828,762.6872813167901,1.754116212705998,100.0,20.025619049838568,21.50292397644878,24.823204059241387,0.7517679594075861,50.23883383674801,true,false,NORMAL
18,69,3,916.6255656196064,614.095061046657,4.4005228000598855,100.0,30.395633775065946,0.0,24.823204059241387,0.7517679594075861,50.23883383674801,true,false,NORMAL
18,69,4,281.46868125086945,592.2163521966266,4.634219109175588,100.0,1.0668839797355245,0.6179038092047389,16.64718199219461,0.8335281800780538,56.75629276813041,true,false,NORMAL
18,69,5,397.191179878271,166.71277063580288,6.028259194061971,100.0,18.92763782736589,29.519249720993002,31.665353219758543,0.6833464678024145,44.82097050683052,true,false,NORMAL
18,69,6,503.083221264588,23.12769027929132,4.951566524130769,100.0,23.700273510161793,11.466868324557892,19.514088149249815,0.8048591185075019,54.471409666049084,true,false,NORMAL
18,69,7,24.51922493826231,426.2290938562104,9.233211148700489,100.0,0.0,4.567047290712694,0.0,0.0,0.0,false,false,NORMAL
18,69,8,328.6785373321289,160.25681463327572,7.836423248121745,100.0,11.036565510816814,5.468227129098354,25.334058847189777,0.7466594115281023,49.85770593596077,true,false,NORMAL
18,69,9,488.7255136986131,175.89367111389308,3.166573545176757,100.0,4.9210402935183435,26.698220765246766,27.82115200554739,0.7217884799445261,47.860121356785584,true,false,NORMAL
18,69,10,397.39830237412576,757.1464756621563,2.976833909045558,100.0,8.869156986837762,21.37421994996653,13.23973308319529,0.8676026691680471,59.47606650364421,true,false,NORMAL
18,70,1,627.5396681785157,657.0911236322235,8.910632543489616,100.0,0.3055951025436201,13.10878592282466,4.976614056057399,0.9502338594394261,66.07420967982605,true,false,NORMAL
18,70,2,954.6943193471434,763.4657572949354,1.754116212705998,100.0,19.294317151927913,21.92089522740211,24.026445185118718,0.7597355481488128,50.8733431634532,true,false,NORMAL
18,70,3,918.2454788464523,610.0035476284538,4.4005228000598855,100.0,30.57811773812209,1.9404012364159005,12.556604340726254,0.8744339565927375,60.02734735202172,true,false,NORMAL
18,70,4,281.71630433983285,587.5887535150575,4.634219109175588,100.0,0.0,2.3814799614710402,16.007716334329075,0.8399228366567093,57.26649883716998,true,false,NORMAL
18,70,5,403.0979553431337,167.91689376841362,6.028259194061971,100.0,22.16505494326965,27.008060738053832,31.495320639037505,0.685046793609625,44.9512400110734,true,false,NORMAL
18,70,6,498.6199406420006,20.98359673494026,4.951566524130769,100.0,25.191307672900958,12.688761858987103,19.871617454509,0.80128382545491,54.18597242268586,true,false,NORMAL
18,70,7,24.51922493826231,426.2290938562104,9.233211148700489,100.0,0.0,4.567047290712694,0.0,0.0,0.0,false,false,NORMAL
18,70,8,327.0752317931318,152.58616011932943,7.836423248121745,100.0,6.134403482967764,7.417578489056158,24.819862507237428,0.7518013749276257,50.260636326534886,true,false,NORMAL
18,70,9,491.7936441179212,176.6771018684142,3.166573545176757,100.0,4.9076726718962425,28.266442406873846,27.53286608651976,0.7246713391348024,48.090919195175296,true,false,NORMAL
18,70,10,399.9253247495762,755.573040555132,2.976833909045558,100.0,11.184667019508055,23.66941068439615,12.43709047505504,0.8756290952494497,60.11678332811592,true,false,NORMAL
18,71,1,618.6717516831272,657.9625760726426,8.910632543489616,100.0,2.71046939002669,12.085857909250114,5.461078239532258,0.9453892176046774,65.68755975550391,true,false,NORMAL
18,71,2,953.2314014746988,764.4336389954341,1.754116212705998,100.0,16.518031248090228,23.53903105759487,24.03884107584461,0.7596115892415539,50.863470228605784,true,false,NORMAL
18,71,3,914.1804131272806,611.6887305896371,4.4005228000598855,100.0,30.069617816708444,0.7864131705435218,12.176911564482587,0.878230884355174,60.33073315123144,true,false,NORMAL
18,71,4,278.8321730906112,591.216118080291,4.634219109175588,100.0,4.049044313852992,0.3972362373669682,15.777641948043875,0.8422235805195613,57.45007887874584,true,false,NORMAL
18,71,5,408.9540010937661,166.48628652766135,6.028259194061971,100.0,21.009881785400037,27.0119893301667,31.344533140389668,0.6865546685961034,45.066312483720004,true,false,NORMAL
18,71,6,500.6434662691009,25.502817362367153,4.951566524130769,100.0,24.34843263651282,10.306420835627403,20.394961194471577,0.7960503880552842,53.76946679165504,true,false,NORMAL
18,71,7,24.51922493826231,426.2290938562104,9.233211148700489,100.0,0.0,4.567047290712694,0.0,0.0,0.0,false,false,NORMAL
18,71,8,319.29408470872494,151.65703183188492,7.836423248121745,100.0,1.295989389601928,9.34549786375376,23.249885854606887,0.7675011414539311,51.5052876037333,true,false,NORMAL
18,71,9,493.85780513590106,174.27576321906346,3.166573545176757,100.0,2.857316210323607,29.33199292923848,27.609027899401458,0.7239097210059855,48.03233606369116,true,false,NORMAL
18,71,10,402.61318704322457,756.8524687135007,2.976833909045558,100.0,12.237349773059043,22.94016098286784,13.192408186993912,0.8680759181300609,59.51360115794828,true,false,NORMAL
18,72,1,618.2736381299138,666.8643106184401,8.910632543489616,100.0,2.244077820443623,9.869063461136218,11.624381288158508,0.883756187118415,60.764998949045655,true,false,NORMAL
18,72,2,951.637596795758,763.7010338268307,1.754116212705998,100.0,14.549271683623225,23.405088589691587,23.484215357682874,0.7651578464231712,51.305250515268796,true,false,NORMAL
18,72,3,912.8036879820996,607.5091099383731,4.4005228000598855,100.0,31.769380076065225,0.0,23.484215357682874,0.7651578464231712,51.305250515268796,true,false,NORMAL
18,72,4,282.3675570057968,594.2122901921856,4.634219109175588,100.0,2.8965895590779067,0.8284375732063731,16.782405473540056,0.8321759452645994,56.64840949867469,true,false,NORMAL
18,72,5,410.87915634744536,160.7736963830751,6.028259194061971,100.0,23.98546791926148,25.551728535650334,31.94214734208379,0.6805785265791621,44.59174101915411,true,false,NORMAL
18,72,6,503.1624844483554,29.76574575203988,4.951566524130769,100.0,26.078714443738527,8.73433895977852,20.789785870582275,0.7921021412941774,53.45547807156631,true,false,NORMAL
18,72,7,24.51922493826231,426.2290938562104,9.233211148700489,100.0,0.0,4.567047290712694,0.0,0.0,0.0,false,false,NORMAL
18,72,8,318.3022817971697,159.43043882678322,7.836423248121745,100.0,0.0,8.03542465128575,23.04682410403059,0.7695317589596941,51.66674496856482,true,false,NORMAL
18,72,9,490.6920964280993,174.20176055450702,3.166573545176757,100.0,7.148027636840295,28.30063888505215,28.250613324110063,0.7174938667588995,47.52351848909632,true,false,NORMAL
18,72,10,403.80112276523846,754.1229359984729,2.976833909045558,100.0,15.032588066239757,21.739408457790283,14.203393380849281,0.8579660661915072,58.70670422386017,true,false,NORMAL
18,73,1,617.2851068993997,675.7199403719582,8.910632543489616,100.0,2.1002903919133225,10.140703358337053,12.798299425229398,0.872017005747706,59.82786740859017,true,false,NORMAL
18,73,2,953.3687301845001,763.4180128416363,1.754116212705998,100.0,12.06463371828655,25.91367892333774,23.376357376681383,0.7662364262331862,51.39117238510653,true,false,NORMAL
18,73,3,916.934469693095,605.9921249780148,4.4005228000598855,100.0,33.59124557656151,1.9707212022900917,23.376357376681383,0.7662364262331862,51.39117238510653,true,false,NORMAL
18,73,4,283.87456822527173,589.8299501852687,4.634219109175588,100.0,5.950048448563143,0.0,16.08998492528863,0.8391001507471136,57.20085694804237,true,false,NORMAL
18,73,5,414.1704025443298,165.82420203917394,6.028259194061971,100.0,26.229000522389896,23.127472840091457,31.841805671180172,0.6815819432881983,44.672429357455655,true,false,NORMAL
18,73,6,501.8824200944177,34.54899216976397,4.951566524130769,100.0,23.104219428935075,11.264249523805383,21.075733275825815,0.789242667241742,53.22799369161757,true,false,NORMAL
18,73,7,24.51922493826231,426.2290938562104,9.233211148700489,100.0,0.0,4.567047290712694,0.0,0.0,0.0,false,false,NORMAL
18,73,8,310.85046912647385,157.00556414042106,7.836423248121745,100.0,0.0,5.5930204297734685,22.087107982002163,0.7791289201799785,52.42799155683462,true,false,NORMAL
18,73,9,487.62408118503737,174.98564223266564,3.166573545176757,100.0,6.224477965446564,29.58678386863439,28.606720124273025,0.7139327987572698,47.24442438887909,true,false,NORMAL
18,73,10,406.761559864549,753.810922692556,2.976833909045558,100.0,19.88929576129469,20.636185152482284,14.444142175259014,0.8555585782474098,58.514362178316276,true,false,NORMAL
18,74,1,625.2520879218137,671.7291277086536,8.910632543489616,100.0,0.0,9.676300282905743,5.6104125728378085,0.9438958742716219,65.56834064980245,true,false,NORMAL
18,74,2,953.0614255144179,765.1450008344792,1.754116212705998,100.0,8.292306612666302,24.401031627830033,22.36476392159894,0.7763523607840106,52.19716165111006,true,false,NORMAL
18,74,3,916.2750700656983,601.6412867777094,4.4005228000598855,100.0,31.62277020187619,3.8968427324570083,11.32030728907263,0.8867969271092737,61.01321194976144,true,false,NORMAL
18,74,4,281.1232383345025,593.5590480096771,4.634219109175588,100.0,6.483406528927633,0.0,16.738357061810877,0.8326164293818912,56.683551708397616,true,false,NORMAL
18,74,5,418.3709990309604,161.50044232483972,6.028259194061971,100.0,28.05814749294082,24.81752070047685,32.19044041594197,0.6780955958405803,44.397333091202206,true,false,NORMAL
18,74,6,499.2412292672268,38.7373238253585,4.951566524130769,100.0,19.83323943937308,9.226183810667024,21.85229605777066,0.7814770394222933,52.6103337880609,true,false,NORMAL
18,74,7,24.51922493826231,426.2290938562104,9.233211148700489,100.0,0.0,4.567047290712694,0.0,0.0,0.0,false,false,NORMAL
18,74,8,303.5889763739724,159.95179093567495,7.836423248121745,100.0,3.663668647873999,2.9612779126119597,21.030979688259304,0.789690203117407,53.26734664337179,true,false,NORMAL
18,74,9,485.13861096173093,173.0235959064872,3.166573545176757,100.0,6.528708097510867,27.721394857667725,29.07827347411528,0.7092172652588471,46.87418102812492,true,false,NORMAL
18,74,10,404.0026150778813,752.6929943468368,2.976833909045558,100.0,21.82817810754897,21.597500847326188,13.841665775470085,0.8615833422452991,58.99548537979484,true,false,NORMAL
18,75,1,631.9094503421675,665.8063835871203,8.910632543489616,100.0,0.0,10.833385097851346,5.177194299202594,0.948228057007974,65.91409089580739,true,false,NORMAL
18,75,2,951.3624167146586,764.7087752208131,1.754116212705998,100.0,10.08674729756282,27.233090814292215,22.583403909740518,0.7741659609025948,52.02294000466776,true,false,NORMAL
18,75,3,920.6602991742507,601.2747263060932,4.4005228000598855,100.0,29.13928204492934,5.829661032507859,11.719751239324278,0.8828024876067573,60.69429382299482,true,false,NORMAL
18,75,4,283.2736086345274,589.4539421249746,4.634219109175588,100.0,3.991818101686758,1.5180241553498037,16.898746592940373,0.8310125340705963,56.55559273398077,true,false,NORMAL
18,75,5,414.8148183782653,166.36803804307576,6.028259194061971,100.0,26.633617979991083,22.31725203878459,31.830819106444228,0.6816918089355578,44.68043733292109,true,false,NORMAL
18,75,6,503.80973090331617,40.64698448734562,4.951566524130769,100.0,15.517996728446796,7.859771470900018,21.375501074074084,0.7862449892592592,52.990571393994315,true,false,NORMAL
18,75,7,24.51922493826231,426.2290938562104,9.233211148700489,100.0,0.0,4.567047290712694,0.0,0.0,0.0,false,false,NORMAL
18,75,8,306.70833149868264,167.14061232235906,7.836423248121745,100.0,3.1507246528852892,3.1576613320676725,21.211313246983085,0.7878868675301692,53.12542246202693,true,false,NORMAL
18,75,9,488.1936679333251,172.1906403750649,3.166573545176757,100.0,3.4476175209321314,29.972070131369193,28.90442190878491,0.7109557809121508,47.008329337209354,true,false,NORMAL
18,75,10,402.6598483448415,750.0362072603948,2.976833909045558,100.0,17.989153179268683,19.81373811667512,13.198518311218763,0.8680148168878123,59.509063442136835,true,false,NORMAL
18,76,1,629.2148598198465,674.299825424333,8.910632543489616,100.0,2.863134903035011,11.37676034271908,5.407187264610269,0.9459281273538973,65.7305940693986,true,false,NORMAL
18,76,2,949.674342519836,764.2319847002988,1.754116212705998,100.0,13.9988199553314,28.586990447937833,22.017938055351088,0.7798206194464892,52.47354858320472,true,false,NORMAL
18,76,3,918.4242485483715,597.4846499859708,4.4005228000598855,100.0,26.79368075183376,4.895444784794084,11.155839536520393,0.888441604634796,61.14425816964427,true,false,NORMAL
18,76,4,286.333061661438,592.9347084095699,4.634219109175588,100.0,0.0,2.6929919350619085,18.09284832510416,0.8190715167489584,55.60304515787244,true,false,NORMAL
18,76,5,410.57489963711436,162.08283116601254,6.028259194061971,100.0,24.154565660588833,24.121139009127067,31.42054342791302,0.6857945657208697,45.00328215883212,true,false,NORMAL
18,76,6,500.1659170083459,37.29427940909698,4.951566524130769,100.0,15.2778515306241,10.316113471095257,20.98964278010446,0.7901035721989554,53.29761398545969,true,false,NORMAL
18,76,7,24.51922493826231,426.2290938562104,9.233211148700489,100.0,0.0,4.567047290712694,0.0,0.0,0.0,false,false,NORMAL
18,76,8,300.6132422993715,162.21522736520657,7.836423248121745,100.0,3.2005770232388806,5.258936900706914,20.646009933094362,0.7935399006690563,53.57578075380348,true,false,NORMAL
18,76,9,488.6944786687113,175.31736016173195,3.166573545176757,100.0,6.018577854833208,28.51867486107086,27.844653445304445,0.7215534655469554,47.848818596832075,true,false,NORMAL
18,76,10,402.47392162948296,747.0651853186113,2.976833909045558,100.0,13.065417474297547,18.518703735017823,14.306740918317502,0.856932590816825,58.62463277029292,true,false,NORMAL
18,77,1,621.6217866577721,669.636713557727,8.910632543489616,100.0,7.7362318394557255,12.66305579132822,10.992848995483378,0.8900715100451662,61.26919609836397,true,false,NORMAL
18,77,2,949.174714079548,762.550528453668,1.754116212705998,100.0,16.44497530276567,27.098579312872893,21.63152317757959,0.7836847682242041,52.78151397781764,true,false,NORMAL
18,77,3,919.4219717304887,593.1987254222724,4.4005228000598855,100.0,31.021215683852077,5.201092425399297,21.63152317757959,0.7836847682242041,52.78151397781764,true,false,NORMAL
18,77,4,288.7658472154113,588.9904035024631,4.634219109175588,100.0,0.0,3.8086898016816013,17.81673337402176,0.8218326662597824,55.82328744909779,true,false,NORMAL
18,77,5,416.5652921843444,162.75744664232724,6.028259194061971,100.0,19.16193882608751,25.003727883986343,31.643999997249466,0.6835600000275054,44.82604323868686,true,false,NORMAL
18,77,6,499.7443705109515,42.227869338694596,4.951566524130769,100.0,13.381342093983294,13.287028215393871,22.038148763741955,0.7796185123625805,52.462211562830625,true,false,NORMAL
18,77,7,24.51922493826231,426.2290938562104,9.233211148700489,100.0,0.0,4.567047290712694,0.0,0.0,0.0,false,false,NORMAL
18,77,8,300.8059078574618,154.38117290366313,7.836423248121745,100.0,5.910828099081412,5.3554753945614975,20.488455513324713,0.7951154448667529,53.69962701412704,true,false,NORMAL
18,77,9,491.77547762637874,176.0485464853634,3.166573545176757,100.0,10.579311798628378,31.389814054090145,28.05684352036991,0.7194315647963009,47.68204688982025,true,false,NORMAL
18,77,10,399.9931362696193,748.7105558301769,2.976833909045558,100.0,14.597750949543466,18.272474479960096,14.404791184752568,0.8559520881524743,58.546241773730884,true,false,NORMAL
18,78,1,629.901693041524,672.929512154878,8.910632543489616,100.0,4.460941511431014,10.206070515432865,5.34319183987876,0.9465680816012124,65.78155357355129,true,false,NORMAL
18,78,2,950.7852696965501,763.2455351386869,1.754116212705998,100.0,15.889567951554406,24.586428191443552,21.27501952423546,0.7872498047576454,53.06566755290528,true,false,NORMAL
18,78,3,915.0320490253021,592.8934721563869,4.4005228000598855,100.0,35.44660489739019,7.613426234188895,11.042438263326213,0.889575617366738,61.2341307153586,true,false,NORMAL
18,78,4,287.98292134562007,593.5580083271234,4.634219109175588,100.0,0.0,2.362555480631525,18.836610795928404,0.811633892040716,55.00984076128499,true,false,NORMAL
18,78,5,416.56166777117255,156.72918853783122,6.028259194061971,100.0,15.102190198498022,27.069781112097928,32.02958567718128,0.6797041432281872,44.5179670051918,true,false,NORMAL
18,78,6,499.8544109113907,47.17821297860119,4.951566524130769,100.0,13.981305095784089,13.424993296352051,22.568094534854623,0.7743190546514538,52.04079793321109,true,false,NORMAL
18,78,7,24.51922493826231,426.2290938562104,9.233211148700489,100.0,0.0,4.567047290712694,0.0,0.0,0.0,false,false,NORMAL
18,78,8,301.1276485465839,162.2109884987245,7.836423248121745,100.0,3.9021084307927207,2.933543632268421,20.47504449087081,0.7952495550912918,53.71048744535796,true,false,NORMAL
18,78,9,492.07074595414554,179.2013237739823,3.166573545176757,100.0,15.041314409204329,32.883662881379315,28.04647137923588,0.7195352862076412,47.68896379296683,true,false,NORMAL
18,78,10,399.1746151668636,745.8484651037346,2.976833909045558,100.0,15.203921586611571,19.9733569287042,14.35656873663448,0.8564343126336552,58.585177015287826,true,false,NORMAL
18,79,1,622.150153998691,677.3241696833475,8.910632543489616,100.0,5.1810839036613725,13.101781448928955,11.343525306565667,0.8865647469343434,60.98922219097076,true,false,NORMAL
18,79,2,949.948534444371,761.7038484631789,1.754116212705998,100.0,14.16671720375442,24.53322465609882,20.82088306972632,0.7917911693027369,53.42767586794512,true,false,NORMAL
18,79,3,913.7117156163453,588.6956964831238,4.4005228000598855,100.0,39.74309108688462,5.875701286042245,20.82088306972632,0.7917911693027369,53.42767586794512,true,false,NORMAL
18,79,4,284.9098484535716,597.0267559039881,4.634219109175588,100.0,0.2668402828576688,2.1537715197521035,18.520709351368204,0.814792906486318,55.2617849074686,true,false,NORMAL
18,79,5,414.149922026988,151.20439067942948,6.028259194061971,100.0,15.09912242951749,29.42912445893531,32.04739986919026,0.6795260013080974,44.501905237246355,true,false,NORMAL
18,79,6,495.024239559135,46.08850854585741,4.951566524130769,100.0,11.120420860197616,15.05216637608017,23.22089029178572,0.7677910970821428,51.52095462083276,true,false,NORMAL
18,79,7,24.51922493826231,426.2290938562104,9.233211148700489,100.0,0.0,4.567047290712694,0.0,0.0,0.0,false,false,NORMAL
18,79,8,297.97094290070345,155.03848971594527,7.836423248121745,100.0,7.949743528312136,0.6620453677062139,20.43715991561174,0.7956284008438826,53.74039047200123,true,false,NORMAL
18,79,9,492.95927692491733,176.16196516878404,3.166573545176757,100.0,12.675202403137416,30.567793412140933,27.695012034136255,0.7230498796586374,47.967257113733716,true,false,NORMAL
18,79,10,400.1125961296587,748.6736609970272,2.976833909045558,100.0,18.867474157890033,18.890717315771624,14.932117328966935,0.8506788267103307,58.12550354921968,true,false,NORMAL
18,80,1,625.3615876393027,685.6359725140843,8.910632543489616,100.0,5.039402723149455,15.997412851643615,11.692044449692496,0.883079555503075,60.7109806043871,true,false,NORMAL
18,80,2,951.4785810005911,760.8460132671901,1.754116212705998,100.0,16.894710754713632,24.735165234271452,20.441120168466053,0.7955887983153395,53.73042805017227,true,false,NORMAL
18,80,3,916.4856617854309,585.2795841364845,4.4005228000598855,100.0,43.17602302834492,4.535032982577388,20.441120168466053,0.7955887983153395,53.73042805017227,true,false,NORMAL
18,80,4,288.6307255138537,594.2643184559878,4.634219109175588,100.0,4.751192140880808,1.9483293691670385,18.528969273824647,0.8147103072617535,55.25519709333321,true,false,NORMAL
18,80,5,408.2197878704295,150.12114657212464,6.028259194061971,100.0,19.808758476738056,30.008571362177502,31.826453141382903,0.681735468586171,44.676061939420116,true,false,NORMAL
18,80,6,495.75147187867435,50.9863799402807,4.951566524130769,100.0,13.896397010677159,15.572945323781916,23.315643336931814,0.766843566630682,51.44607219155506,true,false,NORMAL
18,80,7,24.51922493826231,426.2290938562104,9.233211148700489,100.0,0.0,4.567047290712694,0.0,0.0,0.0,false,false,NORMAL
18,80,8,291.4617382492079,150.67502960627866,7.836423248121745,100.0,3.419419029293909,3.277667306160862,20.045935586360173,0.7995406441363982,54.05243067959943,true,false,NORMAL
18,80,9,490.1040216290968,177.53116391721395,3.166573545176757,100.0,14.492593975504116,32.69456639621137,27.433506618972967,0.7256649338102704,48.174418991026016,true,false,NORMAL
18,80,10,402.47984334291993,746.868756358729,2.976833909045558,100.0,15.4805196425893,19.474437043261204,15.110506861758571,0.8488949313824143,57.983088848860156,true,false,NORMAL
18,81,1,619.039887886027,679.3562046398289,8.910632543489616,100.0,5.779254691314874,17.741016981867613,12.59845878886906,0.8740154121113094,59.98739025592077,true,false,NORMAL
18,81,2,952.2496832498543,759.2704736742699,1.754116212705998,100.0,19.16163608520127,26.39817441751193,21.35480676628174,0.7864519323371826,53.00207041844928,true,false,NORMAL
18,81,3,918.9918759811507,588.8966950442422,4.4005228000598855,100.0,46.402495194350195,7.122784084266408,21.35480676628174,0.7864519323371826,53.00207041844928,true,false,NORMAL
18,81,4,292.7722713364774,592.1849952605811,4.634219109175588,100.0,1.220383182534131,1.4090460606139998,19.036206244376224,0.8096379375562377,54.850663266739566,true,false,NORMAL
18,81,5,412.4297079842624,154.43582866307156,6.028259194061971,100.0,24.24570827936899,32.7259444229599,31.507814082801655,0.6849218591719834,44.9324392508922,true,false,NORMAL
18,81,6,500.5008315806467,49.58581096155337,4.951566524130769,100.0,18.020493077152466,15.841835783316235,22.716647141697734,0.7728335285830227,51.92351605928377,true,false,NORMAL
18,81,7,24.51922493826231,426.2290938562104,9.233211148700489,100.0,0.0,4.567047290712694,0.0,0.0,0.0,false,false,NORMAL
18,81,8,286.88031407870204,144.31735063564733,7.836423248121745,100.0,0.5385763606509393,0.8692423167940531,19.004356707161854,0.8099564329283814,54.88166643950078,true,false,NORMAL
18,81,9,487.90507663073384,175.25260540113678,3.166573545176757,100.0,14.77330828338085,34.114575227725624,27.757046231225996,0.72242953768774,47.921161192081776,true,false,NORMAL
18,81,10,402.7325431639788,743.9026675329384,2.976833909045558,100.0,11.795164065467704,21.76959716321933,15.817332516622642,0.8418266748337735,57.41902676133017,true,false,NORMAL
18,82,1,627.9394104092787,678.9113775012326,8.910632543489616,100.0,2.730015004486898,18.847769543794083,10.916911470070229,0.8908308852992977,61.32982462006144,true,false,NORMAL
18,82,2,950.7140990604624,760.1183562634104,1.754116212705998,100.0,16.548999162900802,25.992266671085417,21.46559321722651,0.7853440678277349,52.91376639289379,true,false,NORMAL
18,82,3,915.073606387405,590.8996339610778,4.4005228000598855,100.0,51.063411582767195,7.800625872139697,21.46559321722651,0.7853440678277349,52.91376639289379,true,false,NORMAL
18,82,4,294.0265965411286,596.6462344418877,4.634219109175588,100.0,0.0,0.0,20.26314603094096,0.7973685396905904,53.87232046525913,true,false,NORMAL
18,82,5,416.1065882295414,159.21290523485368,6.028259194061971,100.0,20.971519410378832,33.9817676221635,31.48333338607425,0.6851666661392576,44.95650476488407,true,false,NORMAL
18,82,6,498.9808355567776,54.29830744752709,4.951566524130769,100.0,21.5475652375907,16.358615834115387,23.042689230592412,0.7695731076940758,51.664997470596894,true,false,NORMAL
18,82,7,24.51922493826231,426.2290938562104,9.233211148700489,100.0,0.0,4.567047290712694,0.0,0.0,0.0,false,false,NORMAL
18,82,8,279.39743416045394,141.99011247577147,7.836423248121745,100.0,0.0,0.0,17.92426621058048,0.8207573378941951,55.741594991556916,true,false,NORMAL
18,82,9,484.8281873923938,174.50431359174655,3.166573545176757,100.0,16.2157564058222,32.36270318443318,28.259379178710674,0.7174062082128932,47.52741865394032,true,false,NORMAL
18,82,10,400.69689471538345,741.7306464658733,2.976833909045558,100.0,16.72896088258235,24.66970973650426,15.590028750505594,0.8440997124949441,57.60107254266028,true,false,NORMAL
18,83,1,619.031158323514,678.7054233763313,8.910632543489616,100.0,4.943753028657592,19.664252953388853,12.163685273997643,0.8783631472600235,60.334460829341516,true,false,NORMAL
18,83,2,949.2650746005003,759.1297957937833,1.754116212705998,100.0,14.258628018438134,26.138116971375336,22.360316887677804,0.7763968311232219,52.200705346113246,true,false,NORMAL
18,83,3,917.5437043596139,594.5415039370018,4.4005228000598855,100.0,52.90603013735374,9.186083370928168,22.360316887677804,0.7763968311232219,52.200705346113246,true,false,NORMAL
18,83,4,294.9486241128515,601.1878037641409,4.634219109175588,100.0,0.0,2.175281870794815,20.59310146308731,0.794068985369127,53.60926331065339,true,false,NORMAL
18,83,5,410.0899678236305,159.58732185036325,6.028259194061971,100.0,19.781457397494496,36.20623272220471,31.001461779965286,0.6899853822003471,45.33483058313808,true,false,NORMAL
18,83,6,498.38843313394943,59.21430891338527,4.951566524130769,100.0,22.737411932676856,13.54286514886374,23.139998658846284,0.768600013411537,51.58916774943204,true,false,NORMAL
18,83,7,24.51922493826231,426.2290938562104,9.233211148700489,100.0,0.0,4.567047290712694,0.0,0.0,0.0,false,false,NORMAL
18,83,8,272.79283054499325,146.20778249680754,7.836423248121745,100.0,0.0,1.0100616825800737,17.151020017925024,0.8284897998207498,56.358770295193786,true,false,NORMAL
18,83,9,487.4775633146865,172.7699562930941,3.166573545176757,100.0,21.10151343399459,31.67447933948143,27.714340225340024,0.7228565977465996,47.957874949477535,true,false,NORMAL
18,83,10,400.44964006965864,744.6971941668569,2.976833909045558,100.0,16.510802721810688,26.347914078908968,16.378393368542476,0.8362160663145752,56.97186206999746,true,false,NORMAL
18,84,1,627.2879678878866,675.3551296365554,8.910632543489616,100.0,6.159537371733036,18.290265540648257,10.974462963115633,0.8902553703688436,61.28387546443871,true,false,NORMAL
18,84,2,948.0200987584976,757.894094033443,1.754116212705998,100.0,15.556249107990478,23.2928844729014,21.874942375852,0.78125057624148,52.58750984958434,true,false,NORMAL
18,84,3,915.960056766219,590.435817488455,4.4005228000598855,100.0,57.17181425836599,11.908743522982078,21.874942375852,0.78125057624148,52.58750984958434,true,false,NORMAL
18,84,4,292.80752695013285,597.0778536803022,4.634219109175588,100.0,0.0,3.6446643749359797,19.345913111916175,0.8065408688808382,54.603684314724994,true,false,NORMAL
18,84,5,415.77711278787876,157.58824929879884,6.028259194061971,100.0,20.53130898293809,34.9313523923577,31.487430293455287,0.6851256970654472,44.953427430657804,true,false,NORMAL
18,84,6,501.85724511769575,55.68084680600245,4.951566524130769,100.0,25.679075228471422,10.665762336693131,22.78732188321344,0.7721267811678655,51.869688807489304,true,false,NORMAL
18,84,7,24.51922493826231,426.2290938562104,9.233211148700489,100.0,0.0,4.567047290712694,0.0,0.0,0.0,false,false,NORMAL
18,84,8,277.59922442061537,152.39713684407874,7.836423248121745,100.0,0.0,2.194654625676347,17.478629635953546,0.8252137036404644,56.09734375505705,true,false,NORMAL
18,84,9,484.31857591546117,172.55089778823995,3.166573545176757,100.0,18.509913803777962,29.805972393492127,28.452054675687663,0.7154794532431233,47.37453645313093,true,false,NORMAL
18,84,10,402.8568542098493,746.4484394967035,2.976833909045558,100.0,11.749299403586816,27.622766845027193,15.160188037515905,0.8483981196248409,57.94377988958185,true,false,NORMAL
18,85,1,619.532820886867,670.9668421211717,8.910632543489616,100.0,4.067777596848353,20.20099423500853,11.862692549847248,0.8813730745015276,60.574746787413424,true,false,NORMAL
18,85,2,949.7655553491702,758.0681772829413,1.754116212705998,100.0,19.07911041316093,23.05326448569946,21.287044258060224,0.7871295574193977,53.05608275001353,true,false,NORMAL
18,85,3,912.179108298679,588.1843669338895,4.4005228000598855,100.0,61.188016517327384,9.999254956806169,21.287044258060224,0.7871295574193977,53.05608275001353,true,false,NORMAL
18,85,4,293.509147917014,601.6586521664485,4.634219109175588,100.0,0.0,2.1327150416828617,20.53247568010776,0.7946752431989224,53.657595777027254,true,false,NORMAL
18,85,5,412.5075662233037,152.52366894373804,6.028259194061971,100.0,21.19141743966317,32.39858908563652,31.316300580763393,0.6868369941923661,45.08656993908196,true,false,NORMAL
18,85,6,499.0180071260034,59.73753741158517,4.951566524130769,100.0,21.14731300510562,11.277302477132533,23.408575836886495,0.7659142416311351,51.37713107745134,true,false,NORMAL
18,85,7,24.51922493826231,426.2290938562104,9.233211148700489,100.0,0.0,4.567047290712694,0.0,0.0,0.0,false,false,NORMAL
18,85,8,269.7629456781522,152.44472669722762,7.836423248121745,100.0,0.0,3.7967206101956443,16.561761114922472,0.8343823888507753,56.8284983006449,true,false,NORMAL
18,85,9,485.6054536604764,169.6576066369042,3.166573545176757,100.0,21.377535574281744,32.21006969710015,28.092504929687077,0.7190749507031292,47.65945128500795,true,false,NORMAL
18,85,10,401.28171337898107,743.9224799790201,2.976833909045558,100.0,13.751263328876865,28.687317926849573,16.197584114977502,0.838024158850225,57.116171282220336,true,false,NORMAL
18,86,1,626.6741096307534,676.2961354515802,8.910632543489616,100.0,8.74478324124365,17.550318432635546,5.722612148352934,0.9427738785164707,65.47858158684156,true,false,NORMAL
18,86,2,951.4407628783596,758.5883728440768,1.754116212705998,100.0,18.01479247691347,23.05180877638795,20.654434541694744,0.7934556545830526,53.560367653197986,true,false,NORMAL
18,86,3,908.2728491796615,586.158104214265,4.4005228000598855,100.0,61.18334709215683,10.220336093562807,10.77204133853005,0.8922795866146995,61.44960490398897,true,false,NORMAL
18,86,4,295.06239291781026,597.2924848861729,4.634219109175588,100.0,0.0,0.6852860332190203,20.007187641665436,0.7999281235833456,54.07639674048561,true,false,NORMAL
18,86,5,408.48808311568536,148.0310456056021,6.028259194061971,100.0,16.854783175622714,31.471213006871615,31.780355508543153,0.6821964449145684,44.71501235119727,true,false,NORMAL
18,86,6,496.64951724443176,64.08590109506258,4.951566524130769,100.0,19.567637328740187,14.046876098694849,24.347853910355195,0.756521460896448,50.62879575430565,true,false,NORMAL
18,86,7,24.51922493826231,426.2290938562104,9.233211148700489,100.0,0.0,4.567047290712694,0.0,0.0,0.0,false,false,NORMAL
18,86,8,274.02936567064603,145.87150908548284,7.836423248121745,100.0,0.0,4.248282238126677,17.825914579159523,0.8217408542084049,55.82060233438043,true,false,NORMAL
18,86,9,484.6986228208216,172.6915555233003,3.166573545176757,100.0,16.994099705218275,31.981240943793875,28.116332470383636,0.7188366752961638,47.63736584278204,true,false,NORMAL
18,86,10,399.20991021972026,746.0600420930464,2.976833909045558,100.0,10.606039658511474,28.428525428043322,15.281381901502975,0.8471861809849703,57.84735887969439,true,false,NORMAL
18,87,1,626.2935478810911,667.3936332707442,8.910632543489616,100.0,12.195208133489636,16.049631528561648,6.292955058376726,0.9370704494162327,65.02291876778571,true,false,NORMAL
18,87,2,950.5425839627966,757.0816551122783,1.754116212705998,100.0,15.493507696602402,25.352192225374864,20.736198966372854,0.7926380103362715,53.49518489414448,true,false,NORMAL
18,87,3,903.87321477027,586.0696848863702,4.4005228000598855,100.0,66.14587252407188,13.113775406452227,11.350283239565432,0.8864971676043456,60.987685467082855,true,false,NORMAL
18,87,4,293.93033538570336,601.7863064776303,4.634219109175588,100.0,0.0,2.718005414713522,20.533362636775447,0.7946663736322455,53.65688866705508,true,false,NORMAL
18,87,5,414.51433165038577,147.87536160252492,6.028259194061971,100.0,14.491751225149056,32.65520787003831,32.24636805615756,0.6775363194384244,44.346204150299855,true,false,NORMAL
18,87,6,492.59254460928827,61.24706610856031,4.951566524130769,100.0,16.481807300131358,12.209849028081749,25.10021913323098,0.7489978086676903,50.028787250856645,true,false,NORMAL
18,87,7,24.51922493826231,426.2290938562104,9.233211148700489,100.0,0.0,4.567047290712694,0.0,0.0,0.0,false,false,NORMAL
18,87,8,280.4979000500544,141.4479819513833,7.836423248121745,100.0,0.10049884915717011,6.221662411414366,18.57575029604686,0.8142424970395314,55.22207706616336,true,false,NORMAL
18,87,9,487.8597944839296,172.50667249710162,3.166573545176757,100.0,17.231332311254768,34.31312478469495,28.306434035445477,0.7169356596455452,47.486884925539385,true,false,NORMAL
18,87,10,401.5196783739828,744.1821413513675,2.976833909045558,100.0,7.57819805367501,27.38167713245059,15.577452620385445,0.8442254737961455,57.61127008130265,true,false,NORMAL
18,88,1,620.0894141661769,660.9976894645057,8.910632543489616,100.0,12.505012169169104,16.6921871784192,6.244089438308856,0.9375591056169115,65.06227650927126,true,false,NORMAL
18,88,2,952.0620446531661,756.2052060846106,1.754116212705998,100.0,18.912413080618922,24.82371846011293,21.3804509700436,0.786195490299564,52.981630099726864,true,false,NORMAL
18,88,3,907.47553964242,588.5971057910349,4.4005228000598855,100.0,65.46472339656772,14.114121805426022,11.077155173065755,0.8892284482693424,61.20649276893985,true,false,NORMAL
18,88,4,298.4180678761748,600.630346337394,4.634219109175588,100.0,0.0,4.435974252380623,20.832362662226835,0.7916763733777317,53.41852459438488,true,false,NORMAL
18,88,5,410.655842599137,152.5069888707953,6.028259194061971,100.0,14.352379269366837,35.63994037239052,32.02123575636281,0.6797876424363718,44.52354572063408,true,false,NORMAL
18,88,6,494.35234555439905,65.87536079197014,4.951566524130769,100.0,17.109186183120805,11.241738684619174,25.452769208241858,0.7454723079175815,49.74885579048311,true,false,NORMAL
18,88,7,24.51922493826231,426.2290938562104,9.233211148700489,100.0,0.0,4.567047290712694,0.0,0.0,0.0,false,false,NORMAL
18,88,8,280.5769016938003,133.61195693457864,7.836423248121745,100.0,4.703216782219618,7.797255695862473,18.769138938907478,0.8123086106109252,55.06817088390839,true,false,NORMAL
18,88,9,488.97223154795114,169.54193443184113,3.166573545176757,100.0,22.138970517414243,36.08332135573936,28.474865487846966,0.7152513451215303,47.35296356860298,true,false,NORMAL
18,88,10,403.8953939872022,742.3883979340558,2.976833909045558,100.0,4.122421964308165,26.709528691260303,16.27334108137832,0.8372665891862168,57.05586108738727,true,false,NORMAL
18,89,1,628.0566288184887,664.9880356912239,8.910632543489616,100.0,8.66378272026283,13.975883394124242,6.494336494827129,0.9350566350517286,64.86215758287125,true,false,NORMAL
18,89,2,951.2675390889727,754.6413376131131,1.754116212705998,100.0,18.31564531105105,24.871103662159065,20.92855647326845,0.7907144352673154,53.34184201830778,true,false,NORMAL
18,89,3,906.3762136927357,584.3361102066441,4.4005228000598855,100.0,64.03458698217501,12.969185136721153,11.402775386734357,0.8859722461326565,60.94591689129807,true,false,NORMAL
18,89,4,297.54020897097365,605.180659567756,4.634219109175588,100.0,0.0,5.103587723559304,20.968381711118276,0.7903161828888172,53.3100951452376,true,false,NORMAL
18,89,5,415.93260274907175,149.5922485340152,6.028259194061971,100.0,16.976873478872157,36.58127583643693,31.761071994467127,0.6823892800553288,44.73280142401247,true,false,NORMAL
18,89,6,494.8998491897635,60.95415658850985,4.951566524130769,100.0,17.517895014583114,14.101882486538234,25.16277756186796,0.7483722243813204,49.98011647352618,true,false,NORMAL
18,89,7,24.51922493826231,426.2290938562104,9.233211148700489,100.0,0.0,4.567047290712694,0.0,0.0,0.0,false,false,NORMAL
18,89,8,275.5311892834303,127.6160987311568,7.836423248121745,100.0,2.3001584938875888,10.53887948541841,17.52315234793477,0.8247684765206523,56.06096376081937,true,false,NORMAL
18,89,9,489.99450355793107,166.54491124964434,3.166573545176757,100.0,25.496333425548727,38.01766941386117,28.246056593727328,0.7175394340627267,47.53780162272227,true,false,NORMAL
18,89,10,406.8068715184862,743.008751629033,2.976833909045558,100.0,3.172203097665304,27.685495295056153,16.040030200286136,0.8395996979971386,57.242209273345864,true,false,NORMAL
