simulation_id,timestamp,source_node_id,destination_node_id,rssi,packet_loss,latency,throughput,link_quality,node_distance,mobility_speed,link_active
34,0,2,5,27.546864617183132,0.7245313538281687,48.071287205591915,7.58829750237416,0.2754686461718313,136.8943902836696,8.842578771372597,true
34,0,4,10,0.6838649818274867,0.9931613501817251,69.50325983167184,0.004676713133699086,0.006838649818274867,296.9038464517116,5.06664745080821,true
34,0,4,5,4.79006933385488,0.9520993066614512,66.22281782048564,0.22944764223136957,0.047900693338548794,272.3570497482617,7.787550415281126,true
34,0,3,4,21.186194797129588,0.7881380520287041,53.136469785707874,4.488548499819208,0.21186194797129587,174.5913436854533,7.401116073765446,true
34,0,2,6,0.8664754696824928,0.9913352453031751,69.3573566835426,0.0075077973956149645,0.008664754696824928,295.8118883676771,8.01495558673124,true
34,0,1,5,3.4773434532280434,0.9652265654677196,67.27146752560873,0.12091917491707933,0.034773434532280434,280.2027850444551,6.885534069805626,true
34,0,6,9,39.68769509799383,0.6031230490200616,38.47262879330471,15.751131421913238,0.3968769509799383,66.32952684603255,4.466288667405243,true
34,1,6,9,41.0870980313846,0.589129019686154,37.38234654818253,16.88149624640608,0.410870980313846,58.51791127749656,4.466288667405243,true
34,1,4,5,2.561729756767112,0.9743827024323288,68.00294005440696,0.065624593467061,0.025617297567671116,285.6760986558105,7.787550415281126,true
34,1,3,4,21.270630516183648,0.7872936948381635,53.06916599722665,4.5243972255600315,0.21270630516183647,174.0896251063696,7.401116073765446,true
34,1,2,5,29.901449814449023,0.7009855018555098,46.19979769478643,8.940967010060135,0.2990144981444902,123.0104520402189,8.842578771372597,true
34,1,1,5,5.07675918724308,0.9492324081275691,65.99381201550267,0.25773483845257045,0.050767591872430795,270.64383218248435,6.885534069805626,true
34,2,4,5,1.525639023386971,0.9847436097661303,68.83070595584736,0.023275744296811507,0.01525639023386971,291.8705093508169,7.787550415281126,true
34,2,1,5,7.362806604477068,0.9263719339552293,64.16789740315225,0.5421092109493113,0.07362806604477068,256.9860141078157,6.885534069805626,true
34,2,2,5,28.180953399902307,0.7181904660009769,47.56705193504466,7.941661345274655,0.2818095339990231,133.1505726999162,8.842578771372597,true
34,2,2,6,1.773758135398823,0.9822624186460118,68.63247142136373,0.031462179228934996,0.01773758135398823,290.387009781263,8.01495558673124,true
34,2,3,4,23.10488968184555,0.7689511031815446,51.60744152864199,5.338359272102528,0.23104889681845547,163.19772739129527,7.401116073765446,true
34,2,6,9,39.810634887635224,0.6018936511236478,38.37658848122817,15.848866501565988,0.3981063488763522,65.63811850091562,4.466288667405243,true
34,3,6,9,40.11344041205248,0.5988655958794751,38.14023341500841,16.090881016912856,0.40113440412052487,63.939072420693016,4.466288667405243,true
34,3,2,5,29.376836894401542,0.7062316310559846,46.61654840919002,8.629985459202715,0.2937683689440154,126.09933712781569,8.842578771372597,true
34,3,1,5,9.244386776557212,0.9075561322344279,62.665280978612145,0.8545868687458584,0.09244386776557212,245.7494873378149,6.885534069805626,true
34,3,2,6,2.3322588340981554,0.9766774116590184,68.18626759773937,0.05439431269228887,0.023322588340981554,287.0479402957692,8.01495558673124,true
34,3,3,4,22.240436824345185,0.7775956317565482,52.296235444276526,4.946370301376891,0.22240436824345183,168.32907712898236,7.401116073765446,true
34,3,4,5,1.5709678222522838,0.9842903217774772,68.79449035731224,0.024679398985520747,0.015709678222522838,291.5994853687674,7.787550415281126,true
34,4,4,5,1.0718186177447464,0.9892818138225525,69.19329209675558,0.011487951493442589,0.010718186177447464,294.5840281125591,7.787550415281126,true
34,4,4,10,0.5573080781229811,0.9944269192187702,69.60437776589649,0.003105922939411277,0.005573080781229811,297.66063609915943,5.06664745080821,true
34,4,6,9,39.66358391378853,0.6033641608621148,38.49146961460903,15.73199888886144,0.39663583913788525,66.46523143006581,4.466288667405243,true
34,4,1,5,8.769865109835306,0.9123013489016469,63.0442082038504,0.7691053404470664,0.08769865109835306,248.58281517536108,6.885534069805626,true
34,4,2,5,30.60124433169896,0.6939875566830104,45.64411428813165,9.364361546483378,0.3060124433169896,118.8947290796226,8.842578771372597,true
34,4,2,6,2.9217270686615784,0.9707827293133842,67.7153379694764,0.08536489063749796,0.02921727068661578,283.5240300761438,8.01495558673124,true
34,4,3,4,20.70565643996255,0.7929434356003745,53.51953331140446,4.287242086097626,0.2070565643996255,177.44723062771462,7.401116073765446,true
34,4,3,7,1.7948553443852988,0.982051446556147,68.61561594790419,0.032215057072684794,0.017948553443852988,290.26087240193687,8.004190895004067,true
34,5,3,4,21.956651082367358,0.7804334891763265,52.522391080737265,4.820945267528235,0.21956651082367357,170.01433243841882,7.401116073765446,true
34,5,1,5,8.15880097884904,0.9184119902115095,63.53219346520636,0.6656603341246811,0.0815880097884904,252.23187909261767,6.885534069805626,true
34,5,2,5,30.20934330467604,0.6979065669532396,45.955275998789084,9.12604422899775,0.3020934330467604,121.19895302254209,8.842578771372597,true
34,5,2,6,2.9904491348672124,0.9700955086513279,67.6604365453962,0.08942786028228059,0.029904491348672124,283.11322225659615,8.01495558673124,true
34,5,3,7,0.6389306708558529,0.9936106932914415,69.53916190587779,0.004082324021603102,0.006389306708558529,297.17254482611423,8.004190895004067,true
34,5,4,5,2.1124207767243277,0.9788757922327567,68.36190151789259,0.044623215379366234,0.021124207767243275,288.36223812509496,7.787550415281126,true
34,5,6,9,39.89015065122179,0.6010984934877821,38.31449499899616,15.9122411897717,0.3989015065122179,65.1914064921411,4.466288667405243,true
34,6,3,4,20.257883627563487,0.7974211637243651,53.87651607708935,4.103818490679048,0.2025788362756349,180.10915781742182,7.401116073765446,true
34,6,2,6,4.858900969472063,0.9514109903052794,66.16783520738628,0.23608918631136527,0.04858900969472063,271.94571384244597,8.01495558673124,true
34,6,6,9,40.1890760281279,0.598109239718721,38.081241144650015,16.151618319946447,0.401890760281279,63.51558317427928,4.466288667405243,true
34,6,4,5,4.509861049797658,0.9549013895020234,66.44665034421195,0.2033884668848204,0.04509861049797659,274.03161738221564,7.787550415281126,true
34,6,2,5,28.41525569187177,0.7158474430812822,47.38077443871197,8.074267560344513,0.2841525569187177,131.76804569295706,8.842578771372597,true
34,6,3,7,1.6837559773308475,0.9831624402266915,68.70437825686689,0.028350341911973574,0.016837559773308475,290.92512491064616,8.004190895004067,true
34,6,1,5,7.982455725526999,0.92017544274473,63.6730243391068,0.6371959940999882,0.07982455725526999,253.28504403740615,6.885534069805626,true
34,7,3,4,20.89584524892568,0.7910415475107432,53.36791814665945,4.3663634866705,0.20895845248925682,176.31681542244579,7.401116073765446,true
34,7,6,9,40.22226628757018,0.5977773371242983,38.05536015871356,16.178307053082044,0.4022226628757018,63.329866049972985,4.466288667405243,true
34,7,1,5,8.102382599542574,0.9189761740045743,63.577249459618244,0.6564860378937023,0.08102382599542574,252.56881518779053,6.885534069805626,true
34,7,2,5,29.660777634761903,0.703392223652381,46.39096921454552,8.79761729898792,0.29660777634761903,124.42716063852943,8.842578771372597,true
34,7,2,6,4.236007739511577,0.9576399226048842,66.66541035881046,0.17943761569202005,0.04236007739511577,275.66828457132505,8.01495558673124,true
34,7,4,5,3.078270257867455,0.9692172974213255,67.59027738146574,0.09475747780471366,0.030782702578674548,282.5882502079895,7.787550415281126,true
34,8,2,5,31.322555844058147,0.6867744415594186,45.071647470018135,9.81102504604141,0.3132255584405815,114.65850784094407,8.842578771372597,true
34,8,1,5,5.8906946465285825,0.9410930535347142,65.34367031234603,0.34700283418640504,0.058906946465285825,265.78035271220665,6.885534069805626,true
34,8,6,9,40.96940394346092,0.5903059605653909,37.47377261870541,16.784920594824708,0.4096940394346092,59.16949180871725,4.466288667405243,true
34,8,4,5,2.543476082413049,0.9745652391758695,68.01752308428264,0.06469270581807245,0.025434760824130487,285.7852225097834,7.787550415281126,true
34,8,3,4,21.56006280245686,0.7843993719754314,52.83846990420213,4.6483630804588385,0.21560062802456859,172.3700261086111,7.401116073765446,true
34,8,2,6,1.726777301946092,0.9827322269805391,68.67000651182911,0.029817598505162246,0.01726777301946092,290.6679032560431,8.01495558673124,true
34,9,4,5,4.50473264914053,0.9549526735085947,66.45074698769912,0.2029261624023266,0.045047326491405304,274.0622662453879,7.787550415281126,true
34,9,1,5,5.326256721223999,0.94673743278776,65.79451872689627,0.2836901066038382,0.053262567212239986,269.1529417501654,6.885534069805626,true
34,9,2,5,29.006604541267535,0.7099339545873247,46.91074278595949,8.413831070134824,0.29006604541267533,128.2809011318652,8.842578771372597,true
34,9,2,6,0.8994022886165354,0.9910059771138346,69.33104877437705,0.008089244767686616,0.008994022886165354,295.61499837370627,8.01495558673124,true
34,9,3,4,22.21345552720192,0.7778654447279808,52.317736745386505,4.934376064589775,0.2221345552720192,168.48929017974922,7.401116073765446,true
34,9,6,9,41.91232034795299,0.5808767965204701,36.74295843324379,17.566425969494343,0.4191232034795299,53.98237214440577,4.466288667405243,true
34,10,2,6,3.108038931064189,0.9689196106893581,67.56649565376436,0.09659905997010643,0.031080389310641887,282.41030238592924,8.01495558673124,true
34,10,3,4,24.395247554432213,0.7560475244556779,50.5796211125636,5.951281032420308,0.24395247554432214,155.54489779559395,7.401116073765446,true
34,10,4,5,4.799531703463922,0.9520046829653608,66.21525927833719,0.23035504572555296,0.04799531703463922,272.30050260138285,7.787550415281126,true
34,10,6,9,41.369682411883225,0.5863031758811678,37.16306189589157,17.114506228600803,0.41369682411883224,56.958062036663634,4.466288667405243,true
34,10,1,5,3.5110192211899816,0.9648898077881002,67.24456512203272,0.12327255971565505,0.035110192211899816,280.00149465255413,6.885534069805626,true
34,10,2,5,27.66441316304294,0.7233558683695707,47.9777988293948,7.653197556555433,0.2766441316304294,136.20010821832543,8.842578771372597,true
34,11,1,5,1.3672559198626921,0.9863274408013731,68.95724736165899,0.018693887503995688,0.013672559198626921,292.8175064318065,6.885534069805626,true
34,11,6,9,40.07648402964271,0.599235159703573,38.169064373922396,16.06124572178207,0.40076484029642706,64.14612777487486,4.466288667405243,true
34,11,4,5,5.169071049405111,0.9483092895059488,65.9200748872615,0.2671929551379808,0.051690710494051106,270.09220823928126,7.787550415281126,true
34,11,3,4,26.637416318328572,0.7336258368167143,48.794764765498904,7.095519481159571,0.2663741631832857,142.2694584932637,7.401116073765446,true
34,11,2,6,2.4559291793368354,0.9754407082066316,68.08746532723086,0.06031588133918102,0.024559291793368354,286.3085983379855,8.01495558673124,true
34,11,2,5,29.82509988837655,0.7017490011162345,46.26044091552327,8.895365833516388,0.2982509988837655,123.4598171942309,8.842578771372597,true
34,12,2,5,29.610606317046763,0.7038939368295324,46.43082526730956,8.767880064631296,0.2961060631704676,124.72256851665882,8.842578771372597,true
34,12,6,9,38.79309480390277,0.6120690519609724,39.17274687558695,15.049042044645876,0.38793094803902767,71.38588555076663,4.466288667405243,true
34,12,4,5,4.864474888104309,0.9513552511189569,66.16338277993947,0.23663115936997428,0.04864474888104309,271.91240447983256,7.787550415281126,true
34,12,3,4,25.585716435895655,0.7441428356410434,49.6317663391429,6.5462888553806104,0.25585716435895656,148.49249114181467,7.401116073765446,true
34,12,2,6,4.217804604063486,0.9578219539593651,66.67995155630283,0.17789875678059158,0.04217804604063485,275.7770771666915,8.01495558673124,true
34,12,1,5,2.9794295170508134,0.9702057048294919,67.66924000152775,0.08877000247073644,0.029794295170508134,283.1790952010633,6.885534069805626,true
34,13,2,5,28.665574787845298,0.713344252121547,47.18178972254246,8.217151779175522,0.286655747878453,130.2915423293022,8.842578771372597,true
34,13,6,9,37.456166548184314,0.6254383345181569,40.222537659698666,14.029644124853215,0.37456166548184316,79.0124186758165,4.466288667405243,true
34,13,4,5,6.182452892424889,0.938175471075751,65.11063351503753,0.38222723767052913,0.06182452892424889,264.03719922499965,7.787550415281126,true
34,13,3,4,24.61323692688957,0.7538676307311043,50.40602700538738,6.058114320192003,0.2461323692688957,154.25290937664326,7.401116073765446,true
34,13,1,5,2.9611363353440554,0.9703886366465595,67.68385424340288,0.08768328396494807,0.029611363353440556,283.2884482214981,6.885534069805626,true
34,13,2,6,4.861369558350809,0.9513863044164919,66.16586330669574,0.23632913982859965,0.04861369558350809,271.93096171742286,8.01495558673124,true
34,14,2,6,3.916861709886965,0.9608313829011303,66.92035595331791,0.1534180565437864,0.03916861709886965,277.5757361652279,8.01495558673124,true
34,14,3,4,23.43048141511574,0.7656951858488426,51.348055715729416,5.489874593440842,0.2343048141511574,161.26592846574587,7.401116073765446,true
34,14,4,5,5.917261443546979,0.9408273855645302,65.32245034850249,0.35013982991287707,0.059172614435469784,265.62162140551965,7.787550415281126,true
34,14,6,9,38.90442978258895,0.6109557021741105,39.08550272660568,15.135546567083939,0.3890442978258895,70.75435235800315,4.466288667405243,true
34,14,1,5,1.4690571267804764,0.9853094287321953,68.87591237785888,0.021581288417445006,0.014690571267804764,292.20881882498236,6.885534069805626,true
34,14,2,5,30.11162639496945,0.6988837360503055,46.03287482731558,9.067100441502207,0.3011162639496945,121.77376049600609,8.842578771372597,true
34,15,2,6,5.311605531129482,0.9468839446887052,65.8062216913259,0.28213153318325307,0.05311605531129482,269.2404891378131,8.01495558673124,true
34,15,3,4,25.491826452518357,0.7450817354748165,49.706506584251564,6.498332158853145,0.25491826452518357,149.04839621021478,7.401116073765446,true
34,15,4,5,7.424975339279016,0.9257502466072098,64.11824622453284,0.5513025878890154,0.07424975339279016,256.6146778834469,7.787550415281126,true
34,15,6,9,38.61033230935393,0.6138966769064607,39.316027386214856,14.907577610387401,0.3861033230935393,72.42387081783642,4.466288667405243,true
34,15,1,5,0.8859658921932301,0.9911403410780677,69.34178419709953,0.007849355621297462,0.0088596589219323,295.69534286392275,6.885534069805626,true
34,15,2,5,28.47752967302208,0.7152247032697792,47.331268738352804,8.109696962778532,0.2847752967302208,131.40067149727693,8.842578771372597,true
34,16,3,4,24.95864441771926,0.7504135558228073,50.13099168095802,6.229339311701489,0.2495864441771926,152.20627779635308,7.401116073765446,true
34,16,2,5,30.14865873165761,0.6985134126834239,46.00346613306941,9.089416233179545,0.30148658731657607,121.55590997796416,8.842578771372597,true
34,16,2,6,4.378561835546963,0.9562143816445303,66.55153455269634,0.1917180374770841,0.043785618355469624,274.8163094093966,8.01495558673124,true
34,16,4,5,9.001209524293635,0.9099879047570636,62.85946716325678,0.810217729002345,0.09001209524293635,247.201438508072,7.787550415281126,true
34,16,6,9,38.62452589454558,0.6137547410545442,39.30489721301107,14.91854000578422,0.3862452589454558,72.34320320567711,4.466288667405243,true
34,17,2,5,32.81508829529231,0.6718491170470768,43.88822717209739,10.768300198278306,0.32815088295292316,105.91542639487085,8.842578771372597,true
34,17,2,6,2.9605044443252737,0.9703949555567473,67.68435905516398,0.08764586564869697,0.029605044443252737,283.29222554653245,8.01495558673124,true
34,17,3,4,24.372648282586614,0.7562735171741339,50.59761860665385,5.940259843066721,0.24372648282586612,155.6788549589432,7.401116073765446,true
34,17,4,5,7.608020892578621,0.9239197910742138,63.97205794683957,0.5788198190191275,0.07608020892578621,255.52136786257753,7.787550415281126,true
34,17,6,9,39.74889978848514,0.6025110021151485,38.42481022350248,15.799750343950343,0.3974889978848514,65.98520235490118,4.466288667405243,true
34,18,2,6,3.1745347347505835,0.9682546526524942,67.51337334587242,0.1007767078213794,0.03174534734750584,282.01281426495444,8.01495558673124,true
34,18,6,9,39.06207798371426,0.6093792201628574,38.96201915185169,15.258459364057744,0.3906207798371426,69.86116287417646,4.466288667405243,true
34,18,4,5,6.002163722674747,0.9399783627732525,65.25463576741471,0.3602596935379278,0.06002163722674747,265.11435257504166,7.787550415281126,true
34,18,2,5,33.62094398575772,0.6637905601424228,43.250002229086384,11.303678744934583,0.3362094398575772,101.20948443930484,8.842578771372597,true
34,18,3,4,23.531581610385132,0.7646841838961487,51.26751849273468,5.537353330862158,0.23531581610385133,160.66618595854493,7.401116073765446,true
34,19,2,5,33.07998538589326,0.6692001461410675,43.67837088663529,10.942854331309114,0.33079985385893257,104.36727159163846,8.842578771372597,true
34,19,2,6,4.38687617442588,0.9561312382557412,66.5448928809826,0.19244682569745444,0.0438687617442588,274.7666193639109,8.01495558673124,true
34,19,3,4,21.92787664092622,0.7807212335907379,52.54532307045589,4.808317739796776,0.2192787664092622,170.18522781837993,7.401116073765446,true
34,19,4,5,6.022812493966062,0.9397718750603394,65.23814289394338,0.36274270337473663,0.06022812493966062,264.99098281852804,7.787550415281126,true
34,19,4,10,0.18714306556382176,0.9981285693443618,69.90014026492756,3.502252698862489E-4,0.0018714306556382176,299.8742359541892,5.06664745080821,true
34,19,6,9,39.83472254378526,0.6016527745621474,38.3577765270246,15.868051201403537,0.3983472254378526,65.50275597834454,4.466288667405243,true
34,20,6,9,40.454856078611435,0.5954514392138857,37.87409528889604,16.365953803411646,0.40454856078611434,62.03046656403506,4.466288667405243,true
34,20,4,5,5.9910414942326735,0.9400895850576733,65.26351947823277,0.3589257818561767,0.05991041494232674,265.1808045069821,7.787550415281126,true
34,20,3,4,22.761851040945004,0.77238148959055,51.88075364157556,5.1810186281016914,0.22761851040945003,165.2335832409612,7.401116073765446,true
34,20,2,6,3.358162254107755,0.9664183774589225,67.36667769052143,0.11277253724914077,0.03358162254107755,280.9151763515061,8.01495558673124,true
34,20,2,5,34.500565400376374,0.6549943459962362,42.55404886885995,11.902890129456477,0.34500565400376376,96.0866313809629,8.842578771372597,true
34,21,2,5,36.96934439551276,0.6303065560448724,40.60566897592475,13.66732425034031,0.3696934439551276,81.80682347362267,8.842578771372597,true
34,21,2,6,2.298236274911175,0.9770176372508883,68.2134488993456,0.05281889975317581,0.02298236274911175,287.2513407360238,8.01495558673124,true
34,21,3,4,22.408045363538864,0.7759195463646114,52.16267232007094,5.021204970144156,0.22408045363538864,167.3339000368073,7.401116073765446,true
34,21,4,5,5.612454672561768,0.9438754532743823,65.56591408178866,0.3149964745156045,0.056124546725617674,267.4428283613908,7.787550415281126,true
34,21,6,9,40.38363003404625,0.5961636996595375,37.929584617063426,16.30837574726722,0.4038363003404625,62.427992681731055,4.466288667405243,true
34,22,4,5,6.685926738879433,0.9331407326112057,64.70850410460037,0.44701616357662965,0.06685926738879433,261.0293494808015,7.787550415281126,true
34,22,3,4,21.8636432304387,0.781363567695613,52.5965149533,4.78018895307908,0.218636432304387,170.56673137038706,7.401116073765446,true
34,22,2,6,2.6632737060349134,0.9733672629396508,67.92181592704972,0.07093026833256956,0.026632737060349132,285.0690556013437,8.01495558673124,true
34,22,1,5,1.315661357377046,0.9868433864262296,68.99846946524039,0.017309648072952037,0.01315661357377046,293.12600287857805,6.885534069805626,true
34,22,2,5,34.898995221945015,0.6510100477805498,42.23907919309049,12.179398675013411,0.3489899522194502,93.77153608125998,8.842578771372597,true
34,22,6,9,40.887337039007996,0.59112662960992,37.53755519477007,16.71774330141435,0.40887337039008,59.624474285481334,4.466288667405243,true
34,23,2,6,1.3603769234828311,0.9863962307651717,68.96274341305798,0.018506253739446126,0.013603769234828311,292.85863749598803,8.01495558673124,true
34,23,4,5,8.944996249000281,0.9105500375099972,62.90435616680773,0.800129578946291,0.08944996249000281,247.53708582615744,7.787550415281126,true
34,23,3,4,20.065723659065338,0.7993427634093466,54.02972481690942,4.026332659619745,0.20065723659065338,181.2517329288418,7.401116073765446,true
34,23,6,9,40.57180089067278,0.5942819910932722,37.78302659863225,16.46071027512397,0.4057180089067278,61.37854087937272,4.466288667405243,true
34,23,2,5,35.4808309749706,0.645191690250294,41.77945370322319,12.588893666744333,0.354808309749706,90.39738381416984,8.842578771372597,true
34,24,3,4,17.60574408620385,0.8239425591379614,55.99158969875447,3.099622248289019,0.1760574408620385,195.8892348371279,7.401116073765446,true
34,24,2,6,2.9455933660778144,0.9705440663392219,67.69627137999395,0.0867652027828163,0.029455933660778144,283.3813612606571,8.01495558673124,true
34,24,1,5,0.30164624371299964,0.99698353756287,69.80865144308218,9.099045634616405E-4,0.0030164624371299964,299.1894912987737,6.885534069805626,true
34,24,2,5,33.238127274659725,0.6676187272534028,43.55311636271585,11.047731047264786,0.33238127274659723,103.44360000091409,8.842578771372597,true
34,24,6,9,40.66195003171323,0.5933804996828678,37.71285773307454,16.533941803815434,0.4066195003171323,60.87665497862306,4.466288667405243,true
34,24,4,5,10.725104832408322,0.8927489516759168,61.48296509343073,1.1502787366614828,0.10725104832408322,236.91035019269773,7.787550415281126,true
34,25,4,5,13.132219042068572,0.8686778095793143,59.561324246920925,1.7245517696886838,0.1313221904206857,222.5486753591042,7.787550415281126,true
34,25,2,6,3.7018876260108637,0.9629811237398913,67.09208800500244,0.13703971995612368,0.037018876260108635,278.8606363601573,8.01495558673124,true
34,25,2,5,30.31153731230604,0.6968846268769395,45.874127519803345,9.187892942353216,0.3031153731230604,120.59792351912733,8.842578771372597,true
34,25,6,9,41.17607373074393,0.5882392626925608,37.31326606389217,16.9546904787966,0.4117607373074393,58.026058585282705,4.466288667405243,true
34,25,4,10,0.20399916608654922,0.9979600083391345,69.88667209302228,4.161565976400863E-4,0.0020399916608654922,299.77343352131135,5.06664745080821,true
34,25,3,4,17.37324528969662,0.8262675471030339,56.17705680942278,3.018296518959657,0.1737324528969662,197.27358908542172,7.401116073765446,true
34,26,6,9,41.53382542199092,0.5846617457800908,37.03584332167912,17.250586541844193,0.4153382542199092,56.05512065349151,4.466288667405243,true
34,26,1,5,1.5534929212761894,0.9844650707872381,68.80845197870946,0.02413340256455229,0.015534929212761894,291.70396878695107,6.885534069805626,true
34,26,2,5,31.88431733735057,0.6811568266264942,44.6260408550458,10.166096920688743,0.3188431733735057,111.3639904744218,8.842578771372597,true
34,26,2,6,2.3361535127867263,0.9766384648721327,68.18315606449806,0.054576132353057735,0.02336153512786726,287.02465641782857,8.01495558673124,true
34,26,3,4,16.147294041066612,0.8385270595893339,57.155130641558614,2.6073510484866524,0.16147294041066612,204.57555324183826,7.401116073765446,true
34,26,4,5,10.985724793871832,0.8901427520612817,61.27488404136289,1.206861492466903,0.10985724793871832,235.35492876597613,7.787550415281126,true
34,26,4,10,1.062316607969771,0.9893768339203023,69.20088395189056,0.011285165755684001,0.01062316607969771,294.6408451175089,5.06664745080821,true
34,27,1,5,2.115207470831387,0.9788479252916862,68.35967514743798,0.04474102644660902,0.021152074708313873,288.3455776570734,6.885534069805626,true
34,27,6,9,40.91755144876338,0.5908244855123661,37.5140694630968,16.74246016562199,0.40917551448763384,59.45690374957,4.466288667405243,true
34,27,4,10,1.7648238902881308,0.9823517610971186,68.63960938230068,0.03114603363731742,0.017648238902881308,290.44042654889506,5.06664745080821,true
34,27,4,5,12.709041535269517,0.8729095846473048,59.89911709273983,1.6151973674520574,0.12709041535269516,225.07275720749183,7.787550415281126,true
34,27,3,4,14.946143018491304,0.8505385698150869,58.11359638870254,2.2338719112919643,0.14946143018491304,211.73335795896386,7.401116073765446,true
34,27,2,6,1.5964679630260825,0.9840353203697392,68.77411697133522,0.02548709956968649,0.015964679630260825,291.44701905696525,8.01495558673124,true
34,27,2,5,32.20215188818622,0.6779784811181377,44.37402267285782,10.369785862298157,0.32202151888186226,109.50197233901851,8.842578771372597,true
34,28,4,10,2.2138467733204994,0.977861532266795,68.28086957918283,0.04901117535741598,0.02213846773320499,287.75585931686174,5.06664745080821,true
34,28,6,9,40.36342299978921,0.5963657700021079,37.94533026278731,16.292059162599127,0.4036342299978921,62.54083525363826,4.466288667405243,true
34,28,1,5,1.6748258675171934,0.9832517413248281,68.71151294854369,0.028050416865047195,0.016748258675171934,290.9785176460457,6.885534069805626,true
34,28,2,5,34.751825232321345,0.6524817476767866,42.35540048892336,12.076893569778065,0.34751825232321343,94.62626210168057,8.842578771372597,true
34,28,2,6,1.01371756903898,0.9898628243096101,69.23971336025005,0.010276233097783046,0.0101371756903898,294.93144289539083,8.01495558673124,true
34,28,3,4,14.568454977896577,0.8543154502210342,58.41500841884996,2.1223988044299964,0.14568454977896578,213.98471815596497,7.401116073765446,true
34,28,4,5,10.141934085547478,0.8985806591445252,61.94859253007523,1.0285882699558975,0.10141934085547477,240.3911914569793,7.787550415281126,true
34,29,1,5,3.504998798502629,0.9649500120149737,67.24937462500284,0.12285016577504891,0.03504998798502629,280.03748048508317,6.885534069805626,true
34,29,6,9,41.33388021628658,0.5866611978371341,37.190825805602934,17.084896537343276,0.41333880216286584,57.1553182749245,4.466288667405243,true
34,29,4,10,0.864289353915737,0.9913571064608426,69.35910335050218,0.007469960872920821,0.00864289353915737,295.8249605492009,5.06664745080821,true
34,29,4,5,9.410558088633653,0.9058944191136635,62.53258933909674,0.8855860353954822,0.09410558088633653,244.75736766827126,7.787550415281126,true
34,29,3,4,16.05203897136264,0.8394796102863735,57.231133821898354,2.576679551381451,0.16052038971362642,205.14306615159347,7.401116073765446,true
34,29,2,6,1.9805273735971907,0.980194726264028,68.46727535987765,0.039224886775677974,0.019805273735971907,289.15078093352474,8.01495558673124,true
34,29,2,5,32.52813364149393,0.6747186635850606,44.11562253597338,10.580794781988894,0.32528133641493934,107.59378713440694,8.842578771372597,true
34,30,4,10,0.5587347341447058,0.9944126526585529,69.60323787577536,0.00312184503139755,0.005587347341447058,297.6521048569542,5.06664745080821,true
34,30,6,9,40.7593237333588,0.592406762666412,37.63709873931663,16.613224712007458,0.407593237333588,60.33521211992044,4.466288667405243,true
34,30,1,5,3.6894953379521866,0.9631050466204781,67.10198765351191,0.1361237584877092,0.036894953379521866,278.93470644976014,6.885534069805626,true
34,30,2,5,31.92640547603194,0.6807359452396806,44.592664028921085,10.19295366620002,0.3192640547603194,111.117335338741,8.842578771372597,true
34,30,2,6,1.781812863561677,0.9821818713643833,68.62603614811249,0.03174857080753853,0.01781812863561677,290.3388515978663,8.01495558673124,true
34,30,3,4,17.21149819305689,0.827885018069431,56.306088758091114,2.9623567004960067,0.1721149819305689,198.2367570923913,7.401116073765446,true
34,30,4,5,9.333693958596168,0.9066630604140383,62.59396688169504,0.871178429127346,0.09333693958596168,245.21627721986255,7.787550415281126,true
34,31,3,4,16.025734304893756,0.8397426569510624,57.25212227674428,2.5682416001104857,0.16025734304893757,205.29978858382322,7.401116073765446,true
34,31,1,5,3.7877756591203573,0.9621222434087964,67.02347607609046,0.14347244443824678,0.03787775659120357,278.3472781130127,6.885534069805626,true
34,31,2,5,34.927895538858394,0.650721044611416,42.216239654084816,12.199578867734044,0.34927895538858394,93.6037484702803,8.842578771372597,true
34,31,4,5,9.672357836457923,0.9032764216354208,62.32354020530142,0.93554506116489,0.09672357836457923,243.19438247060756,7.787550415281126,true
34,31,4,10,1.418189291079014,0.9858181070892098,68.9165536349108,0.02011260865331204,0.01418189291079014,292.5129656090062,5.06664745080821,true
34,31,6,9,40.89317674659184,0.5910682325340816,37.53301570296811,16.72251904428,0.4089317674659184,59.5920815252806,4.466288667405243,true
34,32,1,5,4.615452635886774,0.9538454736411323,66.36230249950526,0.2130240303411417,0.04615452635886774,273.400576348973,6.885534069805626,true
34,32,3,4,17.31037679044763,0.8268962320955238,56.227209037803526,2.996491446272679,0.1731037679044763,197.64794866054672,7.401116073765446,true
34,32,2,6,0.4092838679026489,0.9959071613209736,69.72264871828077,0.001675132845253507,0.004092838679026489,298.54581304464165,8.01495558673124,true
34,32,2,5,35.78783112955847,0.6421216887044152,41.537107585804065,12.807688569577946,0.35787831129558473,88.62046301166608,8.842578771372597,true
34,32,6,9,39.51450812578015,0.6048549187421985,38.607996700422405,15.613963524223452,0.39514508125780146,67.30501526624958,4.466288667405243,true
34,32,4,10,0.6474128626263509,0.9935258713737365,69.53238471151896,0.004191434146940463,0.006474128626263509,297.1218228566426,5.06664745080821,true
34,32,4,5,8.296350638154632,0.9170364936184536,63.422346509230564,0.688294339112088,0.08296350638154631,251.41043656615756,7.787550415281126,true
34,33,3,4,15.631741220505152,0.8436825877949485,57.566498650631374,2.4435133358483982,0.15631741220505152,207.6473852176789,7.401116073765446,true
34,33,4,5,6.59532410740396,0.9340467589259605,64.78086820551658,0.43498300081703806,0.0659532410740396,261.57060518437123,7.787550415281126,true
34,33,4,10,1.4097607456070915,0.9859023925439291,68.9232876981184,0.019874253598546627,0.014097607456070915,292.563361418439,5.06664745080821,true
34,33,6,9,38.86644423320451,0.6113355576679549,39.11526550542687,15.106004873327961,0.3886644423320451,70.96975244058248,4.466288667405243,true
34,33,1,5,4.954276212217135,0.9504572378778287,66.09165000964278,0.2454485278694056,0.04954276212217135,271.37576231502686,6.885534069805626,true
34,33,2,5,36.71891035724147,0.6328108964275854,40.80291859246536,13.482783778231346,0.3671891035724147,83.24747542172183,8.842578771372597,true
34,34,4,5,6.62517847684419,0.9337482152315582,64.75702353986921,0.43892989850039466,0.0662517847684419,261.3922555658261,7.787550415281126,true
34,34,3,4,15.21280962503228,0.8478719037496771,57.900793872871546,2.3142957668747486,0.1521280962503228,210.14397370775376,7.401116073765446,true
34,34,2,5,37.937205716100294,0.6206279428389971,39.84438563032562,14.392315775457126,0.3793720571610029,76.25976976751521,8.842578771372597,true
34,34,1,5,3.5271994901945325,0.9647280050980547,67.23163928545469,0.1244113624362857,0.035271994901945325,279.90478061103903,6.885534069805626,true
34,34,6,9,39.399995214071716,0.6060000478592829,38.69754978659803,15.52359622868874,0.39399995214071715,67.95094787267787,4.466288667405243,true
34,34,4,10,1.119513355968993,0.9888048664403101,69.1551853156644,0.01253310154192957,0.01119513355968993,294.29883987297796,5.06664745080821,true
34,35,1,5,3.9759022606301544,0.9602409773936984,66.87319180617327,0.15807798786083993,0.03975902260630154,277.222858729767,6.885534069805626,true
34,35,2,5,38.490662782338184,0.6150933721766182,39.40988699283839,14.815311214236736,0.3849066278233818,73.10436768014958,8.842578771372597,true
34,35,3,4,14.906513347899203,0.8509348665210079,58.145221918552096,2.222041401910972,0.14906513347899203,211.9695718500339,7.401116073765446,true
34,35,4,5,6.220315441740659,0.9377968455825934,65.08039182120285,0.38692324194757327,0.06220315441740659,263.8109908414637,7.787550415281126,true
34,35,6,9,40.058906672948766,0.5994109332705124,38.18277860858042,16.04716003832019,0.40058906672948763,64.24463890109607,4.466288667405243,true
34,36,3,4,16.983608575257158,0.8301639142474284,56.487891083910924,2.884429602375485,0.1698360857525716,199.59390743079004,7.401116073765446,true
34,36,4,5,4.533347289331802,0.954666527106682,66.42788920049108,0.20551237645691997,0.045333472893318016,273.8912569031395,7.787550415281126,true
34,36,6,9,40.26515013516399,0.5973484986483601,38.02192570819947,16.212823154072964,0.4026515013516399,63.09001551562925,4.466288667405243,true
34,36,2,5,37.27108192460561,0.6272891807539439,40.36815098588907,13.89133547830663,0.3727108192460561,80.07383896383764,8.842578771372597,true
34,36,1,5,4.8795474536148244,0.9512045254638517,66.15134287349971,0.23809983352078942,0.04879547453614824,271.82233200614274,6.885534069805626,true
34,37,6,9,41.03061467660685,0.5896938532339315,37.42621659861581,16.835113407401852,0.4103061467660685,58.83047873838472,4.466288667405243,true
34,37,2,5,39.10715772804515,0.6089284227195484,38.9267203963614,15.29369785566202,0.39107157728045155,69.60598520767955,8.842578771372597,true
34,37,1,5,4.608902418557037,0.9539109758144296,66.3675348761532,0.21241981503780905,0.04608902418557037,273.43972170863435,6.885534069805626,true
34,37,4,5,4.262519098236922,0.9573748090176308,66.6442323392209,0.18169069062834478,0.04262519098236922,275.5098377667873,7.787550415281126,true
34,37,3,4,16.949074919200118,0.8305092508079988,56.51544141702483,2.872711406166586,0.1694907491920012,199.79957753249786,7.401116073765446,true
34,38,1,2,0.6397030894965683,0.9936029691050343,69.53854475026343,0.004092200427114545,0.006397030894965683,297.1679259002341,8.028685880169121,true
34,38,2,5,41.698918060539505,0.583010819394605,36.908010076243656,17.387997674195876,0.416989180605395,55.14938213026818,8.842578771372597,true
34,38,3,4,17.356413196280414,0.8264358680371959,56.1904842605644,3.012450790400168,0.17356413196280412,197.3738171740922,7.401116073765446,true
34,38,4,5,3.346870177979988,0.9665312982202001,67.3756986152326,0.11201539988251798,0.03346870177979988,280.98267408445184,7.787550415281126,true
34,38,6,9,39.86055563680199,0.60139444363198,38.33760336805944,15.888638956745872,0.3986055563680199,65.35762372920877,4.466288667405243,true
34,38,1,5,3.66144069282609,0.9633855930717391,67.12439929102257,0.134061479470828,0.0366144069282609,279.10239274871225,6.885534069805626,true
34,39,4,10,0.247734473198441,0.9975226552680156,69.85172725180479,6.13723692109077E-4,0.00247734473198441,299.5118897680801,5.06664745080821,true
34,39,4,5,1.7930093911777745,0.9820699060882223,68.61709075905631,0.03214882676851683,0.017930093911777745,290.27190909290414,7.787550415281126,true
34,39,3,4,15.48510517525873,0.8451489482474127,57.68350765884291,2.397884822888247,0.1548510517525873,208.52120492944547,7.401116073765446,true
34,39,2,5,43.470740704905744,0.5652925929509426,35.54521500196381,18.89705297433149,0.4347074070490574,45.61170708833365,8.842578771372597,true
34,39,1,5,3.810270007851252,0.9618972999214874,67.00550645355611,0.14518157532730802,0.03810270007851252,278.2128291496349,6.885534069805626,true
34,39,6,9,41.366412803832304,0.5863358719616769,37.16559718610502,17.111801082570615,0.41366412803832303,56.976071760423515,4.466288667405243,true
34,40,1,5,3.175006298361882,0.9682499370163812,67.51299662288295,0.10080664994637621,0.03175006298361882,282.00999544127774,6.885534069805626,true
34,40,2,5,40.95607664464417,0.5904392335535583,37.4841288489578,16.774002141219675,0.4095607664464417,59.24334342559774,8.842578771372597,true
34,40,3,4,15.618779346185029,0.8438122065381497,57.5768415463758,2.4394626826481605,0.1561877934618503,207.72462438936648,7.401116073765446,true
34,40,4,5,3.2395345994924107,0.9676046540050759,67.4614463181729,0.10494584421308455,0.03239534599492411,281.6242723583821,7.787550415281126,true
34,40,6,9,41.561585938764175,0.5843841406123582,37.014339373212515,17.2736542574528,0.41561585938764173,55.902646851892165,4.466288667405243,true
34,41,6,9,41.27122903956158,0.5872877096043843,37.23942367646013,17.033143464359508,0.4127122903956158,57.50076392481834,4.466288667405243,true
34,41,1,5,2.6923674495668015,0.973076325504332,67.8985728310241,0.07248842483486843,0.026923674495668015,284.8951311161501,6.885534069805626,true
34,41,2,5,42.220517549659334,0.5777948245034066,36.50498600491389,17.82572102161092,0.42220517549659337,52.30489559487126,8.842578771372597,true
34,41,3,4,15.330923364767528,0.8466907663523247,57.80654051776355,2.35037211216375,0.1533092336476753,209.4400440029463,7.401116073765446,true
34,41,4,5,3.256140550901426,0.9674385944909858,67.44818020414476,0.10602451287224625,0.03256140550901426,281.52500959190957,7.787550415281126,true
34,42,1,5,3.511460779801212,0.9648853922019879,67.24421237652808,0.12330356808082137,0.03511460779801212,279.99885532857394,6.885534069805626,true
34,42,6,9,41.04707858160522,0.5895292141839479,37.41342793773332,16.848626600844735,0.4104707858160522,58.739344570718394,4.466288667405243,true
34,42,4,5,2.130910933631902,0.978690890663681,68.3471292035986,0.045407814070719844,0.02130910933631902,288.251693408291,7.787550415281126,true
34,42,3,4,17.115584890013007,0.8288441510998699,56.38260418251822,2.929432461272417,0.17115584890013008,198.80793255049446,7.401116073765446,true
34,42,2,5,41.84451689262907,0.5815548310737093,36.79537602836079,17.509635939775197,0.41844516892629074,54.35268949350656,8.842578771372597,true
34,43,1,5,3.8910657173008567,0.9610893428269914,66.9409629626912,0.15140392416354032,0.03891065717300857,277.72991642683274,6.885534069805626,true
34,43,6,9,40.44702573923364,0.5955297426076636,37.88019473402084,16.359618911502288,0.4044702573923364,62.074152072753236,4.466288667405243,true
34,43,4,5,1.1910438443796079,0.988089561556204,69.0980346043223,0.014185854392345489,0.011910438443796079,293.87113053024206,7.787550415281126,true
34,43,3,4,16.378460103312182,0.8362153989668781,56.97068988807162,2.68253955355789,0.1637846010331218,203.1983987945542,7.401116073765446,true
34,43,2,5,42.47059806603814,0.5752940193396185,36.31225474192886,18.03751700086963,0.42470598066038145,50.951075498958694,8.842578771372597,true
34,44,2,5,41.66665579391536,0.5833334420608464,36.93298134725939,17.361102050486206,0.41666655793915364,55.32618488434146,8.842578771372597,true
34,44,6,9,39.63314928046091,0.6036685071953909,38.51525407820726,15.707865218872993,0.3963314928046091,66.63657436875434,4.466288667405243,true
34,44,4,5,1.5708657184279162,0.9842913428157208,68.79457193341273,0.024676191053320532,0.015708657184279162,291.60009585253346,7.787550415281126,true
34,44,3,4,14.100012363314846,0.8589998763668516,58.788867754949166,1.9881034864563143,0.14100012363314846,216.77747873213175,7.401116073765446,true
34,44,1,5,1.9033150851663183,0.9809668491483368,68.52896307068045,0.036226083134216804,0.019033150851663183,289.6124122652722,6.885534069805626,true
34,45,2,6,0.7325135957889639,0.9926748640421104,69.46439015782866,0.005365761680156776,0.007325135957889639,296.61293911446285,8.01495558673124,true
34,45,1,5,1.4004853794560346,0.9859951462054397,68.93069833989261,0.019613592980701054,0.014004853794560346,292.6188205924127,6.885534069805626,true
34,45,2,5,39.45441287395492,0.6054558712604508,38.65498874211021,15.566506952285,0.39454412873954925,67.64390358175343,8.842578771372597,true
34,45,3,4,14.260024198351962,0.8573997580164804,58.66116134430323,2.033482901375835,0.14260024198351962,215.82346886958416,7.401116073765446,true
34,45,4,5,3.4794190337906983,0.965205809662093,67.26980941467605,0.12106356812704996,0.03479419033790698,280.19037863142785,7.787550415281126,true
34,45,6,9,39.12301791019668,0.6087698208980332,38.9143026526244,15.3061053040157,0.3912301791019668,69.51623215445478,4.466288667405243,true
34,46,4,5,2.5905296091000563,0.9740947039089994,67.97993161578131,0.06710843655624091,0.025905296091000563,285.5039284066269,7.787550415281126,true
34,46,3,4,12.023727612253687,0.8797627238774631,60.44618966162328,1.4457002569367174,0.12023727612253687,229.16106935500252,7.401116073765446,true
34,46,2,6,0.5330083961786358,0.9946699160382136,69.62379308736288,0.002840979503969216,0.005330083961786358,297.80594570904395,8.01495558673124,true
34,46,2,5,39.77394776056065,0.6022605223943935,38.40524369902847,15.819669204598075,0.3977394776056065,65.84435158617578,8.842578771372597,true
34,46,1,5,0.47116029873515153,0.9952883970126485,69.67320950726113,0.0022199202710419725,0.004711602987351515,298.17579313257414,6.885534069805626,true
34,46,6,9,39.14414344352862,0.6085585655647139,38.897763407225895,15.322639659275444,0.3914414344352862,69.3967025798041,4.466288667405243,true
34,46,4,10,0.7026187677669882,0.9929738123223302,69.48827576459061,0.004936731328183969,0.007026187677669882,296.79170296948195,5.06664745080821,true
34,47,2,6,2.833715267776843,0.9716628473222315,67.78565010416517,0.08029942218831601,0.02833715267776843,284.0501547610719,8.01495558673124,true
34,47,3,4,13.57707263683704,0.8642292736316296,59.20624725013698,1.843369013859491,0.1357707263683704,219.89567137111007,7.401116073765446,true
34,47,4,5,0.2614558855960514,0.9973854411440395,69.84076375502647,6.83591801128155E-4,0.0026145588559605137,299.42983395648974,7.787550415281126,true
34,47,4,10,0.2856304832836054,0.997143695167164,69.82144811402091,8.158477298082599E-4,0.002856304832836054,299.2852671132544,5.06664745080821,true
34,47,6,9,37.75271598555916,0.6224728401444084,39.98936282769721,14.252675642862943,0.37752715985559165,77.31441640953568,4.466288667405243,true
34,47,2,5,40.26368507644783,0.5973631492355218,38.02306784282312,16.211643359353673,0.40263685076447825,63.09820762094051,8.842578771372597,true
34,48,4,5,2.225474055037935,0.9777452594496207,68.27158026225896,0.04952734769646989,0.02225474055037935,287.68634579555845,7.787550415281126,true
34,48,3,4,13.925074609209693,0.8607492539079031,58.92848963656979,1.9390770287205639,0.13925074609209692,217.8205388234928,7.401116073765446,true
34,48,2,6,0.5275251534143655,0.9947247484658563,69.62817417353254,0.002782827874848498,0.0052752515341436546,297.8387350047945,8.01495558673124,true
34,48,2,5,41.047031290223515,0.5895296870977649,37.41346467069937,16.848587777405882,0.4104703129022352,58.73960631622259,8.842578771372597,true
34,48,6,9,38.21909611750716,0.6178090388249284,39.623002039647275,14.606993080392508,0.3821909611750716,74.65100196801716,4.466288667405243,true
34,49,3,4,11.85426580843153,0.8814573419156847,60.58147406512149,1.4052361785694882,0.1185426580843153,230.17213938674513,7.401116073765446,true
34,49,2,5,40.70610248641285,0.5929389751358715,37.67850178313907,16.569867796343466,0.40706102486412854,60.63106052690988,8.842578771372597,true
34,49,2,6,0.999496685995277,0.9900050331400472,69.2510755061505,0.009989936253155468,0.00999496685995277,295.01647698296296,8.01495558673124,true
34,49,4,5,1.8659608743302691,0.9813403912566974,68.5588068041211,0.03481809984531372,0.01865960874330269,289.8357448257249,7.787550415281126,true
34,49,4,10,0.2994659344650874,0.9970053406553492,69.81039352024226,8.967984590504636E-4,0.002994659344650874,299.2025297494959,5.06664745080821,true
34,49,6,9,37.07459548721932,0.6292540451278068,40.522800978927975,13.74525630540943,0.3707459548721932,81.20197445075272,4.466288667405243,true
34,50,2,5,39.25701698294928,0.6074298301705072,38.80941412024182,15.411133823995682,0.39257016982949283,68.75845223432914,8.842578771372597,true
34,50,1,5,0.19729857918144855,0.9980270142081855,69.89202591929154,3.8926729347018327E-4,0.0019729857918144855,299.81350417764514,6.885534069805626,true
34,50,6,9,36.193843354966276,0.6380615664503373,41.21679707110793,13.099942968038363,0.36193843354966276,86.27437497182136,4.466288667405243,true
34,50,4,5,2.4386603580286605,0.9756133964197133,68.10126163100809,0.05947064341820488,0.024386603580286603,286.4118362004485,7.787550415281126,true
34,50,3,4,11.17246201222274,0.8882753798777726,61.12579491556754,1.2482390741456018,0.11172462012222739,234.24051843357813,7.401116073765446,true
34,50,2,6,0.7257698160409609,0.9927423018395904,69.4697783532869,0.005267418258761262,0.007257698160409609,296.65326522614765,8.01495558673124,true
34,50,4,10,1.4962911294064407,0.9850370887059356,68.8541536025269,0.022388871439403935,0.014962911294064407,292.0459833446025,5.06664745080821,true
34,51,4,5,3.499865141350167,0.9650013485864983,67.25347572369583,0.12249056007638023,0.03499865141350167,280.06816588741833,7.787550415281126,true
34,51,6,9,36.701947048471425,0.6329805295152857,40.8162830923399,13.470329171488004,0.3670194704847143,83.34513233151232,4.466288667405243,true
34,51,2,5,39.14735758210495,0.6085264241789505,38.89524714957926,15.325156056611899,0.3914735758210495,69.37851881263472,8.842578771372597,true
34,51,2,6,0.5688689296915017,0.994311310703085,69.59514071299864,0.0032361185916835473,0.005688689296915017,297.59150355688774,8.01495558673124,true
34,51,3,4,10.97676447718473,0.8902323552281527,61.28203793939502,1.2048935838758457,0.1097676447718473,235.40840355974763,7.401116073765446,true
34,51,4,10,2.603624885319938,0.9739637511468007,67.96946970448502,0.06778862543457248,0.026036248853199384,285.4256429428996,5.06664745080821,true
34,52,2,6,0.4497625838533692,0.9955023741614664,69.69030624440217,0.0020228638183445646,0.004497625838533692,298.303750726577,8.01495558673124,true
34,52,2,5,37.03958451976622,0.6296041548023378,40.55036430184907,13.719308213969056,0.3703958451976622,81.40313123464371,8.842578771372597,true
34,52,2,4,0.5068458475293691,0.9949315415247063,69.64469685624289,0.002568927131577645,0.005068458475293691,297.9623956001512,8.930702225644621,true
34,52,1,5,1.8916563707672307,0.9810834362923277,68.53827766503656,0.0357836382506424,0.018916563707672307,289.68211700840334,6.885534069805626,true
34,52,6,9,35.46946087127198,0.6453053912872803,41.788431614322114,12.580826544986937,0.35469460871271974,90.46324099916204,4.466288667405243,true
34,52,4,10,0.9862621120458326,0.9901373788795417,69.26164962212921,0.009727129536571065,0.009862621120458326,295.0956135630426,5.06664745080821,true
34,52,4,5,4.072112069914946,0.9592788793008505,66.79633561714743,0.16582096709946983,0.04072112069914946,276.6478330420981,7.787550415281126,true
34,52,3,4,10.813584248592711,0.8918641575140729,61.41232181674257,1.169336043014124,0.10813584248592711,236.3822788207786,7.401116073765446,true
34,53,6,9,35.19622373596585,0.6480377626403415,42.0042301396137,12.387741652721658,0.35196223735965854,92.04684015193254,4.466288667405243,true
34,53,1,5,1.4515227333273373,0.9854847726667266,68.88992160691959,0.021069182453660643,0.014515227333273373,292.31365947166495,6.885534069805626,true
34,53,2,4,1.5977997136831623,0.9840220028631683,68.77305296737757,0.025529639250460045,0.015977997136831623,291.439056484383,8.930702225644621,true
34,53,2,5,38.93736868413616,0.6106263131586385,39.05969702278317,15.16118680044347,0.3893736868413616,70.5676272970249,8.842578771372597,true
34,53,3,4,8.396078630887116,0.9160392136911288,63.34270466343862,0.7049413637603927,0.08396078630887116,250.81487957764352,7.401116073765446,true
34,53,4,5,2.8551424186926635,0.9714485758130733,67.76853204035953,0.08151838231018207,0.028551424186926633,283.9220649941174,7.787550415281126,true
34,53,4,10,2.5736024961717954,0.974263975038282,67.99345482079943,0.0662342980830171,0.02573602496171795,285.6051213777067,5.06664745080821,true
34,54,2,4,1.069668195848078,0.9893033180415192,69.19501022679302,0.011441900492088881,0.01069668195848078,294.5968864943412,8.930702225644621,true
34,54,6,9,34.44752148889268,0.6555247851110733,42.59599465117955,11.866317367277228,0.3444752148889268,96.39510791251782,4.466288667405243,true
34,54,4,10,0.9180550500305529,0.9908194494996945,69.31614558845811,0.008428250748866009,0.009180550500305529,295.50346226946755,5.06664745080821,true
34,54,4,5,3.862070386694344,0.9613792961330565,66.9641257876045,0.14915587671781422,0.03862070386694344,277.90321961903345,7.787550415281126,true
34,54,3,4,9.809708883735857,0.9019029111626414,62.213866323056145,0.9623038838364619,0.09809708883735857,242.3744152984814,7.401116073765446,true
34,54,2,5,41.44762615715887,0.5855237384284113,37.102637118913385,17.179057140636,0.41447626157158873,56.52900394985636,8.842578771372597,true
34,54,1,5,0.9175494531901918,0.9908245054680981,69.31654955010414,0.008418969990496199,0.009175494531901918,295.5064855339847,6.885534069805626,true
34,55,2,5,40.09191966570126,0.5990808033429874,38.157021966860086,16.073620224810433,0.4009191966570126,64.05963599421436,8.842578771372597,true
34,55,2,6,0.9708172643860036,0.99029182735614,69.27398970438257,0.009424861608299235,0.009708172643860036,295.1879667315114,8.01495558673124,true
34,55,6,9,33.79503994930882,0.6620496005069119,43.112197656256804,11.421047251753789,0.3379503994930882,100.19435261822423,4.466288667405243,true
34,55,4,5,4.031778471688385,0.9596822152831161,66.82855562965011,0.16255237644769932,0.04031778471688385,276.8888973098859,7.787550415281126,true
34,55,3,4,11.721649507133591,0.8827835049286641,60.687345765334,1.3739706716808517,0.11721649507133591,230.96341037801585,7.401116073765446,true
34,56,2,6,3.418302565806947,0.9658169743419305,67.31863337514494,0.11684792431402374,0.034183025658069466,280.55569316096825,8.01495558673124,true
34,56,2,5,37.366684627599206,0.626333153724008,40.292928871334084,13.962691200584587,0.37366684627599206,79.52542370267372,8.842578771372597,true
34,56,3,4,12.436540014257853,0.8756345998574215,60.11664463532791,1.5466752752623663,0.12436540014257852,226.69829284913664,7.401116073765446,true
34,56,4,5,6.286142822070817,0.9371385717792918,65.02781416614083,0.39515591579472453,0.06286142822070817,263.41771154352466,7.787550415281126,true
34,56,6,9,32.83105011179309,0.6716894988820692,43.8755802828359,10.778778514430687,0.32831050111793086,105.82210677464863,4.466288667405243,true
34,57,4,5,6.051752840892544,0.9394824715910746,65.21502729865679,0.3662371244725097,0.060517528408925436,264.8180743820614,7.787550415281126,true
34,57,2,6,2.4434802427766966,0.975565197572233,68.09741095606672,0.05970595696840064,0.024434802427766966,286.38302154910156,8.01495558673124,true
34,57,2,5,38.06669456566754,0.6193330543433246,39.74267061300332,14.490732351558224,0.3806669456566754,75.52035791674169,8.842578771372597,true
34,57,2,4,2.2402399016687946,0.977597600983312,68.25978347847786,0.050186748170290105,0.022402399016687946,287.5980685862452,8.930702225644621,true
34,57,3,4,10.830627327130305,0.891693726728697,61.39871444167494,1.1730248829918173,0.10830627327130304,236.28056210480182,7.401116073765446,true
34,57,6,9,32.29428136036099,0.6770571863963901,44.30098503381711,10.429206085821592,0.32294281360360994,108.96251427995203,4.466288667405243,true
34,58,2,4,2.5905280056703175,0.9740947199432968,67.97993289677346,0.06710835348162246,0.025905280056703173,285.5039379921724,8.930702225644621,true
34,58,6,9,33.74899627716558,0.6625100372283441,43.148640453316524,11.389947497161366,0.3374899627716558,100.46277183798637,4.466288667405243,true
34,58,4,10,0.2525089880497211,0.9974749101195028,69.84791238288132,6.376078904589279E-4,0.002525089880497211,299.48333753812346,5.06664745080821,true
34,58,4,5,5.7055639799513225,0.9429443602004868,65.49154268048915,0.32553460329317974,0.057055639799513225,266.8864934092961,7.787550415281126,true
34,58,3,4,11.34288025501909,0.8865711974498092,60.98973717972645,1.2866093247970185,0.11342880255019089,233.22354614471982,7.401116073765446,true
34,58,2,5,36.93923375407843,0.6306076624592156,40.629379599976104,13.645069903384474,0.3693923375407843,81.97992954030637,8.842578771372597,true
34,59,4,10,1.8811895844781434,0.9811881041552186,68.54663998732111,0.03538874252749039,0.018811895844781434,289.7446955912036,5.06664745080821,true
34,59,2,4,1.845467763803088,0.9815453223619691,68.57517957378616,0.034057512672363704,0.01845467763803088,289.958269113754,8.930702225644621,true
34,59,2,5,38.96816820752017,0.6103183179247983,39.03556983430205,15.185181334495859,0.3896816820752017,70.39307876124273,8.842578771372597,true
34,59,2,6,2.0534386581455735,0.9794656134185442,68.4090241171865,0.04216610322766704,0.020534386581455732,288.71486892518584,8.01495558673124,true
34,59,3,4,9.566394670545343,0.9043360532945466,62.40815201912619,0.9151590699263833,0.09566394670545342,243.8269870879772,7.401116073765446,true
34,59,4,5,6.047257533964146,0.9395274246603585,65.21861784322424,0.3656932368208612,0.060472575339641454,264.84493220412617,7.787550415281126,true
34,59,6,9,33.19633541966257,0.6680366458033744,43.58621503437321,11.019966852947432,0.33196335419662565,103.68765488408991,4.466288667405243,true
34,60,2,4,0.8472069385941083,0.991527930614059,69.37275189811736,0.0071775959680199656,0.008472069385941083,295.9271073482882,8.930702225644621,true
34,60,1,5,0.17588788515420228,0.998241121148458,69.90913325883392,3.093654814401785E-4,0.0017588788515420228,299.9415440282205,6.885534069805626,true
34,60,6,9,32.152177393050366,0.6784782260694964,44.413643686901004,10.33762511114179,0.32152177393050363,109.79464766852375,4.466288667405243,true
34,60,4,10,0.9342988581817424,0.9906570114181825,69.30316711997637,0.008729143563997128,0.009342988581817424,295.4063309813448,5.06664745080821,true
34,60,4,5,5.253418331873705,0.947465816681263,65.85270012723647,0.275984041696667,0.05253418331873705,269.58818586346655,7.787550415281126,true
34,60,3,4,10.60679909424066,0.8939320090575934,61.57742311234108,1.125041870255845,0.1060679909424066,237.61645318922822,7.401116073765446,true
34,60,2,6,3.5276268851003936,0.964723731148996,67.23129785516446,0.12444151440483124,0.035276268851003934,279.9022259542932,8.01495558673124,true
34,60,2,5,39.52749165240317,0.6047250834759683,38.597845439959386,15.624225963308023,0.39527491652403174,67.23182532321935,8.842578771372597,true
34,61,1,5,0.645778699544225,0.9935422130045577,69.53369039278702,0.0041703012878503394,0.0064577869954422495,297.1315948511827,6.885534069805626,true
34,61,6,9,32.173126829810926,0.6782687317018907,44.39703423065583,10.351100900070996,0.3217312682981093,109.67195291122582,4.466288667405243,true
34,61,4,10,1.547537557882056,0.9845246244211794,68.81321003605558,0.023948724930555665,0.01547537557882056,291.73957629993225,5.06664745080821,true
34,61,4,5,4.083086805747565,0.9591691319425244,66.78756859473252,0.16671597863269835,0.040830868057475656,276.582239952126,7.787550415281126,true
34,61,3,4,9.804922483140333,0.9019507751685967,62.21768820822707,0.9613650490039078,0.09804922483140333,242.40298899594467,7.401116073765446,true
34,61,2,6,4.848502006477418,0.9515149799352258,66.17614186839081,0.23507971706815545,0.048485020064774176,272.00785743259047,8.01495558673124,true
34,61,2,5,37.34616712119726,0.6265383287880274,40.30907107417188,13.947361986443953,0.3734616712119726,79.6430926954102,8.842578771372597,true
34,62,4,5,4.165710221446512,0.9583428977855348,66.72156616631356,0.17353141649063966,0.041657102214465114,276.0884255407365,7.787550415281126,true
34,62,6,9,31.332814106547985,0.6866718589345202,45.063508398321176,9.817452398354922,0.31332814106547985,114.59830903190327,4.466288667405243,true
34,62,2,5,37.038762951176885,0.6296123704882312,40.55101112876033,13.718699609534735,0.37038762951176885,81.40785208697545,8.842578771372597,true
34,62,2,6,3.3006863343469806,0.9669931366565302,67.41259366312615,0.10894530277744907,0.033006863343469806,281.2587366059926,8.01495558673124,true
34,62,3,4,11.322602685585098,0.8867739731441491,61.005926167436456,1.2820133157561882,0.11322602685585098,233.34455020458003,7.401116073765446,true
34,62,4,10,1.1811756485795966,0.988188243514204,69.10591898364552,0.013951759127974372,0.011811756485795966,293.93013615870626,5.06664745080821,true
34,63,4,10,0.4435996548923349,0.9955640034510767,69.69523041735883,0.001967806538205986,0.004435996548923349,298.34060489610005,5.06664745080821,true
34,63,6,9,31.56232540257261,0.6843767459742739,44.881428607853636,9.961803848178803,0.3156232540257261,113.25182618279882,4.466288667405243,true
34,63,2,5,36.72549524445184,0.6327450475554817,40.79773082934247,13.487620009502546,0.3672549524445184,83.20956903136766,8.842578771372597,true
34,63,2,6,3.2212927992645746,0.9677870720073543,67.47601928936942,0.10376727298593799,0.032212927992645746,281.7333137800342,8.01495558673124,true
34,63,3,4,11.972470733049345,0.8802752926695065,60.48710868711556,1.4334005545372313,0.11972470733049345,229.46688107280468,7.401116073765446,true
34,63,4,5,3.0418149971288555,0.9695818500287114,67.61940097595473,0.0925263847675802,0.030418149971288555,282.8061694903831,7.787550415281126,true
34,64,3,4,10.736876842657011,0.8926312315734299,61.47356611031772,1.1528052433438434,0.10736876842657012,236.84009063292444,7.401116073765446,true
34,64,4,5,4.1826513747375005,0.958173486252625,66.7080330321945,0.17494572522593502,0.041826513747375005,275.9871743912651,7.787550415281126,true
34,64,4,10,0.5667087576382457,0.9943329124236175,69.59686667744796,0.003211588159838839,0.005667087576382457,297.6044211253419,5.06664745080821,true
34,64,6,9,32.596101978973195,0.674038980210268,44.06175553744062,10.625058642236205,0.32596101978973197,107.1961305385443,4.466288667405243,true
34,64,1,5,1.920358496975405,0.980796415030246,68.51534644556673,0.03687776756905637,0.01920358496975405,289.5105138810888,6.885534069805626,true
34,64,2,4,0.4349699534524576,0.9956503004654754,69.7021255411552,0.0018919886040643312,0.004349699534524576,298.39221035762847,8.930702225644621,true
34,64,2,5,36.07431272054977,0.6392568727945023,41.31107299097676,13.01356038260019,0.3607431272054977,86.96458702503294,8.842578771372597,true
34,64,2,6,0.6263544045035263,0.9937364559549647,69.54921023406695,0.003923198400409671,0.006263544045035263,297.2477487263743,8.01495558673124,true
34,65,6,9,31.428980109475475,0.6857101989052452,44.98721209437689,9.877807907218052,0.31428980109475474,114.03404298229263,4.466288667405243,true
34,65,1,5,2.728527449950169,0.9727147255004983,67.86968453100158,0.07444862045131571,0.027285274499501688,284.67896511953325,6.885534069805626,true
34,65,2,5,35.78004557257925,0.6421995442742076,41.543251972890836,12.802116611758477,0.35780045572579244,88.66549518360912,8.842578771372597,true
34,65,2,6,3.2176319979055013,0.967823680020945,67.47894382459413,0.10353155673945348,0.03217631997905501,281.7551964709377,8.01495558673124,true
34,65,3,4,11.213197266697266,0.8878680273330273,61.09327267298933,1.2573579294186712,0.11213197266697267,233.99742612675942,7.401116073765446,true
34,65,4,5,4.3672354407519265,0.9563276455924807,66.56058232475172,0.19072745394959673,0.043672354407519265,274.8840009025537,7.787550415281126,true
34,66,2,5,35.442928153275226,0.6455707184672477,41.809382666636836,12.562011560782299,0.35442928153275227,90.61693486548897,8.842578771372597,true
34,66,2,4,2.500673472872672,0.9749932652712733,68.05171854549744,0.0625336781792907,0.02500673472872672,286.04110563867545,8.930702225644621,true
34,66,1,5,3.645514482728113,0.9635448551727188,67.13712206557626,0.1328977584378044,0.03645514482728113,279.1975861388065,6.885534069805626,true
34,66,6,9,30.464837512518383,0.6953516248748162,45.752408607222705,9.281063246641473,0.30464837512518383,119.69654726963786,4.466288667405243,true
34,66,4,10,1.000314668829233,0.9899968533117076,69.2504219571769,0.010006294366749437,0.01000314668829233,295.01158583183025,5.06664745080821,true
34,66,4,5,3.7517239261887934,0.9624827607381121,67.05227607392905,0.14075432418337436,0.037517239261887936,278.56276074046895,7.787550415281126,true
34,66,3,4,11.079532753487936,0.8892046724651206,61.19998835215553,1.2275604603561203,0.11079532753487936,234.79509457798991,7.401116073765446,true
34,66,2,6,2.4514464575821293,0.9754855354241787,68.09104663528254,0.06009589734391971,0.024514464575821293,286.33539728147207,8.01495558673124,true
34,67,2,6,2.020812575786662,0.9797918742421334,68.43509014732778,0.04083683466457513,0.020208125757866624,288.9099287044224,8.01495558673124,true
34,67,4,5,3.871853016543753,0.9612814698345624,66.95631096115306,0.1499124578171898,0.038718530165437526,277.84474938849866,7.787550415281126,true
34,67,6,9,29.625029511052013,0.7037497048894799,46.41936736126202,8.776423735307027,0.29625029511052015,124.63764233576065,4.466288667405243,true
34,67,1,5,3.608656992201631,0.9639134300779837,67.16656600052895,0.1302240528736572,0.03608656992201631,279.417889932595,6.885534069805626,true
34,67,2,4,4.367696776346458,0.9563230322365355,66.56021379965446,0.19076775130107215,0.04367696776346458,274.88124375655354,8.930702225644621,true
34,67,2,5,37.703142350031264,0.6229685764996873,40.028330585244845,14.215269430667213,0.37703142350031266,77.59803520520967,8.842578771372597,true
34,67,3,4,11.06706180445483,0.8893293819554517,61.20994503899058,1.2247985698362296,0.11067061804454831,234.86951882435983,7.401116073765446,true
34,68,2,5,35.26307899978026,0.6473692100021974,41.951420352775216,12.434847405447437,0.3526307899978026,91.65919705330703,8.842578771372597,true
34,68,2,4,5.441367268455332,0.9455863273154467,65.70257201830105,0.29608477750217044,0.05441367268455333,268.46511305057436,8.930702225644621,true
34,68,1,5,4.594127364242251,0.9540587263575775,66.37933733988014,0.21106006238879452,0.04594127364242251,273.52802044002533,6.885534069805626,true
34,68,6,9,29.11695561806572,0.7088304438193428,46.82304856997456,8.47797104464409,0.2911695561806572,127.6305275801483,4.466288667405243,true
34,68,4,5,3.403238618602622,0.9659676138139738,67.33066750058485,0.11582033095148282,0.03403238618602622,280.64573619772335,7.787550415281126,true
34,68,3,4,12.119271136864029,0.8788072886313597,60.369916649324765,1.4687673288882555,0.1211927113686403,228.59104435513555,7.401116073765446,true
34,68,2,6,0.5307051816097141,0.9946929481839029,69.62563334523999,0.0028164798978739967,0.005307051816097141,297.8197187208969,8.01495558673124,true
34,69,3,4,12.093247431088344,0.8790675256891165,60.39069146247796,1.4624663342952489,0.12093247431088344,228.74630356044256,7.401116073765446,true
34,69,4,5,5.507294078229352,0.9449270592177065,65.64991206747675,0.30330288064100086,0.05507294078229352,268.07118213182855,7.787550415281126,true
34,69,6,9,29.142971694947907,0.7085702830505209,46.802374864188415,8.493127992125348,0.29142971694947906,127.47721423324732,4.466288667405243,true
34,69,1,5,3.3669589197616814,0.9663304108023831,67.35965028385807,0.11336412367362766,0.03366958919761681,280.8625948747784,6.885534069805626,true
34,69,2,4,5.022366629663832,0.9497763337033617,66.03726006779074,0.2522416656276084,0.050223666296638325,270.96886765245307,8.930702225644621,true
34,69,2,5,35.9023093503988,0.640976906496012,41.446770465417345,12.88975816691733,0.35902309350398803,87.95850281233481,8.842578771372597,true
34,69,2,6,1.2437716094514495,0.9875622839054855,69.05590684058637,0.01546967816477449,0.012437716094514495,293.55585290624174,8.01495558673124,true
34,70,2,4,6.639037342061094,0.9336096265793891,64.74595449101214,0.44076816829281634,0.06639037342061094,261.30946324085374,8.930702225644621,true
34,70,1,5,2.749737885413539,0.9725026211458646,67.8527394975633,0.07561058438478521,0.02749737885413539,284.55216880540166,6.885534069805626,true
34,70,2,5,37.67961053952356,0.6232038946047644,40.046829617787296,14.197530504101747,0.37679610539523556,77.73269775098143,8.842578771372597,true
34,70,3,4,10.719340546730022,0.8928065945326997,61.487567405999194,1.1490426175677035,0.10719340546730022,236.94475358728414,7.401116073765446,true
34,70,4,5,4.430008418657961,0.9556999158134204,66.51043797833819,0.19624974589380403,0.0443000841865796,274.50884375334334,7.787550415281126,true
34,70,4,10,0.21672561126128143,0.9978327438873872,69.8765035592955,4.6969990576576075E-4,0.0021672561126128143,299.69732729852274,5.06664745080821,true
34,70,6,9,28.479142252639853,0.7152085774736014,47.32998681503573,8.110615434460966,0.28479142252639855,131.3911588271132,4.466288667405243,true
34,71,4,5,4.389133587044064,0.9561086641295593,66.54308961211153,0.19264493644918318,0.04389133587044064,274.75312811267133,7.787550415281126,true
34,71,3,4,11.679896061861307,0.8832010393813869,60.720679144223084,1.3641997201588325,0.11679896061861306,231.21254350307458,7.401116073765446,true
34,71,2,5,35.21705124548649,0.6478294875451351,41.987777653120006,12.402406984272213,0.35217051245486486,91.92606551726502,8.842578771372597,true
34,71,2,4,8.357853122294085,0.9164214687770591,63.373231120305206,0.6985370881384102,0.08357853122294084,251.043153629045,8.930702225644621,true
34,71,1,5,2.6857067721877845,0.9731429322781222,67.90389406665201,0.07213020866175314,0.026857067721877848,284.934949054918,6.885534069805626,true
34,71,6,9,27.562162588379373,0.7243783741162062,48.059120157445065,7.596728065482597,0.27562162588379374,136.804029032695,4.466288667405243,true
34,72,2,5,37.50509393069872,0.6249490606930128,40.184054999032206,14.066320707505339,0.3750509393069872,78.73203928763134,8.842578771372597,true
34,72,1,5,2.054399568340898,0.979456004316591,68.40825641572852,0.04220557586399279,0.020543995683408978,288.70912399797936,6.885534069805626,true
34,72,2,4,8.31634670787182,0.9168365329212818,63.406377781329894,0.6916162256553049,0.08316346707871819,251.2910227053161,8.930702225644621,true
34,72,6,9,27.678345822165433,0.7232165417783456,47.96671831015694,7.660908274513829,0.27678345822165434,136.11782442479324,4.466288667405243,true
34,72,5,6,0.4929711406274795,0.9950702885937253,69.65578270116885,0.0024302054549155544,0.004929711406274795,298.0453654296515,6.871803776367745,true
34,72,4,5,5.303995733568767,0.9469600426643123,65.81230019120787,0.28132370741715684,0.05303995733568767,269.285961159845,7.787550415281126,true
34,72,3,4,10.125437858319703,0.898745621416803,61.961764173534476,1.0252449182269383,0.10125437858319702,240.48966205388652,7.401116073765446,true
34,72,2,6,1.0799369958582494,0.9892006300414176,69.18680572977658,0.011662639150233347,0.010799369958582494,294.53548455411425,8.01495558673124,true
34,73,4,5,5.433588979422671,0.9456641102057732,65.70878504985782,0.2952388919730354,0.05433588979422671,268.51159079138307,7.787550415281126,true
34,73,1,5,2.0253574689749088,0.9797464253102509,68.43145908268144,0.04102072877132448,0.020253574689749088,288.8827563433778,6.885534069805626,true
34,73,2,4,7.072874915103522,0.9292712508489648,64.39945505083543,0.5002555956470066,0.07072874915103522,258.7178501677437,8.930702225644621,true
34,73,2,5,39.55483555472471,0.6044516444527529,38.576467975935095,15.645850157613141,0.3955483555472471,67.07771506594906,8.842578771372597,true
34,73,2,6,0.7986878701094824,0.9920131212989052,69.41151784037271,0.006379023138600214,0.007986878701094824,296.2172355085492,8.01495558673124,true
34,73,3,4,10.170712897220803,0.898292871027792,61.925613734469195,1.0344340083769357,0.10170712897220802,240.21940366159177,7.401116073765446,true
34,73,6,9,28.713327061670952,0.7128667293832904,47.143833479628555,8.244551509504856,0.2871332706167095,130.00994020928061,4.466288667405243,true
34,74,2,4,4.586979587979551,0.9541302041202044,66.3850470603314,0.21040381740541073,0.045869795879795505,273.5707370864236,8.930702225644621,true
34,74,6,9,28.328477731864893,0.7167152226813511,47.44976280430744,8.02502650604765,0.28328477731864893,132.28003340479765,4.466288667405243,true
34,74,5,6,0.9733165622454409,0.9902668343775456,69.27199282153055,0.009473451303412834,0.00973316562245441,295.17302205306515,6.871803776367745,true
34,74,4,10,0.6777509562051587,0.9932224904379484,69.5081448734455,0.00459346358637007,0.006777509562051587,296.94040703096175,5.06664745080821,true
34,74,4,5,4.3635084814194425,0.9563649151858056,66.56355950286203,0.1904020626741941,0.043635084814194425,274.90627487143496,7.787550415281126,true
34,74,3,4,8.975616008376342,0.9102438399162366,62.87990478925525,0.8056168272982165,0.08975616008376341,247.35425586886834,7.401116073765446,true
34,74,2,6,3.4628400868322693,0.9653715991316774,67.28305377901378,0.119912614669725,0.034628400868322695,280.2894764485981,8.01495558673124,true
34,74,2,5,40.525146569295686,0.5947485343070431,37.81935205457756,16.42287504462898,0.4052514656929569,61.63850678450799,8.842578771372597,true
34,74,1,5,0.7704488349088823,0.9922955116509111,69.43408041183409,0.005935914072124584,0.007704488349088823,296.3860965857707,6.885534069805626,true
34,75,4,10,1.76742537054827,0.9823257462945173,68.63753094507149,0.0312379244045769,0.0176742537054827,290.42487260691234,5.06664745080821,true
34,75,2,4,5.066155575018117,0.9493384442498188,66.0022820277194,0.25665932310287143,0.050661555750181164,270.70719630456927,8.930702225644621,true
34,75,2,5,42.30666337706339,0.5769333662293661,36.43855709986946,17.898537661001566,0.42306663377063386,51.83777576802316,8.842578771372597,true
34,75,2,6,3.0040441639356263,0.9699595583606437,67.64957562824522,0.09024281338875696,0.030040441639356263,283.0319542042606,8.01495558673124,true
34,75,3,4,8.934887580185013,0.9106511241981499,62.91242844823728,0.798322160705444,0.08934887580185014,247.5974447665957,7.401116073765446,true
34,75,4,5,6.492385173720766,0.9350761482627923,64.86308586738988,0.4215106524394926,0.06492385173720766,262.1855690850053,7.787550415281126,true
34,75,6,9,29.19053302517295,0.7080946697482705,46.76458104275749,8.520872182937126,0.2919053302517295,127.1969511068794,4.466288667405243,true
34,76,2,4,5.171126044068902,0.9482887395593109,65.91843339804075,0.2674054456364772,0.05171126044068902,270.0799284015042,8.930702225644621,true
34,76,6,9,29.888939390895843,0.7011106060910416,46.20973426170019,8.933486979126451,0.2988893939089584,123.0840791429622,4.466288667405243,true
34,76,4,10,2.563196980025789,0.9743680301997422,68.00176787678232,0.06569978758413311,0.025631969800257892,285.6673273359042,5.06664745080821,true
34,76,4,5,6.7398664016688254,0.9326013359833117,64.66542285819327,0.45425799112344284,0.06739866401668826,260.70712118055343,7.787550415281126,true
34,76,3,4,7.722832746205189,0.9227716725379481,63.880365198187505,0.5964214562585918,0.07722832746205188,254.835631425802,7.401116073765446,true
34,76,2,6,2.5391397889876877,0.9746086021101231,68.0209873915694,0.06447230868020438,0.025391397889876877,285.811145721265,8.01495558673124,true
34,76,2,5,41.40006441078325,0.5859993558921675,37.139505556868414,17.13965333217002,0.4140006441078325,56.7907552452008,8.842578771372597,true
34,77,2,4,5.065796311679755,0.9493420368832024,66.00256900218729,0.25662292271428233,0.050657963116797544,270.7093431605433,8.930702225644621,true
34,77,2,5,43.80321657314088,0.5619678342685912,35.29174734164805,19.187217821534837,0.4380321657314088,43.86711256436972,8.842578771372597,true
34,77,2,6,2.6739328671918026,0.973260671328082,67.91330028049549,0.07149916978248559,0.026739328671918028,285.00533428182763,8.01495558673124,true
34,77,3,4,8.447647213280952,0.9155235278671905,63.30152273387441,0.7136274344005342,0.08447647213280951,250.50692681029753,7.401116073765446,true
34,77,4,5,4.975627065903826,0.9502437293409618,66.07459513567477,0.24756864698954686,0.04975627065903826,271.2481733725335,7.787550415281126,true
34,77,4,10,1.9000781965892055,0.980999218034108,68.53154914459247,0.036102971531536875,0.019000781965892055,289.6317648577416,5.06664745080821,true
34,77,5,6,0.7585137454682866,0.9924148625453171,69.44361638152193,0.00575343102064333,0.0075851374546828665,296.45746508512144,6.871803776367745,true
34,77,6,9,29.379590574290344,0.7062040942570966,46.614360529008664,8.631603423129299,0.29379590574290343,126.0831163230767,4.466288667405243,true
34,78,2,4,5.545327315727111,0.9445467268427289,65.61953260135553,0.30750655038549246,0.05545327315727111,267.84392518438165,8.930702225644621,true
34,78,2,6,3.8519912027764116,0.9614800879722358,66.97217752036846,0.14837836226266887,0.038519912027764114,277.96346243513335,8.01495558673124,true
34,78,3,4,7.659514661595618,0.9234048533840438,63.9309331245403,0.5866816485119828,0.07659514661595618,255.2138091067622,7.401116073765446,true
34,78,4,5,6.437881219098979,0.9356211878090102,64.90661860479803,0.4144631459122739,0.06437881219098979,262.5111842869504,7.787550415281126,true
34,78,4,10,1.0766806829860975,0.989233193170139,69.18940743634053,0.011592412931154095,0.010766806829860975,294.55495555667136,5.06664745080821,true
34,78,5,6,1.8376116858113412,0.9816238831418866,68.58145611507973,0.03376816707830389,0.01837611685811341,290.00523915970814,6.871803776367745,true
34,78,6,9,28.94876294349245,0.7105123705650755,46.95671087852084,8.380308759585215,0.2894876294349245,128.62184700534124,4.466288667405243,true
34,78,2,5,47.14272942095407,0.5285727057904593,32.80984769512429,22.224369372572884,0.47142729420954066,27.624248112026503,8.842578771372597,true
34,79,2,4,2.689997015375678,0.9731000298462432,67.90046657795189,0.07236083942730055,0.02689997015375678,284.90930171279456,8.930702225644621,true
34,79,2,6,4.340395361962024,0.9565960463803798,66.5820227931458,0.18839031898141448,0.04340395361962024,275.0444094825362,8.01495558673124,true
34,79,3,4,8.797326830056612,0.9120267316994339,63.022278340526086,0.7739295935483387,0.08797326830056612,248.41883511108776,7.401116073765446,true
34,79,4,5,5.386472130418879,0.9461352786958113,65.74642044964119,0.29014082011779263,0.05386472130418879,268.7931302970126,7.787550415281126,true
34,79,4,10,1.059500254818857,0.9894049974518114,69.20313414447682,0.01122540789961223,0.01059500254818857,294.6576854377248,5.06664745080821,true
34,79,5,6,0.17155499594916357,0.9982844500405084,69.91259527896285,2.943111663511753E-4,0.0017155499594916357,299.9674555387487,6.871803776367745,true
34,79,6,9,29.74666912268718,0.7025333087731283,46.32274011542002,8.848643238946307,0.2974666912268718,123.92149353527212,4.466288667405243,true
34,79,2,5,45.47335274829166,0.5452664725170834,34.03339055890205,20.678258101705648,0.4547335274829166,35.401338660957606,8.842578771372597,true
34,80,2,4,2.2271880062102847,0.9777281199378971,68.2702109456709,0.049603664150069546,0.022271880062102845,287.6760989755207,8.930702225644621,true
34,80,2,5,47.045663770579665,0.5295433622942034,32.879780244285165,22.13294479614432,0.47045663770579665,28.052242591499876,8.842578771372597,true
34,80,2,6,4.1468620741065,0.958531379258935,66.73662268508487,0.17196465061662886,0.041468620741065,276.2010744427624,8.01495558673124,true
34,80,3,4,6.87861736140864,0.9312138263859135,64.55460419500982,0.473153768046724,0.0687861736140864,259.8782575142828,7.401116073765446,true
34,80,4,5,6.049354733951956,0.9395064526604804,65.21694274277289,0.36594692697186976,0.06049354733951956,264.83240219497713,7.787550415281126,true
34,80,4,10,1.8771817705619864,0.9812281822943801,68.54984198685557,0.03523811399730234,0.018771817705619864,289.7686574427314,5.06664745080821,true
34,80,6,9,29.828514727949447,0.7017148527205055,46.257728510582425,8.897402908754971,0.29828514727949446,123.43971749114299,4.466288667405243,true
34,81,2,4,1.0486750734533423,0.9895132492654666,69.21178318461767,0.01099719409682373,0.010486750734533423,294.722414426887,8.930702225644621,true
34,81,6,9,29.251179527114314,0.7074882047288569,46.716390900949484,8.556315037274715,0.2925117952711431,126.83961329013289,4.466288667405243,true
34,81,4,10,0.9623560075154858,0.9903764399248451,69.28075006047814,0.009261290852011458,0.009623560075154858,295.2385612847178,5.06664745080821,true
34,81,4,5,4.770586631059492,0.9522941336894051,66.238380620892,0.22758496804443556,0.047705866310594924,272.4734787284347,7.787550415281126,true
34,81,3,4,8.169232255997516,0.9183076774400248,63.523863018958224,0.6673635565243027,0.08169232255997516,252.16958293913956,7.401116073765446,true
34,81,2,6,5.5199489261185235,0.9448005107388148,65.63980385995086,0.3046983614695704,0.05519948926118523,267.99556646020216,8.01495558673124,true
34,81,2,5,48.079788528894106,0.5192021147110589,32.14400056121492,23.116660649831772,0.4807978852889411,23.677896513239528,8.842578771372597,true
34,81,5,6,1.560012071868172,0.9843998792813182,68.80324348344362,0.024336376643744353,0.01560012071868172,291.66499038755427,6.871803776367745,true
34,82,4,10,1.2023602511145703,0.9879763974888542,69.08899315482472,0.014456701734602994,0.012023602511145703,293.8034656076399,5.06664745080821,true
34,82,4,5,6.426486692440897,0.935735133075591,64.91571952479143,0.4129973120811998,0.06426486692440897,262.5792574202375,7.787550415281126,true
34,82,2,4,1.9598903878047802,0.9804010961219523,68.48376297434271,0.038411703322095606,0.019598903878047802,289.27416336490205,8.930702225644621,true
34,82,2,5,47.2049228787286,0.527950771212714,32.7651286144731,22.283047439867147,0.472049228787286,27.351801076747904,8.842578771372597,true
34,82,2,6,4.006934642075455,0.9599306535792455,66.84840186606206,0.16055525225864356,0.04006934642075455,277.03738374199554,8.01495558673124,true
34,82,3,4,8.188277551791789,0.9181172244820821,63.50865341246126,0.6704788926517733,0.0818827755179179,252.05584376714296,7.401116073765446,true
34,82,6,9,29.22739711905134,0.7077260288094867,46.73528835779368,8.542407423547305,0.2922739711905134,126.97973834638697,4.466288667405243,true
34,83,4,5,8.54072704473391,0.9145927295526609,63.22719096775807,0.7294401845264922,0.08540727044733909,249.9510898025005,7.787550415281126,true
34,83,3,4,9.398517020049796,0.9060148297995021,62.542204344869624,0.8833212217616565,0.09398517020049796,244.82925709789038,7.401116073765446,true
34,83,2,6,5.474219989934936,0.9452578001006506,65.67633042310723,0.29967084498203256,0.054742199899349364,268.26880836149405,8.01495558673124,true
34,83,2,5,44.19050812641814,0.5580949187358186,34.99759484402279,19.528010084710274,0.4419050812641814,41.85697814463718,8.842578771372597,true
34,83,2,4,1.5547299327552666,0.9844527006724473,68.80746366447289,0.024171851638052043,0.015547299327552666,291.69657261701053,8.930702225644621,true
34,83,6,9,29.385682002570196,0.7061431799742981,46.609520722348776,8.635183067561778,0.29385682002570196,126.04723447267737,4.466288667405243,true
34,84,6,9,29.917044944403205,0.700829550555968,46.18741117675686,8.950295782054413,0.29917044944403204,122.91867297916922,4.466288667405243,true
34,84,2,4,3.856933074039115,0.9614306692596088,66.96822971731424,0.14875932737616818,0.03856933074039115,277.933925086676,8.930702225644621,true
34,84,2,5,46.86018958880702,0.5313981041119298,33.01386864599703,21.958773682989378,0.46860189588807016,28.87926880801081,8.842578771372597,true
34,84,2,6,4.718705829006736,0.9528129417099327,66.2798231484606,0.22266184700702124,0.04718705829006736,272.78352125927904,8.01495558673124,true
34,84,3,4,7.877376384779544,0.9212262361522046,63.75694258638169,0.6205305870748244,0.07877376384779544,253.91261557542921,7.401116073765446,true
34,84,4,5,8.69064229083944,0.9130935770916055,63.107472759581235,0.7552726342732704,0.0869064229083944,249.0558781000192,7.787550415281126,true
34,84,5,6,0.25819969590913927,0.9974180030409086,69.84336547086237,6.666708296757342E-4,0.0025819969590913927,299.44930637633877,6.871803776367745,true
34,85,2,5,47.32129543099715,0.5267870456900285,32.68164390607643,22.393050012677115,0.47321295430997146,26.84583243150011,8.842578771372597,true
34,85,2,6,4.0676448086631565,0.9593235519133685,66.79990423137261,0.16545734289444305,0.04067644808663157,276.6745327140837,8.01495558673124,true
34,85,3,4,7.272733354994232,0.9272726664500577,64.23983500084778,0.5289265045284566,0.07272733354994232,257.52403356689774,7.401116073765446,true
34,85,4,5,10.862135418482977,0.8913786458151702,61.37355810749484,1.1798598584946234,0.10862135418482977,236.09251633472653,7.787550415281126,true
34,85,4,10,0.9235240850247128,0.9907647591497528,69.31177594081926,0.008528967356207381,0.009235240850247128,295.4707596666324,5.06664745080821,true
34,85,5,6,0.260241422714802,0.997397585772852,69.84173411838208,6.772559809662426E-4,0.00260241422714802,299.4370965947894,6.871803776367745,true
34,85,6,9,28.59962662939921,0.7140037337060079,47.23421079454643,8.179386433410405,0.2859962662939921,130.68048218492063,4.466288667405243,true
34,85,2,4,6.424327293237075,0.9357567270676292,64.91744425892807,0.41271981170630806,0.06424327293237075,262.5921581109321,8.930702225644621,true
34,86,6,9,29.62261938355332,0.7037738061644667,46.42128197927595,8.774995791428692,0.2962261938355332,124.65183342105234,4.466288667405243,true
34,86,5,6,0.6658656440499566,0.9933413435595004,69.51764111641066,0.004433770559260635,0.006658656440499566,297.0114787687126,6.871803776367745,true
34,86,4,10,2.23528110977671,0.9776471889022329,68.26374517341324,0.049964816397246,0.0223528110977671,287.6277145660318,5.06664745080821,true
34,86,4,5,10.249334191021614,0.8975066580897839,61.86283791718749,1.0504885135924462,0.10249334191021614,239.7501002539658,7.787550415281126,true
34,86,3,4,5.678094553099849,0.9432190544690016,65.51348393620674,0.32240757753942145,0.056780945530998495,267.0506242551331,7.401116073765446,true
34,86,2,6,5.495402625587875,0.9450459737441212,65.65941051212576,0.30199450017318114,0.05495402625587875,268.1422364983938,8.01495558673124,true
34,86,2,5,45.48390851496295,0.5451609148503705,34.02553122884597,20.687859337975187,0.45483908514962945,35.34970972654892,8.842578771372597,true
34,86,2,4,4.498690803475597,0.955013091965244,66.45557330651141,0.20238218945275938,0.04498690803475597,274.09837416498414,8.930702225644621,true
34,87,2,6,5.700162105920764,0.9429983789407923,65.49585743409978,0.3249184803377507,0.05700162105920764,266.9187697412032,8.01495558673124,true
34,87,3,4,3.856105121350856,0.9614389487864914,66.9688911254254,0.1486954670690832,0.03856105121350856,277.9388737220167,7.401116073765446,true
34,87,2,4,5.935285088492753,0.9406471491150725,65.3080541646778,0.35227609081684397,0.05935285088492753,265.5139341784833,8.930702225644621,true
34,87,4,5,10.698868740275708,0.893011312597243,61.50391249704849,1.1446579232164866,0.10698868740275708,237.06693734372672,7.787550415281126,true
34,87,2,5,46.74256217919744,0.5325743782080257,33.099211467591864,21.848671190761387,0.4674256217919744,29.409851143811586,8.842578771372597,true
34,87,4,10,3.6508156539559633,0.9634918434604404,67.1328871830922,0.1332845493916991,0.03650815653955963,279.1659002014034,5.06664745080821,true
34,87,5,6,0.8429407070684791,0.9915705929293153,69.37616054348712,0.007105490356331029,0.008429407070684791,295.9526179404273,6.871803776367745,true
34,87,6,9,29.08964787616935,0.7091035212383066,46.8447490489204,8.462076135595238,0.2908964787616935,127.79145974010147,4.466288667405243,true
34,88,2,5,46.64782384778802,0.5335217615221198,33.16811405160946,21.760194697342605,0.46647823847788017,29.840519510069317,8.842578771372597,true
34,88,2,6,4.620383146432183,0.9537961685356782,66.35836396168796,0.2134794041983456,0.04620383146432183,273.37111069808105,8.01495558673124,true
34,88,3,4,4.3032032687462145,0.9569679673125379,66.61173274767626,0.18517558372148105,0.04303203268746214,275.26668764098736,7.401116073765446,true
34,88,4,5,9.166251359943034,0.9083374864005697,62.727674595116966,0.8402016399365753,0.09166251359943034,246.2160055017696,7.787550415281126,true
34,88,4,10,3.242964715882696,0.967570352841173,67.458706075726,0.10516820148460153,0.03242964715882696,281.60376867334696,5.06664745080821,true
34,88,6,9,28.702497897431144,0.7129750210256885,47.15244102883066,8.238333855520393,0.28702497897431145,130.07379955092458,4.466288667405243,true
34,88,2,4,4.271216027441133,0.9572878397255886,66.63728499509895,0.18243286353070035,0.042712160274411326,275.45786017639045,8.930702225644621,true
34,89,2,4,2.719206165031862,0.9728079383496814,67.87713131931547,0.07394082167947287,0.027192061650318622,284.7346880366279,8.930702225644621,true
34,89,2,5,45.188955902197556,0.5481104409780244,34.24563662092333,20.420417355307553,0.45188955902197553,36.80229144044215,8.842578771372597,true
34,89,2,6,5.817867088451917,0.9418213291154809,65.4018408002402,0.3384757745889195,0.05817867088451917,266.21548688932296,8.01495558673124,true
34,89,3,4,5.815913067768596,0.941840869322314,65.40340156428874,0.33824844811841526,0.058159130677685966,266.2271619634606,7.401116073765446,true
34,89,4,5,8.83079665552341,0.9116920334447659,62.99555070763801,0.7798296957120343,0.0883079665552341,248.2189807079943,7.787550415281126,true
34,89,4,10,1.9962753700059288,0.9800372462999407,68.45469374367697,0.03985115352892308,0.019962753700059288,289.05662857359874,5.06664745080821,true
34,89,5,6,0.6994404837665003,0.993005595162335,69.49081517727433,0.004892169903315159,0.0069944048376650025,296.8107083831514,6.871803776367745,true
34,89,6,9,27.78205763717737,0.7221794236282263,47.884239677236124,7.718427265554455,0.2778205763717737,135.5053699164962,4.466288667405243,true
34,90,2,4,0.5702576234471846,0.9942974237655282,69.59403115515767,0.0032519375709962775,0.005702576234471846,297.5831993376251,8.930702225644621,true
34,90,2,5,43.15146098924195,0.5684853901075806,35.78937646133359,18.620485855060693,0.43151460989241947,47.30213911909123,8.842578771372597,true
34,90,2,6,6.543442764758945,0.9345655723524106,64.82230592527603,0.4281664321567618,0.06543442764758944,261.8805461531101,8.01495558673124,true
34,90,3,4,8.2244898579997,0.9177551014200029,63.47973426723159,0.6764223342433997,0.082244898579997,251.83958392462884,7.401116073765446,true
34,90,4,5,8.485431907968227,0.9151456809203178,63.27134853209123,0.7200255466476526,0.08485431907968227,250.28128972150685,7.787550415281126,true
34,90,4,10,0.9826816111003667,0.9901731838889963,69.26451036013356,0.009656631487948123,0.009826816111003667,295.11702331367457,5.06664745080821,true
34,90,6,9,28.72445581619117,0.7127554418380884,47.13498785713583,8.250943619363186,0.2872445581619117,129.9443153046283,4.466288667405243,true
34,91,4,5,8.745273441212053,0.9125472655878795,63.06384619925219,0.764798075615689,0.08745273441212054,248.7296583971643,7.787550415281126,true
34,91,1,2,1.4878022939870506,0.9851219770601295,68.86093580686543,0.0221355566599313,0.014878022939870506,292.0967390771791,8.028685880169121,true
34,91,2,5,41.42296735396141,0.585770326460386,37.121750655305455,17.158622244073527,0.4142296735396141,56.664686645723116,8.842578771372597,true
34,91,2,6,5.186975678013928,0.9481302432198607,65.90577303054172,0.26904716684308044,0.051869756780139276,269.9852173909738,8.01495558673124,true
34,91,3,4,8.647797483230102,0.913522025167699,63.14168729361366,0.7478440131096088,0.08647797483230102,249.31172070457418,7.401116073765446,true
34,91,6,9,29.366423250978606,0.706335767490214,46.62482239125102,8.623868145556168,0.29366423250978607,126.16068033480643,4.466288667405243,true
34,92,1,2,0.20089939887045216,0.9979910060112955,69.88914883333113,4.036056846650792E-4,0.0020089939887045216,299.79197065532713,8.028685880169121,true
34,92,2,5,41.21921645861566,0.5878078354138434,37.27978181076452,16.99023805462212,0.4121921645861566,57.78780080144693,8.842578771372597,true
34,92,2,6,6.207424966060765,0.9379257503393923,65.09068773303198,0.38532124709274523,0.06207424966060765,263.8880043212472,8.01495558673124,true
34,92,3,4,9.264252292827258,0.9073574770717274,62.64941780058873,0.8582637054515511,0.09264252292827257,245.63087894004713,7.401116073765446,true
34,92,4,5,9.515416429495339,0.9048458357050466,62.448858543666816,0.9054314982670981,0.09515416429495338,244.1313351682896,7.787550415281126,true
34,92,6,9,30.179886362384877,0.6982011363761512,45.97866775119024,9.108255408464647,0.3017988636238488,121.37221864765348,4.466288667405243,true
34,93,2,5,39.8183521619203,0.601816478380797,38.37056126195547,15.855011688907032,0.398183521619203,65.59474685831256,8.842578771372597,true
34,93,2,6,8.16458908101771,0.9183541091898229,63.527571070220134,0.6666051486187364,0.08164589081017709,252.1973122145797,8.01495558673124,true
34,93,3,4,9.454040734796815,0.9054595926520319,62.49786776532995,0.8937888621519744,0.09454040734796815,244.49776265456705,7.401116073765446,true
34,93,4,5,9.694420288753008,0.90305579711247,62.30592339309309,0.9398178473498591,0.09694420288753008,243.06267074939183,7.787550415281126,true
34,93,6,9,30.065424187579147,0.6993457581242085,46.06956669894182,9.039297315790693,0.3006542418757915,122.04557585462793,4.466288667405243,true
34,94,2,5,39.07554455388457,0.6092445544611542,38.95147388925628,15.268981821826184,0.3907554455388457,69.78492332397134,8.842578771372597,true
34,94,2,6,8.825606682699972,0.9117439331730003,62.99969520249656,0.7789133331771839,0.08825606682699971,248.24997087693094,8.01495558673124,true
34,94,3,4,7.500966663470388,0.9249903333652961,64.05755593579343,0.5626450088649408,0.07500966663470388,256.16078535057267,7.401116073765446,true
34,94,4,5,9.952758975940762,0.9004724102405923,62.09964327218111,0.9905741123316947,0.09952758975940762,241.52045520302988,7.787550415281126,true
34,94,6,9,30.75181985091363,0.6924818014908637,45.52458407493506,9.456744241430457,0.3075181985091363,118.00988000783761,4.466288667405243,true
34,95,1,2,1.4008009718445291,0.9859919902815547,68.93044619430036,0.01962243362720577,0.014008009718445291,292.6169336044524,8.028685880169121,true
34,95,2,5,38.0106453192584,0.619893546807416,39.78669373907755,14.448091575864604,0.380106453192584,75.84032797413488,8.842578771372597,true
34,95,2,6,7.741032653814006,0.9225896734618599,63.86583019435369,0.5992358654741472,0.07741032653814006,254.7269304252138,8.01495558673124,true
34,95,3,4,8.623690290498697,0.913763097095013,63.16093860457334,0.743680342264415,0.08623690290498698,249.4556749964538,7.401116073765446,true
34,95,4,5,9.940911827897208,0.900590881721028,62.10910295944041,0.9882172797002656,0.09940911827897209,241.59117746778026,7.787550415281126,true
34,95,4,10,0.47312202238665724,0.9952687797761335,69.67164209437476,0.0022384444806723795,0.004731220223866572,298.16406211136166,5.06664745080821,true
34,95,6,9,31.603305488791506,0.6839669451120849,44.84892130626925,9.987689178178794,0.31603305488791505,113.01148101330003,4.466288667405243,true
34,96,2,5,36.36113975482976,0.6363886024517025,41.08488226793651,13.221324842702609,0.3636113975482976,85.30904290702765,8.842578771372597,true
34,96,2,6,8.336226538568836,0.9166377346143116,63.39050190741897,0.6949267290233936,0.08336226538568836,251.17230353406777,8.01495558673124,true
34,96,3,4,9.414189888162877,0.9058581011183713,62.52968928511614,0.8862697125038811,0.09414189888162877,244.73568458395147,7.401116073765446,true
34,96,4,5,11.685334753839449,0.8831466524616055,60.716337219158625,1.3654704830928805,0.11685334753839449,231.18009192156708,7.787550415281126,true
34,96,6,9,32.29084199895678,0.6770915800104322,44.30371154768592,10.42698477001591,0.3229084199895678,108.98265094328616,4.466288667405243,true
34,97,2,5,36.10292092111582,0.6389707907888418,41.28850734077293,13.034208990363423,0.36102920921115816,86.79935602661686,8.842578771372597,true
34,97,2,6,9.936673376642553,0.9006332662335745,62.11248727212728,0.9873747779407684,0.09936673376642552,241.61647920897104,8.01495558673124,true
34,97,3,4,10.170043869491485,0.8982995613050851,61.92614792716388,1.0342979230738134,0.10170043869491485,240.2233972381925,7.401116073765446,true
34,97,4,5,10.490713766429483,0.8950928623357052,61.67010936923154,1.1005507532915306,0.10490713766429483,238.30932504892564,7.787550415281126,true
34,97,6,9,32.61815667133926,0.6738184332866075,44.0442772979673,10.639441446360335,0.32618156671339255,107.06711267273843,4.466288667405243,true
34,98,2,5,35.3800111428688,0.646199888571312,41.85906742743394,12.517451884695204,0.353800111428688,90.98145997736688,8.842578771372597,true
34,98,2,6,12.04525367277633,0.8795474632722367,60.42900519899742,1.4508813604153172,0.12045253672776329,229.03264070771183,8.01495558673124,true
34,98,3,4,10.208870378117252,0.8979112962188275,61.895146522027645,1.0422103439719987,0.10208870378117252,239.99163422172546,7.401116073765446,true
34,98,4,5,8.475096012305656,0.9152490398769435,63.27960258957755,0.7182725241779918,0.08475096012305655,250.34301191460762,7.787550415281126,true
34,98,4,10,0.3347524153034409,0.9966524758469656,69.78219948216454,0.0011205917955148738,0.003347524153034409,298.99151379632514,5.06664745080821,true
34,98,6,9,31.715318171903967,0.6828468182809604,44.760073512016234,10.058614067451018,0.31715318171903967,112.35465195936418,4.466288667405243,true
34,99,2,5,34.76990975288565,0.6523009024711435,42.341105391966835,12.089466242238128,0.3476990975288565,94.52120536819328,8.842578771372597,true
34,99,2,6,12.875632518399726,0.8712436748160027,59.76613723208065,1.6578191274887248,0.12875632518399727,224.07906982561028,8.01495558673124,true
34,99,3,4,10.39463915752722,0.8960536084247278,61.74681921600656,1.0804852321519818,0.10394639157527219,238.88277589540328,7.401116073765446,true
34,99,4,5,7.408112721907561,0.9259188727809244,64.1317135622945,0.5488013410048862,0.07408112721907562,256.7153984649653,7.787550415281126,true
34,99,6,9,32.24728195839801,0.6775271804160199,44.338244035247925,10.39887193704422,0.3224728195839801,109.23770028893863,4.466288667405243,true
34,100,2,5,35.62140817369141,0.643785918263086,41.668466687141915,12.688847202767288,0.35621408173691405,89.58341547975245,8.842578771372597,true
34,100,2,6,12.325709963754889,0.8767429003624512,60.20511794407609,1.5192312611060648,0.12325709963754888,227.3594585190708,8.01495558673124,true
34,100,3,4,11.482852473991374,0.8851714752600863,60.87798859570312,1.3185590093944974,0.11482852473991373,232.3882966539761,7.401116073765446,true
34,100,4,5,8.86564914468445,0.9113435085531555,62.967719017989324,0.7859973475664414,0.08865649144684451,248.01087180663095,7.787550415281126,true
34,100,6,9,31.65713156434469,0.6834286843565531,44.80622570873615,10.021739788822288,0.3165713156434469,112.69582981816984,4.466288667405243,true
34,101,4,5,9.369542546542032,0.9063045745345797,62.565341015869116,0.8778832753146134,0.09369542546542031,245.00224578280265,7.787550415281126,true
34,101,2,5,34.64536709315555,0.6535463290684445,42.43955882461196,12.003014610195056,0.3464536709315555,95.24484742379474,8.842578771372597,true
34,101,2,6,13.18687550806642,0.8681312449193358,59.51769706158127,1.73893685665242,0.1318687550806642,222.22269631228968,8.01495558673124,true
34,101,3,4,9.156631795869991,0.9084336820413002,62.7353561529123,0.8384390584513725,0.0915663179586999,246.27344101694587,7.401116073765446,true
34,101,6,9,32.19846217941042,0.6780153782058957,44.376947901731114,10.367409667189234,0.3219846217941042,109.52357982872654,4.466288667405243,true
34,102,2,5,35.14881088146108,0.6485118911853892,42.04168541327551,12.354389063807169,0.3514881088146108,92.32181708012095,8.842578771372597,true
34,102,2,6,11.700093755665314,0.8829990624433468,60.704554531078,1.3689219389135854,0.11700093755665314,231.0920281782132,8.01495558673124,true
34,102,3,4,8.058277001154767,0.9194172299884523,63.612472551655664,0.6493582822733988,0.08058277001154768,252.83222104466088,7.401116073765446,true
34,102,4,5,8.773142434391362,0.9122685756560864,63.04159105701551,0.7696802817411834,0.08773142434391362,248.5632454842237,7.787550415281126,true
34,102,6,9,32.46452759884038,0.6753547240115962,44.16603555520639,10.539455522158685,0.32464527598840376,107.96598709253153,4.466288667405243,true
34,103,2,5,37.85087663311194,0.6214912336688806,39.912217029435794,14.326888618950594,0.3785087663311194,76.75310691983525,8.842578771372597,true
34,103,2,6,11.043724118009756,0.8895627588199024,61.22857765922346,1.2196384239471036,0.11043724118009757,235.0087943645668,8.01495558673124,true
34,103,3,4,8.926116738019024,0.9107388326198098,62.91943241341008,0.7967556002074333,0.08926116738019024,247.6498156483917,7.401116073765446,true
34,103,4,5,6.953392074712012,0.9304660792528798,64.49488304147985,0.4834966134466785,0.06953392074712011,259.43158157671724,7.787550415281126,true
34,103,6,9,31.522043390740834,0.6847795660925917,44.91338327168967,9.936392195277477,0.31522043390740834,113.4880993412017,4.466288667405243,true
34,104,2,5,35.3316804202096,0.646683195797904,41.897236946255894,12.483276413158224,0.353316804202096,91.26154312721383,8.842578771372597,true
34,104,2,6,13.069688845788201,0.8693031115421179,59.611236648380135,1.7081676652572062,0.13069688845788202,222.92162142548474,8.01495558673124,true
34,104,3,4,7.019908162872479,0.9298009183712752,64.44175817960345,0.4927911061516366,0.07019908162872479,259.0342452207938,7.401116073765446,true
34,104,4,5,8.371854257822392,0.9162814574217761,63.36204996125278,0.7008794371421887,0.08371854257822392,250.95954180327948,7.787550415281126,true
34,104,4,10,1.464885460138593,0.9853511453986141,68.8792453595782,0.021458894113254492,0.01464885460138593,292.23376179294996,5.06664745080821,true
34,104,6,9,31.153355377557713,0.6884664462244229,45.20590370208772,9.70531551280404,0.3115335537755771,115.65162781733152,4.466288667405243,true
34,105,2,5,34.642614489986386,0.6535738551001362,42.44173500601004,12.001107387018145,0.34642614489986384,95.26084502006468,8.842578771372597,true
34,105,2,6,13.706652739782687,0.8629334726021731,59.10282154075756,1.8787232932899225,0.13706652739782688,219.12295821297806,8.01495558673124,true
34,105,3,4,6.949585788761908,0.930504142112381,64.49792304216024,0.48296742635361434,0.06949585788761908,259.4543187308239,7.401116073765446,true
34,105,4,5,8.725746454768368,0.9127425354523163,63.07943975656694,0.7613865119290274,0.08725746454768368,248.84625967902258,7.787550415281126,true
34,105,6,9,31.240922617572885,0.6875907738242711,45.1364190360127,9.759952459971771,0.31240922617572886,115.13760689598283,4.466288667405243,true
34,106,2,5,34.34833487521781,0.6565166512478219,42.674436932020384,11.79808108700104,0.3434833487521781,96.9720873925858,8.842578771372597,true
34,106,2,6,13.82613006434505,0.8617386993565495,59.00746094773853,1.911618725561861,0.1382613006434505,218.41051959822104,8.01495558673124,true
34,106,3,4,7.5402112560790435,0.9245978874392096,64.02621347760758,0.5685478578630111,0.07540211256079044,255.92638211294212,7.401116073765446,true
34,106,4,5,9.737006259243625,0.9026299374075637,62.27191870443472,0.9480929089254958,0.09737006259243625,242.80843668113064,7.787550415281126,true
34,106,6,9,30.53584617630982,0.6946415382369018,45.69603298220815,9.324379017032552,0.3053584617630982,119.2791214072613,4.466288667405243,true
34,107,2,5,36.26465856390126,0.6373534143609874,41.16095358950359,13.15125460756337,0.3626465856390126,85.86565742908446,8.842578771372597,true
34,107,2,6,14.43419633536937,0.8556580366463062,58.52215653764703,2.083460238479906,0.1443419633536937,214.78509410663435,8.01495558673124,true
34,107,3,4,7.9748774912397185,0.9202512250876028,63.67907642913827,0.635986710002819,0.07974877491239718,253.33030349516258,7.401116073765446,true
34,107,4,5,9.44750330093435,0.9055249669906564,62.503087999951276,0.8925531862116551,0.09447503300934351,244.5367930083691,7.787550415281126,true
34,107,5,6,0.1702014032262611,0.9982979859677374,69.91367681271214,2.896851766018738E-4,0.001702014032262611,299.9755502865055,6.871803776367745,true
34,107,6,9,29.18557607168878,0.7081442392831122,46.76851995239571,8.517978506363326,0.2918557607168878,127.22615976480189,4.466288667405243,true
34,108,2,5,36.493393013019464,0.6350660698698054,40.98062881095182,13.317677336026977,0.36493393013019465,84.54650634923101,8.842578771372597,true
34,108,2,6,13.631007874891148,0.8636899212510885,59.16319807622043,1.8580437568534458,0.1363100787489115,219.57404027332015,8.01495558673124,true
34,108,3,4,6.967589505126082,0.9303241049487392,64.48354385957774,0.48547303511943113,0.06967589505126082,259.34677224281575,7.401116073765446,true
34,108,4,5,10.220905694951254,0.8977909430504875,61.885536828960085,1.0446691322508699,0.10220905694951254,239.91979352871422,7.787550415281126,true
34,108,5,6,0.36082389384661795,0.9963917610615338,69.76136829912508,0.001301938823706354,0.0036082389384661795,298.83560492096774,6.871803776367745,true
34,108,6,9,29.699302617371398,0.7030069738262861,46.36036588377165,8.820485759582034,0.296993026173714,124.20034384914685,4.466288667405243,true
34,109,2,5,33.64109132412348,0.6635890867587653,43.23405327311713,11.317230254780158,0.3364109132412348,101.09197870357738,8.842578771372597,true
34,109,2,6,14.262172107317783,0.8573782789268222,58.659447103228175,2.034095532187534,0.14262172107317783,215.8106631377413,8.01495558673124,true
34,109,3,4,8.666840655317815,0.9133315934468218,63.12647999182072,0.7511412694466978,0.08666840655317815,249.1980063895927,7.401116073765446,true
34,109,3,7,0.1677427171731971,0.9983225728282681,69.91564132696308,2.8137619164646265E-4,0.001677427171731971,299.99025371099356,8.004190895004067,true
34,109,4,5,11.607456336528754,0.8839254366347125,60.77851090956165,1.3473304260442154,0.11607456336528754,231.64478155652066,7.787550415281126,true
34,109,6,9,30.41019517717501,0.69589804822825,45.79579256351607,9.24779970713878,0.3041019517717501,120.01780304207152,4.466288667405243,true
34,110,2,5,33.2481361486674,0.667518638513326,43.54518967500784,11.054385573603238,0.332481361486674,103.38515498683076,8.842578771372597,true
34,110,2,6,16.760694358170397,0.832393056418296,56.665730786072544,2.8092087536800507,0.16760694358170397,200.9215593031548,8.01495558673124,true
34,110,3,4,7.009331183765238,0.9299066881623477,64.45020575039501,0.49130723643703755,0.07009331183765238,259.0974268455525,7.401116073765446,true
34,110,3,7,0.49087182912501137,0.9950912817087498,69.65746004478665,0.002409551526285371,0.004908718291250114,298.0579191869831,8.004190895004067,true
34,110,4,5,10.880362270246952,0.8911963772975304,61.35900566665258,1.1838228313181347,0.10880362270246952,235.98373603552122,7.787550415281126,true
34,110,5,6,0.4095038157662989,0.995904961842337,69.722472979871,0.0016769337512715888,0.004095038157662989,298.54449775508306,6.871803776367745,true
34,110,6,9,29.559208800298116,0.7044079119970188,46.4716567522782,8.737468248996217,0.29559208800298115,125.02522304854519,4.466288667405243,true
34,111,2,5,33.34432256985287,0.6665567743014713,43.46901779225344,11.118438476423995,0.3334432256985287,102.82358154359733,8.842578771372597,true
34,111,2,6,15.796933329826308,0.842030666701737,57.43468573446577,2.4954310262697716,0.15796933329826307,206.66304798757852,8.01495558673124,true
34,111,3,4,7.6712056902588035,0.9232879430974119,63.92159626142287,0.5884739674225908,0.07671205690258803,255.14398213104545,7.401116073765446,true
34,111,3,7,2.759839038141382,0.9724016096185861,67.84466968602216,0.07616711516449164,0.027598390381413818,284.49178410185704,8.004190895004067,true
34,111,4,5,10.487177477821591,0.895128225221784,61.67293287217205,1.0998089145132848,0.10487177477821591,238.33043222165696,7.787550415281126,true
34,111,5,6,0.5707131698189927,0.9942928683018101,69.5936671764019,0.0032571352220484235,0.005707131698189927,297.5804752262278,6.871803776367745,true
34,111,6,9,30.42071301797742,0.6957928698202258,45.78744166058661,9.254197805221407,0.3042071301797742,119.95596339150639,4.466288667405243,true
34,112,2,5,32.24279271068961,0.6775720728931038,44.34180299469625,10.395976817844993,0.3224279271068961,109.26398700082126,8.842578771372597,true
34,112,2,6,16.39311055724554,0.8360688944275446,56.959000934336295,2.6873407374207514,0.16393110557245538,203.1111242591812,8.01495558673124,true
34,112,3,4,7.941500017160685,0.9205849998283931,63.705732218026114,0.6306742252256317,0.07941500017160685,253.52964453212917,7.401116073765446,true
34,112,3,7,1.5470954695663952,0.984529045304336,68.81356324404267,0.023935043919528647,0.015470954695663952,291.7422195765173,8.004190895004067,true
34,112,4,5,12.757099491726464,0.8724290050827354,59.860754967386754,1.6274358744180761,0.12757099491726465,224.78609426499966,7.787550415281126,true
34,112,6,9,31.31361964919992,0.6868638035080008,45.07873764784888,9.805427755347594,0.3131361964919992,114.71094944897679,4.466288667405243,true
34,113,2,5,33.32142470578828,0.6667857529421172,43.48715031158199,11.103173444235177,0.33321424705788283,102.95725328952273,8.842578771372597,true
34,113,2,6,15.281057135750004,0.8471894286424999,57.84633298123138,2.3351070718605618,0.15281057135750004,209.73723098212753,8.01495558673124,true
34,113,3,4,7.781443777151159,0.9221855622284885,63.833556708596745,0.6055086725696446,0.07781443777151159,254.48557194344647,7.401116073765446,true
34,113,3,7,0.24947005689567314,0.9975052994310433,69.85034050885538,6.22353092875304E-4,0.0024947005689567314,299.50151074606435,8.004190895004067,true
34,113,4,5,14.16365561135292,0.8583634438864708,58.7380733782679,2.0060914027700907,0.1416365561135292,216.39802367888726,7.787550415281126,true
34,113,6,9,31.43391902954949,0.6856608097045052,44.983293812664115,9.880912655562733,0.3143391902954949,114.0050665487771,4.466288667405243,true
34,114,2,5,34.15160612321311,0.6584839387678689,42.830051268719686,11.66332200795087,0.3415160612321311,98.11708660652488,8.842578771372597,true
34,114,2,6,15.750599702542006,0.84249400297458,57.47165673233081,2.4808139098971624,0.15750599702542006,206.93913167203615,8.01495558673124,true
34,114,3,4,9.547471084862657,0.9045252891513734,62.42326262847736,0.9115420411628853,0.09547471084862658,243.93996341817382,7.401116073765446,true
34,114,4,5,12.673747954039555,0.8732625204596045,59.92729022746274,1.6062388720252174,0.12673747954039555,225.28328408965035,7.787550415281126,true
34,114,6,9,32.30619113936028,0.6769380886063971,44.29154376363521,10.436899859328808,0.3230619113936028,108.89278666630705,4.466288667405243,true
34,115,2,5,34.52587998891368,0.6547412001108632,42.534031796960114,11.9203638900887,0.34525879988913677,95.93943582833899,8.842578771372597,true
34,115,2,6,15.165264698590608,0.8483473530140939,57.938734600624166,2.2998525337831848,0.15165264698590608,210.4273389983894,8.01495558673124,true
34,115,3,4,8.429473527275011,0.9157052647272499,63.316035958334965,0.7105602394703021,0.08429473527275011,250.61545443944928,7.401116073765446,true
34,115,4,5,15.242484781567157,0.8475751521843284,57.87711330384283,2.3233334231630636,0.15242484781567156,209.96711389252815,7.787550415281126,true
34,115,6,9,31.792020351508203,0.6820797964849179,44.69923879807807,10.10732558030712,0.31792020351508204,111.90497947664358,4.466288667405243,true
34,116,2,5,34.25109746243529,0.6574890253756471,42.75134767834121,11.73137677381241,0.34251097462435287,97.53792819117704,8.842578771372597,true
34,116,2,6,17.643123235439777,0.8235687676456023,55.961772591296715,3.1127979750091486,0.17643123235439778,195.66668418033206,8.01495558673124,true
34,116,3,4,7.405428321455087,0.9259457167854491,64.13385746168643,0.5484036862420911,0.07405428321455088,256.7314324482795,7.401116073765446,true
34,116,4,5,12.829143988532909,0.8717085601146709,59.803246054373275,1.6458693547851009,0.1282914398853291,224.35636097279456,7.787550415281126,true
34,116,5,6,1.4179171827596204,0.9858208281724038,68.91677103828519,0.020104891371649787,0.014179171827596204,292.51459259330016,6.871803776367745,true
34,116,6,9,31.14415219632872,0.6885584780367129,45.21320671767759,9.699582160280867,0.31144152196328717,115.70565631683904,4.466288667405243,true
34,117,2,5,35.084931640072995,0.6491506835992701,42.09215308963891,12.30952428188595,0.3508493164007299,92.69237819350813,8.842578771372597,true
34,117,2,6,14.991985378121143,0.8500801462187886,58.07701318346664,2.247596255777981,0.14991985378121142,211.46011745054426,8.01495558673124,true
34,117,3,4,6.932165646054172,0.9306783435394583,64.51183615557716,0.48054920544333624,0.06932165646054173,259.55837957208485,7.401116073765446,true
34,117,4,5,15.124056827983617,0.8487594317201639,57.97161857913744,2.287370949360778,0.15124056827983617,210.67293986258497,7.787550415281126,true
34,117,6,9,31.82815304857477,0.6817184695142523,44.67058233617156,10.130313264834994,0.3182815304857477,111.69317720917911,4.466288667405243,true
34,118,2,4,2.3141826779600363,0.9768581732203996,68.20070899323258,0.053554414669702975,0.02314182677960036,287.1560066442522,8.930702225644621,true
34,118,2,5,37.273191522252304,0.627268084777477,40.366490936435284,13.89290806254501,0.372731915222523,80.06173395122873,8.842578771372597,true
34,118,2,6,13.365816035113532,0.8663418396488647,59.37486744207718,1.78645038284498,0.1336581603511353,221.1555091926789,8.01495558673124,true
34,118,3,4,5.987570599193425,0.9401242940080657,65.26629180429126,0.35851001680325517,0.05987570599193426,265.2015420777594,7.401116073765446,true
34,118,4,5,15.723524917222932,0.8427647508277707,57.49326063664747,2.472292358225304,0.1572352491722293,207.10046190517866,7.787550415281126,true
34,118,6,9,30.977311759847904,0.690226882401521,45.34560916083085,9.595938438668112,0.30977311759847903,116.68530081509591,4.466288667405243,true
34,119,6,9,31.97473216098458,0.6802526783901541,44.554341457741984,10.223834967667019,0.3197473216098458,110.83415076468552,4.466288667405243,true
34,119,2,4,1.0067041320378944,0.9899329586796211,69.24531692786299,0.010134532094621704,0.010067041320378944,294.97337987763865,8.930702225644621,true
34,119,4,5,15.525150414812455,0.8447484958518754,57.65155310122343,2.4103029540255143,0.15525150414812455,208.2825661725932,7.787550415281126,true
34,119,3,4,3.8448889962997668,0.9615511100370023,66.97785110458861,0.14783171393867028,0.03844888996299767,278.00591205476974,7.401116073765446,true
34,119,2,6,14.077757742815766,0.8592224225718423,58.806629510672686,1.9818326306540925,0.14077757742815766,216.91016764161137,8.01495558673124,true
34,119,2,5,36.02299498079755,0.6397700501920245,41.35155442919464,12.976561673865655,0.36022994980797546,87.26103839186831,8.842578771372597,true
