simulation_id,timestamp,node_id,cpu,memory,battery,rssi,packet_loss,latency,throughput,queue_size,traffic_load,link_quality,mobility_speed,anomaly_status,anomaly_score,anomaly_flag
35,0,1,4.998648,0.0,100.0,24.086601,0.759134,50.825431,0.0,0,0.0,0.240866,1.760948,Normal,-0.10178290072377877,0
35,0,2,1.35725,0.0,100.0,16.559666,0.834403,56.826384,0.0,0,0.0,0.165597,4.414506,Normal,-0.14846579177280794,0
35,0,3,1.11798,0.0,100.0,8.870203,0.911298,62.964943,0.0,0,0.0,0.088702,3.953289,Normal,-0.09939113753369527,0
35,0,4,0.0,0.670392,100.0,10.807469,0.891925,61.417205,0.0,0,481.0,0.108075,6.030497,Normal,-0.11891090982518887,0
35,0,5,1.673204,2.894786,100.0,18.655579,0.813444,55.155487,0.0,1,459.0,0.186556,9.434349,Normal,-0.11265382040561756,0
35,0,6,0.616801,0.0,100.0,23.823261,0.761767,51.046684,0.0,0,0.0,0.238233,6.511675,Normal,-0.09997252853292066,0
35,0,7,0.0,0.0,100.0,17.743906,0.822561,55.901248,0.0,0,0.0,0.177439,8.286927,Normal,-0.12285762317173987,0
35,0,8,0.0,0.35999,100.0,14.258196,0.857418,58.664026,0.0,0,0.0,0.142582,9.902659,Normal,-0.12167278819977617,0
35,0,9,3.330768,2.147787,100.0,15.948218,0.840518,57.314012,0.0,1,1401.0,0.159482,1.194532,Normal,-0.10900761079697424,0
35,0,10,0.587625,0.0,100.0,10.807469,0.891925,61.417205,0.0,0,1982.0,0.108075,3.679274,Normal,-0.06861707324696403,0
35,1,1,4.442957,1.314294,100.0,23.675699,0.763243,51.152718,0.0,0,0.0,0.236757,1.760948,Normal,-0.10650991186653497,0
35,1,2,0.0,2.761907,100.0,16.868391,0.831316,56.579918,1.0,2,1230.0,0.168684,4.414506,Normal,-0.08617541599081435,0
35,1,3,0.0,0.0,100.0,8.872905,0.911271,62.962804,0.0,0,0.0,0.088729,3.953289,Normal,-0.09735462212944063,0
35,1,4,0.333502,1.639717,100.0,11.473372,0.885266,60.885558,0.0,0,0.0,0.114734,6.030497,Normal,-0.13982863913595478,0
35,1,5,0.0,0.651761,100.0,18.37372,0.816263,55.380171,1.0,0,0.0,0.183737,9.434349,Normal,-0.0910153576801474,0
35,1,6,0.0,1.64469,100.0,24.039182,0.759608,50.879686,0.0,0,1170.0,0.240392,6.511675,Normal,-0.06758020665056769,0
35,1,7,0.0,0.062961,100.0,18.051596,0.819484,55.661432,0.0,0,0.0,0.180516,8.286927,Normal,-0.12073346276428432,0
35,1,8,0.0,0.407543,100.0,15.002786,0.849972,58.069141,0.0,0,0.0,0.150028,9.902659,Normal,-0.1261346374120108,0
35,1,9,0.0,4.132782,100.0,15.77492,0.842251,57.452254,0.0,2,1975.0,0.157749,1.194532,Normal,-0.062259448924634364,0
35,1,10,0.5797,0.0,100.0,11.473372,0.885266,60.885558,0.0,0,0.0,0.114734,3.679274,Normal,-0.13903612658061132,0
35,2,1,2.786116,0.630518,100.0,22.725592,0.772744,51.909645,0.0,0,0.0,0.227256,1.760948,Normal,-0.1055409929493405,0
35,2,2,2.921811,0.078764,100.0,16.760544,0.832395,56.665918,0.0,3,862.0,0.167605,4.414506,Normal,-0.07460223321938664,0
35,2,3,2.739796,0.0,100.0,8.727532,0.912725,63.078664,0.0,0,1299.0,0.087275,3.953289,Normal,-0.0759440871801258,0
35,2,4,0.0,3.241092,100.0,12.533662,0.874663,60.039115,0.0,0,0.0,0.125337,6.030497,Normal,-0.1617426238493785,0
35,2,5,4.175056,0.0,100.0,18.944458,0.810555,54.92443,0.0,0,0.0,0.189445,9.434349,Normal,-0.1115389030810851,0
35,2,6,4.869793,4.614156,100.0,23.532244,0.764678,51.283858,0.0,1,355.0,0.235322,6.511675,Normal,-0.10463188831496512,0
35,2,7,3.811124,0.0,100.0,18.400433,0.815996,55.382221,0.0,0,0.0,0.184004,8.286927,Normal,-0.12485634218887698,0
35,2,8,0.938266,0.0,100.0,14.353241,0.856468,58.587371,0.0,2,731.0,0.143532,9.902659,Normal,-0.09931750899361014,0
35,2,9,0.0,1.175063,100.0,16.108263,0.838917,57.18631,0.0,1,0.0,0.161083,1.194532,Normal,-0.1258059296753668,0
35,2,10,0.0,0.361501,100.0,12.533662,0.874663,60.039115,0.0,0,0.0,0.125337,3.679274,Normal,-0.15512337394150377,0
35,3,1,5.478133,2.123063,100.0,22.205087,0.777949,52.324406,0.0,0,0.0,0.222051,1.760948,Normal,-0.12177482127017358,0
35,3,2,6.412402,0.0,100.0,17.180028,0.8282,56.33133,1.0,2,300.0,0.1718,4.414506,Normal,-0.09468661231192932,0
35,3,3,5.380221,0.0,100.0,8.824855,0.911751,63.000776,2.0,2,1026.0,0.088249,3.953289,Anomalous,0.020485461386124615,1
35,3,4,0.371388,2.145361,100.0,12.374266,0.876257,60.166356,0.0,1,1065.0,0.123743,6.030497,Normal,-0.1347901645986787,0
35,3,5,8.67118,0.0,100.0,18.321744,0.816783,55.421084,0.0,0,0.0,0.183217,9.434349,Normal,-0.1214385983401493,0
35,3,6,6.726719,4.888903,100.0,24.045579,0.759544,50.875987,1.0,0,0.0,0.240456,6.511675,Normal,-0.08190173421976826,0
35,3,7,0.1264,0.0,100.0,19.476903,0.805231,54.524304,0.0,1,992.0,0.194769,8.286927,Normal,-0.09079878245696754,0
35,3,8,0.0,1.845586,100.0,14.048822,0.859512,58.831009,2.0,3,821.0,0.140488,9.902659,Normal,-0.009167277355590753,0
35,3,9,1.589714,0.341577,100.0,15.688491,0.843115,57.521217,0.0,0,0.0,0.156885,1.194532,Normal,-0.1360497845530106,0
35,3,10,0.0,0.78654,100.0,12.374266,0.876257,60.166356,0.0,0,0.0,0.123743,3.679274,Normal,-0.1528690532342969,0
35,4,1,1.890454,0.538552,100.0,23.525288,0.764747,51.272532,0.0,0,0.0,0.235253,1.760948,Normal,-0.0986855056515269,0
35,4,2,7.177572,0.0,100.0,16.788541,0.832115,56.643536,1.0,0,1792.0,0.167885,4.414506,Normal,-0.06677502112770223,0
35,4,3,7.612113,0.0,100.0,8.328214,0.916718,63.397432,0.0,2,0.0,0.083282,3.953289,Normal,-0.07044773724968956,0
35,4,4,0.0,1.704877,100.0,12.790616,0.872094,59.834,0.0,1,1354.0,0.127906,6.030497,Normal,-0.12522972291345802,0
35,4,5,8.095964,2.110579,100.0,18.753106,0.812469,55.077392,1.0,1,0.0,0.187531,9.434349,Normal,-0.10594556251485326,0
35,4,6,6.632757,3.592061,100.0,22.915831,0.770842,51.774914,0.0,0,0.0,0.229158,6.511675,Normal,-0.11931735234336238,0
35,4,7,0.0,0.0,100.0,18.300807,0.816992,55.460705,0.0,1,0.0,0.183008,8.286927,Normal,-0.11759197411352473,0
35,4,8,0.0,2.830381,100.0,14.120854,0.858791,58.772862,0.0,1,0.0,0.141209,9.902659,Normal,-0.12969337791170443,0
35,4,9,0.0,0.0,100.0,16.47302,0.83527,56.895245,0.0,0,1066.0,0.16473,1.194532,Normal,-0.10234984718742968,0
35,4,10,0.0,3.044921,100.0,12.790616,0.872094,59.834,0.0,0,336.0,0.127906,3.679274,Normal,-0.15610191446942506,0
35,5,1,3.748311,0.354013,100.0,24.71855,0.752814,50.322166,0.0,0,0.0,0.247186,1.760948,Normal,-0.09371526972048883,0
35,5,2,10.341147,0.078201,100.0,15.870578,0.841294,57.375963,1.0,1,0.0,0.158706,4.414506,Normal,-0.13881634857211683,0
35,5,3,4.552957,0.222821,100.0,8.16471,0.918353,63.528076,0.0,1,1172.0,0.081647,3.953289,Normal,-0.07199302862321849,0
35,5,4,0.0,4.362699,100.0,14.155447,0.858446,58.744625,0.0,0,0.0,0.141554,6.030497,Normal,-0.170412811058268,0
35,5,5,5.796036,0.0,100.0,18.16412,0.818359,55.54797,0.0,1,0.0,0.181641,9.434349,Normal,-0.121506126477537,0
35,5,6,9.707307,4.346867,100.0,22.131987,0.77868,52.400413,0.0,0,833.0,0.22132,6.511675,Normal,-0.11946125347532283,0
35,5,7,4.306461,2.07457,100.0,18.001427,0.819986,55.699547,0.0,0,0.0,0.180014,8.286927,Normal,-0.13697846961743926,0
35,5,8,0.0,4.423097,100.0,13.848843,0.861512,58.98948,0.0,1,2601.0,0.138488,9.902659,Normal,-0.05518300871492332,0
35,5,9,1.754558,0.0,100.0,15.847528,0.841525,57.394392,1.0,0,1026.0,0.158475,1.194532,Normal,-0.08990150631446431,0
35,5,10,4.96894,5.498317,100.0,14.155447,0.858446,58.744625,0.0,0,0.0,0.141554,3.679274,Normal,-0.1810348500964259,0
35,6,1,1.198692,0.94113,100.0,22.924629,0.770754,51.751059,0.0,0,0.0,0.229246,1.760948,Normal,-0.10001042904490504,0
35,6,2,6.671165,1.359713,100.0,15.882042,0.84118,57.36682,0.0,1,0.0,0.15882,4.414506,Normal,-0.1587807749003078,0
35,6,3,9.467199,1.938719,100.0,8.269374,0.917306,63.444942,0.0,2,656.0,0.082694,3.953289,Normal,-0.07340492168973539,0
35,6,4,0.0,2.902505,100.0,14.002503,0.859975,58.866692,0.0,0,340.0,0.140025,6.030497,Normal,-0.16152961018573253,0
35,6,5,1.907088,0.0,100.0,18.067658,0.819323,55.62407,1.0,1,0.0,0.180677,9.434349,Normal,-0.1032182275851029,0
35,6,6,12.602117,6.98441,100.0,21.671822,0.783282,52.766223,0.0,1,1848.0,0.216718,6.511675,Normal,-0.0748598806148455,0
35,6,7,8.924334,4.420159,100.0,17.046149,0.829539,56.461046,0.0,0,0.0,0.170461,8.286927,Normal,-0.14581230654006,0
35,6,8,0.0,2.949132,100.0,14.567088,0.854329,58.416102,0.0,1,0.0,0.145671,9.902659,Normal,-0.13745411893096982,0
35,6,9,1.102845,1.897535,100.0,16.106557,0.838934,57.187672,1.0,0,603.0,0.161066,1.194532,Normal,-0.10355094900635686,0
35,6,10,2.522033,5.012528,100.0,14.002503,0.859975,58.866692,0.0,0,0.0,0.140025,3.679274,Normal,-0.17743303579679154,0
35,7,1,5.074064,3.358676,100.0,22.371854,0.776281,52.191512,0.0,1,656.0,0.223719,1.760948,Normal,-0.09878928309560187,0
35,7,2,4.429699,0.0,100.0,16.270238,0.837298,57.057207,0.0,2,1423.0,0.162702,4.414506,Normal,-0.104030189960656,0
35,7,3,8.997056,4.900088,100.0,12.763199,0.872368,59.856369,2.0,1,771.0,0.127632,3.953289,Normal,-0.08123584721384086,0
35,7,4,0.0,4.578624,100.0,13.03232,0.869677,59.641065,0.0,0,0.0,0.130323,6.030497,Normal,-0.16051344831589115,0
35,7,5,3.304404,0.989635,100.0,18.952678,0.810473,54.917763,0.0,2,1415.0,0.189527,9.434349,Normal,-0.064242631708543,0
35,7,6,17.009245,8.673972,100.0,20.666038,0.79334,53.564212,0.0,1,0.0,0.20666,6.511675,Normal,-0.12302384427400853,0
35,7,7,4.022324,5.847144,100.0,31.792098,0.682079,44.699177,0.0,0,0.0,0.317921,8.286927,Normal,-0.04965406935730121,0
35,7,8,2.941215,3.593733,100.0,14.931454,0.850685,58.12538,2.0,2,848.0,0.149315,9.902659,Normal,-0.04798060675079707,0
35,7,9,0.0,3.987285,100.0,17.292972,0.82707,56.241097,0.0,0,0.0,0.17293,1.194532,Normal,-0.12261012507940339,0
35,7,10,2.510106,7.496202,100.0,13.03232,0.869677,59.641065,0.0,0,0.0,0.130323,3.679274,Normal,-0.16914827135287613,0
35,8,1,4.416419,1.019748,100.0,23.577955,0.76422,51.230578,1.0,1,1242.0,0.23578,1.760948,Normal,-0.04947893202291542,0
35,8,2,7.773562,0.0,100.0,15.149316,0.848507,57.951706,0.0,2,1061.0,0.151493,4.414506,Normal,-0.12187268562524384,0
35,8,3,12.395446,4.720189,100.0,12.773329,0.872267,59.848,0.0,0,874.0,0.127733,3.953289,Normal,-0.16161609157320644,0
35,8,4,0.682302,5.513666,100.0,13.386254,0.866137,59.358554,0.0,0,0.0,0.133863,6.030497,Normal,-0.16908962717112763,0
35,8,5,8.210467,3.73676,100.0,18.165173,0.818348,55.546534,1.0,2,0.0,0.181652,9.434349,Normal,-0.09676358707914723,0
35,8,6,13.737334,10.425626,100.0,20.414317,0.795857,53.761203,0.0,0,0.0,0.204143,6.511675,Normal,-0.13188399936571216,0
35,8,7,1.478612,6.876387,100.0,30.135112,0.698649,46.014224,0.0,1,1162.0,0.301351,8.286927,Normal,-0.030200244238733576,0
35,8,8,0.0,4.610531,100.0,13.633239,0.863668,59.161491,0.0,2,0.0,0.136332,9.902659,Normal,-0.10960790196519093,0
35,8,9,0.0,6.968674,100.0,16.459196,0.835408,56.906344,0.0,1,263.0,0.164592,1.194532,Normal,-0.12248197425786428,0
35,8,10,5.449064,5.532678,100.0,13.386254,0.866137,59.358554,0.0,0,0.0,0.133863,3.679274,Normal,-0.17628828640647992,0
35,9,1,1.965426,0.0,100.0,23.273135,0.767269,51.473404,0.0,0,0.0,0.232731,1.760948,Normal,-0.09939735447185166,0
35,9,2,11.359311,0.0,100.0,14.324107,0.856759,58.610388,1.0,2,0.0,0.143241,4.414506,Normal,-0.1255226921468161,0
35,9,3,17.206362,6.2544,100.0,13.163192,0.868368,59.537089,0.0,0,424.0,0.131632,3.953289,Normal,-0.1630997609203566,0
35,9,4,0.079687,6.12082,100.0,11.981929,0.880181,60.479558,0.0,0,1055.0,0.119819,6.030497,Normal,-0.14154400392803768,0
35,9,5,8.046859,5.440569,100.0,17.404654,0.825953,56.153311,1.0,0,0.0,0.174047,9.434349,Normal,-0.12190717356847786,0
35,9,6,9.871555,13.001143,100.0,20.343305,0.796567,53.819197,0.0,0,0.0,0.203433,6.511675,Normal,-0.1294961827680291,0
35,9,7,5.531863,5.426622,100.0,30.713119,0.692869,45.555305,0.0,3,1029.0,0.307131,8.286927,Anomalous,0.008050179077906505,1
35,9,8,2.799293,6.056351,100.0,13.562173,0.864378,59.218525,1.0,1,0.0,0.135622,9.902659,Normal,-0.11267705652894483,0
35,9,9,0.0,4.532292,100.0,15.635153,0.843648,57.563931,1.0,1,870.0,0.156352,1.194532,Normal,-0.11097086328103062,0
35,9,10,4.659741,7.404046,100.0,11.981929,0.880181,60.479558,0.0,0,0.0,0.119819,3.679274,Normal,-0.16888612363604955,0
35,10,1,6.150969,0.460879,100.0,22.457776,0.775422,52.123044,0.0,0,0.0,0.224578,1.760948,Normal,-0.11330021508119248,0
35,10,2,13.385618,0.0,100.0,13.923128,0.860769,58.930617,0.0,0,0.0,0.139231,4.414506,Normal,-0.16750080638912201,0
35,10,3,14.801416,7.638698,100.0,13.119553,0.868804,59.572451,0.0,0,0.0,0.131196,3.953289,Normal,-0.16777328009691722,0
35,10,4,1.96483,7.636423,100.0,12.946155,0.870538,59.709844,0.0,0,0.0,0.129462,6.030497,Normal,-0.1647656904836015,0
35,10,5,6.770568,6.223094,100.0,17.780687,0.822193,55.852876,0.0,2,3717.0,0.177807,9.434349,Normal,-0.015578612815232096,0
35,10,6,9.991123,11.502108,100.0,20.185953,0.79814,53.947737,0.0,0,0.0,0.20186,6.511675,Normal,-0.1356442634207281,0
35,10,7,7.401367,5.765107,100.0,31.849597,0.681504,44.653576,0.0,2,0.0,0.318496,8.286927,Normal,-0.004281082346835774,0
35,10,8,4.896732,3.947838,100.0,13.422756,0.865772,59.330327,0.0,1,911.0,0.134228,9.902659,Normal,-0.12231075061851426,0
35,10,9,0.0,6.70616,100.0,16.189183,0.838108,57.121755,0.0,1,0.0,0.161892,1.194532,Normal,-0.13371412013170625,0
35,10,10,0.327955,7.160487,100.0,12.946155,0.870538,59.709844,0.0,0,1314.0,0.129462,3.679274,Normal,-0.14385925973064906,0
35,11,1,5.226602,0.073465,100.0,20.718276,0.792817,53.509473,0.0,0,0.0,0.207183,1.760948,Normal,-0.11022142269754592,0
35,11,2,10.801704,0.0,100.0,15.014052,0.849859,58.059798,2.0,1,0.0,0.150141,4.414506,Normal,-0.08593968755007209,0
35,11,3,19.217021,8.66456,100.0,12.608424,0.873916,59.980715,1.0,2,2594.0,0.126084,3.953289,Normal,-0.029725774637741842,0
35,11,4,0.0,5.07343,100.0,12.344928,0.876551,60.189776,0.0,0,0.0,0.123449,6.030497,Normal,-0.15940320106346306,0
35,11,5,2.472459,8.93241,100.0,17.958924,0.820411,55.710172,1.0,1,0.0,0.179589,9.434349,Normal,-0.11081233603946727,0
35,11,6,5.417847,12.220979,100.0,19.155682,0.808443,54.768173,1.0,1,0.0,0.191557,6.511675,Normal,-0.11302555579823415,0
35,11,7,3.825279,7.122789,100.0,30.952618,0.690474,45.365207,0.0,1,662.0,0.309526,8.286927,Normal,-0.03533807411777412,0
35,11,8,5.671055,3.581581,100.0,14.513817,0.854862,58.459211,1.0,0,0.0,0.145138,9.902659,Normal,-0.11959688023221976,0
35,11,9,0.0,6.211626,100.0,16.252562,0.837474,57.071148,0.0,0,0.0,0.162526,1.194532,Normal,-0.13947220872255445,0
35,11,10,0.679571,6.20087,100.0,12.344928,0.876551,60.189776,0.0,0,1142.0,0.123449,3.679274,Normal,-0.14471805415630634,0
35,12,1,6.598975,0.365637,100.0,22.393582,0.776064,52.174198,0.0,1,316.0,0.223936,1.760948,Normal,-0.0952112183078388,0
35,12,2,14.884774,2.158082,100.0,13.779517,0.862205,59.044968,1.0,3,1457.0,0.137795,4.414506,Normal,-0.08070135694137237,0
35,12,3,20.907128,9.752929,100.0,13.680604,0.863194,59.124694,0.0,2,0.0,0.136806,3.953289,Normal,-0.1385110313205566,0
35,12,4,0.0,2.965479,100.0,13.788791,0.862112,59.037263,0.0,0,966.0,0.137888,6.030497,Normal,-0.15574271212988527,0
35,12,5,6.500601,11.816594,100.0,17.591352,0.824086,56.003937,1.0,0,0.0,0.175914,9.434349,Normal,-0.11372830844075948,0
35,12,6,7.072299,12.679118,100.0,19.127652,0.808723,54.786681,2.0,0,0.0,0.191277,6.511675,Normal,-0.05314390981337258,0
35,12,7,3.827795,7.017271,100.0,29.208728,0.707913,46.750123,2.0,0,0.0,0.292087,8.286927,Anomalous,0.002868852910649422,1
35,12,8,5.334434,4.814519,100.0,14.281247,0.857188,58.645081,0.0,0,0.0,0.142812,9.902659,Normal,-0.14329768086687544,0
35,12,9,0.754886,5.786892,100.0,15.520082,0.844799,57.655605,0.0,1,1205.0,0.155201,1.194532,Normal,-0.12050467629325351,0
35,12,10,0.447341,9.039982,100.0,13.788791,0.862112,59.037263,0.0,0,681.0,0.137888,3.679274,Normal,-0.1685499190370749,0
35,13,1,11.211545,0.0,100.0,21.02191,0.789781,53.267425,1.0,0,0.0,0.210219,1.760948,Normal,-0.08824206682737795,0
35,13,2,16.90453,2.905561,100.0,14.295551,0.857044,58.632933,1.0,2,0.0,0.142956,4.414506,Normal,-0.12848770236592533,0
35,13,3,22.39418,6.80106,100.0,13.78444,0.862156,59.041565,0.0,0,0.0,0.137844,3.953289,Normal,-0.1673414218815077,0
35,13,4,0.97685,1.101684,100.0,14.138192,0.858618,58.758396,0.0,0,0.0,0.141382,6.030497,Normal,-0.16652858337626575,0
35,13,5,10.86583,11.118289,100.0,16.97697,0.83023,56.49377,1.0,1,0.0,0.16977,9.434349,Normal,-0.1202831822072683,0
35,13,6,11.783245,10.073164,100.0,18.944931,0.810551,54.930656,1.0,1,0.0,0.189449,6.511675,Normal,-0.1178162645837223,0
35,13,7,5.210278,9.771614,100.0,28.153319,0.718467,47.589024,1.0,1,868.0,0.281533,8.286927,Normal,-0.03822025663688189,0
35,13,8,6.579421,5.303013,100.0,14.953781,0.850462,58.10796,0.0,2,2744.0,0.149538,9.902659,Normal,-0.0551917442840435,0
35,13,9,3.668815,3.753999,100.0,14.884019,0.85116,58.163185,1.0,1,670.0,0.14884,1.194532,Normal,-0.12453470963632679,0
35,13,10,0.079327,7.481206,100.0,14.138192,0.858618,58.758396,0.0,0,0.0,0.141382,3.679274,Normal,-0.1753284068695236,0
35,14,1,8.091476,2.888651,100.0,21.113588,0.788864,53.194346,0.0,0,998.0,0.211136,1.760948,Normal,-0.09422957783393537,0
35,14,2,16.211592,4.267747,100.0,14.760384,0.852396,58.261941,1.0,1,0.0,0.147604,4.414506,Normal,-0.156975256484373,0
35,14,3,24.428444,9.552453,100.0,13.148023,0.86852,59.549131,0.0,0,0.0,0.13148,3.953289,Normal,-0.15678362455808426,0
35,14,4,1.548547,1.991858,100.0,15.346567,0.846534,57.794057,0.0,0,2825.0,0.153466,6.030497,Normal,-0.07546652145731247,0
35,14,5,14.253886,10.20172,100.0,16.484386,0.835156,56.886945,1.0,0,0.0,0.164844,9.434349,Normal,-0.1223934517892184,0
35,14,6,12.893639,12.544875,100.0,19.028977,0.80971,54.863089,0.0,1,1156.0,0.19029,6.511675,Normal,-0.11146022969512454,0
35,14,7,1.330199,11.902016,100.0,27.8778,0.721222,47.808103,0.0,1,0.0,0.278778,8.286927,Normal,-0.05852238419575184,0
35,14,8,4.872919,2.984562,100.0,14.493122,0.855069,58.475269,0.0,2,0.0,0.144931,9.902659,Normal,-0.12526794020340287,0
35,14,9,8.001255,6.350642,100.0,14.600479,0.853995,58.389578,2.0,0,0.0,0.146005,1.194532,Normal,-0.08262906553933697,0
35,14,10,4.765211,6.228279,100.0,15.346567,0.846534,57.794057,0.0,0,602.0,0.153466,3.679274,Normal,-0.1616463772347086,0
35,15,1,6.928907,1.306383,100.0,19.531191,0.804688,54.45594,0.0,0,0.0,0.195312,1.760948,Normal,-0.12132408001509132,0
35,15,2,20.871378,6.853142,100.0,14.858059,0.851419,58.183994,0.0,1,0.0,0.148581,4.414506,Normal,-0.1667906034670113,0
35,15,3,28.215652,9.819221,100.0,14.376166,0.856238,58.569313,1.0,1,1433.0,0.143762,3.953289,Normal,-0.11168208463727058,0
35,15,4,4.849576,0.0,100.0,14.424321,0.855757,58.530038,0.0,0,2195.0,0.144243,6.030497,Normal,-0.10388534433134589,0
35,15,5,9.670176,7.876149,100.0,16.079973,0.8392,57.209348,0.0,0,0.0,0.1608,9.434349,Normal,-0.15421175783273838,0
35,15,6,17.795099,13.717344,100.0,19.254292,0.807457,54.683582,1.0,1,961.0,0.192543,6.511675,Normal,-0.09637694874692032,0
35,15,7,0.0,9.910152,100.0,28.118178,0.718818,47.616964,0.0,1,647.0,0.281182,8.286927,Normal,-0.049340379317841965,0
35,15,8,2.119275,0.393204,100.0,15.65709,0.843429,57.546701,0.0,0,0.0,0.156571,9.902659,Normal,-0.1322245042190313,0
35,15,9,4.552283,3.458964,100.0,13.946673,0.860533,58.911359,0.0,0,0.0,0.139467,1.194532,Normal,-0.16455448000945316,0
35,15,10,4.399367,6.99369,100.0,14.424321,0.855757,58.530038,0.0,0,0.0,0.144243,3.679274,Normal,-0.17973132124266544,0
35,16,1,5.890369,0.0,100.0,17.991962,0.82008,55.683515,0.0,0,0.0,0.17992,1.760948,Normal,-0.12301332066249965,0
35,16,2,17.978209,7.408484,100.0,15.417221,0.845828,57.737917,0.0,0,0.0,0.154172,4.414506,Normal,-0.16782211704063738,0
35,16,3,30.607418,9.805627,100.0,14.64211,0.853579,58.357991,0.0,1,0.0,0.146421,3.953289,Normal,-0.15835719618423194,0
35,16,4,5.572316,0.0,100.0,12.85309,0.871469,59.784131,0.0,0,551.0,0.128531,6.030497,Normal,-0.1487935519269334,0
35,16,5,11.642208,8.059712,100.0,15.725658,0.842743,57.492017,0.0,0,0.0,0.157257,9.434349,Normal,-0.15452408653703426,0
35,16,6,21.664937,11.73976,100.0,18.916627,0.810834,54.954518,1.0,3,776.0,0.189166,6.511675,Normal,-0.05167975959806437,0
35,16,7,0.0,9.493891,100.0,28.856767,0.711432,47.029825,1.0,1,449.0,0.288568,8.286927,Normal,-0.021869545272093727,0
35,16,8,0.0,0.0,100.0,16.44579,0.835542,56.917913,0.0,0,0.0,0.164458,9.902659,Normal,-0.1250014493877113,0
35,16,9,3.607828,4.276974,100.0,13.930367,0.860696,58.924521,0.0,0,1236.0,0.139304,1.194532,Normal,-0.1359386815044648,0
35,16,10,8.120604,5.331585,100.0,12.85309,0.871469,59.784131,0.0,0,0.0,0.128531,3.679274,Normal,-0.16844041354408212,0
35,17,1,6.835478,1.192259,100.0,17.745465,0.822545,55.880136,0.0,1,586.0,0.177455,1.760948,Normal,-0.1158805257020058,0
35,17,2,21.088727,6.747194,100.0,14.999668,0.850003,58.071343,0.0,2,1660.0,0.149997,4.414506,Normal,-0.1137603771347187,0
35,17,3,33.930694,6.878616,100.0,13.882333,0.861177,58.964831,0.0,1,0.0,0.138823,3.953289,Normal,-0.1563195283035531,0
35,17,4,3.453449,0.0,100.0,12.69459,0.873054,59.910653,0.0,0,0.0,0.126946,6.030497,Normal,-0.1546174415648895,0
35,17,5,7.063486,10.7727,100.0,16.186382,0.838136,57.124225,0.0,0,0.0,0.161864,9.434349,Normal,-0.15051192930587987,0
35,17,6,22.237977,11.591105,100.0,18.77217,0.812278,55.072686,0.0,3,0.0,0.187722,6.511675,Normal,-0.06932332432765836,0
35,17,7,0.0,7.220853,100.0,30.206813,0.697932,45.957285,0.0,1,1018.0,0.302068,8.286927,Normal,-0.022316550314876782,0
35,17,8,0.330842,1.592368,100.0,15.666475,0.843335,57.540131,0.0,0,0.0,0.156665,9.902659,Normal,-0.13564787352870417,0
35,17,9,0.964043,4.132018,100.0,14.727228,0.852728,58.288444,0.0,0,0.0,0.147272,1.194532,Normal,-0.1591269498679403,0
35,17,10,4.13057,6.677393,100.0,12.69459,0.873054,59.910653,0.0,0,1389.0,0.126946,3.679274,Normal,-0.1415598522678359,0
35,18,1,9.770632,0.0,100.0,19.458482,0.805415,54.513919,0.0,1,0.0,0.194585,1.760948,Normal,-0.10605759041518542,0
35,18,2,19.871412,5.876911,100.0,14.886275,0.851137,58.1615,0.0,2,0.0,0.148863,4.414506,Normal,-0.14690314314535918,0
35,18,3,29.424087,6.343511,100.0,14.155712,0.858443,58.746568,0.0,0,0.0,0.141557,3.953289,Normal,-0.16466725217615458,0
35,18,4,5.751905,0.705989,100.0,12.730583,0.872694,59.881922,0.0,0,0.0,0.127306,6.030497,Normal,-0.15485214444868567,0
35,18,5,10.243697,11.597273,100.0,16.020823,0.839792,57.256535,0.0,1,1483.0,0.160208,9.434349,Normal,-0.11770286552708642,0
35,18,6,18.9821,9.54793,100.0,17.870297,0.821297,55.788479,0.0,2,968.0,0.178703,6.511675,Normal,-0.10699618494115387,0
35,18,7,3.521288,9.230164,100.0,27.955516,0.720445,47.746304,0.0,1,0.0,0.279555,8.286927,Normal,-0.07154810751857138,0
35,18,8,4.583827,1.723068,100.0,16.618572,0.833814,56.780099,0.0,1,1280.0,0.166186,9.902659,Normal,-0.11352320376134345,0
35,18,9,0.428252,1.967171,100.0,14.13879,0.858612,58.758063,0.0,1,1037.0,0.141388,1.194532,Normal,-0.13821446143830385,0
35,18,10,1.158397,7.352204,100.0,12.730583,0.872694,59.881922,0.0,0,671.0,0.127306,3.679274,Normal,-0.1596652086713788,0
35,19,1,11.797829,0.0,100.0,19.858855,0.801411,54.194668,1.0,0,1118.0,0.198589,1.760948,Normal,-0.07352273152352257,0
35,19,2,16.14285,5.144372,100.0,14.495755,0.855042,58.473241,3.0,1,1482.0,0.144958,4.414506,Normal,-0.04925420778414169,0
35,19,3,32.112715,9.048122,100.0,14.362055,0.856379,58.58228,0.0,0,0.0,0.143621,3.953289,Normal,-0.16339436636545374,0
35,19,4,5.31113,0.0,100.0,11.116261,0.888837,61.170665,0.0,0,521.0,0.111163,6.030497,Normal,-0.13275691432201797,0
35,19,5,8.595762,14.128681,100.0,16.727747,0.832723,56.692411,2.0,2,0.0,0.167277,9.434349,Normal,-0.03931157876524216,0
35,19,6,15.624105,9.460023,100.0,18.846226,0.811538,55.013486,1.0,2,0.0,0.188462,6.511675,Normal,-0.09631542301645657,0
35,19,7,2.752687,11.476464,100.0,30.182316,0.698177,45.976738,1.0,0,1056.0,0.301823,8.286927,Anomalous,0.0029650473920392884,1
35,19,8,3.416929,0.0,100.0,16.45888,0.835411,56.907967,0.0,1,0.0,0.164589,9.902659,Normal,-0.13164693436593455,0
35,19,9,0.0,0.0,100.0,14.583069,0.854169,58.403374,2.0,1,1480.0,0.145831,1.194532,Normal,-0.03906125318084408,0
35,19,10,0.0,8.524747,100.0,11.116261,0.888837,61.170665,0.0,0,0.0,0.111163,3.679274,Normal,-0.15278976960282598,0
35,20,1,12.063362,1.168009,100.0,20.005179,0.799948,54.077998,0.0,0,0.0,0.200052,1.760948,Normal,-0.1209573629462447,0
35,20,2,15.013658,4.355016,100.0,13.847771,0.861522,58.990425,0.0,1,0.0,0.138478,4.414506,Normal,-0.1738959972861544,0
35,20,3,34.451826,6.893835,100.0,14.822314,0.851777,58.215539,1.0,4,3681.0,0.148223,3.953289,Anomalous,0.025224961958056347,1
35,20,4,8.133978,0.49538,100.0,12.259601,0.877404,60.257892,0.0,0,1319.0,0.122596,6.030497,Normal,-0.13311476453246135,0
35,20,5,9.703418,14.508955,100.0,16.083178,0.839168,57.206904,0.0,1,0.0,0.160832,9.434349,Normal,-0.13853808800810308,0
35,20,6,11.653746,9.738018,100.0,17.624832,0.823752,55.984324,0.0,0,0.0,0.176248,6.511675,Normal,-0.1469821435738497,0
35,20,7,7.542754,9.344107,100.0,27.843749,0.721563,47.835181,0.0,0,0.0,0.278437,8.286927,Normal,-0.08727130841721004,0
35,20,8,0.0,0.0,100.0,16.531726,0.834683,56.850513,1.0,0,521.0,0.165317,9.902659,Normal,-0.09256028222932461,0
35,20,9,0.0,0.0,100.0,13.492346,0.865077,59.273949,0.0,0,0.0,0.134923,1.194532,Normal,-0.14668331102373877,0
35,20,10,2.515961,8.255067,100.0,12.259601,0.877404,60.257892,0.0,0,0.0,0.122596,3.679274,Normal,-0.16770036693953883,0
35,21,1,12.342543,4.134819,100.0,21.574599,0.784254,52.826884,0.0,0,870.0,0.215746,1.760948,Normal,-0.10365434908377325,0
35,21,2,13.960319,7.047769,100.0,13.445052,0.865549,59.311688,1.0,1,1454.0,0.134451,4.414506,Normal,-0.12549738307777447,0
35,21,3,35.265336,5.515271,100.0,14.809625,0.851904,58.225973,0.0,5,561.0,0.148096,3.953289,Normal,-0.05693080565266084,0
35,21,4,4.087585,0.0,100.0,12.997602,0.870024,59.668778,0.0,0,0.0,0.129976,6.030497,Normal,-0.15620934326973485,0
35,21,5,12.335784,11.815087,100.0,16.168119,0.838319,57.139514,0.0,1,0.0,0.161681,9.434349,Normal,-0.14620630035759113,0
35,21,6,10.280999,9.676142,100.0,17.279303,0.827207,56.259724,0.0,0,0.0,0.172793,6.511675,Normal,-0.15104025811935484,0
35,21,7,5.158092,10.076136,100.0,27.510775,0.724892,48.099991,0.0,0,0.0,0.275108,8.286927,Normal,-0.08854020177603655,0
35,21,8,2.859169,1.003782,100.0,17.178098,0.828219,56.334719,1.0,1,0.0,0.171781,9.902659,Normal,-0.10826721688218222,0
35,21,9,0.0,0.0,100.0,13.474904,0.865251,59.287827,0.0,1,785.0,0.134749,1.194532,Normal,-0.1310741332764217,0
35,21,10,0.0,8.709306,100.0,12.997602,0.870024,59.668778,0.0,0,0.0,0.129976,3.679274,Normal,-0.16679410831588765,0
35,22,1,11.975315,2.174624,100.0,22.773258,0.772267,51.871665,0.0,0,0.0,0.227733,1.760948,Normal,-0.11380433659176986,0
35,22,2,10.336012,9.350027,100.0,13.648132,0.863519,59.149564,0.0,2,1397.0,0.136481,4.414506,Normal,-0.12767111930362007,0
35,22,3,38.460995,4.438402,100.0,15.068293,0.849317,58.018551,0.0,3,673.0,0.150683,3.953289,Normal,-0.07674979434368001,0
35,22,4,0.460573,0.0,100.0,12.379529,0.876205,60.162155,0.0,0,0.0,0.123795,6.030497,Normal,-0.151685094353679,0
35,22,5,12.370454,9.807592,100.0,16.668489,0.833315,56.740617,0.0,0,0.0,0.166685,9.434349,Normal,-0.14575511561575566,0
35,22,6,11.397354,9.848957,100.0,18.284888,0.817151,55.45748,0.0,0,1313.0,0.182849,6.511675,Normal,-0.1134831128255207,0
35,22,7,7.406989,8.319513,100.0,28.010307,0.719897,47.702736,0.0,0,0.0,0.280103,8.286927,Normal,-0.08778923512344267,0
35,22,8,6.508533,0.0,100.0,17.124144,0.828759,56.377113,0.0,1,0.0,0.171241,9.902659,Normal,-0.12578972772391217,0
35,22,9,2.540277,0.657832,100.0,14.159077,0.858409,58.741741,0.0,1,0.0,0.141591,1.194532,Normal,-0.1498812619178307,0
35,22,10,0.469697,8.371736,100.0,12.379529,0.876205,60.162155,0.0,0,569.0,0.123795,3.679274,Normal,-0.15958382973311486,0
35,23,1,14.956005,1.092786,100.0,21.846823,0.781532,52.60992,0.0,0,0.0,0.218468,1.760948,Normal,-0.12012325924095485,0
35,23,2,13.196381,9.041422,100.0,14.689698,0.853103,58.318285,0.0,1,0.0,0.146897,4.414506,Normal,-0.17397950374541643,0
35,23,3,41.781843,1.878018,100.0,15.262712,0.847373,57.862821,1.0,2,816.0,0.152627,3.953289,Normal,-0.06529947895725058,0
35,23,4,4.678545,2.917994,100.0,13.771479,0.862285,59.05108,0.0,0,555.0,0.137715,6.030497,Normal,-0.16920737491327226,0
35,23,5,8.616507,11.26935,100.0,17.361005,0.82639,56.187557,0.0,0,0.0,0.17361,9.434349,Normal,-0.13800006723499408,0
35,23,6,12.458708,9.770625,100.0,18.39971,0.816003,55.364465,1.0,0,0.0,0.183997,6.511675,Normal,-0.12409704639418612,0
35,23,7,8.150689,8.122639,100.0,27.187372,0.728126,48.357231,0.0,0,0.0,0.271874,8.286927,Normal,-0.09443896143450731,0
35,23,8,3.328682,0.0,100.0,17.243684,0.827563,56.281324,0.0,1,1376.0,0.172437,9.902659,Normal,-0.09237645918705595,0
35,23,9,0.0,3.59441,100.0,15.372476,0.846275,57.773383,0.0,2,1719.0,0.153725,1.194532,Normal,-0.07169573068807672,0
35,23,10,2.200804,8.525926,100.0,13.771479,0.862285,59.05108,0.0,0,0.0,0.137715,3.679274,Normal,-0.17702380270909684,0
35,24,1,15.141227,2.375774,100.0,22.067557,0.779324,52.434005,0.0,1,1277.0,0.220676,1.760948,Normal,-0.08354475994898886,0
35,24,2,12.407552,9.554983,100.0,15.163243,0.848368,57.940355,0.0,4,4276.0,0.151632,4.414506,Anomalous,0.0010880283639201904,1
35,24,3,38.516241,0.0,100.0,14.599902,0.854001,58.391795,1.0,0,0.0,0.145999,3.953289,Normal,-0.11025669638588914,0
35,24,4,3.608349,1.26736,100.0,14.44024,0.855598,58.517333,0.0,0,0.0,0.144402,6.030497,Normal,-0.17059617226190638,0
35,24,5,12.255928,10.816466,100.0,16.826296,0.831737,56.614383,0.0,0,0.0,0.168263,9.434349,Normal,-0.14321709787731984,0
35,24,6,11.927707,8.72634,100.0,18.816744,0.811833,55.034349,0.0,0,0.0,0.188167,6.511675,Normal,-0.13915860756946669,0
35,24,7,9.867393,8.871093,100.0,28.89357,0.711064,47.000576,0.0,0,0.0,0.288936,8.286927,Normal,-0.07553966533155654,0
35,24,8,2.266729,0.487074,100.0,17.677761,0.823222,55.934685,1.0,2,0.0,0.176778,9.902659,Normal,-0.08325199975057096,0
35,24,9,0.0,6.384535,100.0,14.589673,0.854103,58.398139,0.0,2,0.0,0.145897,1.194532,Normal,-0.12210934827492742,0
35,24,10,2.401822,7.369152,100.0,14.44024,0.855598,58.517333,0.0,0,0.0,0.144402,3.679274,Normal,-0.1761365068216577,0
35,25,1,11.835368,4.735946,100.0,22.676372,0.773236,51.948862,0.0,1,0.0,0.226764,1.760948,Normal,-0.10708660131200842,0
35,25,2,10.886089,6.578313,100.0,15.14657,0.848534,57.953779,1.0,6,1416.0,0.151466,4.414506,Normal,-0.05425722488166451,0
35,25,3,33.698707,0.229644,100.0,14.757801,0.852422,58.265646,0.0,0,0.0,0.147578,3.953289,Normal,-0.14712852194965953,0
35,25,4,6.609723,2.620922,100.0,15.220642,0.847794,57.894543,0.0,0,0.0,0.152206,6.030497,Normal,-0.16548424762672137,0
35,25,5,16.108832,8.579887,100.0,15.987443,0.840126,57.284213,1.0,0,591.0,0.159874,9.434349,Normal,-0.12256378333989137,0
35,25,6,13.049653,8.615661,100.0,18.675582,0.813244,55.145825,1.0,1,0.0,0.186756,6.511675,Normal,-0.12092132077247625,0
35,25,7,5.860414,6.850062,100.0,28.20524,0.717948,47.547742,1.0,0,1357.0,0.282052,8.286927,Normal,-0.021819550953938727,0
35,25,8,5.097512,0.863996,100.0,18.748983,0.81251,55.079928,0.0,1,1102.0,0.18749,9.902659,Normal,-0.0927677858725326,0
35,25,9,1.221118,7.034816,100.0,13.27018,0.867298,59.451313,0.0,0,0.0,0.132702,1.194532,Normal,-0.1573398857521392,0
35,25,10,0.0,9.800381,100.0,15.220642,0.847794,57.894543,0.0,0,0.0,0.152206,3.679274,Normal,-0.1609340493981531,0
35,26,1,11.505861,5.805448,100.0,23.282929,0.767171,51.465602,0.0,0,0.0,0.232829,1.760948,Normal,-0.11225094207191344,0
35,26,2,8.556486,5.622945,100.0,14.973654,0.850263,58.092143,1.0,2,0.0,0.149737,4.414506,Normal,-0.1308719699693272,0
35,26,3,29.953448,0.0,100.0,14.403949,0.855961,58.547599,0.0,1,996.0,0.144039,3.953289,Normal,-0.1392727757044525,0
35,26,4,1.887021,4.810207,100.0,14.096538,0.859035,58.791641,0.0,0,0.0,0.140965,6.030497,Normal,-0.17328009342589934,0
35,26,5,15.236991,6.476291,100.0,11.390255,0.886097,60.954986,1.0,2,754.0,0.113903,9.434349,Normal,-0.06055850844630656,0
35,26,6,14.350936,10.724138,100.0,17.598621,0.824014,56.002115,0.0,1,0.0,0.175986,6.511675,Normal,-0.13926270333123897,0
35,26,7,3.263009,7.314756,100.0,25.725158,0.742748,49.52077,0.0,0,0.0,0.257252,8.286927,Normal,-0.10154950782857985,0
35,26,8,5.030988,0.778504,100.0,12.867216,0.871328,59.776065,0.0,1,526.0,0.128672,9.902659,Normal,-0.10544999371650243,0
35,26,9,3.162981,5.89572,100.0,12.477371,0.875226,60.084266,0.0,0,0.0,0.124774,1.194532,Normal,-0.15185944155318015,0
35,26,10,0.0,10.119819,100.0,14.096538,0.859035,58.791641,0.0,0,1155.0,0.140965,3.679274,Normal,-0.1510113033014432,0
35,27,1,11.132936,3.984918,100.0,24.57533,0.754247,50.436213,0.0,0,0.0,0.245753,1.760948,Normal,-0.10927588587027709,0
35,27,2,13.263717,3.344478,100.0,14.903013,0.85097,58.148926,0.0,2,2074.0,0.14903,4.414506,Normal,-0.10065762182708704,0
35,27,3,25.824486,2.482701,100.0,13.907078,0.860929,58.943374,2.0,2,0.0,0.139071,3.953289,Normal,-0.07284681702795415,0
35,27,4,4.816323,5.264449,100.0,13.216098,0.867839,59.494372,0.0,0,0.0,0.132161,6.030497,Normal,-0.16915418942874177,0
35,27,5,17.594112,3.846758,100.0,15.480201,0.845198,57.690259,0.0,0,0.0,0.154802,9.434349,Normal,-0.14659114649509714,0
35,27,6,11.404739,13.50014,100.0,18.149272,0.818507,55.562271,0.0,1,0.0,0.181493,6.511675,Normal,-0.135417335967434,0
35,27,7,0.250764,5.070653,100.0,25.588877,0.744111,49.62925,0.0,0,0.0,0.255889,8.286927,Normal,-0.09068318952194093,0
35,27,8,5.824171,0.916687,100.0,18.590021,0.8141,55.206672,2.0,0,1570.0,0.1859,9.902659,Normal,-0.006440320066206762,0
35,27,9,4.012979,5.829915,100.0,12.876785,0.871232,59.765306,0.0,0,0.0,0.128768,1.194532,Normal,-0.1557561561272866,0
35,27,10,0.0,12.534743,100.0,13.216098,0.867839,59.494372,0.0,0,1017.0,0.132161,3.679274,Normal,-0.15010322024786477,0
35,28,1,13.77331,3.006812,100.0,26.011648,0.739884,49.292742,0.0,0,0.0,0.260116,1.760948,Normal,-0.09152413531436288,0
35,28,2,8.508771,3.457125,100.0,14.676488,0.853235,58.330265,0.0,1,0.0,0.146765,4.414506,Normal,-0.1754449714962371,0
35,28,3,30.262933,0.0,100.0,13.722895,0.862771,59.090171,1.0,1,0.0,0.137229,3.953289,Normal,-0.12525983546857455,0
35,28,4,6.836892,3.362919,100.0,14.04744,0.859526,58.830827,0.0,0,0.0,0.140474,6.030497,Normal,-0.17415608309431907,0
35,28,5,21.572462,0.979462,100.0,15.661552,0.843384,57.546616,0.0,1,1864.0,0.156616,9.434349,Normal,-0.09845762615267212,0
35,28,6,16.168126,11.595914,100.0,17.569306,0.824307,56.023535,0.0,0,0.0,0.175693,6.511675,Normal,-0.14504081388081808,0
35,28,7,0.0,7.55117,100.0,23.917529,0.760825,50.960093,0.0,0,0.0,0.239175,8.286927,Normal,-0.10183687296373728,0
35,28,8,9.723498,2.008302,100.0,18.764116,0.812359,55.068155,1.0,0,1374.0,0.187641,9.902659,Normal,-0.07044798585620787,0
35,28,9,0.0,6.008008,100.0,12.817523,0.871825,59.812558,0.0,2,2305.0,0.128175,1.194532,Normal,-0.03970446233595826,0
35,28,10,0.628728,12.419441,100.0,14.04744,0.859526,58.830827,0.0,0,0.0,0.140474,3.679274,Normal,-0.17502711856953646,0
35,29,1,16.376813,3.567543,100.0,27.802711,0.721973,47.867815,0.0,0,0.0,0.278027,1.760948,Normal,-0.07678653758430548,0
35,29,2,4.546587,5.731207,100.0,13.206575,0.867934,59.503278,2.0,1,1415.0,0.132066,4.414506,Normal,-0.06833527782704546,0
35,29,3,29.966011,2.550013,100.0,14.181999,0.85818,58.724166,0.0,2,1416.0,0.14182,3.953289,Normal,-0.11097621373676064,0
35,29,4,8.263085,4.210717,100.0,13.08926,0.869107,59.595615,0.0,0,590.0,0.130893,6.030497,Normal,-0.15928592183496726,0
35,29,5,25.446376,2.38559,100.0,15.204836,0.847952,57.913095,0.0,1,0.0,0.152048,9.434349,Normal,-0.13289395455951658,0
35,29,6,19.619976,13.572929,100.0,18.397288,0.816027,55.365222,0.0,0,0.0,0.183973,6.511675,Normal,-0.13606186562153577,0
35,29,7,4.004902,6.168914,100.0,26.359898,0.736401,49.015594,0.0,2,1820.0,0.263599,8.286927,Normal,-0.011367951785772323,0
35,29,8,13.209576,2.46371,100.0,18.687107,0.813129,55.129118,0.0,0,0.0,0.186871,9.902659,Normal,-0.11793132403146983,0
35,29,9,0.0,3.364347,100.0,12.221991,0.87778,60.287978,2.0,1,0.0,0.12222,1.194532,Normal,-0.048780264370084536,0
35,29,10,0.0,13.664271,100.0,13.08926,0.869107,59.595615,0.0,0,0.0,0.130893,3.679274,Normal,-0.16167599010064398,0
35,30,1,12.801745,6.354741,100.0,29.070938,0.709291,46.859617,0.0,0,315.0,0.290709,1.760948,Normal,-0.04777829155573676,0
35,30,2,2.160721,5.728619,100.0,13.167083,0.868329,59.53534,1.0,0,0.0,0.131671,4.414506,Normal,-0.1431122811890182,0
35,30,3,30.546138,1.131959,100.0,13.580192,0.864198,59.204189,0.0,1,0.0,0.135802,3.953289,Normal,-0.14824915536204414,0
35,30,4,12.05598,5.631383,100.0,12.943879,0.870561,59.711661,0.0,0,0.0,0.129439,6.030497,Normal,-0.16695575804184937,0
35,30,5,20.936418,0.0,100.0,14.817332,0.851827,58.224111,0.0,0,437.0,0.148173,9.434349,Normal,-0.1270768782355578,0
35,30,6,24.583063,14.709098,100.0,17.47034,0.825297,56.102938,0.0,0,1632.0,0.174703,6.511675,Normal,-0.08877413322767069,0
35,30,7,3.389677,4.245365,100.0,24.314439,0.756856,50.643976,0.0,2,0.0,0.243144,8.286927,Normal,-0.06499334101303511,0
35,30,8,14.703332,2.917598,100.0,18.4368,0.815632,55.328979,1.0,2,873.0,0.184368,9.902659,Normal,-0.07853395138159508,0
35,30,9,0.0,3.334822,100.0,12.052389,0.879476,60.423465,0.0,0,0.0,0.120524,1.194532,Normal,-0.13874134289656093,0
35,30,10,0.0,14.107465,100.0,12.943879,0.870561,59.711661,0.0,0,0.0,0.129439,3.679274,Normal,-0.16252320370783613,0
35,31,1,10.39132,5.883255,100.0,28.41636,0.715836,47.379896,0.0,0,0.0,0.284164,1.760948,Normal,-0.06907088025965191,0
35,31,2,1.370096,5.55669,100.0,14.272586,0.857274,58.653606,0.0,0,0.0,0.142726,4.414506,Normal,-0.1795316712102682,0
35,31,3,27.114417,0.0,100.0,12.432942,0.875671,60.119723,1.0,2,709.0,0.124329,3.953289,Normal,-0.08750134372664592,0
35,31,4,12.255672,6.199441,100.0,14.078025,0.85922,58.806416,0.0,0,0.0,0.14078,6.030497,Normal,-0.17557155549078668,0
35,31,5,18.475888,0.0,100.0,15.555741,0.844443,57.633637,0.0,1,1376.0,0.155557,9.434349,Normal,-0.11841386199507659,0
35,31,6,22.558528,16.217,100.0,16.53065,0.834694,56.851791,0.0,0,0.0,0.165306,6.511675,Normal,-0.13887097337634025,0
35,31,7,0.693737,4.030371,100.0,22.764456,0.772355,51.878678,0.0,0,895.0,0.227645,8.286927,Normal,-0.10256805503775096,0
35,31,8,12.183176,3.105508,100.0,18.64325,0.813568,55.165333,1.0,1,0.0,0.186432,9.902659,Normal,-0.10571074983659878,0
35,31,9,0.854019,4.953159,100.0,12.639565,0.873604,59.954616,0.0,0,0.0,0.126396,1.194532,Normal,-0.14620763402604137,0
35,31,10,0.0,13.910916,100.0,14.078025,0.85922,58.806416,0.0,0,1830.0,0.14078,3.679274,Normal,-0.10650491334609413,0
35,32,1,5.462396,5.693648,100.0,27.268149,0.727319,48.292976,0.0,0,0.0,0.272681,1.760948,Normal,-0.08677131080406797,0
35,32,2,4.492665,3.942776,100.0,14.818154,0.851818,58.217358,1.0,0,1135.0,0.148182,4.414506,Normal,-0.132543603007844,0
35,32,3,23.853671,0.0,100.0,13.755896,0.862441,59.063821,2.0,1,285.0,0.137559,3.953289,Normal,-0.07761921656101861,0
35,32,4,14.477902,4.749663,100.0,14.120449,0.858796,58.772557,1.0,0,672.0,0.141204,6.030497,Normal,-0.14247718275148835,0
35,32,5,14.316655,0.772928,100.0,16.262024,0.83738,57.068385,0.0,1,0.0,0.16262,9.434349,Normal,-0.1454960917818225,0
35,32,6,25.199327,18.825234,100.0,16.831594,0.831684,56.611197,0.0,2,1752.0,0.168316,6.511675,Normal,-0.06157493920276269,0
35,32,7,1.120828,4.144511,100.0,22.366528,0.776335,52.195756,0.0,0,0.0,0.223665,8.286927,Normal,-0.12183807741279512,0
35,32,8,15.119386,4.608959,100.0,18.934907,0.810651,54.93203,3.0,2,0.0,0.189349,9.902659,Normal,-0.008835901876081409,0
35,32,9,3.345798,3.639458,100.0,13.377437,0.866226,59.365612,0.0,0,0.0,0.133774,1.194532,Normal,-0.15838960977131733,0
35,32,10,3.776975,14.755297,100.0,14.120449,0.858796,58.772557,1.0,0,0.0,0.141204,3.679274,Normal,-0.14200837601679633,0
35,33,1,0.681271,5.597172,100.0,26.278046,0.73722,49.08073,0.0,1,954.0,0.26278,1.760948,Normal,-0.05662742145259081,0
35,33,2,8.45131,1.287842,100.0,14.610601,0.853894,58.382473,0.0,0,0.0,0.146106,4.414506,Normal,-0.17634793191092835,0
35,33,3,24.59419,0.0,100.0,14.947879,0.850521,58.112472,0.0,0,0.0,0.149479,3.953289,Normal,-0.1522527058504518,0
35,33,4,10.684858,2.935063,100.0,13.370417,0.866296,59.371195,1.0,0,2293.0,0.133704,6.030497,Normal,-0.05897649997468468,0
35,33,5,18.42627,0.0,100.0,16.601336,0.833987,56.796639,0.0,1,633.0,0.166013,9.434349,Normal,-0.12956842779286165,0
35,33,6,21.763692,17.026999,100.0,17.686355,0.823136,55.929006,0.0,2,0.0,0.176864,6.511675,Normal,-0.10069523642503014,0
35,33,7,4.699033,5.151865,100.0,22.601518,0.773985,52.008507,0.0,0,0.0,0.226015,8.286927,Normal,-0.12658010941405107,0
35,33,8,18.317056,2.011261,100.0,18.686267,0.813137,55.129931,0.0,2,0.0,0.186863,9.902659,Normal,-0.09543186457856334,0
35,33,9,2.815257,3.012209,100.0,14.179459,0.858205,58.72546,0.0,1,326.0,0.141795,1.194532,Normal,-0.15468105354240785,0
35,33,10,0.0,14.827925,100.0,13.370417,0.866296,59.371195,1.0,0,0.0,0.133704,3.679274,Normal,-0.13044274211949652,0
35,34,1,4.622195,7.709324,100.0,27.243076,0.727569,48.31292,1.0,0,0.0,0.272431,1.760948,Normal,-0.05771815838190175,0
35,34,2,9.021367,3.98463,100.0,13.80927,0.861907,59.021904,1.0,1,0.0,0.138093,4.414506,Normal,-0.1566512942318362,0
35,34,3,26.353187,0.0,100.0,14.315448,0.856846,58.617132,1.0,2,768.0,0.143154,3.953289,Normal,-0.10745071807994078,0
35,34,4,10.412269,1.999785,100.0,14.187844,0.858122,58.718769,1.0,1,525.0,0.141878,6.030497,Normal,-0.1431961088625473,0
35,34,5,16.265569,0.0,100.0,16.687939,0.833121,56.728505,1.0,2,0.0,0.166879,9.434349,Normal,-0.10308663492292647,0
35,34,6,22.582572,18.298506,100.0,17.513304,0.824867,56.067205,1.0,0,1426.0,0.175133,6.511675,Normal,-0.07085140390639849,0
35,34,7,5.453962,5.835394,100.0,22.682427,0.773176,51.944037,0.0,0,0.0,0.226824,8.286927,Normal,-0.1261107233241603,0
35,34,8,19.235068,2.846381,100.0,17.635681,0.823643,55.967836,1.0,1,1199.0,0.176357,9.902659,Normal,-0.08923269850526672,0
35,34,9,5.489572,1.73026,100.0,14.473583,0.855264,58.490725,0.0,1,0.0,0.144736,1.194532,Normal,-0.1535369913764565,0
35,34,10,2.740948,13.696378,100.0,14.187844,0.858122,58.718769,1.0,0,1043.0,0.141878,3.679274,Normal,-0.12821343894282877,0
35,35,1,0.0,6.937321,100.0,28.54535,0.714547,47.277356,0.0,0,0.0,0.285453,1.760948,Normal,-0.05212570647547288,0
35,35,2,13.949163,2.122417,100.0,12.905298,0.870947,59.743231,2.0,0,446.0,0.129053,4.414506,Normal,-0.0774287388385792,0
35,35,3,24.319036,0.0,100.0,14.561707,0.854383,58.421126,1.0,3,3389.0,0.145617,3.953289,Anomalous,0.004484413844591639,1
35,35,4,9.835606,2.923724,100.0,13.156874,0.868431,59.541644,0.0,1,0.0,0.131569,6.030497,Normal,-0.15683906734708458,0
35,35,5,16.058063,0.0,100.0,16.488177,0.835118,56.889383,1.0,1,0.0,0.164882,9.434349,Normal,-0.12303858639467197,0
35,35,6,19.30895,19.172257,100.0,17.399249,0.826008,56.159315,0.0,0,0.0,0.173992,6.511675,Normal,-0.1306331082248245,0
35,35,7,3.674463,3.039561,100.0,23.9257,0.760743,50.953585,0.0,0,0.0,0.239257,8.286927,Normal,-0.11553067351475205,0
35,35,8,19.178214,3.33497,100.0,17.518528,0.824815,56.061199,1.0,1,0.0,0.175185,9.902659,Normal,-0.11211679375864525,0
35,35,9,4.66521,1.661692,100.0,14.314965,0.85685,58.617326,1.0,0,0.0,0.14315,1.194532,Normal,-0.1354478982076724,0
35,35,10,4.299518,14.239395,100.0,13.156874,0.868431,59.541644,0.0,0,411.0,0.131569,3.679274,Normal,-0.16272618525451166,0
35,36,1,0.165258,4.312854,100.0,26.928842,0.730712,48.562899,0.0,1,1205.0,0.269288,1.760948,Normal,-0.043597613014302095,0
35,36,2,16.579539,1.683187,100.0,13.722201,0.862778,59.090963,0.0,1,1002.0,0.137222,4.414506,Normal,-0.1624315444561144,0
35,36,3,28.916215,0.325594,100.0,13.409373,0.865906,59.340496,0.0,2,0.0,0.134094,3.953289,Normal,-0.12362507431205072,0
35,36,4,12.549996,1.42037,100.0,11.861999,0.88138,60.575301,0.0,0,1020.0,0.11862,6.030497,Normal,-0.13780192352355597,0
35,36,5,15.131632,1.875855,100.0,17.106756,0.828932,56.393832,0.0,1,1152.0,0.171068,9.434349,Normal,-0.12011249665065693,0
35,36,6,19.554421,21.154188,100.0,16.466018,0.83534,56.903074,0.0,0,0.0,0.16466,6.511675,Normal,-0.12849138593214993,0
35,36,7,0.696444,0.602477,100.0,22.366638,0.776334,52.195668,0.0,0,0.0,0.223666,8.286927,Normal,-0.11440016628373972,0
35,36,8,16.505248,4.222413,100.0,16.748374,0.832516,56.675576,0.0,0,0.0,0.167484,9.902659,Normal,-0.13998488123495806,0
35,36,9,6.075601,0.519729,100.0,14.984958,0.85015,58.082624,0.0,0,0.0,0.14985,1.194532,Normal,-0.14917743645590437,0
35,36,10,4.222618,15.781654,100.0,11.861999,0.88138,60.575301,0.0,0,0.0,0.11862,3.679274,Normal,-0.1603758521011623,0
35,37,1,0.0,3.027742,100.0,28.303529,0.716965,47.469598,0.0,2,961.0,0.283035,1.760948,Anomalous,0.00789129942789224,1
35,37,2,20.879899,0.400885,100.0,12.573883,0.874261,60.007628,0.0,1,0.0,0.125739,4.414506,Normal,-0.1409046904984998,0
35,37,3,32.438977,0.0,100.0,14.934332,0.850657,58.123614,2.0,0,716.0,0.149343,3.953289,Normal,-0.05552853592740825,0
35,37,4,15.783732,3.865466,100.0,10.649397,0.893506,61.543412,0.0,0,0.0,0.106494,6.030497,Normal,-0.14020383559910066,0
35,37,5,13.392194,4.218534,100.0,16.497291,0.835027,56.881792,0.0,1,0.0,0.164973,9.434349,Normal,-0.15273223826857613,0
35,37,6,20.521869,22.036585,100.0,15.962622,0.840374,57.303603,0.0,0,0.0,0.159626,6.511675,Normal,-0.12662668474329208,0
35,37,7,0.0,0.860244,100.0,20.261677,0.797383,53.873492,0.0,0,0.0,0.202617,8.286927,Normal,-0.11509681132719324,0
35,37,8,20.719844,7.000983,100.0,17.298974,0.82701,56.23636,2.0,3,1164.0,0.17299,9.902659,Normal,-0.006715598284483759,0
35,37,9,5.348446,0.0,100.0,13.789784,0.862102,59.03647,0.0,0,0.0,0.137898,1.194532,Normal,-0.1532197707576744,0
35,37,10,1.804427,13.388019,100.0,10.649397,0.893506,61.543412,0.0,0,1735.0,0.106494,3.679274,Normal,-0.08633081384388713,0
35,38,1,0.0,0.174068,100.0,28.983395,0.710166,46.929188,1.0,0,0.0,0.289834,1.760948,Normal,-0.008332663643921268,0
35,38,2,16.601399,0.0,100.0,12.413365,0.875866,60.135833,2.0,3,940.0,0.124134,4.414506,Normal,-0.02273638499994257,0
35,38,3,33.353671,0.055317,100.0,15.002635,0.849974,58.068803,0.0,0,0.0,0.150026,3.953289,Normal,-0.14281836921490404,0
35,38,4,17.026526,1.039233,100.0,10.384306,0.896157,61.75507,0.0,0,905.0,0.103843,6.030497,Normal,-0.1241563919509569,0
35,38,5,18.040261,2.132207,100.0,16.778152,0.832218,56.658433,1.0,1,0.0,0.167782,9.434349,Normal,-0.1276285985358166,0
35,38,6,17.475092,22.118099,100.0,16.179973,0.8382,57.129793,0.0,0,0.0,0.1618,6.511675,Normal,-0.12816063840980435,0
35,38,7,0.0,0.0,100.0,19.636971,0.80363,54.371592,0.0,1,1137.0,0.19637,8.286927,Normal,-0.0872195905789509,0
35,38,8,24.076613,5.349378,100.0,16.950299,0.830497,56.514472,2.0,1,0.0,0.169503,9.902659,Normal,-0.058291510925289614,0
35,38,9,2.074367,2.289508,100.0,13.893626,0.861064,58.953596,0.0,0,394.0,0.138936,1.194532,Normal,-0.15223940975622136,0
35,38,10,0.0,14.853371,100.0,10.384306,0.896157,61.75507,0.0,0,946.0,0.103843,3.679274,Normal,-0.12197350402303414,0
35,39,1,4.865907,0.0,100.0,27.395535,0.726045,48.19165,0.0,0,0.0,0.273955,1.760948,Normal,-0.07564395583957051,0
35,39,2,13.837018,2.383203,100.0,13.076028,0.86924,59.60687,0.0,2,0.0,0.13076,4.414506,Normal,-0.13804388294371805,0
35,39,3,29.803746,0.0,100.0,15.593091,0.844069,57.597658,0.0,1,528.0,0.155931,3.953289,Normal,-0.13421935774770138,0
35,39,4,12.793491,0.0,100.0,10.449706,0.895503,61.702852,0.0,0,540.0,0.104497,6.030497,Normal,-0.125012345812063,0
35,39,5,20.327475,4.614116,100.0,17.059693,0.829403,56.431992,0.0,2,1143.0,0.170597,9.434349,Normal,-0.1080753269116399,0
35,39,6,22.409238,24.135597,100.0,17.143878,0.828561,56.361049,0.0,0,0.0,0.171439,6.511675,Normal,-0.11220908997865431,0
35,39,7,0.0,2.764066,100.0,21.032436,0.789676,53.259034,0.0,1,0.0,0.210324,8.286927,Normal,-0.11153448361333579,0
35,39,8,26.203077,7.695634,100.0,17.690232,0.823098,55.924198,0.0,2,1201.0,0.176902,9.902659,Normal,-0.08536646996294556,0
35,39,9,2.886142,2.719432,100.0,14.696518,0.853035,58.31286,0.0,1,856.0,0.146965,1.194532,Normal,-0.1458584737255515,0
35,39,10,4.927921,15.213623,100.0,10.449706,0.895503,61.702852,0.0,0,0.0,0.104497,3.679274,Normal,-0.14539672925281188,0
35,40,1,4.678763,2.451737,100.0,27.018441,0.729816,48.491618,0.0,0,0.0,0.270184,1.760948,Normal,-0.08605289578520597,0
35,40,2,13.483853,3.863014,100.0,13.5758,0.864242,59.207865,0.0,0,840.0,0.135758,4.414506,Normal,-0.16562386424985098,0
35,40,3,29.170422,0.0,100.0,14.909672,0.850903,58.142932,1.0,1,1302.0,0.149097,3.953289,Normal,-0.11246694772015375,0
35,40,4,17.526639,0.057949,100.0,9.38879,0.906112,62.549972,0.0,0,0.0,0.093888,6.030497,Normal,-0.10843749803885416,0
35,40,5,21.533506,7.59418,100.0,16.81497,0.83185,56.62678,1.0,0,0.0,0.16815,9.434349,Normal,-0.12320099575043897,0
35,40,6,20.162424,24.277441,100.0,17.066713,0.829333,56.422776,1.0,0,0.0,0.170667,6.511675,Normal,-0.09130287599014908,0
35,40,7,0.0,4.95855,100.0,21.271343,0.787287,53.068598,1.0,0,856.0,0.212713,8.286927,Normal,-0.0855491866332661,0
35,40,8,21.273189,8.34106,100.0,17.293878,0.827061,56.240378,1.0,2,0.0,0.172939,9.902659,Normal,-0.09526087964634611,0
35,40,9,0.0,2.137418,100.0,14.18827,0.858117,58.71843,1.0,2,1263.0,0.141883,1.194532,Normal,-0.07953541467399877,0
35,40,10,1.597274,14.539479,100.0,9.38879,0.906112,62.549972,0.0,0,1094.0,0.093888,3.679274,Normal,-0.09804384709836578,0
35,41,1,6.202794,0.632311,100.0,25.271193,0.747288,49.88215,0.0,1,565.0,0.252712,1.760948,Normal,-0.07103845739958753,0
35,41,2,18.155622,5.341142,100.0,13.334046,0.86666,59.400515,1.0,1,0.0,0.13334,4.414506,Normal,-0.14673916813812016,0
35,41,3,26.808138,2.1548,100.0,14.473043,0.85527,58.491302,0.0,1,0.0,0.14473,3.953289,Normal,-0.16091214559166855,0
35,41,4,20.520034,2.028986,100.0,8.205408,0.917946,63.494973,0.0,0,0.0,0.082054,6.030497,Normal,-0.08958355326837436,0
35,41,5,20.486869,8.322499,100.0,16.905154,0.830948,56.553377,1.0,0,1589.0,0.169052,9.434349,Normal,-0.07967015450432996,0
35,41,6,17.501459,21.421661,100.0,18.129435,0.818706,55.575975,0.0,0,0.0,0.181294,6.511675,Normal,-0.12252254077430036,0
35,41,7,0.0,3.003833,100.0,23.457737,0.765423,51.326344,0.0,2,1108.0,0.234577,8.286927,Normal,-0.04558337123792644,0
35,41,8,20.531266,8.51103,100.0,16.089373,0.839106,57.201345,0.0,1,0.0,0.160894,9.902659,Normal,-0.14027519238789476,0
35,41,9,3.28754,4.869991,100.0,14.637124,0.853629,58.360235,0.0,1,0.0,0.146371,1.194532,Normal,-0.15744286557721804,0
35,41,10,0.0,16.294483,100.0,8.205408,0.917946,63.494973,0.0,0,0.0,0.082054,3.679274,Normal,-0.09730067461009373,0
35,42,1,10.00267,3.2744,100.0,25.499725,0.745003,49.700219,0.0,2,644.0,0.254997,1.760948,Normal,-0.03830851028496651,0
35,42,2,20.983514,4.8575,100.0,13.728779,0.862712,59.085478,2.0,2,802.0,0.137288,4.414506,Normal,-0.06884464180543604,0
35,42,3,23.349876,4.397903,100.0,13.938668,0.860613,58.917641,0.0,0,0.0,0.139387,3.953289,Normal,-0.16589374975806032,0
35,42,4,16.305083,4.041043,100.0,9.447152,0.905528,62.503369,0.0,0,1361.0,0.094472,6.030497,Normal,-0.09891699886834909,0
35,42,5,17.918601,10.111355,100.0,17.538258,0.824617,56.04834,0.0,0,0.0,0.175383,9.434349,Normal,-0.13146440679874222,0
35,42,6,19.485666,20.662857,100.0,17.871227,0.821288,55.780872,1.0,2,937.0,0.178712,6.511675,Normal,-0.0714113842059041,0
35,42,7,3.145884,4.063179,100.0,21.701006,0.78299,52.726135,1.0,1,0.0,0.21701,8.286927,Normal,-0.10088534622148454,0
35,42,8,19.519438,6.960583,100.0,15.046497,0.849535,58.033593,2.0,1,1097.0,0.150465,9.902659,Normal,-0.055418830351359194,0
35,42,9,2.881017,7.217477,100.0,15.797281,0.842027,57.434479,0.0,0,0.0,0.157973,1.194532,Normal,-0.15084974868851542,0
35,42,10,0.0,14.580321,100.0,9.447152,0.905528,62.503369,0.0,0,0.0,0.094472,3.679274,Normal,-0.1218119758323522,0
35,43,1,14.476834,2.682946,100.0,23.925516,0.760745,50.953731,1.0,0,0.0,0.239255,1.760948,Normal,-0.07447779838877994,0
35,43,2,21.551684,6.607677,100.0,14.555731,0.854443,58.425455,0.0,3,752.0,0.145557,4.414506,Normal,-0.10988669119356659,0
35,43,3,25.325621,3.730906,100.0,13.385455,0.866145,59.359193,1.0,1,0.0,0.133855,3.953289,Normal,-0.13309056625628535,0
35,43,4,13.211321,7.001428,100.0,8.532517,0.914675,63.233748,0.0,0,0.0,0.085325,6.030497,Normal,-0.10711091784607585,0
35,43,5,22.787872,8.842062,100.0,17.498566,0.825014,56.078955,1.0,1,0.0,0.174986,9.434349,Normal,-0.11098969666600794,0
35,43,6,20.724832,23.195962,100.0,18.54068,0.814593,55.247769,2.0,2,0.0,0.185407,6.511675,Normal,-0.01843024597593268,0
35,43,7,7.413749,2.292626,100.0,23.522586,0.764774,51.274685,1.0,0,859.0,0.235226,8.286927,Normal,-0.0713569806660283,0
35,43,8,23.269513,8.29643,100.0,15.211137,0.847889,57.902354,0.0,2,1091.0,0.152111,9.902659,Normal,-0.10448225076740547,0
35,43,9,3.019,9.311264,100.0,16.029863,0.839701,57.248895,0.0,0,405.0,0.160299,1.194532,Normal,-0.13593952584143482,0
35,43,10,0.983284,15.092774,100.0,8.532517,0.914675,63.233748,0.0,0,1382.0,0.085325,3.679274,Normal,-0.07512130337966616,0
35,44,1,10.763371,1.443181,100.0,25.192277,0.748077,49.944978,0.0,0,0.0,0.251923,1.760948,Normal,-0.0979823993183267,0
35,44,2,23.000379,3.626178,100.0,14.856173,0.851438,58.185905,1.0,2,734.0,0.148562,4.414506,Normal,-0.11882951771949718,0
35,44,3,27.320223,0.993486,100.0,13.042629,0.869574,59.633044,2.0,1,0.0,0.130426,3.953289,Normal,-0.07421678715332214,0
35,44,4,9.887941,7.426077,100.0,9.316711,0.906833,62.607528,0.0,0,0.0,0.093167,6.030497,Normal,-0.12428882325448759,0
35,44,5,21.516063,6.728488,100.0,17.191288,0.828087,56.324863,1.0,2,1019.0,0.171913,9.434349,Normal,-0.09268209235595021,0
35,44,6,21.062954,21.650848,100.0,19.730421,0.802696,54.298886,1.0,1,2855.0,0.197304,6.511675,Normal,-0.012609019820514433,0
35,44,7,11.84259,1.237353,100.0,24.320589,0.756794,50.639078,0.0,0,0.0,0.243206,8.286927,Normal,-0.10644092960766327,0
35,44,8,28.043927,5.919596,100.0,14.695387,0.853046,58.314475,1.0,3,0.0,0.146954,9.902659,Normal,-0.061247202376604526,0
35,44,9,2.790536,8.617595,100.0,15.284617,0.847154,57.843493,0.0,1,496.0,0.152846,1.194532,Normal,-0.14087166402676182,0
35,44,10,4.803187,14.508651,100.0,9.316711,0.906833,62.607528,0.0,0,0.0,0.093167,3.679274,Normal,-0.12521309636042344,0
35,45,1,11.238079,1.680466,100.0,25.736639,0.742634,49.511631,0.0,1,749.0,0.257366,1.760948,Normal,-0.07329494825597654,0
35,45,2,26.157374,5.365231,100.0,14.743659,0.852563,58.276027,1.0,1,0.0,0.147437,4.414506,Normal,-0.1481527730240657,0
35,45,3,24.577139,1.22339,100.0,13.13929,0.868607,59.555692,1.0,2,0.0,0.131393,3.953289,Normal,-0.10511292289774743,0
35,45,4,14.494696,7.23436,100.0,10.767817,0.892322,61.448863,0.0,0,0.0,0.107678,6.030497,Normal,-0.14452825923450308,0
35,45,5,21.873015,9.525785,100.0,17.366418,0.826336,56.18559,0.0,1,0.0,0.173664,9.434349,Normal,-0.13021869429807448,0
35,45,6,19.801005,19.956539,100.0,18.891894,0.811081,54.967951,0.0,1,0.0,0.188919,6.511675,Normal,-0.11127147235288848,0
35,45,7,10.511588,0.9387,100.0,24.142015,0.75858,50.781297,0.0,1,2036.0,0.24142,8.286927,Normal,-0.04420730239617654,0
35,45,8,29.012775,3.38198,100.0,16.155959,0.83844,57.148978,2.0,1,1357.0,0.16156,9.902659,Normal,-0.034798649453966046,0
35,45,9,7.282175,11.377387,100.0,15.264333,0.847357,57.859725,0.0,1,0.0,0.152643,1.194532,Normal,-0.14440466579213662,0
35,45,10,4.739975,16.254884,100.0,10.767817,0.892322,61.448863,0.0,0,0.0,0.107678,3.679274,Normal,-0.14243895968076253,0
35,46,1,14.887446,3.923838,100.0,25.899476,0.741005,49.382021,1.0,0,0.0,0.258995,1.760948,Normal,-0.06415710860386831,0
35,46,2,29.489619,2.409092,100.0,15.020191,0.849798,58.05569,0.0,0,0.0,0.150202,4.414506,Normal,-0.15492461632582832,0
35,46,3,21.894555,4.150057,100.0,13.384654,0.866153,59.359988,0.0,2,334.0,0.133847,3.953289,Normal,-0.13513151614949787,0
35,46,4,10.110247,7.8565,100.0,11.875058,0.881249,60.564875,0.0,0,0.0,0.118751,6.030497,Normal,-0.16304063886630477,0
35,46,5,18.138613,7.622341,100.0,17.462516,0.825375,56.109188,1.0,1,618.0,0.174625,9.434349,Normal,-0.11104131209376339,0
35,46,6,23.882087,19.695101,100.0,19.633311,0.803667,54.376193,1.0,2,1185.0,0.196333,6.511675,Normal,-0.05258016543495225,0
35,46,7,10.945608,0.0,100.0,24.083212,0.759168,50.828131,1.0,1,395.0,0.240832,8.286927,Normal,-0.06599940065316884,0
35,46,8,33.597229,2.923246,100.0,16.110513,0.838895,57.185741,0.0,1,0.0,0.161105,9.902659,Normal,-0.11770643021288063,0
35,46,9,4.04553,10.204616,100.0,16.016703,0.839833,57.259392,0.0,0,427.0,0.160167,1.194532,Normal,-0.13485509641743648,0
35,46,10,0.655017,15.113402,100.0,11.875058,0.881249,60.564875,0.0,0,0.0,0.118751,3.679274,Normal,-0.15804727204545782,0
35,47,1,10.912057,5.056225,100.0,27.198413,0.728016,48.348449,0.0,0,0.0,0.271984,1.760948,Normal,-0.09008425162100414,0
35,47,2,31.764213,0.033024,100.0,14.687015,0.85313,58.322554,0.0,1,1178.0,0.14687,4.414506,Normal,-0.1331897267875301,0
35,47,3,16.922639,2.727382,100.0,13.802534,0.861975,59.026603,0.0,2,1247.0,0.138025,3.953289,Normal,-0.12973716810261077,0
35,47,4,6.723945,9.874175,100.0,11.50227,0.884977,60.862486,0.0,0,0.0,0.115023,6.030497,Normal,-0.15854359776834875,0
35,47,5,22.177083,6.192605,100.0,16.876568,0.831234,56.578085,0.0,2,913.0,0.168766,9.434349,Normal,-0.11313198953691983,0
35,47,6,27.563488,22.620519,100.0,21.106727,0.788933,53.202109,0.0,2,0.0,0.211067,6.511675,Normal,-0.05791576075865368,0
35,47,7,11.428473,2.729639,100.0,25.930875,0.740691,49.357029,0.0,1,559.0,0.259309,8.286927,Normal,-0.0834429150631586,0
35,47,8,34.156497,2.949001,100.0,16.898249,0.831018,56.558063,0.0,0,0.0,0.168982,9.902659,Normal,-0.10575828821412869,0
35,47,9,3.156174,12.864083,100.0,15.008681,0.849913,58.063737,0.0,0,0.0,0.150087,1.194532,Normal,-0.15083589457668733,0
35,47,10,4.834718,12.82671,100.0,11.50227,0.884977,60.862486,0.0,0,1500.0,0.115023,3.679274,Normal,-0.11948564025442565,0
35,48,1,6.561044,2.318156,100.0,28.808426,0.711916,47.068246,0.0,0,0.0,0.288084,1.760948,Normal,-0.06571061785295396,0
35,48,2,31.633577,2.181729,100.0,13.326821,0.866732,59.408069,0.0,2,881.0,0.133268,4.414506,Normal,-0.12104887870014203,0
35,48,3,12.617723,4.218017,100.0,14.017753,0.859822,58.854677,0.0,1,0.0,0.140178,3.953289,Normal,-0.17364959046947465,0
35,48,4,9.03598,8.872313,100.0,12.699659,0.873003,59.906606,0.0,0,0.0,0.126997,6.030497,Normal,-0.1654376533830969,0
35,48,5,25.272881,3.755913,100.0,16.5424,0.834576,56.846788,1.0,0,645.0,0.165424,9.434349,Normal,-0.10405770407521986,0
35,48,6,28.054772,23.504664,100.0,21.249544,0.787505,53.089004,0.0,3,1719.0,0.212495,6.511675,Anomalous,0.00299805950136367,1
35,48,7,13.816332,3.685043,100.0,26.73231,0.732677,48.719261,0.0,1,0.0,0.267323,8.286927,Normal,-0.0762078885334162,0
35,48,8,35.308314,3.164778,100.0,16.687954,0.83312,56.72503,0.0,0,0.0,0.16688,9.902659,Normal,-0.09914049638639494,0
35,48,9,1.16258,11.850402,100.0,14.527838,0.854722,58.447474,1.0,1,335.0,0.145278,1.194532,Normal,-0.12615006234559373,0
35,48,10,5.944138,13.726998,100.0,12.699659,0.873003,59.906606,0.0,0,0.0,0.126997,3.679274,Normal,-0.16623238995754724,0
35,49,1,5.478021,1.80581,100.0,30.287256,0.697127,45.893408,0.0,0,0.0,0.302873,1.760948,Normal,-0.03199659180363512,0
35,49,2,28.976455,3.641699,100.0,13.188888,0.868111,59.517986,1.0,1,0.0,0.131889,4.414506,Normal,-0.1266522587387977,0
35,49,3,13.703507,5.12623,100.0,13.830164,0.861698,59.004708,1.0,1,0.0,0.138302,3.953289,Normal,-0.15691576329091095,0
35,49,4,4.253308,11.159042,100.0,12.944769,0.870552,59.710951,0.0,0,0.0,0.129448,6.030497,Normal,-0.16679862156866815,0
35,49,5,27.048297,5.019043,100.0,16.355809,0.836442,56.997554,0.0,1,1869.0,0.163558,9.434349,Normal,-0.08753946900244719,0
35,49,6,27.471733,24.668167,100.0,21.290504,0.787095,53.05528,1.0,3,951.0,0.212905,6.511675,Normal,-0.007677655594147792,0
35,49,7,12.854176,5.259827,100.0,25.71142,0.742886,49.531705,0.0,0,0.0,0.257114,8.286927,Normal,-0.09999264494076016,0
35,49,8,34.514359,0.930359,100.0,15.573242,0.844268,57.614528,1.0,1,0.0,0.155732,9.902659,Normal,-0.09249052289576404,0
35,49,9,0.0,13.731276,100.0,13.974146,0.860259,58.889326,0.0,2,443.0,0.139741,1.194532,Normal,-0.10230078632263456,0
35,49,10,5.434879,11.353401,100.0,12.944769,0.870552,59.710951,0.0,0,989.0,0.129448,3.679274,Normal,-0.1593897337442537,0
35,50,1,7.81607,2.306064,100.0,31.729955,0.6827,44.748465,0.0,1,965.0,0.3173,1.760948,Anomalous,0.002275622723221682,1
35,50,2,30.796652,0.653057,100.0,13.431201,0.865688,59.325171,1.0,0,0.0,0.134312,4.414506,Normal,-0.12297800979890827,0
35,50,3,14.593431,7.176138,100.0,14.015601,0.859844,58.857,2.0,1,0.0,0.140156,3.953289,Normal,-0.10952405003432031,0
35,50,4,9.19723,13.44867,100.0,13.492401,0.865076,59.27383,0.0,0,660.0,0.134924,6.030497,Normal,-0.16084748939874888,0
35,50,5,29.576407,3.715652,100.0,16.197846,0.838022,57.126038,1.0,2,0.0,0.161978,9.434349,Normal,-0.09256008501277213,0
35,50,6,30.305205,27.39624,100.0,21.975741,0.780243,52.50899,2.0,1,1391.0,0.219757,6.511675,Anomalous,0.011846896611746871,1
35,50,7,15.54402,3.564431,100.0,26.091332,0.739087,49.229324,0.0,1,589.0,0.260913,8.286927,Normal,-0.07815129680965588,0
35,50,8,33.694326,3.083031,100.0,15.815233,0.841848,57.422017,1.0,1,0.0,0.158152,9.902659,Normal,-0.10122212429925903,0
35,50,9,3.759352,14.237134,100.0,13.772413,0.862276,59.050384,1.0,0,0.0,0.137724,1.194532,Normal,-0.1309373007578234,0
35,50,10,6.729888,13.985372,100.0,13.492401,0.865076,59.27383,0.0,0,312.0,0.134924,3.679274,Normal,-0.16724308056953086,0
35,51,1,12.116215,0.0,100.0,33.019633,0.669804,43.726178,2.0,2,1750.0,0.330196,1.760948,Anomalous,0.11255562155059473,1
35,51,2,33.867695,2.886592,100.0,12.995456,0.870045,59.672819,0.0,0,0.0,0.129955,4.414506,Normal,-0.14363905775076663,0
35,51,3,10.404718,5.484762,100.0,14.538128,0.854619,58.440347,0.0,1,0.0,0.145381,3.953289,Normal,-0.1759375362895964,0
35,51,4,5.395509,14.437003,100.0,13.142369,0.868576,59.553222,0.0,0,0.0,0.131424,6.030497,Normal,-0.16462122430827558,0
35,51,5,25.981312,3.231361,100.0,16.293647,0.837064,57.052107,2.0,1,0.0,0.162936,9.434349,Normal,-0.06659172281824999,0
35,51,6,31.493933,25.865725,100.0,21.578665,0.784213,52.824255,1.0,3,1083.0,0.215787,6.511675,Anomalous,0.00018644894721386862,1
35,51,7,13.856002,4.446944,100.0,24.033106,0.759669,50.868038,1.0,0,0.0,0.240331,8.286927,Normal,-0.08185000152114308,0
35,51,8,38.618339,3.933838,100.0,15.2254,0.847746,57.892346,0.0,1,679.0,0.152254,9.902659,Normal,-0.09073809398244792,0
35,51,9,5.205103,16.713408,100.0,13.800038,0.862,59.028372,0.0,1,639.0,0.138,1.194532,Normal,-0.136080383233677,0
35,51,10,6.151932,16.942419,100.0,13.142369,0.868576,59.553222,0.0,0,0.0,0.131424,3.679274,Normal,-0.16167780401265625,0
35,52,1,10.502975,0.0,100.0,31.488659,0.685113,44.939867,0.0,2,0.0,0.314887,1.760948,Anomalous,0.029893191818188614,1
35,52,2,31.17643,2.538276,100.0,13.316383,0.866836,59.416517,0.0,0,0.0,0.133164,4.414506,Normal,-0.15010082768601574,0
35,52,3,7.505662,7.022112,100.0,13.327818,0.866722,59.406283,0.0,1,1141.0,0.133278,3.953289,Normal,-0.15443066145247186,0
35,52,4,8.4799,13.366687,100.0,12.857181,0.871428,59.780866,0.0,0,0.0,0.128572,6.030497,Normal,-0.16542844231163162,0
35,52,5,22.443129,6.056594,100.0,16.123348,0.838767,57.185077,0.0,2,296.0,0.161233,9.434349,Normal,-0.11841629297268391,0
35,52,6,27.184408,28.157285,100.0,21.503811,0.784962,52.884525,0.0,2,0.0,0.215038,6.511675,Normal,-0.04869351070252692,0
35,52,7,10.076158,4.182167,100.0,24.972065,0.750279,50.120306,0.0,0,892.0,0.249721,8.286927,Normal,-0.08893258247808322,0
35,52,8,35.72926,2.305398,100.0,14.624578,0.853754,58.372202,0.0,1,527.0,0.146246,9.902659,Normal,-0.10257742146708104,0
35,52,9,2.654407,14.738659,100.0,13.892578,0.861074,58.954502,0.0,1,0.0,0.138926,1.194532,Normal,-0.14673066045928623,0
35,52,10,9.935144,14.319253,100.0,12.857181,0.871428,59.780866,0.0,1,1455.0,0.128572,3.679274,Normal,-0.1260883522104474,0
35,53,1,12.194481,2.138655,100.0,32.643757,0.673562,44.02399,0.0,0,0.0,0.326438,1.760948,Normal,-0.0011153854476695368,0
35,53,2,33.624374,1.20414,100.0,13.055797,0.869442,59.625094,1.0,1,0.0,0.130558,4.414506,Normal,-0.11420891243428821,0
35,53,3,4.546106,8.321089,100.0,12.764952,0.87235,59.85637,0.0,2,1121.0,0.12765,3.953289,Normal,-0.12451408171561579,0
35,53,4,8.211516,13.120151,100.0,11.277823,0.887222,61.041677,0.0,0,2111.0,0.112778,6.030497,Normal,-0.09268057322974715,0
35,53,5,19.660525,8.477897,100.0,15.416345,0.845837,57.751896,0.0,1,0.0,0.154163,9.434349,Normal,-0.1475707951040775,0
35,53,6,22.420309,30.333402,100.0,22.437128,0.775629,52.140764,0.0,0,0.0,0.224371,6.511675,Normal,-0.0778976916765976,0
35,53,7,5.409397,5.849658,100.0,25.806789,0.741932,49.455795,0.0,0,0.0,0.258068,8.286927,Normal,-0.1026635555117586,0
35,53,8,36.926916,2.290825,100.0,13.773494,0.862265,59.052249,1.0,0,363.0,0.137735,9.902659,Normal,-0.06307060096551376,0
35,53,9,0.130139,15.388995,100.0,13.360157,0.866398,59.379628,0.0,1,556.0,0.133602,1.194532,Normal,-0.12852584857132565,0
35,53,10,7.822629,14.478152,100.0,11.277823,0.887222,61.041677,0.0,1,0.0,0.112778,3.679274,Normal,-0.14284253735923252,0
35,54,1,14.715822,0.0,100.0,31.591532,0.684085,44.85826,0.0,0,1415.0,0.315915,1.760948,Anomalous,0.023874032797914335,1
35,54,2,36.454993,0.130462,100.0,14.19078,0.858092,58.719142,0.0,1,0.0,0.141908,4.414506,Normal,-0.13479858694394287,0
35,54,3,8.189187,11.135751,100.0,13.292231,0.867078,59.435453,1.0,2,1446.0,0.132922,3.953289,Normal,-0.09181317436591285,0
35,54,4,11.873981,11.026577,100.0,11.572341,0.884277,60.806545,0.0,0,0.0,0.115723,6.030497,Normal,-0.15790586393614153,0
35,54,5,23.531166,7.339766,100.0,16.225667,0.837743,57.103507,0.0,0,0.0,0.162257,9.434349,Normal,-0.14179441124049086,0
35,54,6,21.392435,31.365945,100.0,21.535632,0.784644,52.858396,1.0,2,275.0,0.215356,6.511675,Normal,-0.03558830385676992,0
35,54,7,8.165728,7.965891,100.0,23.656446,0.763436,51.168054,1.0,1,1174.0,0.236564,8.286927,Normal,-0.06706558280976938,0
35,54,8,35.767688,0.0,100.0,14.666609,0.853334,58.339828,1.0,0,0.0,0.146666,9.902659,Normal,-0.07553816239690875,0
35,54,9,3.84027,14.734084,100.0,14.200943,0.857991,58.708457,0.0,1,0.0,0.142009,1.194532,Normal,-0.14683575293316742,0
35,54,10,4.770319,12.044626,100.0,11.572341,0.884277,60.806545,0.0,0,0.0,0.115723,3.679274,Normal,-0.1612469983725609,0
35,55,1,16.605232,0.0,100.0,30.011147,0.699889,46.112673,0.0,0,0.0,0.300111,1.760948,Normal,-0.0252171672040713,0
35,55,2,35.550419,0.325261,100.0,14.912091,0.850879,58.143233,1.0,3,970.0,0.149121,4.414506,Normal,-0.05909732192762529,0
35,55,3,8.852814,8.285014,100.0,13.907343,0.860927,58.943805,0.0,1,1298.0,0.139073,3.953289,Normal,-0.15437958042573574,0
35,55,4,10.670368,13.364706,100.0,11.111439,0.888886,61.174515,0.0,0,334.0,0.111114,6.030497,Normal,-0.147265037690599,0
35,55,5,24.152799,6.120579,100.0,16.295207,0.837048,57.045315,0.0,1,519.0,0.162952,9.434349,Normal,-0.13682729386257636,0
35,55,6,20.559273,32.834248,100.0,20.957808,0.790422,53.319024,1.0,3,1314.0,0.209578,6.511675,Normal,-0.010494928919868585,0
35,55,7,7.014613,5.657782,100.0,23.247636,0.767524,51.493718,1.0,0,0.0,0.232476,8.286927,Normal,-0.0908463045317422,0
35,55,8,37.557884,0.133691,100.0,15.856658,0.841433,57.389802,0.0,0,0.0,0.158567,9.902659,Normal,-0.08690263306867924,0
35,55,9,1.614512,12.620278,100.0,14.195844,0.858042,58.712524,1.0,0,0.0,0.141958,1.194532,Normal,-0.13295309146927825,0
35,55,10,2.210401,14.28567,100.0,11.111439,0.888886,61.174515,0.0,0,0.0,0.111114,3.679274,Normal,-0.15272013997466682,0
35,56,1,18.875924,0.318188,100.0,30.422162,0.695778,45.786291,1.0,1,813.0,0.304222,1.760948,Anomalous,0.024379560702660008,1
35,56,2,36.144996,0.0,100.0,14.049258,0.859507,58.831583,0.0,1,1347.0,0.140493,4.414506,Normal,-0.11409413005607055,0
35,56,3,9.744502,6.197599,100.0,14.487757,0.855122,58.480035,0.0,1,1379.0,0.144878,3.953289,Normal,-0.15474260010609975,0
35,56,4,10.197036,13.422575,100.0,10.506831,0.894932,61.657241,0.0,0,0.0,0.105068,6.030497,Normal,-0.1472534506747622,0
35,56,5,26.287293,4.905538,100.0,16.435605,0.835644,56.933966,1.0,2,0.0,0.164356,9.434349,Normal,-0.10134040069884725,0
35,56,6,16.981122,31.723271,100.0,21.218141,0.787819,53.112084,0.0,2,0.0,0.212181,6.511675,Normal,-0.06524918402199142,0
35,56,7,6.458849,3.502132,100.0,24.529541,0.754705,50.472676,0.0,0,568.0,0.245295,8.286927,Normal,-0.10133398096464219,0
35,56,8,35.010297,0.0,100.0,16.246573,0.837534,57.0776,0.0,0,0.0,0.162466,9.902659,Normal,-0.09760558494864158,0
35,56,9,0.92162,10.569193,100.0,14.365985,0.85634,58.576639,0.0,0,0.0,0.14366,1.194532,Normal,-0.15857056294798028,0
35,56,10,3.239326,15.529663,100.0,10.506831,0.894932,61.657241,0.0,0,0.0,0.105068,3.679274,Normal,-0.14223092642412594,0
35,57,1,14.104362,3.281652,100.0,30.56651,0.694335,45.671689,0.0,1,0.0,0.305665,1.760948,Normal,-0.016107053550393324,0
35,57,2,39.697931,2.064335,100.0,14.405627,0.855944,58.548279,1.0,1,1314.0,0.144056,4.414506,Normal,-0.09287770692195613,0
35,57,3,6.395606,8.630515,100.0,13.549009,0.86451,59.229606,0.0,1,494.0,0.13549,3.953289,Normal,-0.16894197461414745,0
35,57,4,6.108004,15.876142,100.0,12.056014,0.87944,60.420415,0.0,0,0.0,0.12056,6.030497,Normal,-0.16193891164073831,0
35,57,5,22.229341,4.044017,100.0,15.891098,0.841089,57.36892,0.0,1,1416.0,0.158911,9.434349,Normal,-0.12529951931749778,0
35,57,6,17.659484,33.269014,100.0,21.235126,0.787649,53.098536,0.0,0,0.0,0.212351,6.511675,Normal,-0.10096110279976578,0
35,57,7,4.918243,4.045676,100.0,24.529202,0.754708,50.472946,0.0,1,388.0,0.245292,8.286927,Normal,-0.10070986131717291,0
35,57,8,34.552836,2.044524,100.0,16.460545,0.835395,56.908686,1.0,2,1398.0,0.164605,9.902659,Normal,-0.05702973108090814,0
35,57,9,1.331564,9.633268,100.0,13.397266,0.866027,59.349831,0.0,0,0.0,0.133973,1.194532,Normal,-0.15751956596750333,0
35,57,10,6.04813,13.650627,100.0,12.056014,0.87944,60.420415,0.0,0,0.0,0.12056,3.679274,Normal,-0.1680016370134943,0
35,58,1,10.820976,1.495118,100.0,31.649448,0.683506,44.812321,0.0,0,0.0,0.316494,1.760948,Normal,-0.014363021561600076,0
35,58,2,37.715719,2.892526,100.0,14.136242,0.858638,58.764527,0.0,3,1432.0,0.141362,4.414506,Normal,-0.07206146920002537,0
35,58,3,2.833204,8.605105,100.0,14.006909,0.859931,58.864819,0.0,0,0.0,0.140069,3.953289,Normal,-0.1799037885111609,0
35,58,4,8.790161,18.10853,100.0,11.741177,0.882588,60.671756,0.0,0,0.0,0.117412,6.030497,Normal,-0.15255938313988754,0
35,58,5,18.643185,1.286022,100.0,15.017038,0.84983,58.068801,0.0,1,0.0,0.15017,9.434349,Normal,-0.14176379549137463,0
35,58,6,14.600738,33.562472,100.0,20.980413,0.790196,53.300679,1.0,2,1557.0,0.209804,6.511675,Normal,-0.023392837281118517,0
35,58,7,9.686929,3.90067,100.0,22.336079,0.776639,52.22002,1.0,0,0.0,0.223361,8.286927,Normal,-0.10169622128527511,0
35,58,8,30.088631,0.594772,100.0,16.721998,0.83278,56.701317,0.0,1,0.0,0.16722,9.902659,Normal,-0.11012781986230014,0
35,58,9,5.974799,9.240642,100.0,12.52684,0.874732,60.044738,0.0,1,931.0,0.125268,1.194532,Normal,-0.12995878615528056,0
35,58,10,10.968973,15.524805,100.0,11.741177,0.882588,60.671756,0.0,0,0.0,0.117412,3.679274,Normal,-0.16019692294001325,0
35,59,1,5.944362,0.167854,100.0,30.205297,0.697947,45.958489,0.0,0,0.0,0.302053,1.760948,Normal,-0.02493167671585772,0
35,59,2,38.279434,4.844153,100.0,15.234818,0.847652,57.887982,1.0,2,0.0,0.152348,4.414506,Normal,-0.09637928504608106,0
35,59,3,3.532316,9.729104,100.0,13.012713,0.869873,59.658736,1.0,1,0.0,0.130127,3.953289,Normal,-0.1366925008190943,0
35,59,4,10.304702,17.847919,100.0,11.13651,0.888635,61.154499,0.0,0,941.0,0.111365,6.030497,Normal,-0.13685059186939286,0
35,59,5,21.437098,3.939933,100.0,15.570331,0.844297,57.624517,0.0,1,710.0,0.155703,9.434349,Normal,-0.14085281491624985,0
35,59,6,18.791445,34.471486,100.0,20.279334,0.797207,53.859472,1.0,1,1380.0,0.202793,6.511675,Normal,-0.06024242448762046,0
35,59,7,6.599036,3.119042,100.0,21.086579,0.789134,53.215876,0.0,1,409.0,0.210866,8.286927,Normal,-0.12080689953135632,0
35,59,8,35.071044,0.0,100.0,16.28239,0.837176,57.053655,1.0,1,0.0,0.162824,9.902659,Normal,-0.08551872436762309,0
35,59,9,2.748688,6.367799,100.0,13.498576,0.865014,59.269026,0.0,1,0.0,0.134986,1.194532,Normal,-0.1556152966382115,0
35,59,10,12.734066,15.711651,100.0,11.13651,0.888635,61.154499,0.0,0,441.0,0.111365,3.679274,Normal,-0.14816650992753538,0
35,60,1,8.387236,0.0,100.0,28.524289,0.714757,47.294098,0.0,0,0.0,0.285243,1.760948,Normal,-0.06060710572600303,0
35,60,2,35.974917,7.608213,100.0,14.915011,0.85085,58.142072,1.0,1,0.0,0.14915,4.414506,Normal,-0.12845160064808042,0
35,60,3,6.430381,8.68786,100.0,13.219831,0.867802,59.493422,1.0,2,0.0,0.132198,3.953289,Normal,-0.1219420725445221,0
35,60,4,7.076314,16.092384,100.0,10.678749,0.893213,61.519977,0.0,0,778.0,0.106787,6.030497,Normal,-0.13619027733513467,0
35,60,5,26.199087,2.018942,100.0,15.659062,0.843409,57.551455,0.0,1,0.0,0.156591,9.434349,Normal,-0.13640015636204733,0
35,60,6,18.344463,34.309419,100.0,20.291044,0.79709,53.850116,1.0,0,0.0,0.20291,6.511675,Normal,-0.08310029409824077,0
35,60,7,4.56804,4.221397,100.0,20.939366,0.790606,53.333225,0.0,1,0.0,0.209394,8.286927,Normal,-0.12411583563744089,0
35,60,8,34.237056,0.243936,100.0,15.678033,0.84322,57.534478,0.0,1,2575.0,0.15678,9.902659,Normal,-0.043191080242396485,0
35,60,9,0.0,7.737252,100.0,13.93833,0.860617,58.917948,1.0,0,443.0,0.139383,1.194532,Normal,-0.1272655811611999,0
35,60,10,14.993876,14.352019,100.0,10.678749,0.893213,61.519977,0.0,0,1082.0,0.106787,3.679274,Normal,-0.12941690031260672,0
35,61,1,11.734487,1.286741,100.0,27.477294,0.725227,48.12662,0.0,0,0.0,0.274773,1.760948,Normal,-0.0826899709242726,0
35,61,2,32.907818,8.669376,100.0,14.894037,0.85106,58.157687,1.0,1,783.0,0.14894,4.414506,Normal,-0.1316071540023827,0
35,61,3,10.622384,6.73029,100.0,13.610158,0.863898,59.18085,2.0,1,0.0,0.136102,3.953289,Normal,-0.10899132930399341,0
35,61,4,6.891308,18.651735,100.0,12.00941,0.879906,60.45762,0.0,0,1441.0,0.120094,6.030497,Normal,-0.1258996772815419,0
35,61,5,25.180652,4.384066,100.0,16.14772,0.838523,57.160158,1.0,1,762.0,0.161477,9.434349,Normal,-0.11405928743644944,0
35,61,6,15.8129,34.508153,100.0,19.383983,0.80616,54.573459,1.0,1,0.0,0.19384,6.511675,Normal,-0.08276585675387504,0
35,61,7,5.318049,5.733162,100.0,20.663321,0.793367,53.553283,1.0,1,2126.0,0.206633,8.286927,Normal,-0.0460355965263326,0
35,61,8,37.301048,0.0,100.0,15.973931,0.840261,57.296387,2.0,1,0.0,0.159739,9.902659,Normal,-0.03083141333583983,0
35,61,9,1.355793,7.086604,100.0,14.86003,0.8514,58.182328,0.0,0,0.0,0.1486,1.194532,Normal,-0.15805136719962848,0
35,61,10,12.883275,12.350961,100.0,12.00941,0.879906,60.45762,0.0,0,0.0,0.120094,3.679274,Normal,-0.16404024043554544,0
35,62,1,12.112929,3.54685,100.0,28.754427,0.712456,47.111165,0.0,0,0.0,0.287544,1.760948,Normal,-0.065125052152324,0
35,62,2,31.572934,7.416668,100.0,14.6784,0.853216,58.330047,1.0,1,512.0,0.146784,4.414506,Normal,-0.13836597022359143,0
35,62,3,11.951296,6.382791,100.0,12.507223,0.874928,60.061168,0.0,2,1080.0,0.125072,3.953289,Normal,-0.13143289209375736,0
35,62,4,2.761531,20.707145,100.0,12.283623,0.877164,60.238715,0.0,0,0.0,0.122836,6.030497,Normal,-0.14108500255106543,0
35,62,5,24.351214,4.484823,100.0,15.763846,0.842362,57.468085,0.0,1,0.0,0.157638,9.434349,Normal,-0.13823189333696784,0
35,62,6,11.13531,35.277906,100.0,19.334767,0.806652,54.612996,0.0,1,0.0,0.193348,6.511675,Normal,-0.0932236428327542,0
35,62,7,5.662887,4.296435,100.0,21.615469,0.783845,52.79431,0.0,2,1134.0,0.216155,8.286927,Normal,-0.07626731017837557,0
35,62,8,32.410592,2.221766,100.0,15.350021,0.8465,57.794544,1.0,2,1008.0,0.1535,9.902659,Normal,-0.07541393654961231,0
35,62,9,2.861437,9.832099,100.0,14.615507,0.853845,58.37756,0.0,1,402.0,0.146155,1.194532,Normal,-0.1499465018880795,0
35,62,10,15.51957,14.258681,100.0,12.283623,0.877164,60.238715,0.0,0,0.0,0.122836,3.679274,Normal,-0.1625656821488295,0
35,63,1,8.101463,5.022504,100.0,28.097386,0.719026,47.633496,0.0,0,0.0,0.280974,1.760948,Normal,-0.07659348386654324,0
35,63,2,33.600759,7.532464,100.0,14.552537,0.854475,58.429858,2.0,1,0.0,0.145525,4.414506,Normal,-0.09257154828208969,0
35,63,3,9.627007,5.334702,100.0,12.30529,0.876947,60.222132,1.0,1,1166.0,0.123053,3.953289,Normal,-0.11608470581997399,0
35,63,4,3.1851,22.506595,100.0,11.582674,0.884173,60.798296,0.0,0,0.0,0.115827,6.030497,Normal,-0.12944698142143962,0
35,63,5,24.716229,4.382069,100.0,15.782143,0.842179,57.452594,0.0,1,0.0,0.157821,9.434349,Normal,-0.1386717255844766,0
35,63,6,13.932934,35.795429,100.0,19.165483,0.808345,54.748234,1.0,2,862.0,0.191655,6.511675,Normal,-0.04509067791910215,0
35,63,7,2.673811,4.320055,100.0,22.04282,0.779572,52.453719,0.0,1,0.0,0.220428,8.286927,Normal,-0.12051300654840291,0
35,63,8,31.268921,1.19238,100.0,15.02973,0.849703,58.049472,1.0,3,0.0,0.150297,9.902659,Normal,-0.05215709676262814,0
35,63,9,0.139203,11.591826,100.0,14.285239,0.857148,58.64113,1.0,1,671.0,0.142852,1.194532,Normal,-0.12326792565900663,0
35,63,10,17.827634,13.818322,100.0,11.582674,0.884173,60.798296,0.0,0,1598.0,0.115827,3.679274,Normal,-0.11293804595324608,0
35,64,1,11.831657,3.959322,100.0,27.30281,0.726972,48.265405,1.0,0,1349.0,0.273028,1.760948,Normal,-0.02893588175677908,0
35,64,2,35.886145,6.00904,100.0,15.147686,0.848523,57.954997,1.0,3,1087.0,0.151477,4.414506,Normal,-0.06777317087499707,0
35,64,3,6.310186,7.389579,100.0,11.56134,0.884387,60.816374,0.0,1,0.0,0.115613,3.953289,Normal,-0.14817949978942835,0
35,64,4,2.350175,22.615345,100.0,12.062188,0.879378,60.415486,0.0,0,0.0,0.120622,6.030497,Normal,-0.137009790132533,0
35,64,5,19.959802,2.248698,100.0,15.726655,0.842733,57.49592,1.0,2,1391.0,0.157267,9.434349,Normal,-0.09239604510643595,0
35,64,6,15.990654,36.792613,100.0,20.410482,0.795895,53.75624,0.0,2,355.0,0.204105,6.511675,Normal,-0.05526783992595663,0
35,64,7,0.071359,1.639651,100.0,24.308393,0.756916,50.648791,0.0,1,1225.0,0.243084,8.286927,Normal,-0.06927025495522121,0
35,64,8,34.597882,3.428195,100.0,14.659688,0.853403,58.345856,0.0,1,0.0,0.146597,9.902659,Normal,-0.11223416906168315,0
35,64,9,0.0,9.978494,100.0,13.742664,0.862573,59.074181,1.0,0,0.0,0.137427,1.194532,Normal,-0.13100742519057335,0
35,64,10,14.07718,13.850841,100.0,12.062188,0.879378,60.415486,0.0,0,0.0,0.120622,3.679274,Normal,-0.16488302815210876,0
35,65,1,13.364848,2.95269,100.0,25.839314,0.741607,49.429906,0.0,0,0.0,0.258393,1.760948,Normal,-0.09344122850604497,0
35,65,2,31.376998,8.183345,100.0,14.874393,0.851256,58.1725,0.0,2,0.0,0.148744,4.414506,Normal,-0.13707900936745232,0
35,65,3,1.848098,7.504831,100.0,11.261575,0.887384,61.055226,0.0,0,0.0,0.112616,3.953289,Normal,-0.15712252862968734,0
35,65,4,0.0,19.963369,100.0,11.733644,0.882664,60.67777,0.0,0,578.0,0.117336,6.030497,Normal,-0.13305197250667683,0
35,65,5,16.600059,4.420283,100.0,15.744642,0.842554,57.480211,0.0,3,1463.0,0.157446,9.434349,Normal,-0.07861876361149411,0
35,65,6,15.780285,35.457052,100.0,19.947679,0.800523,54.126005,1.0,2,0.0,0.199477,6.511675,Normal,-0.0571837476812278,0
35,65,7,0.0,2.721359,100.0,24.901857,0.750981,50.176207,1.0,0,1047.0,0.249019,8.286927,Normal,-0.04502630260275964,0
35,65,8,30.112782,3.74567,100.0,14.549229,0.854508,58.433074,0.0,1,1423.0,0.145492,9.902659,Normal,-0.10447360393822996,0
35,65,9,4.030787,9.756692,100.0,13.794834,0.862052,59.032474,0.0,0,0.0,0.137948,1.194532,Normal,-0.164827300030357,0
35,65,10,18.048029,14.932811,100.0,11.733644,0.882664,60.67777,0.0,0,1452.0,0.117336,3.679274,Normal,-0.12504849625819314,0
35,66,1,13.065269,3.538905,100.0,27.643921,0.723561,47.994096,0.0,1,1335.0,0.276439,1.760948,Normal,-0.04802492530532976,0
35,66,2,29.92745,10.495544,100.0,14.410963,0.85589,58.543063,0.0,1,670.0,0.14411,4.414506,Normal,-0.15296348807395327,0
35,66,3,6.109687,9.185935,100.0,11.380195,0.886198,60.960201,0.0,0,0.0,0.113802,3.953289,Normal,-0.16197302210339348,0
35,66,4,3.589246,19.213334,100.0,11.484272,0.885157,60.876855,0.0,0,1015.0,0.114843,6.030497,Normal,-0.12544092198079543,0
35,66,5,12.295364,5.24689,100.0,15.437311,0.845627,57.727354,0.0,2,0.0,0.154373,9.434349,Normal,-0.13332224164563217,0
35,66,6,15.890235,38.242061,100.0,19.010602,0.809894,54.873225,0.0,2,1134.0,0.190106,6.511675,Normal,-0.05348364942946282,0
35,66,7,3.252487,4.49509,100.0,24.165825,0.758342,50.762334,0.0,0,0.0,0.241658,8.286927,Normal,-0.11428157496198471,0
35,66,8,29.469173,4.077662,100.0,15.716756,0.842832,57.501487,0.0,1,0.0,0.157168,9.902659,Normal,-0.12783195927040525,0
35,66,9,1.941705,8.822279,100.0,13.074022,0.86926,59.607827,0.0,1,1086.0,0.13074,1.194532,Normal,-0.12523515461635643,0
35,66,10,20.87358,14.130082,100.0,11.484272,0.885157,60.876855,0.0,0,0.0,0.114843,3.679274,Normal,-0.15191838203542357,0
35,67,1,8.081779,3.085138,100.0,27.210826,0.727892,48.338574,0.0,1,0.0,0.272108,1.760948,Normal,-0.06948563356987292,0
35,67,2,29.162496,10.200727,100.0,14.014969,0.85985,58.85898,2.0,0,0.0,0.14015,4.414506,Normal,-0.08755300269910454,0
35,67,3,8.199827,8.797714,100.0,10.955166,0.890448,61.299609,3.0,2,1918.0,0.109552,3.953289,Anomalous,0.030347093293582872,1
35,67,4,6.993621,17.650884,100.0,10.185021,0.89815,61.91419,0.0,0,0.0,0.10185,6.030497,Normal,-0.13511788529886098,0
35,67,5,11.773944,3.416657,100.0,15.736855,0.842631,57.487826,0.0,0,0.0,0.157369,9.434349,Normal,-0.15195698495031462,0
35,67,6,15.272017,38.45363,100.0,19.456911,0.805431,54.517876,1.0,0,0.0,0.194569,6.511675,Normal,-0.07665301416992448,0
35,67,7,7.290291,2.883154,100.0,25.1112,0.748888,50.009528,0.0,0,0.0,0.251112,8.286927,Normal,-0.10267627951563629,0
35,67,8,29.783768,4.957931,100.0,15.149295,0.848507,57.954361,4.0,1,259.0,0.151493,9.902659,Normal,-0.03285606434659616,0
35,67,9,0.0,7.439522,100.0,13.289019,0.86711,59.436166,0.0,1,0.0,0.13289,1.194532,Normal,-0.14671711134967075,0
35,67,10,21.413009,11.816256,100.0,10.185021,0.89815,61.91419,0.0,0,1525.0,0.10185,3.679274,Normal,-0.09671759993328166,0
35,68,1,8.266208,5.445772,100.0,25.657252,0.743427,49.574823,2.0,1,1747.0,0.256573,1.760948,Anomalous,0.031243845689069016,1
35,68,2,30.322133,11.93355,100.0,15.052975,0.84947,58.030389,0.0,0,0.0,0.15053,4.414506,Normal,-0.1575380262149934,0
35,68,3,6.799993,7.641747,100.0,9.582744,0.904173,62.395609,0.0,3,929.0,0.095827,3.953289,Normal,-0.06230940659481199,0
35,68,4,5.974543,19.811143,100.0,10.700965,0.89299,61.502239,0.0,0,0.0,0.10701,6.030497,Normal,-0.13624403249994604,0
35,68,5,7.141323,1.018851,100.0,16.345671,0.836543,57.000314,2.0,2,0.0,0.163457,9.434349,Normal,-0.05061080845077426,0
35,68,6,15.364069,40.273214,100.0,19.111204,0.808888,54.793599,0.0,0,0.0,0.191112,6.511675,Normal,-0.0919946528842428,0
35,68,7,8.597756,5.435199,100.0,24.898472,0.751015,50.178902,0.0,1,670.0,0.248985,8.286927,Normal,-0.09604851756072169,0
35,68,8,33.38986,2.596121,100.0,14.300233,0.856998,58.633008,0.0,1,0.0,0.143002,9.902659,Normal,-0.10974726843426535,0
35,68,9,0.0,4.702289,100.0,14.065093,0.859349,58.816749,0.0,0,0.0,0.140651,1.194532,Normal,-0.1616169046279438,0
35,68,10,19.531643,9.267479,100.0,10.700965,0.89299,61.502239,0.0,0,980.0,0.10701,3.679274,Normal,-0.137069924381574,0
35,69,1,12.956471,7.006377,100.0,24.728514,0.752715,50.314233,2.0,0,829.0,0.247285,1.760948,Normal,-0.006098024145078207,0
35,69,2,33.615116,14.779891,100.0,15.240027,0.8476,57.880642,0.0,0,0.0,0.1524,4.414506,Normal,-0.14594926294141497,0
35,69,3,8.547201,9.863275,100.0,9.320056,0.906799,62.605776,1.0,1,0.0,0.093201,3.953289,Normal,-0.07231532614782771,0
35,69,4,7.622854,18.338956,100.0,9.560983,0.90439,62.412473,0.0,0,1261.0,0.09561,6.030497,Normal,-0.10106755913183374,0
35,69,5,9.111526,0.326445,100.0,17.063846,0.829362,56.426432,2.0,3,0.0,0.170638,9.434349,Normal,-0.01356884572767214,0
35,69,6,16.469311,41.125699,100.0,19.817486,0.801825,54.230253,1.0,1,0.0,0.198175,6.511675,Normal,-0.06571511655297962,0
35,69,7,6.356119,8.128292,100.0,25.271217,0.747288,49.882131,0.0,1,0.0,0.252712,8.286927,Normal,-0.09372928271557057,0
35,69,8,30.52429,2.12024,100.0,13.176886,0.868231,59.529664,0.0,1,773.0,0.131769,9.902659,Normal,-0.09041527312432035,0
35,69,9,0.0,5.206562,100.0,14.922305,0.850777,58.132729,0.0,2,2772.0,0.149223,1.194532,Normal,-0.03905161390441103,0
35,69,10,23.988791,8.221585,100.0,9.560983,0.90439,62.412473,0.0,0,0.0,0.09561,3.679274,Normal,-0.12298153127901795,0
35,70,1,12.100026,7.568107,100.0,26.513332,0.734867,48.893498,0.0,0,0.0,0.265133,1.760948,Normal,-0.09320534509649542,0
35,70,2,35.778049,12.285426,100.0,14.453452,0.855465,58.508964,0.0,1,1162.0,0.144535,4.414506,Normal,-0.12913558604526298,0
35,70,3,7.287475,11.330492,100.0,9.42486,0.905751,62.521827,0.0,1,1231.0,0.094249,3.953289,Normal,-0.10078661997446697,0
35,70,4,10.460714,20.073025,100.0,10.28973,0.897103,61.830583,0.0,0,554.0,0.102897,6.030497,Normal,-0.12846225627668317,0
35,70,5,7.071815,0.0,100.0,16.591501,0.834085,56.804942,1.0,4,0.0,0.165915,9.434349,Normal,-0.04891722818414668,0
35,70,6,12.30735,43.948798,100.0,20.555018,0.79445,53.644145,1.0,1,0.0,0.20555,6.511675,Normal,-0.06455405529565456,0
35,70,7,3.908847,7.279129,100.0,27.425133,0.725749,48.168108,1.0,0,0.0,0.274251,8.286927,Normal,-0.06567899222411872,0
35,70,8,27.7207,1.802326,100.0,13.860458,0.861395,58.984085,0.0,0,0.0,0.138605,9.902659,Normal,-0.11802960484178604,0
35,70,9,2.612882,4.370163,100.0,14.207743,0.857923,58.702965,1.0,2,437.0,0.142077,1.194532,Normal,-0.09724775313302059,0
35,70,10,27.805759,9.857607,100.0,10.28973,0.897103,61.830583,0.0,0,885.0,0.102897,3.679274,Normal,-0.13144111260955343,0
35,71,1,12.250452,9.971983,100.0,27.898159,0.721018,47.791914,0.0,0,0.0,0.278982,1.760948,Normal,-0.07667699949309342,0
35,71,2,33.367091,11.565839,100.0,14.62723,0.853728,58.370939,1.0,1,0.0,0.146272,4.414506,Normal,-0.1335875655627099,0
35,71,3,5.786694,8.51137,100.0,9.444358,0.905556,62.506465,0.0,1,0.0,0.094444,3.953289,Normal,-0.11752343919538966,0
35,71,4,6.305984,18.983186,100.0,10.594703,0.894053,61.587081,0.0,0,498.0,0.105947,6.030497,Normal,-0.1333216305061356,0
35,71,5,7.889364,0.473354,100.0,16.122189,0.838778,57.180924,1.0,1,0.0,0.161222,9.434349,Normal,-0.12516945535361823,0
35,71,6,10.497785,45.90102,100.0,21.445475,0.785545,52.935154,0.0,0,0.0,0.214455,6.511675,Normal,-0.08490057669927603,0
35,71,7,7.596256,7.581187,100.0,28.573606,0.714264,47.254895,0.0,1,591.0,0.285736,8.286927,Normal,-0.0636703439835744,0
35,71,8,23.865036,3.843222,100.0,14.058347,0.859417,58.827044,0.0,1,1354.0,0.140583,9.902659,Normal,-0.10998731283699636,0
35,71,9,1.006572,5.649546,100.0,13.814808,0.861852,59.016497,0.0,2,1201.0,0.138148,1.194532,Normal,-0.10561100128673223,0
35,71,10,29.076143,12.628687,100.0,10.594703,0.894053,61.587081,0.0,0,490.0,0.105947,3.679274,Normal,-0.1293623800513769,0
35,72,1,9.099369,8.362006,100.0,26.635863,0.733641,48.796001,0.0,1,766.0,0.266359,1.760948,Normal,-0.07030537528317515,0
35,72,2,32.869729,10.314662,100.0,14.603681,0.853963,58.388519,0.0,0,0.0,0.146037,4.414506,Normal,-0.16281883831939703,0
35,72,3,2.113132,9.995671,100.0,9.220812,0.907792,62.68492,0.0,0,0.0,0.092208,3.953289,Normal,-0.12030579664838864,0
35,72,4,10.543477,16.313157,100.0,11.071201,0.889288,61.20664,0.0,0,0.0,0.110712,6.030497,Normal,-0.15071427618409794,0
35,72,5,5.064093,3.054392,100.0,16.055073,0.839449,57.233087,1.0,1,0.0,0.160551,9.434349,Normal,-0.13222065165767538,0
35,72,6,8.920055,48.297736,100.0,21.512035,0.78488,52.882797,1.0,1,0.0,0.21512,6.511675,Normal,-0.055763449587282854,0
35,72,7,3.104017,5.460727,100.0,29.036154,0.709638,46.88726,1.0,1,439.0,0.290362,8.286927,Normal,-0.033727547314303497,0
35,72,8,20.216487,2.511526,100.0,12.911357,0.870886,59.741129,0.0,3,2731.0,0.129114,9.902659,Normal,-0.0014084648086509777,0
35,72,9,0.0,6.020091,100.0,13.780508,0.862195,59.043884,1.0,0,0.0,0.137805,1.194532,Normal,-0.1357058320378729,0
35,72,10,28.248487,12.004876,100.0,11.071201,0.889288,61.20664,0.0,0,0.0,0.110712,3.679274,Normal,-0.1434115160018284,0
35,73,1,12.470148,9.475703,100.0,27.107548,0.728925,48.420731,1.0,0,0.0,0.271075,1.760948,Normal,-0.0595836183367866,0
35,73,2,37.075174,11.970006,100.0,15.228359,0.847716,57.890112,2.0,0,0.0,0.152284,4.414506,Normal,-0.06274626495827479,0
35,73,3,4.484635,7.610022,100.0,8.117219,0.918828,63.566477,0.0,0,0.0,0.081172,3.953289,Normal,-0.11183668705304822,0
35,73,4,7.644294,17.025659,100.0,10.528087,0.894719,61.640269,0.0,1,365.0,0.105281,6.030497,Normal,-0.11748209252754716,0
35,73,5,0.28755,5.339612,100.0,16.766646,0.832334,56.665497,1.0,2,742.0,0.167666,9.434349,Normal,-0.09323015605793972,0
35,73,6,6.50034,50.026232,100.0,22.537223,0.774628,52.069061,0.0,1,0.0,0.225372,6.511675,Normal,-0.05307245946947203,0
35,73,7,0.36521,8.179401,100.0,31.271331,0.687287,45.112291,0.0,1,0.0,0.312713,8.286927,Normal,-0.0269749932214568,0
35,73,8,24.272786,2.047466,100.0,12.174483,0.878255,60.330301,2.0,1,590.0,0.121745,9.902659,Normal,-0.026425517781814678,0
35,73,9,0.0,6.443244,100.0,14.874141,0.851259,58.17106,0.0,1,1029.0,0.148741,1.194532,Normal,-0.13315244888966443,0
35,73,10,28.020276,14.389767,100.0,10.528087,0.894719,61.640269,0.0,0,930.0,0.105281,3.679274,Normal,-0.1293494480141396,0
35,74,1,16.161343,11.268162,100.0,28.531669,0.714683,47.288231,1.0,1,393.0,0.285317,1.760948,Normal,-0.018123676699159597,0
35,74,2,40.346581,9.538211,100.0,14.697017,0.85303,58.314602,0.0,0,0.0,0.14697,4.414506,Normal,-0.13872034417781232,0
35,74,3,0.0,9.98941,100.0,7.234557,0.927654,64.271363,0.0,1,378.0,0.072346,3.953289,Normal,-0.07049475827529861,0
35,74,4,6.637293,18.350356,100.0,10.566576,0.894334,61.609538,0.0,1,0.0,0.105666,6.030497,Normal,-0.11488519468990749,0
35,74,5,0.0,4.375026,100.0,16.290386,0.837096,57.047206,1.0,2,1144.0,0.162904,9.434349,Normal,-0.09677432645139383,0
35,74,6,6.059574,51.298501,100.0,22.175643,0.778244,52.357877,1.0,1,0.0,0.221756,6.511675,Normal,-0.036537026072697376,0
35,74,7,4.585432,6.335253,100.0,31.359117,0.686409,45.04264,1.0,0,0.0,0.313591,8.286927,Normal,-0.012667225179857744,0
35,74,8,24.22557,2.692079,100.0,11.974986,0.88025,60.490251,0.0,0,0.0,0.11975,9.902659,Normal,-0.09634782421000188,0
35,74,9,0.0,6.578446,100.0,13.647654,0.863523,59.149932,0.0,2,1386.0,0.136477,1.194532,Normal,-0.09517596053128169,0
35,74,10,23.19476,12.203871,100.0,10.566576,0.894334,61.609538,0.0,0,1098.0,0.105666,3.679274,Normal,-0.12356935172691436,0
35,75,1,12.749043,11.45822,100.0,27.693719,0.723063,47.954492,1.0,1,772.0,0.276937,1.760948,Normal,-0.038044059378932515,0
35,75,2,37.558992,7.518172,100.0,14.842897,0.851571,58.198017,1.0,1,0.0,0.148429,4.414506,Normal,-0.12603529016233705,0
35,75,3,3.067775,7.936641,100.0,5.912643,0.940874,65.326979,0.0,1,0.0,0.059126,3.953289,Normal,-0.03960523465929844,0
35,75,4,10.828145,18.835109,100.0,10.991055,0.890089,61.270628,0.0,0,0.0,0.109911,6.030497,Normal,-0.14266264806838042,0
35,75,5,0.0,6.997508,100.0,16.034447,0.839656,57.250564,2.0,2,1947.0,0.160344,9.434349,Normal,-0.02036893352461966,0
35,75,6,10.48119,52.292326,100.0,21.402406,0.785976,52.975422,0.0,1,292.0,0.214024,6.511675,Normal,-0.05647791753781661,0
35,75,7,2.187595,3.565712,100.0,31.469136,0.685309,44.955355,0.0,0,0.0,0.314691,8.286927,Normal,-0.04193674490632959,0
35,75,8,24.971763,5.42323,100.0,11.402523,0.885975,60.947469,0.0,1,1440.0,0.114025,9.902659,Normal,-0.06784839848384439,0
35,75,9,0.096387,6.647628,100.0,13.464314,0.865357,59.296287,0.0,1,0.0,0.134643,1.194532,Normal,-0.1523327281780711,0
35,75,10,19.230522,13.315552,100.0,10.991055,0.890089,61.270628,0.0,0,0.0,0.109911,3.679274,Normal,-0.15353548555678953,0
35,76,1,11.500819,14.170905,100.0,28.681078,0.713189,47.169467,0.0,1,523.0,0.286811,1.760948,Normal,-0.035725066197987765,0
35,76,2,36.566048,6.962331,100.0,14.798527,0.852015,58.234329,1.0,0,0.0,0.147985,4.414506,Normal,-0.1285188125558645,0
35,76,3,0.0,10.859739,100.0,11.850295,0.881497,60.584644,0.0,0,1478.0,0.118503,3.953289,Normal,-0.12634646028868568,0
35,76,4,11.443786,18.735047,100.0,10.546947,0.894531,61.625211,0.0,1,1102.0,0.105469,6.030497,Normal,-0.10042941405239086,0
35,76,5,2.051006,5.256246,100.0,16.155506,0.838445,57.155154,0.0,1,1011.0,0.161555,9.434349,Normal,-0.13952879931914564,0
35,76,6,5.685329,53.944564,100.0,20.928785,0.790712,53.350196,0.0,1,1165.0,0.209288,6.511675,Normal,-0.03723291156288677,0
35,76,7,5.459911,3.2732,100.0,30.007274,0.699927,46.115749,0.0,0,0.0,0.300073,8.286927,Normal,-0.06290819846849816,0
35,76,8,22.28324,8.410077,100.0,23.740723,0.762593,51.100923,1.0,1,0.0,0.237407,9.902659,Normal,-0.055778585064554354,0
35,76,9,0.0,7.062625,100.0,13.657834,0.863422,59.141796,0.0,0,0.0,0.136578,1.194532,Normal,-0.1622473239149793,0
35,76,10,23.820754,15.584741,100.0,10.546947,0.894531,61.625211,0.0,0,0.0,0.105469,3.679274,Normal,-0.13442012041287066,0
35,77,1,14.982296,12.675823,100.0,26.904402,0.730956,48.582342,0.0,0,1468.0,0.269044,1.760948,Normal,-0.02927392318635813,0
35,77,2,36.198738,6.886529,100.0,15.0958,0.849042,57.9959,0.0,0,0.0,0.150958,4.414506,Normal,-0.14633767953907934,0
35,77,3,3.491837,11.963457,100.0,11.85728,0.881427,60.579068,0.0,0,0.0,0.118573,3.953289,Normal,-0.16658904915988676,0
35,77,4,10.115989,20.779469,100.0,9.386237,0.906138,62.55201,0.0,1,926.0,0.093862,6.030497,Normal,-0.09127671654396802,0
35,77,5,6.331827,4.241493,100.0,16.331034,0.83669,57.01298,0.0,0,0.0,0.16331,9.434349,Normal,-0.15452932505363243,0
35,77,6,8.790332,51.832816,100.0,20.641154,0.793588,53.578663,0.0,0,489.0,0.206412,6.511675,Normal,-0.05984600050780786,0
35,77,7,7.499711,3.013748,100.0,29.425029,0.70575,46.578259,0.0,1,857.0,0.29425,8.286927,Normal,-0.044280750942480185,0
35,77,8,22.851839,10.774242,100.0,21.974431,0.780256,52.508221,0.0,0,0.0,0.219744,9.902659,Normal,-0.0886325484266543,0
35,77,9,0.0,7.118689,100.0,13.99214,0.860079,58.874982,0.0,0,0.0,0.139921,1.194532,Normal,-0.1607244004531596,0
35,77,10,19.73718,14.20309,100.0,9.386237,0.906138,62.55201,0.0,0,679.0,0.093862,3.679274,Normal,-0.12295725270696978,0
35,78,1,15.812845,15.224542,100.0,27.248357,0.727516,48.30872,1.0,0,1402.0,0.272484,1.760948,Normal,-0.009669122993374413,0
35,78,2,35.043157,5.938601,100.0,14.260971,0.85739,58.661927,0.0,0,0.0,0.14261,4.414506,Normal,-0.15581483715897593,0
35,78,3,6.508205,11.622434,100.0,6.083324,0.939167,65.19079,0.0,0,0.0,0.060833,3.953289,Normal,-0.06649239902513798,0
35,78,4,14.269692,22.271089,100.0,9.527357,0.904726,62.439324,0.0,0,1485.0,0.095274,6.030497,Normal,-0.07860469546035992,0
35,78,5,4.862345,4.584814,100.0,15.703926,0.842961,57.513996,1.0,1,1188.0,0.157039,9.434349,Normal,-0.12113225489657858,0
35,78,6,11.46495,52.650465,100.0,21.347189,0.786528,53.017882,1.0,0,0.0,0.213472,6.511675,Normal,-0.04920257382346682,0
35,78,7,8.739653,1.748985,100.0,30.793809,0.692062,45.491255,1.0,0,0.0,0.307938,8.286927,Normal,-0.0071027289102119084,0
35,78,8,18.582613,7.906483,100.0,10.515676,0.894843,61.654538,0.0,0,0.0,0.105157,9.902659,Normal,-0.09640020116047587,0
35,78,9,0.0,4.677799,100.0,13.229247,0.867708,59.483932,0.0,1,340.0,0.132292,1.194532,Normal,-0.140254878596138,0
35,78,10,23.425098,15.704047,100.0,9.527357,0.904726,62.439324,0.0,0,304.0,0.095274,3.679274,Normal,-0.11158566310525714,0
35,79,1,18.412282,14.108632,100.0,26.767853,0.732321,48.690982,0.0,0,0.0,0.267679,1.760948,Normal,-0.07263706007605358,0
35,79,2,34.653971,7.392283,100.0,13.804958,0.86195,59.025374,0.0,0,0.0,0.13805,4.414506,Normal,-0.1568440215614591,0
35,79,3,4.85133,10.417718,100.0,12.270441,0.877296,60.249238,0.0,1,1443.0,0.122704,3.953289,Normal,-0.12918817380436076,0
35,79,4,16.612159,21.03309,100.0,11.008602,0.889914,61.256619,0.0,0,1376.0,0.110086,6.030497,Normal,-0.1101939273429382,0
35,79,5,4.831832,7.322144,100.0,16.201374,0.837986,57.116463,0.0,2,1436.0,0.162014,9.434349,Normal,-0.11270635742515112,0
35,79,6,10.888363,54.182831,100.0,21.715681,0.782843,52.724569,0.0,0,0.0,0.217157,6.511675,Normal,-0.06595830740760211,0
35,79,7,6.98404,0.399644,100.0,31.160921,0.688391,45.1999,0.0,0,276.0,0.311609,8.286927,Normal,-0.03424673436032444,0
35,79,8,17.767546,5.269759,100.0,18.939015,0.81061,54.928173,0.0,0,0.0,0.18939,9.902659,Normal,-0.11584074669880173,0
35,79,9,0.0,2.25127,100.0,14.206608,0.857934,58.703798,0.0,1,537.0,0.142066,1.194532,Normal,-0.14744613394383016,0
35,79,10,26.503562,13.915238,100.0,11.008602,0.889914,61.256619,0.0,0,0.0,0.110086,3.679274,Normal,-0.142611539439852,0
35,80,1,20.537976,12.231331,100.0,28.537937,0.714621,47.283249,0.0,0,1120.0,0.285379,1.760948,Normal,-0.01611317818330682,0
35,80,2,38.498545,10.086157,100.0,12.474546,0.875255,60.087439,1.0,1,312.0,0.124745,4.414506,Normal,-0.08372715880338893,0
35,80,3,6.93057,10.612694,100.0,10.645526,0.893545,61.546503,0.0,1,0.0,0.106455,3.953289,Normal,-0.1385571415293287,0
35,80,4,19.090475,22.864436,100.0,10.90788,0.890921,61.337036,0.0,0,0.0,0.109079,6.030497,Normal,-0.12583960590396048,0
35,80,5,9.374933,7.665958,100.0,15.69767,0.843023,57.520582,0.0,2,0.0,0.156977,9.434349,Normal,-0.13418279147827167,0
35,80,6,8.002225,53.866451,100.0,20.782731,0.792173,53.468824,0.0,0,1280.0,0.207827,6.511675,Normal,-0.03338984969108405,0
35,80,7,3.533935,2.991643,100.0,30.919936,0.690801,45.391146,0.0,0,0.0,0.309199,8.286927,Normal,-0.05049360528127367,0
35,80,8,17.697302,6.260625,100.0,18.015965,0.81984,55.66437,0.0,1,1000.0,0.18016,9.902659,Normal,-0.11326840725165288,0
35,80,9,0.0,2.179653,100.0,13.202698,0.867973,59.505076,1.0,0,0.0,0.132027,1.194532,Normal,-0.1143763874098544,0
35,80,10,30.470779,11.670886,100.0,10.90788,0.890921,61.337036,0.0,0,0.0,0.109079,3.679274,Normal,-0.13796055240718913,0
35,81,1,25.004178,13.647372,100.0,27.725944,0.722741,47.928865,0.0,0,0.0,0.277259,1.760948,Normal,-0.05287060858499171,0
35,81,2,38.855924,7.814504,100.0,12.021911,0.879781,60.448488,1.0,0,0.0,0.120219,4.414506,Normal,-0.09008309937946302,0
35,81,3,2.412004,10.316624,100.0,6.051742,0.939483,65.216026,0.0,0,0.0,0.060517,3.953289,Normal,-0.058106010165714594,0
35,81,4,16.959881,24.830313,100.0,10.665698,0.893343,61.530397,0.0,0,0.0,0.106657,6.030497,Normal,-0.11898990546255178,0
35,81,5,5.432117,9.452962,100.0,15.347367,0.846526,57.799335,0.0,0,1430.0,0.153474,9.434349,Normal,-0.12672021436584752,0
35,81,6,8.922143,53.896733,100.0,21.973313,0.780267,52.52113,1.0,1,0.0,0.219733,6.511675,Normal,-0.04162062338860173,0
35,81,7,7.702926,3.091535,100.0,32.039708,0.679603,44.502819,1.0,0,545.0,0.320397,8.286927,Anomalous,0.009244074252237167,1
35,81,8,16.92249,6.238426,100.0,8.410119,0.915899,63.333831,1.0,5,2149.0,0.084101,9.902659,Anomalous,0.07185204865407258,1
35,81,9,3.65948,3.636694,100.0,12.95168,0.870483,59.705448,0.0,0,0.0,0.129517,1.194532,Normal,-0.15231627227937977,0
35,81,10,32.601864,13.731318,100.0,10.665698,0.893343,61.530397,0.0,0,0.0,0.106657,3.679274,Normal,-0.1329613030252621,0
35,82,1,22.264925,11.614794,100.0,29.22676,0.707732,46.735795,0.0,0,1320.0,0.292268,1.760948,Normal,-9.81310248493461e-06,0
35,82,2,42.177673,9.835568,100.0,11.366574,0.886334,60.971848,1.0,2,431.0,0.113666,4.414506,Normal,-0.02860731020515006,0
35,82,3,6.746006,9.171284,100.0,7.328844,0.926712,64.195775,0.0,1,1557.0,0.073288,3.953289,Normal,-0.044837996920290224,0
35,82,4,14.046381,26.840003,100.0,10.587914,0.894121,61.592501,0.0,0,0.0,0.105879,6.030497,Normal,-0.11646162318447412,0
35,82,5,4.357043,6.556615,100.0,15.484484,0.845155,57.691764,0.0,0,0.0,0.154845,9.434349,Normal,-0.15413260758415231,0
35,82,6,4.537649,52.378948,100.0,22.20023,0.777998,52.340334,0.0,1,0.0,0.222002,6.511675,Normal,-0.05501410145177732,0
35,82,7,9.883396,1.124048,100.0,32.170195,0.678298,44.399359,0.0,0,0.0,0.321702,8.286927,Normal,-0.032221047217826704,0
35,82,8,14.820738,7.203283,100.0,9.577626,0.904224,62.401095,1.0,3,697.0,0.095776,9.902659,Anomalous,0.0011108657362771668,1
35,82,9,3.09203,1.890564,100.0,12.696229,0.873038,59.909345,0.0,0,0.0,0.126962,1.194532,Normal,-0.1453895132301199,0
35,82,10,37.316686,15.007435,100.0,10.587914,0.894121,61.592501,0.0,0,0.0,0.105879,3.679274,Normal,-0.11359420174749402,0
35,83,1,18.591326,8.657109,100.0,28.787918,0.712121,47.084546,0.0,1,321.0,0.287879,1.760948,Normal,-0.038764396715470495,0
35,83,2,43.116327,9.530351,100.0,11.832546,0.881675,60.600026,1.0,1,0.0,0.118325,4.414506,Normal,-0.058131786973042776,0
35,83,3,7.002114,7.036312,100.0,6.740004,0.9326,64.666376,0.0,1,0.0,0.0674,3.953289,Normal,-0.06568845308342974,0
35,83,4,9.956596,27.486427,100.0,11.527505,0.884725,60.84234,0.0,0,1023.0,0.115275,6.030497,Normal,-0.10120170237950116,0
35,83,5,7.424119,8.316928,100.0,14.930824,0.850692,58.133242,0.0,0,0.0,0.149308,9.434349,Normal,-0.15338005344769906,0
35,83,6,9.532464,52.131247,100.0,22.468859,0.775311,52.126175,0.0,1,0.0,0.224689,6.511675,Normal,-0.054257455803140786,0
35,83,7,8.378388,3.488095,100.0,32.272216,0.677278,44.318478,0.0,0,0.0,0.322722,8.286927,Normal,-0.04070680078328437,0
35,83,8,15.424352,7.746872,100.0,9.125766,0.908742,62.762528,0.0,2,1054.0,0.091258,9.902659,Normal,-0.039556544931453,0
35,83,9,6.225119,2.577328,100.0,12.509608,0.874904,60.058364,1.0,0,0.0,0.125096,1.194532,Normal,-0.11314813476763963,0
35,83,10,36.252149,13.797822,100.0,11.527505,0.884725,60.84234,0.0,0,497.0,0.115275,3.679274,Normal,-0.11503833634584465,0
35,84,1,21.445605,8.89143,100.0,28.062471,0.719375,47.661258,0.0,1,1086.0,0.280625,1.760948,Normal,-0.04070798580696755,0
35,84,2,42.604551,6.759147,100.0,11.626748,0.883733,60.763952,0.0,0,0.0,0.116267,4.414506,Normal,-0.09501692664637768,0
35,84,3,4.564123,6.77916,100.0,6.408788,0.935912,64.930721,0.0,0,0.0,0.064088,3.953289,Normal,-0.06757211853323802,0
35,84,4,7.948323,28.977449,100.0,11.387425,0.886126,60.954174,0.0,0,1270.0,0.113874,6.030497,Normal,-0.09551652916641484,0
35,84,5,3.327545,5.980822,100.0,15.606206,0.843938,57.593133,0.0,1,561.0,0.156062,9.434349,Normal,-0.1481380508876921,0
35,84,6,9.363021,53.383562,100.0,22.142627,0.778574,52.387128,0.0,0,0.0,0.221426,6.511675,Normal,-0.0637072938359679,0
35,84,7,6.529131,5.076545,100.0,32.459357,0.675406,44.170134,0.0,0,0.0,0.324594,8.286927,Normal,-0.04270928435267929,0
35,84,8,15.677687,4.75198,100.0,8.67245,0.913275,63.124074,0.0,1,0.0,0.086725,9.902659,Normal,-0.05614875219505999,0
35,84,9,6.066549,0.0,100.0,13.137148,0.868629,59.557391,0.0,1,589.0,0.131371,1.194532,Normal,-0.12765101744158902,0
35,84,10,35.958367,14.252476,100.0,11.387425,0.886126,60.954174,0.0,0,837.0,0.113874,3.679274,Normal,-0.11746348765825426,0
35,85,1,22.410745,10.37569,100.0,26.449697,0.735503,48.944135,1.0,1,897.0,0.264497,1.760948,Normal,-0.03147968974453619,0
35,85,2,40.086398,6.061134,100.0,12.795461,0.872045,59.830944,1.0,1,0.0,0.127955,4.414506,Normal,-0.08937477446573827,0
35,85,3,0.059149,3.833592,100.0,6.380552,0.936194,64.952858,0.0,0,0.0,0.063806,3.953289,Normal,-0.0548244642035105,0
35,85,4,12.489286,26.116446,100.0,10.897516,0.891025,61.34531,0.0,0,0.0,0.108975,6.030497,Normal,-0.12210915234547842,0
35,85,5,7.210955,7.202437,100.0,15.657046,0.84343,57.550754,1.0,0,0.0,0.15657,9.434349,Normal,-0.13449502428873789,0
35,85,6,6.20548,55.710459,100.0,21.17732,0.788227,53.156676,0.0,0,1450.0,0.211773,6.511675,Normal,-0.02244647332623051,0
35,85,7,3.305598,3.796698,100.0,32.052903,0.679471,44.492356,0.0,1,1063.0,0.320529,8.286927,Normal,-0.013892536916822018,0
35,85,8,19.486324,6.815313,100.0,10.040195,0.899598,62.032061,0.0,0,516.0,0.100402,9.902659,Normal,-0.08932013494656244,0
35,85,9,7.716473,2.143534,100.0,13.255445,0.867446,59.462965,1.0,1,560.0,0.132554,1.194532,Normal,-0.11766643047262432,0
35,85,10,38.614316,11.617365,100.0,10.897516,0.891025,61.34531,0.0,0,0.0,0.108975,3.679274,Normal,-0.1153440708941928,0
35,86,1,17.738221,7.403296,100.0,24.855587,0.751444,50.213049,0.0,1,0.0,0.248556,1.760948,Normal,-0.08317384041079418,0
35,86,2,38.323927,7.461862,100.0,13.614123,0.863859,59.177363,0.0,2,1499.0,0.136141,4.414506,Normal,-0.0917056625457493,0
35,86,3,4.475095,3.613967,100.0,6.258935,0.937411,65.049813,0.0,1,2131.0,0.062589,3.953289,Normal,-0.002367318711220978,0
35,86,4,12.261616,23.62601,100.0,11.848196,0.881518,60.58632,0.0,0,0.0,0.118482,6.030497,Normal,-0.13259324609481543,0
35,86,5,9.786866,6.761588,100.0,16.043368,0.839566,57.241038,0.0,0,0.0,0.160434,9.434349,Normal,-0.1541825493726836,0
35,86,6,6.582186,54.026635,100.0,20.384105,0.796159,53.78848,0.0,0,885.0,0.203841,6.511675,Normal,-0.04397872852123719,0
35,86,7,1.549471,1.920247,100.0,31.46785,0.685322,44.956376,0.0,1,0.0,0.314678,8.286927,Normal,-0.021323241416799643,0
35,86,8,22.154093,4.450453,100.0,10.626708,0.893733,61.563753,0.0,0,0.0,0.106267,9.902659,Normal,-0.08291712496666015,0
35,86,9,6.648184,2.951602,100.0,14.118414,0.858816,58.774184,0.0,0,0.0,0.141184,1.194532,Normal,-0.1642536816347671,0
35,86,10,42.488223,9.925824,100.0,11.848196,0.881518,60.58632,0.0,0,506.0,0.118482,3.679274,Normal,-0.0935217001905439,0
35,87,1,16.289753,4.464038,100.0,23.062149,0.769379,51.641493,0.0,0,0.0,0.230621,1.760948,Normal,-0.10885515374758248,0
35,87,2,35.190255,5.232089,100.0,14.388456,0.856115,58.559461,0.0,2,0.0,0.143885,4.414506,Normal,-0.13261239519738466,0
35,87,3,6.823785,2.098523,100.0,6.199526,0.938005,65.097463,0.0,1,1239.0,0.061995,3.953289,Normal,-0.03792379556094261,0
35,87,4,11.57815,24.591478,100.0,11.407324,0.885927,60.938287,0.0,1,2466.0,0.114073,6.030497,Normal,-0.037392602933610575,0
35,87,5,9.759974,4.757654,100.0,15.933711,0.840663,57.327449,0.0,0,0.0,0.159337,9.434349,Normal,-0.15658434182664493,0
35,87,6,8.370301,51.298422,100.0,19.83956,0.801604,54.218721,1.0,1,0.0,0.198396,6.511675,Normal,-0.04970944244311948,0
35,87,7,2.528203,3.50115,100.0,29.461415,0.705386,46.54935,1.0,0,0.0,0.294614,8.286927,Normal,-0.028497385906937067,0
35,87,8,19.141421,6.731857,100.0,10.746249,0.892538,61.469119,0.0,1,729.0,0.107462,9.902659,Normal,-0.08512272556970679,0
35,87,9,5.261437,5.130184,100.0,14.334108,0.856659,58.602046,0.0,0,0.0,0.143341,1.194532,Normal,-0.16710925007030486,0
35,87,10,39.113587,10.623522,100.0,11.407324,0.885927,60.938287,0.0,0,0.0,0.114073,3.679274,Normal,-0.11837097973863803,0
35,88,1,13.434721,3.93327,100.0,21.309349,0.786907,53.038304,0.0,1,1403.0,0.213093,1.760948,Normal,-0.08030382226815319,0
35,88,2,34.576531,6.416398,100.0,15.311316,0.846887,57.82307,2.0,0,0.0,0.153113,4.414506,Normal,-0.07499239949698866,0
35,88,3,1.994741,3.861174,100.0,6.190904,0.938091,65.104287,1.0,2,724.0,0.061909,3.953289,Anomalous,0.009142737168622683,1
35,88,4,14.926202,24.367842,100.0,11.302483,0.886975,61.021989,0.0,1,0.0,0.113025,6.030497,Normal,-0.1055721355829829,0
35,88,5,12.120444,5.562942,100.0,15.98941,0.840106,57.282175,1.0,1,720.0,0.159894,9.434349,Normal,-0.13168197614262683,0
35,88,6,7.240605,50.720792,100.0,20.614087,0.793859,53.604401,1.0,0,0.0,0.206141,6.511675,Normal,-0.05148954857439936,0
35,88,7,2.437927,4.624657,100.0,31.296936,0.687031,45.091975,0.0,0,1341.0,0.312969,8.286927,Normal,-0.0152303621536517,0
35,88,8,22.582007,6.103664,100.0,11.449148,0.885509,60.908454,1.0,0,0.0,0.114491,9.902659,Normal,-0.06393743401344654,0
35,88,9,0.880491,5.641875,100.0,14.821287,0.851787,58.213254,0.0,0,0.0,0.148213,1.194532,Normal,-0.15827320799085864,0
35,88,10,37.375943,8.080937,100.0,11.302483,0.886975,61.021989,0.0,1,307.0,0.113025,3.679274,Normal,-0.0997947333149774,0
35,89,1,16.385349,3.384812,100.0,22.811377,0.771886,51.841292,1.0,0,0.0,0.228114,1.760948,Normal,-0.07954530188027154,0
35,89,2,32.047663,7.259084,100.0,15.028824,0.849712,58.048969,0.0,1,426.0,0.150288,4.414506,Normal,-0.14850007505278157,0
35,89,3,1.679469,2.475262,100.0,5.145829,0.948542,65.939153,0.0,2,1345.0,0.051458,3.953289,Anomalous,0.016080355594161322,1
35,89,4,19.707571,26.881889,100.0,10.643378,0.893566,61.548218,0.0,0,0.0,0.106434,6.030497,Normal,-0.11253983647793409,0
35,89,5,7.985248,4.711645,100.0,15.49142,0.845086,57.680396,1.0,2,0.0,0.154914,9.434349,Normal,-0.11068134905322013,0
35,89,6,6.335756,52.414457,100.0,20.743937,0.792561,53.502528,1.0,2,800.0,0.207439,6.511675,Normal,-0.007613863786584685,0
35,89,7,5.044294,2.828316,100.0,31.981971,0.68018,44.548601,1.0,0,1389.0,0.31982,8.286927,Anomalous,0.028755334404394373,1
35,89,8,22.72676,6.536533,100.0,10.987784,0.890122,61.277718,0.0,1,871.0,0.109878,9.902659,Normal,-0.08398612334259414,0
35,89,9,3.922433,3.692325,100.0,14.369549,0.856305,58.573751,0.0,0,0.0,0.143695,1.194532,Normal,-0.16382505241645506,0
35,89,10,34.970642,7.998519,100.0,10.643378,0.893566,61.548218,0.0,1,0.0,0.106434,3.679274,Normal,-0.10190022050659941,0
35,90,1,20.56952,4.684204,100.0,23.907968,0.76092,50.967709,0.0,0,2016.0,0.23908,1.760948,Normal,-0.03305719188157896,0
35,90,2,34.242569,7.735293,100.0,14.508457,0.854915,58.464072,0.0,2,726.0,0.145085,4.414506,Normal,-0.12828548581411509,0
35,90,3,5.490815,5.471973,100.0,8.530038,0.9147,63.235727,0.0,1,0.0,0.0853,3.953289,Normal,-0.10313898619851125,0
35,90,4,15.262629,25.808746,100.0,10.242492,0.897575,61.868301,0.0,0,0.0,0.102425,6.030497,Normal,-0.1174222664790125,0
35,90,5,7.59971,3.595225,100.0,15.138017,0.84862,57.963169,0.0,1,0.0,0.15138,9.434349,Normal,-0.14895566253039744,0
35,90,6,2.237104,52.149261,100.0,20.053404,0.799466,54.052848,0.0,2,823.0,0.200534,6.511675,Normal,-0.01842438799340773,0
35,90,7,3.836413,4.603603,100.0,31.576771,0.684232,44.86997,0.0,0,982.0,0.315768,8.286927,Normal,-0.027268692604381917,0
35,90,8,23.507014,5.00909,100.0,19.816523,0.801835,54.228421,0.0,0,0.0,0.198165,9.902659,Normal,-0.10028128943942449,0
35,90,9,0.0,4.576305,100.0,14.310491,0.856895,58.620947,0.0,0,0.0,0.143105,1.194532,Normal,-0.16180824681211892,0
35,90,10,39.060663,5.282394,100.0,10.242492,0.897575,61.868301,0.0,0,0.0,0.102425,3.679274,Normal,-0.09640010589097237,0
35,91,1,17.01855,4.645321,100.0,23.53133,0.764687,51.267719,0.0,1,886.0,0.235313,1.760948,Normal,-0.08302128673275655,0
35,91,2,38.291608,8.184877,100.0,13.79456,0.862054,59.033739,0.0,1,0.0,0.137946,4.414506,Normal,-0.13984616120760684,0
35,91,3,7.718937,2.848026,100.0,7.085978,0.92914,64.38899,0.0,0,0.0,0.07086,3.953289,Normal,-0.08059229740509949,0
35,91,4,16.013962,23.545768,100.0,9.056709,0.909433,62.815148,0.0,0,0.0,0.090567,6.030497,Normal,-0.09735464628660379,0
35,91,5,5.930351,6.270082,100.0,14.41816,0.855818,58.537671,0.0,0,327.0,0.144182,9.434349,Normal,-0.15160012585289478,0
35,91,6,0.0,52.135661,100.0,20.093687,0.799063,54.025201,0.0,1,0.0,0.200937,6.511675,Normal,-0.050644906339371465,0
35,91,7,5.95244,6.382347,100.0,33.101396,0.668986,43.661412,0.0,0,2309.0,0.331014,8.286927,Anomalous,0.01896428847460463,1
35,91,8,25.785503,4.355485,100.0,18.903481,0.810965,54.956511,0.0,0,0.0,0.189035,9.902659,Normal,-0.09986987311295803,0
35,91,9,3.966243,7.360516,100.0,13.532355,0.864676,59.242033,0.0,0,0.0,0.135324,1.194532,Normal,-0.1660777465963849,0
35,91,10,34.498186,5.00013,100.0,9.056709,0.909433,62.815148,0.0,0,621.0,0.090567,3.679274,Normal,-0.07666113023226967,0
35,92,1,16.447058,2.962539,100.0,22.190954,0.77809,52.335668,0.0,1,0.0,0.22191,1.760948,Normal,-0.10669347575890359,0
35,92,2,42.779298,7.48243,100.0,15.061678,0.849383,58.022374,0.0,0,931.0,0.150617,4.414506,Normal,-0.1105957565597015,0
35,92,3,6.617104,5.419479,100.0,7.518019,0.92482,64.043937,0.0,0,0.0,0.07518,3.953289,Normal,-0.09381666217301243,0
35,92,4,17.103687,26.184495,100.0,9.536906,0.904631,62.431699,0.0,0,0.0,0.095369,6.030497,Normal,-0.10585605351736566,0
35,92,5,9.046294,7.796102,100.0,15.16589,0.848341,57.939922,0.0,0,0.0,0.151659,9.434349,Normal,-0.1534736784785991,0
35,92,6,0.0,54.483138,100.0,19.758064,0.802419,54.289871,0.0,0,537.0,0.197581,6.511675,Normal,-0.03649387130445414,0
35,92,7,7.778477,7.772905,100.0,31.998108,0.680019,44.535805,0.0,0,1433.0,0.319981,8.286927,Normal,-0.008766398491479088,0
35,92,8,22.656153,4.794384,100.0,19.827986,0.80172,54.219281,0.0,0,686.0,0.19828,9.902659,Normal,-0.09242823397909217,0
35,92,9,3.792621,6.426577,100.0,14.753059,0.852469,58.267741,0.0,0,0.0,0.147531,1.194532,Normal,-0.1643861854278481,0
35,92,10,33.736906,7.454279,100.0,9.536906,0.904631,62.431699,0.0,0,333.0,0.095369,3.679274,Normal,-0.09697443475005957,0
35,93,1,15.786575,0.299955,100.0,22.522682,0.774773,52.071325,0.0,0,0.0,0.225227,1.760948,Normal,-0.11012218911555632,0
35,93,2,39.076865,7.19689,100.0,15.00433,0.849957,58.068125,0.0,0,866.0,0.150043,4.414506,Normal,-0.12726907429660184,0
35,93,3,6.759586,6.048367,100.0,7.631497,0.923685,63.953309,0.0,1,2138.0,0.076315,3.953289,Normal,-0.03297236310396201,0
35,93,4,16.290687,24.730648,100.0,10.386644,0.896134,61.753203,0.0,0,0.0,0.103866,6.030497,Normal,-0.11984701405819759,0
35,93,5,8.262428,6.252626,100.0,15.645823,0.843542,57.557046,0.0,0,0.0,0.156458,9.434349,Normal,-0.15613323885450586,0
35,93,6,0.0,52.440449,100.0,20.628463,0.793715,53.59988,0.0,0,0.0,0.206285,6.511675,Normal,-0.053125326247338234,0
35,93,7,7.58784,4.974584,100.0,33.625429,0.663746,43.246452,0.0,0,0.0,0.336254,8.286927,Normal,-0.02177110436249241,0
35,93,8,22.424799,3.875106,100.0,19.638539,0.803615,54.370341,0.0,1,408.0,0.196385,9.902659,Normal,-0.09771357340276549,0
35,93,9,0.0,4.934202,100.0,15.450036,0.8455,57.711504,0.0,0,0.0,0.1545,1.194532,Normal,-0.14650714507375007,0
35,93,10,31.616323,10.173523,100.0,10.386644,0.896134,61.753203,0.0,0,770.0,0.103866,3.679274,Normal,-0.12587386674404605,0
35,94,1,16.466348,2.766339,100.0,24.160635,0.758394,50.766467,0.0,1,1465.0,0.241606,1.760948,Normal,-0.05136148189838019,0
35,94,2,35.269144,8.735568,100.0,14.492722,0.855073,58.47708,0.0,1,791.0,0.144927,4.414506,Normal,-0.14643785765879924,0
35,94,3,9.922589,5.864093,100.0,3.739148,0.962609,67.062547,0.0,1,0.0,0.037391,3.953289,Anomalous,0.027202078058541912,1
35,94,4,20.182207,27.580386,100.0,10.879523,0.891205,61.359676,0.0,0,0.0,0.108795,6.030497,Normal,-0.10781468736837385,0
35,94,5,6.865733,7.85909,100.0,15.017086,0.849829,58.059978,0.0,1,1167.0,0.150171,9.434349,Normal,-0.13461572522636334,0
35,94,6,1.31727,52.945153,100.0,20.263877,0.797361,53.891537,1.0,0,416.0,0.202639,6.511675,Normal,-0.02602366314280158,0
35,94,7,2.937916,4.202499,100.0,33.759027,0.66241,43.140701,1.0,0,0.0,0.33759,8.286927,Anomalous,0.017646915303885846,1
35,94,8,20.714992,4.080909,100.0,10.785862,0.892141,61.438749,0.0,1,0.0,0.107859,9.902659,Normal,-0.08059073542631778,0
35,94,9,0.0,5.228863,100.0,14.406326,0.855937,58.544438,0.0,1,1404.0,0.144063,1.194532,Normal,-0.12420602063179892,0
35,94,10,34.607023,11.654894,100.0,10.879523,0.891205,61.359676,0.0,0,0.0,0.108795,3.679274,Normal,-0.1294639786901302,0
35,95,1,19.776349,1.466773,100.0,22.515048,0.77485,52.077407,1.0,0,0.0,0.22515,1.760948,Normal,-0.08008593720899904,0
35,95,2,38.46631,10.467877,100.0,14.277469,0.857225,58.648485,0.0,3,1395.0,0.142775,4.414506,Normal,-0.07196463933994413,0
35,95,3,5.170257,7.999324,100.0,3.857972,0.96142,66.967587,0.0,0,0.0,0.03858,3.953289,Anomalous,0.015228527237818645,1
35,95,4,20.160906,28.665756,100.0,9.965043,0.90035,62.089835,0.0,0,0.0,0.09965,6.030497,Normal,-0.09907640135652546,0
35,95,5,10.229153,9.398533,100.0,14.68454,0.853155,58.324435,1.0,1,0.0,0.146845,9.434349,Normal,-0.12787400829019718,0
35,95,6,0.0,52.256387,100.0,19.222799,0.807772,54.716903,0.0,0,0.0,0.192228,6.511675,Normal,-0.053483111198130096,0
35,95,7,0.0,6.536588,100.0,31.832171,0.681678,44.667395,0.0,1,518.0,0.318322,8.286927,Normal,-0.011988551287207327,0
35,95,8,17.55868,1.8553,100.0,10.601354,0.893986,61.585504,0.0,2,2092.0,0.106014,9.902659,Normal,-0.0269963843246378,0
35,95,9,2.359565,4.047759,100.0,13.918408,0.860816,58.933828,0.0,1,0.0,0.139184,1.194532,Normal,-0.15712963816769654,0
35,95,10,31.929762,13.933164,100.0,9.965043,0.90035,62.089835,0.0,0,0.0,0.09965,3.679274,Normal,-0.12589285749846013,0
35,96,1,22.261339,4.337062,100.0,20.934236,0.790658,53.337315,0.0,0,0.0,0.209342,1.760948,Normal,-0.10785868768510104,0
35,96,2,39.085438,13.220947,100.0,14.515559,0.854844,58.458544,1.0,3,0.0,0.145156,4.414506,Normal,-0.05678667027695483,0
35,96,3,3.443513,7.998316,100.0,5.059678,0.949403,66.007596,0.0,0,0.0,0.050597,3.953289,Normal,-0.019938217298134164,0
35,96,4,17.696178,25.670987,100.0,8.615535,0.913845,63.167451,0.0,0,0.0,0.086155,6.030497,Normal,-0.08803727522509236,0
35,96,5,13.297616,11.340822,100.0,14.487494,0.855125,58.480974,1.0,0,1761.0,0.144875,9.434349,Normal,-0.07861217069566451,0
35,96,6,4.633297,50.462841,100.0,19.557207,0.804428,54.449615,2.0,2,0.0,0.195572,6.511675,Anomalous,0.014714747064280997,1
35,96,7,0.0,7.805199,100.0,31.758885,0.682411,44.725519,2.0,0,1412.0,0.317589,8.286927,Anomalous,0.06547311220245222,1
35,96,8,22.413115,0.0,100.0,11.806072,0.881939,60.623645,0.0,3,1310.0,0.118061,9.902659,Normal,-0.03055726695377614,0
35,96,9,4.92399,6.010197,100.0,13.492716,0.865073,59.273579,0.0,1,598.0,0.134927,1.194532,Normal,-0.1516624639516947,0
35,96,10,29.263454,15.442585,100.0,8.615535,0.913845,63.167451,0.0,0,0.0,0.086155,3.679274,Normal,-0.09651786772043414,0
35,97,1,22.343437,6.972263,100.0,20.065161,0.799348,54.030173,0.0,0,0.0,0.200652,1.760948,Normal,-0.10896855911544429,0
35,97,2,36.772377,11.270207,100.0,15.647283,0.843527,57.55558,0.0,1,0.0,0.156473,4.414506,Normal,-0.128413799415816,0
35,97,3,5.012584,5.871421,100.0,4.033374,0.959666,66.827562,0.0,0,0.0,0.040334,3.953289,Anomalous,0.012952419721894981,1
35,97,4,14.159772,25.231469,100.0,7.797992,0.92202,63.820341,0.0,1,1692.0,0.07798,6.030497,Normal,-0.019149372120092045,0
35,97,5,8.870827,11.626352,100.0,15.365887,0.846341,57.779426,0.0,0,0.0,0.153659,9.434349,Normal,-0.149534235023209,0
35,97,6,7.319891,52.384909,100.0,20.727304,0.792727,53.522533,0.0,2,557.0,0.207273,6.511675,Normal,-0.026634007430145212,0
35,97,7,0.0,6.863115,100.0,34.065568,0.659344,42.898121,0.0,0,0.0,0.340656,8.286927,Normal,-0.0003695533490716274,0
35,97,8,23.855487,0.0,100.0,11.479906,0.885201,60.885605,0.0,2,961.0,0.114799,9.902659,Normal,-0.0573229592025829,0
35,97,9,1.723808,8.250946,100.0,14.171239,0.858288,58.732045,0.0,1,648.0,0.141712,1.194532,Normal,-0.1520315007846928,0
35,97,10,28.600507,14.109243,100.0,7.797992,0.92202,63.820341,0.0,0,0.0,0.07798,3.679274,Normal,-0.09184831780605263,0
35,98,1,27.316485,8.593775,100.0,20.10096,0.79899,54.00163,0.0,0,1269.0,0.20101,1.760948,Normal,-0.07426114339955353,0
35,98,2,36.073471,11.9504,100.0,15.733041,0.84267,57.487696,2.0,2,0.0,0.15733,4.414506,Normal,-0.03843721143408796,0
35,98,3,8.726849,8.70063,100.0,8.047871,0.919521,63.620783,0.0,0,0.0,0.080479,3.953289,Normal,-0.11458396408065735,0
35,98,4,10.862932,26.996435,100.0,6.214489,0.937855,65.085046,0.0,1,858.0,0.062145,6.030497,Normal,-0.022913685668434436,0
35,98,5,4.869714,8.937627,100.0,14.738547,0.852615,58.28015,0.0,0,546.0,0.147385,9.434349,Normal,-0.14984101925653487,0
35,98,6,9.344864,51.763426,100.0,21.140827,0.788592,53.192913,0.0,1,0.0,0.211408,6.511675,Normal,-0.06530352741348544,0
35,98,7,4.085063,3.863575,100.0,34.233783,0.657662,42.765043,0.0,0,0.0,0.342338,8.286927,Normal,-0.01701867046158112,0
35,98,8,25.307912,0.0,100.0,23.427861,0.765721,51.350143,2.0,1,1044.0,0.234279,9.902659,Anomalous,0.02536630712458554,1
35,98,9,2.526034,7.105411,100.0,12.993518,0.870065,59.672039,0.0,0,0.0,0.129935,1.194532,Normal,-0.15521980990738116,0
35,98,10,24.254778,17.10687,100.0,6.214489,0.937855,65.085046,0.0,0,1119.0,0.062145,3.679274,Normal,-0.03581346169832755,0
35,99,1,26.561153,5.597655,100.0,20.735897,0.792641,53.495425,0.0,2,2443.0,0.207359,1.760948,Anomalous,0.0031973644646622335,1
35,99,2,34.821675,12.223864,100.0,16.031431,0.839686,57.25087,0.0,1,0.0,0.160314,4.414506,Normal,-0.12761340975985763,0
35,99,3,9.14074,11.684823,100.0,7.871493,0.921285,63.761641,1.0,2,513.0,0.078715,3.953289,Normal,-0.030124569199616147,0
35,99,4,14.858087,29.802022,100.0,5.717906,0.942821,65.481684,0.0,0,263.0,0.057179,6.030497,Normal,-0.022274626721855095,0
35,99,5,7.920452,6.392985,100.0,15.237894,0.847621,57.881831,0.0,0,0.0,0.152379,9.434349,Normal,-0.15360354736527482,0
35,99,6,9.461016,50.584904,100.0,20.893083,0.791069,53.389581,1.0,0,0.0,0.208931,6.511675,Normal,-0.05463236208057731,0
35,99,7,6.493197,3.791256,100.0,33.914672,0.660853,43.017521,0.0,0,1234.0,0.339147,8.286927,Anomalous,0.006670689012529096,1
35,99,8,27.600035,1.521615,100.0,25.525291,0.744747,49.679867,0.0,1,0.0,0.255253,9.902659,Normal,-0.05125166608486775,0
35,99,9,0.0,5.420892,100.0,13.282117,0.867179,59.441745,0.0,0,0.0,0.132821,1.194532,Normal,-0.15374024264260266,0
35,99,10,29.140276,18.162503,100.0,5.717906,0.942821,65.481684,0.0,0,0.0,0.057179,3.679274,Normal,-0.03009667608005895,0
35,100,1,31.357604,7.22789,100.0,22.050027,0.7795,52.447976,0.0,2,0.0,0.2205,1.760948,Normal,-0.04439802761193523,0
35,100,2,33.535207,12.900746,100.0,15.725155,0.842748,57.495057,1.0,1,0.0,0.157252,4.414506,Normal,-0.117126972407541,0
35,100,3,10.374285,10.487478,100.0,7.416221,0.925838,64.125238,0.0,1,0.0,0.074162,3.953289,Normal,-0.08243319517631809,0
35,100,4,19.16481,28.901035,100.0,6.743276,0.932567,64.6627,0.0,0,940.0,0.067433,6.030497,Normal,-0.04019692670255692,0
35,100,5,3.184264,8.881354,100.0,15.729788,0.842702,57.489826,0.0,0,0.0,0.157298,9.434349,Normal,-0.1527858495565258,0
35,100,6,13.462814,49.872077,100.0,21.935982,0.78064,52.567771,1.0,1,2274.0,0.21936,6.511675,Anomalous,0.0020940040172404695,1
35,100,7,5.116498,6.55586,100.0,36.455743,0.635443,41.010305,1.0,1,1242.0,0.364557,8.286927,Anomalous,0.0813318958652588,1
35,100,8,27.547206,0.0,100.0,25.03131,0.749687,50.073135,1.0,0,1334.0,0.250313,9.902659,Anomalous,0.0023788807786103705,1
35,100,9,2.973869,3.286428,100.0,13.952273,0.860477,58.906895,0.0,0,0.0,0.139523,1.194532,Normal,-0.1631325179943347,0
35,100,10,31.280113,15.6484,100.0,6.743276,0.932567,64.6627,0.0,0,0.0,0.067433,3.679274,Normal,-0.0625626668546655,0
35,101,1,33.085199,6.759563,100.0,20.201253,0.797987,53.921667,2.0,0,1172.0,0.202013,1.760948,Anomalous,0.004302603709278485,1
35,101,2,34.001407,10.647666,100.0,16.355321,0.836447,56.991349,0.0,0,0.0,0.163553,4.414506,Normal,-0.13791018195505927,0
35,101,3,13.043965,11.651355,100.0,8.825655,0.911743,62.999656,0.0,0,0.0,0.088257,3.953289,Normal,-0.12294395823628029,0
35,101,4,16.550102,29.166885,100.0,6.443652,0.935563,64.90201,0.0,0,0.0,0.064437,6.030497,Normal,-0.045621555884604814,0
35,101,5,5.465304,8.656746,100.0,15.854633,0.841454,57.389357,2.0,1,0.0,0.158546,9.434349,Normal,-0.07675366557334612,0
35,101,6,16.834217,50.206534,100.0,22.668336,0.773317,51.983197,0.0,1,0.0,0.226683,6.511675,Normal,-0.054264939357124176,0
35,101,7,8.413038,8.281299,100.0,36.511017,0.63489,40.966738,0.0,1,1894.0,0.36511,8.286927,Anomalous,0.06926675746482258,1
35,101,8,23.071345,0.0,100.0,24.162059,0.758379,50.765334,0.0,0,0.0,0.241621,9.902659,Normal,-0.06403349678391679,0
35,101,9,0.0,0.682138,100.0,14.261133,0.857389,58.660355,0.0,0,333.0,0.142611,1.194532,Normal,-0.14333346861624535,0
35,101,10,32.137571,12.88069,100.0,6.443652,0.935563,64.90201,0.0,0,1315.0,0.064437,3.679274,Normal,-0.03621618253289116,0
35,102,1,28.958667,6.095864,100.0,21.898459,0.781015,52.568768,0.0,0,0.0,0.218985,1.760948,Normal,-0.10052916683560131,0
35,102,2,33.696605,12.38466,100.0,15.17029,0.848297,57.936566,0.0,0,0.0,0.151703,4.414506,Normal,-0.15226200726013328,0
35,102,3,11.836454,11.611726,100.0,9.308383,0.906916,62.614178,0.0,0,0.0,0.093084,3.953289,Normal,-0.1312986988939841,0
35,102,4,17.87931,31.369242,100.0,6.658167,0.933418,64.730676,0.0,0,0.0,0.066582,6.030497,Normal,-0.04706210609844552,0
35,102,5,3.305213,9.263794,100.0,15.308431,0.846916,57.82601,0.0,0,2635.0,0.153084,9.434349,Normal,-0.07595189744346298,0
35,102,6,20.471353,51.584595,100.0,22.000215,0.779998,52.508417,0.0,0,0.0,0.220002,6.511675,Normal,-0.05928189512754545,0
35,102,7,10.176003,10.001136,100.0,34.692048,0.65308,42.402655,0.0,0,0.0,0.34692,8.286927,Normal,-0.0021035263283584182,0
35,102,8,23.781826,1.434408,100.0,22.602069,0.773979,52.008067,0.0,0,764.0,0.226021,9.902659,Normal,-0.06722612504403414,0
35,102,9,3.604221,2.68515,100.0,13.64833,0.863517,59.149388,0.0,0,548.0,0.136483,1.194532,Normal,-0.15254662407433867,0
35,102,10,29.847095,14.000673,100.0,6.658167,0.933418,64.730676,0.0,0,421.0,0.066582,3.679274,Normal,-0.06175752829705117,0
35,103,1,26.819815,8.817083,100.0,20.441061,0.795589,53.730475,0.0,0,0.0,0.204411,1.760948,Normal,-0.10050812050410168,0
35,103,2,33.836865,14.092536,100.0,15.381439,0.846186,57.767733,0.0,0,0.0,0.153814,4.414506,Normal,-0.14787544455480767,0
35,103,3,15.35696,9.40947,100.0,8.341578,0.916584,63.386228,0.0,0,1327.0,0.083416,3.953289,Normal,-0.09333415018048558,0
35,103,4,13.418803,30.945607,100.0,6.14591,0.938541,65.139821,0.0,0,0.0,0.061459,6.030497,Normal,-0.03883941405882352,0
35,103,5,5.084077,8.308434,100.0,15.64458,0.843554,57.557079,0.0,0,1219.0,0.156446,9.434349,Normal,-0.13653180769187973,0
35,103,6,19.629083,50.876011,100.0,21.961327,0.780387,52.543267,0.0,0,273.0,0.219613,6.511675,Normal,-0.059526406029918044,0
35,103,7,6.196354,8.724269,100.0,35.581076,0.644189,41.700307,0.0,0,0.0,0.355811,8.286927,Anomalous,0.005689246036670759,1
35,103,8,25.427401,3.701763,100.0,22.202659,0.777973,52.32634,0.0,0,0.0,0.222027,9.902659,Normal,-0.08572873186430413,0
35,103,9,1.799253,5.370623,100.0,13.725109,0.862749,59.088172,0.0,0,286.0,0.137251,1.194532,Normal,-0.15509903963040167,0
35,103,10,25.824884,14.479236,100.0,6.14591,0.938541,65.139821,0.0,0,0.0,0.061459,3.679274,Normal,-0.05628978743660895,0
35,104,1,26.945847,9.406703,100.0,21.849027,0.78151,52.608164,0.0,0,0.0,0.21849,1.760948,Normal,-0.10299025995119843,0
35,104,2,36.727128,12.371544,100.0,14.847006,0.85153,58.194847,0.0,0,0.0,0.14847,4.414506,Normal,-0.14441984545184977,0
35,104,3,15.82777,10.515362,100.0,10.004362,0.899956,62.05844,0.0,0,1088.0,0.100044,3.953289,Normal,-0.12974434122455053,0
35,104,4,12.377372,29.103528,100.0,4.844733,0.951553,66.179152,0.0,0,0.0,0.048447,6.030497,Anomalous,0.006986827881409474,1
35,104,5,3.155837,7.958379,100.0,15.788396,0.842116,57.442959,0.0,0,988.0,0.157884,9.434349,Normal,-0.14334610834237932,0
35,104,6,18.741974,51.09493,100.0,21.644024,0.78356,52.787738,0.0,1,974.0,0.21644,6.511675,Normal,-0.047052968490278735,0
35,104,7,6.44992,10.703439,100.0,33.283687,0.667163,43.517035,0.0,0,0.0,0.332837,8.286927,Normal,-0.02578026740828554,0
35,104,8,21.28994,6.018106,100.0,23.026672,0.769733,51.669758,0.0,0,1098.0,0.230267,9.902659,Normal,-0.05696035952513134,0
35,104,9,2.058765,8.350481,100.0,13.638009,0.86362,59.157808,0.0,0,0.0,0.13638,1.194532,Normal,-0.16313799405408813,0
35,104,10,26.619237,14.5958,100.0,4.844733,0.951553,66.179152,0.0,0,385.0,0.048447,3.679274,Normal,-0.004861894760965435,0
35,105,1,28.412067,7.55687,100.0,21.538644,0.784614,52.855541,0.0,0,0.0,0.215386,1.760948,Normal,-0.09921486377723604,0
35,105,2,36.73988,14.245077,100.0,14.395805,0.856042,58.554581,0.0,2,1550.0,0.143958,4.414506,Normal,-0.08502799287094992,0
35,105,3,13.103798,12.164598,100.0,8.856449,0.911436,62.975066,0.0,0,0.0,0.088564,3.953289,Normal,-0.12458541328107087,0
35,105,4,16.48263,30.520295,100.0,6.131044,0.93869,65.151695,0.0,1,481.0,0.06131,6.030497,Normal,-0.018186694524158664,0
35,105,5,7.814366,9.293812,100.0,16.339569,0.836604,57.003025,0.0,0,1445.0,0.163396,9.434349,Normal,-0.12383178911136838,0
35,105,6,23.687763,51.84144,100.0,21.62361,0.783764,52.807971,0.0,1,0.0,0.216236,6.511675,Normal,-0.050821921718596896,0
35,105,7,2.647435,12.660486,100.0,34.390771,0.656092,42.640875,0.0,0,0.0,0.343908,8.286927,Normal,-0.004796787645235612,0
35,105,8,17.479005,6.732866,100.0,22.09653,0.779035,52.410916,0.0,0,0.0,0.220965,9.902659,Normal,-0.10249021947774167,0
35,105,9,2.25563,8.93687,100.0,13.962666,0.860373,58.899008,0.0,0,403.0,0.139627,1.194532,Normal,-0.15355457364506203,0
35,105,10,28.282212,17.138151,100.0,6.131044,0.93869,65.151695,0.0,0,0.0,0.06131,3.679274,Normal,-0.048515453541379205,0
35,106,1,29.320721,9.060456,100.0,19.792276,0.802077,54.247755,1.0,0,1299.0,0.197923,1.760948,Normal,-0.05335864675562629,0
35,106,2,32.771646,12.626321,100.0,14.578739,0.854213,58.408467,0.0,2,0.0,0.145787,4.414506,Normal,-0.12910532593119217,0
35,106,3,14.372865,9.203586,100.0,7.786532,0.922135,63.829493,0.0,0,0.0,0.077865,3.953289,Normal,-0.1089104617140162,0
35,106,4,11.564058,30.297987,100.0,6.984616,0.930154,64.469945,0.0,1,0.0,0.069846,6.030497,Normal,-0.0378666384690155,0
35,106,5,6.476792,11.667251,100.0,15.937414,0.840626,57.323347,1.0,2,1493.0,0.159374,9.434349,Normal,-0.08406656661313233,0
35,106,6,22.457448,50.567351,100.0,21.734896,0.782651,52.724568,0.0,0,0.0,0.217349,6.511675,Normal,-0.06022693537409585,0
35,106,7,2.828348,10.63381,100.0,35.68326,0.643167,41.619642,0.0,1,2328.0,0.356833,8.286927,Anomalous,0.061502088642138575,1
35,106,8,16.265494,7.756242,100.0,21.980567,0.780194,52.503331,0.0,0,848.0,0.219806,9.902659,Normal,-0.08962931111957179,0
35,106,9,0.0,8.139459,100.0,13.74138,0.862586,59.075596,0.0,0,0.0,0.137414,1.194532,Normal,-0.16026999217201576,0
35,106,10,32.069157,14.986001,100.0,6.984616,0.930154,64.469945,0.0,0,0.0,0.069846,3.679274,Normal,-0.06732960087033879,0
35,107,1,33.241495,7.767073,100.0,18.231959,0.81768,55.492088,0.0,0,0.0,0.18232,1.760948,Normal,-0.09844337831736377,0
35,107,2,32.458761,11.499049,100.0,14.836478,0.851635,58.201819,0.0,0,1013.0,0.148365,4.414506,Normal,-0.14130046990390738,0
35,107,3,16.881655,10.606719,100.0,8.014413,0.919856,63.647503,0.0,0,1288.0,0.080144,3.953289,Normal,-0.08812426613801866,0
35,107,4,11.018219,31.119272,100.0,6.701228,0.932988,64.696283,0.0,0,0.0,0.067012,6.030497,Normal,-0.052690861171931225,0
35,107,5,3.945828,12.01025,100.0,16.407765,0.835922,56.947591,0.0,3,1936.0,0.164078,9.434349,Normal,-0.042740085293751506,0
35,107,6,19.133229,49.699217,100.0,21.897449,0.781026,52.595204,1.0,1,0.0,0.218974,6.511675,Normal,-0.04714546084711535,0
35,107,7,1.218856,10.952821,100.0,35.780485,0.642195,41.542905,1.0,0,0.0,0.357805,8.286927,Anomalous,0.050253182237918526,1
35,107,8,16.125447,5.121318,100.0,19.644563,0.803554,54.365537,0.0,0,0.0,0.196446,9.902659,Normal,-0.113047963989028,0
35,107,9,0.0,7.043018,100.0,14.570501,0.854295,58.41388,0.0,0,0.0,0.145705,1.194532,Normal,-0.16047237652079405,0
35,107,10,31.963628,14.116497,100.0,6.701228,0.932988,64.696283,0.0,0,0.0,0.067012,3.679274,Normal,-0.06785232785386242,0
35,108,1,37.565205,5.353286,100.0,16.787759,0.832122,56.644138,0.0,0,553.0,0.167878,1.760948,Normal,-0.08587217350381693,0
35,108,2,33.845564,12.143468,100.0,14.465149,0.855349,58.497846,1.0,0,0.0,0.144651,4.414506,Normal,-0.1327883375624953,0
35,108,3,15.136232,13.466788,100.0,7.857835,0.921422,63.772549,0.0,0,0.0,0.078578,3.953289,Normal,-0.10984416608617537,0
35,108,4,10.726523,33.670904,100.0,7.507943,0.924921,64.051984,0.0,0,0.0,0.075079,6.030497,Normal,-0.06086172685110869,0
35,108,5,6.035267,14.481139,100.0,16.021149,0.839789,57.25589,1.0,1,869.0,0.160211,9.434349,Normal,-0.11410475382627089,0
35,108,6,18.616065,47.052405,100.0,21.254887,0.787451,53.103456,0.0,1,0.0,0.212549,6.511675,Normal,-0.07093905657450583,0
35,108,7,1.874005,10.548658,100.0,34.65194,0.653481,42.434363,0.0,0,442.0,0.346519,8.286927,Anomalous,0.005075068505487668,1
35,108,8,13.113808,2.799988,100.0,17.931406,0.820686,55.731817,0.0,0,0.0,0.179314,9.902659,Normal,-0.12899278823848476,0
35,108,9,0.0,4.501823,100.0,14.267182,0.857328,58.655891,0.0,0,921.0,0.142672,1.194532,Normal,-0.14697918074508898,0
35,108,10,30.444718,14.841854,100.0,7.507943,0.924921,64.051984,0.0,0,719.0,0.075079,3.679274,Normal,-0.07461348383676664,0
35,109,1,42.212989,8.170403,100.0,15.808044,0.84192,57.42582,0.0,0,1352.0,0.15808,1.760948,Normal,-0.07365095174435266,0
35,109,2,32.65085,13.601732,100.0,15.293652,0.847063,57.836892,0.0,0,0.0,0.152937,4.414506,Normal,-0.1528488981679073,0
35,109,3,15.331298,12.336355,100.0,7.527062,0.924729,64.036715,0.0,0,0.0,0.075271,3.953289,Normal,-0.09864371895947932,0
35,109,4,10.544358,31.294836,100.0,6.715162,0.932848,64.685154,0.0,0,1039.0,0.067152,6.030497,Normal,-0.032985302114045156,0
35,109,5,10.275026,16.919665,100.0,15.892238,0.841078,57.358648,0.0,0,0.0,0.158922,9.434349,Normal,-0.13691655251979162,0
35,109,6,14.75128,44.329828,100.0,20.868215,0.791318,53.410536,0.0,0,312.0,0.208682,6.511675,Normal,-0.074214885457213,0
35,109,7,0.0,9.317741,100.0,34.209369,0.657906,42.784356,0.0,0,0.0,0.342094,8.286927,Normal,-0.0006320947487973294,0
35,109,8,9.615311,5.155827,100.0,19.204801,0.807952,54.716214,0.0,0,0.0,0.192048,9.902659,Normal,-0.11763230846983397,0
35,109,9,3.6141,4.467713,100.0,13.788789,0.862112,59.037603,0.0,0,1326.0,0.137888,1.194532,Normal,-0.13145719104371978,0
35,109,10,33.124309,12.695154,100.0,6.715162,0.932848,64.685154,0.0,0,1114.0,0.067152,3.679274,Normal,-0.043257941889088825,0
35,110,1,38.331372,10.124065,100.0,14.522007,0.85478,58.452077,0.0,0,0.0,0.14522,1.760948,Normal,-0.12428635374895286,0
35,110,2,36.834629,12.962927,100.0,15.224527,0.847755,57.892046,0.0,0,0.0,0.152245,4.414506,Normal,-0.13781215999759489,0
35,110,3,17.327305,14.236321,100.0,7.650438,0.923496,63.938182,0.0,1,421.0,0.076504,3.953289,Normal,-0.08429579222333328,0
35,110,4,6.944795,29.428899,100.0,6.177722,0.938223,65.114412,0.0,0,0.0,0.061777,6.030497,Normal,-0.03991380410132528,0
35,110,5,12.916538,18.19888,100.0,15.934436,0.840656,57.325028,0.0,1,327.0,0.159344,9.434349,Normal,-0.1165182012428006,0
35,110,6,16.435725,46.755245,100.0,21.959618,0.780404,52.547936,0.0,0,418.0,0.219596,6.511675,Normal,-0.06818185501968699,0
35,110,7,4.076521,10.502218,100.0,36.268799,0.637312,41.157689,0.0,0,0.0,0.362688,8.286927,Anomalous,0.01958055176580975,1
35,110,8,7.487955,3.765162,100.0,18.357375,0.816426,55.392057,0.0,0,460.0,0.183574,9.902659,Normal,-0.11589709820793415,0
35,110,9,7.479198,4.576694,100.0,13.574965,0.86425,59.20837,0.0,1,265.0,0.13575,1.194532,Normal,-0.1487655841910575,0
35,110,10,29.445821,10.25774,100.0,6.177722,0.938223,65.114412,0.0,0,0.0,0.061777,3.679274,Normal,-0.05343146313556868,0
35,111,1,35.301378,12.345962,100.0,12.65328,0.873467,59.943629,0.0,0,759.0,0.126533,1.760948,Normal,-0.10607444416270767,0
35,111,2,38.889475,11.891528,100.0,15.487499,0.845125,57.682138,1.0,0,0.0,0.154875,4.414506,Normal,-0.10771080268570088,0
35,111,3,17.381859,14.389553,100.0,8.113606,0.918864,63.568286,0.0,1,0.0,0.081136,3.953289,Normal,-0.09712861078272833,0
35,111,4,8.843005,29.647416,100.0,6.50371,0.934963,64.854041,0.0,0,0.0,0.065037,6.030497,Normal,-0.049543750905278516,0
35,111,5,10.098551,20.679298,100.0,16.127327,0.838727,57.171466,0.0,2,1138.0,0.161273,9.434349,Normal,-0.0858195569421113,0
35,111,6,19.016148,47.981299,100.0,21.439419,0.785606,52.956545,0.0,0,1178.0,0.214394,6.511675,Normal,-0.04730661881060494,0
35,111,7,5.200839,10.976584,100.0,34.765232,0.652348,42.344803,0.0,0,1059.0,0.347652,8.286927,Anomalous,0.011782943631409193,1
35,111,8,7.186364,6.70713,100.0,16.0913,0.839087,57.199808,0.0,0,0.0,0.160913,9.902659,Normal,-0.14771044709646297,0
35,111,9,11.043269,5.792242,100.0,14.119894,0.858801,58.773371,1.0,0,0.0,0.141199,1.194532,Normal,-0.14298040799541378,0
35,111,10,29.616035,8.308012,100.0,6.50371,0.934963,64.854041,0.0,0,455.0,0.065037,3.679274,Normal,-0.052924203600938635,0
35,112,1,39.659959,13.276818,100.0,11.213119,0.887869,61.093335,0.0,0,0.0,0.112131,1.760948,Normal,-0.0924722294575604,0
35,112,2,34.231494,11.063958,100.0,15.352446,0.846476,57.790115,1.0,0,0.0,0.153524,4.414506,Normal,-0.1286114487463495,0
35,112,3,22.113853,13.719312,100.0,6.928483,0.930715,64.514777,0.0,0,789.0,0.069285,3.953289,Normal,-0.0742552822543463,0
35,112,4,8.11151,28.944637,100.0,7.242314,0.927577,64.26413,0.0,0,0.0,0.072423,6.030497,Normal,-0.06271370656338876,0
35,112,5,11.869846,19.512773,100.0,15.800381,0.841996,57.432739,1.0,1,0.0,0.158004,9.434349,Normal,-0.10229414108011708,0
35,112,6,15.868086,48.274222,100.0,20.846856,0.791531,53.429792,0.0,0,0.0,0.208469,6.511675,Normal,-0.07752286296062139,0
35,112,7,7.125075,8.870235,100.0,34.765228,0.652348,42.344806,0.0,0,0.0,0.347652,8.286927,Normal,-0.006652728241947181,0
35,112,8,6.690198,4.752103,100.0,13.796919,0.862031,59.030776,0.0,0,0.0,0.137969,9.902659,Normal,-0.14194930060068106,0
35,112,9,10.375298,4.879482,100.0,14.019776,0.859802,58.853103,0.0,2,2424.0,0.140198,1.194532,Normal,-0.04808810246939632,0
35,112,10,31.400153,8.904264,100.0,7.242314,0.927577,64.26413,0.0,0,2031.0,0.072423,3.679274,Normal,-0.017752193523419058,0
35,113,1,40.436839,11.628853,100.0,12.817292,0.871827,59.812707,0.0,1,925.0,0.128173,1.760948,Normal,-0.07865010899315178,0
35,113,2,35.307682,9.752554,100.0,15.220553,0.847794,57.895071,0.0,0,256.0,0.152206,4.414506,Normal,-0.13958487205591485,0
35,113,3,24.898084,13.311822,100.0,8.265429,0.917346,63.447041,0.0,0,0.0,0.082654,3.953289,Normal,-0.10687802392591433,0
35,113,4,11.883801,31.257787,100.0,8.211865,0.917881,63.489817,0.0,0,1006.0,0.082119,6.030497,Normal,-0.06292033906372196,0
35,113,5,9.861666,22.451176,100.0,15.899248,0.841008,57.35336,0.0,0,0.0,0.158992,9.434349,Normal,-0.1124519419082955,0
35,113,6,11.540256,46.547879,100.0,21.890152,0.781098,52.599807,0.0,0,0.0,0.218902,6.511675,Normal,-0.08186262460950888,0
35,113,7,4.407537,8.048906,100.0,35.514876,0.644851,41.752573,0.0,0,0.0,0.355149,8.286927,Normal,-0.00010978609074152601,0
35,113,8,8.029138,3.102849,100.0,15.836886,0.841631,57.402807,0.0,0,0.0,0.158369,9.902659,Normal,-0.14961127499934196,0
35,113,9,11.749983,2.200682,100.0,13.963566,0.860364,58.898094,0.0,2,0.0,0.139636,1.194532,Normal,-0.11757258894081973,0
35,113,10,28.40981,8.331042,100.0,8.211865,0.917881,63.489817,0.0,0,2153.0,0.082119,3.679274,Normal,-0.02503192957342326,0
35,114,1,41.011995,10.472722,100.0,13.638306,0.863617,59.157373,0.0,1,0.0,0.136383,1.760948,Normal,-0.09677079065855793,0
35,114,2,39.631753,7.64236,100.0,14.996848,0.850032,58.073353,0.0,0,0.0,0.149968,4.414506,Normal,-0.1360494326915726,0
35,114,3,29.117161,14.317174,100.0,3.601642,0.963984,67.17238,0.0,0,0.0,0.036016,3.953289,Anomalous,0.024717843987241306,1
35,114,4,9.497367,34.039443,100.0,9.090095,0.909099,62.788489,0.0,0,292.0,0.090901,6.030497,Normal,-0.07688280732878322,0
35,114,5,11.821148,21.025365,100.0,15.391739,0.846083,57.75813,0.0,0,671.0,0.153917,9.434349,Normal,-0.10671811738323966,0
35,114,6,7.323583,48.037039,100.0,21.481265,0.785187,52.930768,0.0,0,0.0,0.214813,6.511675,Normal,-0.08080253970733658,0
35,114,7,1.921229,10.561388,100.0,36.422026,0.63578,41.036883,0.0,0,0.0,0.36422,8.286927,Anomalous,0.03145977188690918,1
35,114,8,8.95337,3.401868,100.0,8.084417,0.919156,63.593449,0.0,0,0.0,0.080844,9.902659,Normal,-0.049579054311845616,0
35,114,9,13.484841,1.716435,100.0,13.841931,0.861581,58.994967,0.0,3,1984.0,0.138419,1.194532,Normal,-0.03906788019378227,0
35,114,10,28.116864,10.176828,100.0,9.090095,0.909099,62.788489,0.0,0,0.0,0.090901,3.679274,Normal,-0.10770946939554699,0
35,115,1,36.960875,10.335961,100.0,14.401817,0.855982,58.547998,0.0,0,0.0,0.144018,1.760948,Normal,-0.12682094460022852,0
35,115,2,39.97177,6.021296,100.0,15.01173,0.849883,58.061356,0.0,0,994.0,0.150117,4.414506,Normal,-0.11542951494905235,0
35,115,3,27.49885,13.090333,100.0,3.56499,0.96435,67.201526,0.0,1,533.0,0.03565,3.953289,Anomalous,0.03885067375582307,1
35,115,4,6.909184,31.898404,100.0,9.773801,0.902262,62.242539,0.0,0,0.0,0.097738,6.030497,Normal,-0.09742858713239444,0
35,115,5,8.020338,23.410562,100.0,14.783536,0.852165,58.24341,0.0,0,0.0,0.147835,9.434349,Normal,-0.1084766349868937,0
35,115,6,6.619247,47.200969,100.0,21.939483,0.780605,52.577741,0.0,0,0.0,0.219395,6.511675,Normal,-0.07802506250313307,0
35,115,7,5.113112,12.169081,100.0,38.535078,0.614649,39.375047,0.0,0,0.0,0.385351,8.286927,Anomalous,0.06943991999102506,1
35,115,8,6.90937,2.548799,100.0,8.831513,0.911685,62.996734,0.0,0,0.0,0.088315,9.902659,Normal,-0.06154754200913587,0
35,115,9,11.94334,3.086191,100.0,13.487605,0.865124,59.277665,0.0,5,2922.0,0.134876,1.194532,Anomalous,0.016989467718892648,1
35,115,10,27.09486,12.108133,100.0,9.773801,0.902262,62.242539,0.0,0,818.0,0.097738,3.679274,Normal,-0.11911533180699241,0
35,116,1,41.538587,9.644732,100.0,15.510405,0.844896,57.663319,0.0,1,1235.0,0.155104,1.760948,Normal,-0.0757332670606734,0
35,116,2,40.402758,5.685826,100.0,14.187934,0.858121,58.718765,1.0,1,0.0,0.141879,4.414506,Normal,-0.11250879251987089,0
35,116,3,32.203106,15.691804,100.0,3.459082,0.965409,67.28619,0.0,1,0.0,0.034591,3.953289,Anomalous,0.052478564721783916,1
35,116,4,9.689683,29.871571,100.0,10.55323,0.894468,61.620194,0.0,0,457.0,0.105532,6.030497,Normal,-0.10580851515096473,0
35,116,5,4.805924,23.922586,100.0,15.247876,0.847521,57.872814,0.0,0,0.0,0.152479,9.434349,Normal,-0.10823853224446289,0
35,116,6,5.098785,49.771156,100.0,21.593297,0.784067,52.846597,0.0,0,1063.0,0.215933,6.511675,Normal,-0.04595155128503181,0
35,116,7,4.780526,11.452343,100.0,37.371285,0.626287,40.28931,0.0,0,0.0,0.373713,8.286927,Anomalous,0.04191561022561896,1
35,116,8,6.007727,2.411338,100.0,8.054736,0.919453,63.616916,0.0,0,1460.0,0.080547,9.902659,Normal,-0.018454469059754453,0
35,116,9,12.184633,4.323675,100.0,13.885798,0.861142,58.959928,1.0,2,458.0,0.138858,1.194532,Normal,-0.1011764542882676,0
35,116,10,26.987736,12.098905,100.0,10.55323,0.894468,61.620194,0.0,0,0.0,0.105532,3.679274,Normal,-0.1367208797751166,0
35,117,1,44.523207,9.02566,100.0,14.585741,0.854143,58.401213,0.0,1,0.0,0.145857,1.760948,Normal,-0.09544625254481243,0
35,117,2,36.968266,3.189853,100.0,14.380582,0.856194,58.565162,0.0,1,1078.0,0.143806,4.414506,Normal,-0.1299656530604854,0
35,117,3,35.45637,18.1131,100.0,3.073297,0.969267,67.594282,0.0,0,0.0,0.030733,3.953289,Anomalous,0.05731120133965051,1
35,117,4,6.327784,28.704259,100.0,9.187477,0.908125,62.710725,0.0,0,0.0,0.091875,6.030497,Normal,-0.08807828223209291,0
35,117,5,8.315134,24.833006,100.0,16.077748,0.839223,57.210692,1.0,2,1425.0,0.160777,9.434349,Normal,-0.048830772241079234,0
35,117,6,3.434066,48.638623,100.0,22.044309,0.779557,52.504522,0.0,0,0.0,0.220443,6.511675,Normal,-0.07154175046206385,0
35,117,7,2.080976,10.666745,100.0,39.842828,0.601572,38.351447,0.0,0,0.0,0.398428,8.286927,Anomalous,0.07629975786252519,1
35,117,8,9.175167,1.699021,100.0,7.401155,0.925988,64.138227,0.0,1,1379.0,0.074012,9.902659,Normal,-0.011342922599489103,0
35,117,9,11.442215,6.514968,100.0,14.751884,0.852481,58.268779,1.0,0,0.0,0.147519,1.194532,Normal,-0.14080465984345447,0
35,117,10,31.493906,14.901898,100.0,9.187477,0.908125,62.710725,0.0,0,949.0,0.091875,3.679274,Normal,-0.0951572362398373,0
35,118,1,45.154541,8.847281,100.0,16.101755,0.838982,57.191466,1.0,0,0.0,0.161018,1.760948,Normal,-0.06246776764556711,0
35,118,2,40.329201,5.37164,100.0,13.393055,0.866069,59.353286,2.0,3,0.0,0.133931,4.414506,Normal,-0.02239762357243813,0
35,118,3,34.423888,15.702884,100.0,3.12492,0.968751,67.553073,0.0,1,1468.0,0.031249,3.953289,Anomalous,0.07765835095993079,1
35,118,4,10.622094,27.540231,100.0,8.521847,0.914782,63.242268,0.0,0,1181.0,0.085218,6.030497,Normal,-0.0660317409158232,0
35,118,5,5.715817,25.987595,100.0,16.168067,0.838319,57.13856,3.0,1,817.0,0.161681,9.434349,Anomalous,0.004876972467697249,1
35,118,6,2.388171,51.454462,100.0,22.082759,0.779172,52.469946,0.0,0,0.0,0.220828,6.511675,Normal,-0.05993506498314333,0
35,118,7,5.825963,11.441695,100.0,39.394942,0.606051,38.701502,0.0,1,774.0,0.393949,8.286927,Anomalous,0.08786841009824853,1
35,118,8,11.229397,2.039235,100.0,6.696005,0.93304,64.701273,0.0,1,0.0,0.06696,9.902659,Normal,-0.016013766747602687,0
35,118,9,13.51279,6.586925,100.0,14.429036,0.85571,58.526501,0.0,0,0.0,0.14429,1.194532,Normal,-0.1613000103712312,0
35,118,10,36.296071,17.347917,100.0,8.521847,0.914782,63.242268,0.0,0,951.0,0.085218,3.679274,Normal,-0.06467094730895129,0
35,119,1,44.930576,9.858593,100.0,16.29067,0.837093,57.040734,0.0,0,0.0,0.162907,1.760948,Normal,-0.07999358288719288,0
35,119,2,44.07862,4.359584,100.0,12.577531,0.874225,60.004175,0.0,2,369.0,0.125775,4.414506,Normal,-0.07234990280484882,0
35,119,3,35.726148,16.183211,100.0,2.144975,0.97855,68.335941,0.0,2,991.0,0.02145,3.953289,Anomalous,0.08894073694481286,1
35,119,4,9.454447,25.593065,100.0,9.069762,0.909302,62.804725,0.0,0,0.0,0.090698,6.030497,Normal,-0.09599555060133991,0
35,119,5,1.296096,25.49902,100.0,15.251741,0.847483,57.869761,0.0,0,479.0,0.152517,9.434349,Normal,-0.09190793701946137,0
35,119,6,5.362476,51.329382,100.0,22.159962,0.7784,52.420464,0.0,1,766.0,0.2216,6.511675,Normal,-0.045550889109153836,0
35,119,7,3.891411,13.511024,100.0,40.705371,0.592946,37.679071,0.0,1,0.0,0.407054,8.286927,Anomalous,0.09152768637052788,1
35,119,8,8.265321,4.586236,100.0,6.129713,0.938703,65.153619,0.0,0,0.0,0.061297,9.902659,Normal,-0.010953114430379052,0
35,119,9,13.29539,4.958756,100.0,13.396351,0.866036,59.350628,0.0,1,866.0,0.133964,1.194532,Normal,-0.139618773821596,0
35,119,10,34.425237,15.567087,100.0,9.069762,0.909302,62.804725,0.0,0,0.0,0.090698,3.679274,Normal,-0.09319865542310235,0
