simulation_id,timestamp,node_id,x,y,speed,battery_level,cpu_usage,memory_usage,signal_strength,packet_loss,latency,active,faulty,fault_type
28,0,1,753.1296854,721.4943256,5.237067198,100,3.75771108,0.274954329,9.836764869,0.901632351,62.19504172,TRUE,FALSE,NORMAL
28,0,2,92.57902798,472.439189,9.36120287,100,3.831674719,2.469340512,30.93999563,0.690600044,45.42609337,TRUE,FALSE,NORMAL
28,0,3,78.69654987,393.9924896,4.642679434,100,0,0.110229489,24.85246851,0.751475315,50.24565309,TRUE,FALSE,NORMAL
28,0,4,144.0854056,83.11282625,6.754056582,100,0,0,0,0,0,TRUE,FALSE,NORMAL
28,0,5,887.1928157,858.4146012,1.323406959,100,1.140075831,0.690057228,18.32209618,0.816779038,55.42019462,TRUE,FALSE,NORMAL
28,0,6,732.2607004,429.3265813,4.318949381,100,0,0,1.351433554,0.986485664,68.96988882,TRUE,FALSE,NORMAL
28,0,7,43.97267815,491.9804055,2.77049821,100,1.788571896,0,27.43578552,0.725642145,48.21186287,TRUE,FALSE,NORMAL
28,0,8,137.3953909,807.2652148,4.088166655,100,2.078730909,0,3.291244771,0.967087552,67.42013629,TRUE,FALSE,NORMAL
28,0,9,290.9146385,571.532172,4.778239817,100,0,0.151282705,6.895238223,0.931047618,64.54183335,TRUE,FALSE,NORMAL
28,0,10,989.1062793,235.117421,1.121617474,100,0,0.733160445,0,0,0,TRUE,FALSE,NORMAL
28,1,1,748.5946881,724.1136141,5.237067198,100,4.843013705,0,9.189012013,0.90810988,62.71235441,TRUE,FALSE,NORMAL
28,1,2,94.87237194,463.3632486,9.36120287,100,3.544137045,2.490648128,30.94222419,0.690577758,45.41787679,TRUE,FALSE,NORMAL
28,1,3,75.35604985,390.7682793,4.642679434,100,0,0,25.07856334,0.749214367,50.06816806,TRUE,FALSE,NORMAL
28,1,4,139.6023492,78.06114476,6.754056582,100,0,0,0,0,0,TRUE,FALSE,NORMAL
28,1,5,886.8423733,859.6907658,1.323406959,100,0,2.714254291,17.98479309,0.820152069,55.68923381,TRUE,FALSE,NORMAL
28,1,6,729.4019429,426.0891704,4.318949381,100,2.053813093,0,0.39323094,0.996067691,69.73547502,TRUE,FALSE,NORMAL
28,1,7,42.1498894,489.8939967,2.77049821,100,6.06598302,1.617835899,27.13215099,0.72867849,48.44433326,TRUE,FALSE,NORMAL
28,1,8,133.415852,806.3290652,4.088166655,100,0,2.276194004,3.187832921,0.968121671,67.50274969,TRUE,FALSE,NORMAL
28,1,9,286.5425731,569.6043181,4.778239817,100,0,0,7.0745522,0.929254478,64.39867987,TRUE,FALSE,NORMAL
28,1,10,988.2814315,234.3573869,1.121617474,100,3.435357278,1.497452796,0,0,0,TRUE,FALSE,NORMAL
28,2,1,743.5000294,722.9006323,5.237067198,100,2.091943402,0,9.100813835,0.908991862,62.7823087,TRUE,FALSE,NORMAL
28,2,2,91.50745583,454.6277201,9.36120287,100,1.671092277,2.923868427,30.85744895,0.69142551,45.48966559,TRUE,FALSE,NORMAL
28,2,3,71.4340357,388.2838725,4.642679434,100,3.185214592,0.5440659,25.20415161,0.747958484,49.97339795,TRUE,FALSE,NORMAL
28,2,4,132.8587189,77.68600448,6.754056582,100,0,0.376666114,0,0,0,TRUE,FALSE,NORMAL
28,2,5,886.1223357,860.8011495,1.323406959,100,0.1716328,4.941255862,17.18615301,0.82813847,56.32630791,TRUE,FALSE,NORMAL
28,2,6,725.8250977,428.5098113,4.318949381,100,5.949949144,0,1.015474661,0.989845253,69.23830949,TRUE,FALSE,NORMAL
28,2,7,41.58283943,487.1821496,2.77049821,100,6.453760732,1.008008562,27.15729421,0.728427058,48.42396902,TRUE,FALSE,NORMAL
28,2,8,133.1396009,810.4078875,4.088166655,100,0,0.051517865,3.387828099,0.966121719,67.3429785,TRUE,FALSE,NORMAL
28,2,9,283.8915557,573.5797027,4.778239817,100,3.988510048,0,6.605042695,0.933949573,64.77355811,TRUE,FALSE,NORMAL
28,2,10,988.0708722,233.2557107,1.121617474,100,2.743132747,3.357646191,0,0,0,TRUE,FALSE,NORMAL
28,3,1,743.3878538,717.6647666,5.237067198,100,5.327798368,0,9.454444394,0.905455556,62.49930898,TRUE,FALSE,NORMAL
28,3,2,82.47339506,452.1745864,9.36120287,100,0,3.70753628,31.03741669,0.689625833,45.35936347,TRUE,FALSE,NORMAL
28,3,3,75.59393112,390.3453628,4.642679434,100,7.330313731,1.154286228,25.95953816,0.740404618,49.37776548,TRUE,FALSE,NORMAL
28,3,4,135.9660225,83.68283235,6.754056582,100,0,2.183611417,0,0,0,TRUE,FALSE,NORMAL
28,3,5,887.3913686,861.1765976,1.323406959,100,0,2.766185246,16.36067492,0.836393251,56.98487994,TRUE,FALSE,NORMAL
28,3,6,724.2900445,432.5467576,4.318949381,100,7.320978829,0,2.548213869,0.974517861,68.01373802,TRUE,FALSE,NORMAL
28,3,7,39.01613196,486.1392339,2.77049821,100,2.894469535,0.299643476,27.2550982,0.727449018,48.3523274,TRUE,FALSE,NORMAL
28,3,8,129.1193097,811.1497535,4.088166655,100,0,0.367030753,2.120158785,0.978798412,68.3557194,TRUE,FALSE,NORMAL
28,3,9,286.4365322,569.5356119,4.778239817,100,4.702555937,0,5.962435252,0.940375647,65.28669322,TRUE,FALSE,NORMAL
28,3,10,988.8567792,234.0559456,1.121617474,100,4.64944101,2.766203417,0,0,0,TRUE,FALSE,NORMAL
28,4,1,741.190222,712.9111062,5.237067198,100,1.01078241,0,9.811221776,0.901887782,62.21399028,TRUE,FALSE,NORMAL
28,4,2,88.9923507,445.4563026,9.36120287,100,0,1.425012046,31.00311332,0.689968867,45.38117441,TRUE,FALSE,NORMAL
28,4,3,78.69678957,386.8918513,4.642679434,100,11.37921606,0.222010069,26.08739363,0.739126064,49.27840988,TRUE,FALSE,NORMAL
28,4,4,140.0620406,78.31255156,6.754056582,100,0.757983061,0,0,0,0,TRUE,FALSE,NORMAL
28,4,5,886.5141157,860.1857226,1.323406959,100,1.872378925,0,15.75666534,0.842433347,57.46681676,TRUE,FALSE,NORMAL
28,4,6,727.563327,435.364371,4.318949381,100,3.636041588,0,3.865778215,0.961342218,66.9611638,TRUE,FALSE,NORMAL
28,4,7,40.27922501,483.6734163,2.77049821,100,7.508814973,0.150318537,26.92311469,0.730768853,48.60783729,TRUE,FALSE,NORMAL
28,4,8,126.0295184,808.4727596,4.088166655,100,3.35728801,0,2.965919653,0.970340803,67.6800329,TRUE,FALSE,NORMAL
28,4,9,282.6518879,572.452467,4.778239817,100,5.845655322,0,6.495189391,0.935048106,64.86118656,TRUE,FALSE,NORMAL
28,4,10,987.74566,234.2090467,1.121617474,100,0,5.480352296,0,0,0,TRUE,FALSE,NORMAL
28,5,1,736.1205699,714.2246891,5.237067198,100,0,0,9.799852526,0.902001475,62.2229705,TRUE,FALSE,NORMAL
28,5,2,87.66468143,436.1897276,9.36120287,100,3.763646685,0.375750462,30.66435519,0.693356448,45.65450583,TRUE,FALSE,NORMAL
28,5,3,76.45716986,382.8250865,4.642679434,100,12.56629491,0.315371435,25.89011318,0.741098868,49.44203374,TRUE,FALSE,NORMAL
28,5,4,146.702901,77.08118897,6.754056582,100,2.948000223,0,0,0,0,TRUE,FALSE,NORMAL
28,5,5,885.4922309,859.3447961,1.323406959,100,5.072187489,0.808927038,15.52913423,0.844708658,57.64837418,TRUE,FALSE,NORMAL
28,5,6,731.2522717,437.6104811,4.318949381,100,4.895801308,2.142159912,4.070570824,0.959294292,66.79756682,TRUE,FALSE,NORMAL
28,5,7,43.00298046,484.1801871,2.77049821,100,10.89636195,0.817356539,26.70912407,0.732908759,48.77373511,TRUE,FALSE,NORMAL
28,5,8,123.8480419,811.9302538,4.088166655,100,5.148180797,0.972235922,3.060682899,0.969393171,67.60432767,TRUE,FALSE,NORMAL
28,5,9,280.9753067,576.9269112,4.778239817,100,10.61145984,0,6.056608299,0.939433917,65.21142717,TRUE,FALSE,NORMAL
28,5,10,987.1845164,233.2378909,1.121617474,100,0,7.031361635,0,0,0,TRUE,FALSE,NORMAL
28,6,1,730.9409311,714.9981329,5.237067198,100,0,0,9.38476741,0.906152326,62.55425007,TRUE,FALSE,NORMAL
28,6,2,95.14280738,430.5585863,9.36120287,100,2.764470931,2.240688523,30.50943808,0.694905619,45.77435518,TRUE,FALSE,NORMAL
28,6,3,80.27914016,380.1893674,4.642679434,100,14.66672961,1.088847835,25.98945982,0.740105402,49.36543177,TRUE,FALSE,NORMAL
28,6,4,149.3106778,70.85087756,6.754056582,100,3.779510076,0,0,0,0,TRUE,FALSE,NORMAL
28,6,5,886.784774,859.6289411,1.323406959,100,3.400620843,0,14.7981396,0.852018604,58.23170793,TRUE,FALSE,NORMAL
28,6,6,726.9365435,437.777256,4.318949381,100,3.03626983,2.623168914,3.971395225,0.960286048,66.87679221,TRUE,FALSE,NORMAL
28,6,7,42.5237264,481.4514555,2.77049821,100,11.05753496,3.285054401,26.2049671,0.737950329,49.16878065,TRUE,FALSE,NORMAL
28,6,8,127.402592,809.9107787,4.088166655,100,1.984253537,2.466750469,4.453427056,0.955465729,66.49173074,TRUE,FALSE,NORMAL
28,6,9,277.5870281,580.296057,4.778239817,100,8.070958632,0,6.590692213,0.934093078,64.78483082,TRUE,FALSE,NORMAL
28,6,10,986.0911446,233.4880185,1.121617474,100,1.314027016,7.236231736,0,0,0,TRUE,FALSE,NORMAL
28,7,1,725.8473073,713.7808124,5.237067198,100,3.075682397,0,9.526579649,0.904734204,62.44076142,TRUE,FALSE,NORMAL
28,7,2,91.91047049,439.3440355,9.36120287,100,0,4.884391447,30.06840142,0.699315986,46.11627287,TRUE,FALSE,NORMAL
28,7,3,80.95971346,375.5968417,4.642679434,100,18.05437897,0,24.43026068,0.755697393,50.59221974,TRUE,FALSE,NORMAL
28,7,4,143.7738411,74.71878648,6.754056582,100,8.518034205,2.38767362,0,0,0,TRUE,FALSE,NORMAL
28,7,5,885.9598497,858.5940953,1.323406959,100,0.704142905,0,14.24947832,0.857505217,58.66957799,TRUE,FALSE,NORMAL
28,7,6,724.7593324,441.5072796,4.318949381,100,1.045001524,4.93373122,4.80368098,0.95196319,66.21194484,TRUE,FALSE,NORMAL
28,7,7,42.6468253,484.2192176,2.77049821,100,14.70886963,5.822976953,26.023844,0.73976156,49.31719388,TRUE,FALSE,NORMAL
28,7,8,126.932118,813.9717836,4.088166655,100,5.222012759,0.642976381,4.115627277,0.958843727,66.76157411,TRUE,FALSE,NORMAL
28,7,9,280.4366965,584.1315447,4.778239817,100,6.512000832,0,5.997080564,0.940029194,65.2589967,TRUE,FALSE,NORMAL
28,7,10,985.4636951,232.5583234,1.121617474,100,4.182382325,7.937749463,0,0,0,TRUE,FALSE,NORMAL
28,8,1,721.5352841,710.8087208,5.237067198,100,5.946391126,2.465795663,9.087739574,0.909122604,62.79109001,TRUE,FALSE,NORMAL
28,8,2,98.50217301,445.9909579,9.36120287,100,0,6.186631287,30.50072765,0.694992724,45.76613069,TRUE,FALSE,NORMAL
28,8,3,84.95577675,377.9603032,4.642679434,100,18.20041012,0,24.80296184,0.751970382,50.29061761,TRUE,FALSE,NORMAL
28,8,4,139.3208658,79.79700379,6.754056582,100,3.877218281,4.894364981,0,0,0,TRUE,FALSE,NORMAL
28,8,5,884.8591852,857.8592867,1.323406959,100,4.896255644,1.990397661,13.59825632,0.864017437,59.18933916,TRUE,FALSE,NORMAL
28,8,6,724.505492,437.1957962,4.318949381,100,0,7.914080866,4.577222823,0.954227772,66.39284087,TRUE,FALSE,NORMAL
28,8,7,41.71383657,481.6105412,2.77049821,100,10.86754428,7.750284337,26.22877468,0.737712253,49.15399719,TRUE,FALSE,NORMAL
28,8,8,130.415269,816.1120559,4.088166655,100,7.940396831,1.894691678,3.615059814,0.963849402,67.16145104,TRUE,FALSE,NORMAL
28,8,9,279.0575285,579.5566708,4.778239817,100,1.766652954,1.855181241,6.835546276,0.931644537,64.5894616,TRUE,FALSE,NORMAL
28,8,10,986.5837102,232.6182557,1.121617474,100,8.845970273,9.501079525,0,0,0,TRUE,FALSE,NORMAL
28,9,1,725.9670644,708.0183453,5.237067198,100,4.841783016,4.100164254,9.340344174,0.906596558,62.58941848,TRUE,FALSE,NORMAL
28,9,2,89.14476329,446.2574208,9.36120287,100,1.106052575,5.980095597,30.71404967,0.692859503,45.60396531,TRUE,FALSE,NORMAL
28,9,3,89.34232162,379.4810584,4.642679434,100,21.60584216,0,25.20766069,0.747923393,49.96888733,TRUE,FALSE,NORMAL
28,9,4,133.4570606,76.44542664,6.754056582,100,1.753728464,1.997318333,0,0,0,TRUE,FALSE,NORMAL
28,9,5,883.598882,858.2630712,1.323406959,100,5.488365627,4.162453733,13.93451525,0.860654847,58.92095476,TRUE,FALSE,NORMAL
28,9,6,728.4380304,435.4101686,4.318949381,100,0,7.772228527,4.746173093,0.952538269,66.2578822,TRUE,FALSE,NORMAL
28,9,7,40.28874933,483.9864172,2.77049821,100,8.25755579,6.633637958,26.44933286,0.735506671,48.98269195,TRUE,FALSE,NORMAL
28,9,8,134.4812628,815.6868482,4.088166655,100,5.437476286,0.359616376,3.367761664,0.966322383,67.35900899,TRUE,FALSE,NORMAL
28,9,9,278.8631913,574.7823846,4.778239817,100,0,3.426569239,6.967320056,0.930326799,64.48410424,TRUE,FALSE,NORMAL
28,9,10,987.6851387,232.4064041,1.121617474,100,7.054479884,6.521276321,0,0,0,TRUE,FALSE,NORMAL
28,10,1,730.8457412,709.9223898,5.237067198,100,0.086422717,2.697996701,10.01557664,0.899844234,62.05038909,TRUE,FALSE,NORMAL
28,10,2,80.22634308,449.1023989,9.36120287,100,0,8.12642706,30.79529915,0.692047008,45.54462317,TRUE,FALSE,NORMAL
28,10,3,93.74540648,378.0088777,4.642679434,100,25.53085217,0,18.91433658,0.810856634,54.97762669,TRUE,FALSE,NORMAL
28,10,4,136.2106684,82.61267277,6.754056582,100,3.443619099,3.017704675,0.428159891,0.995718401,69.70756678,TRUE,FALSE,NORMAL
28,10,5,883.6472345,856.9405478,1.323406959,100,6.105204228,6.213341758,14.89403566,0.851059643,58.15517948,TRUE,FALSE,NORMAL
28,10,6,729.2927366,439.6437016,4.318949381,100,0,7.216273864,5.137117616,0.948628824,65.94559869,TRUE,FALSE,NORMAL
28,10,7,37.94363459,482.5112572,2.77049821,100,10.40099788,4.589039203,26.85988634,0.731401137,48.66469699,TRUE,FALSE,NORMAL
28,10,8,136.1423571,811.9513599,4.088166655,100,1.73911696,1.181242135,4.005871583,0.959941284,66.84925108,TRUE,FALSE,NORMAL
28,10,9,274.8771091,572.1474796,4.778239817,100,2.240889849,3.412247101,7.438317402,0.925616826,64.10786281,TRUE,FALSE,NORMAL
28,10,10,988.6615278,231.8544167,1.121617474,100,3.919283885,4.643789201,0,0,0,TRUE,FALSE,NORMAL
28,11,1,727.8389492,705.6344912,5.237067198,100,3.330415898,1.900175327,9.851451262,0.901485487,62.18125621,TRUE,FALSE,NORMAL
28,11,2,89.48398006,450.4910229,9.36120287,100,3.0595217,7.42728658,31.20984274,0.687901573,45.20973031,TRUE,FALSE,NORMAL
28,11,3,90.5136715,381.3420986,4.642679434,100,29.32564737,0,19.44334113,0.805566589,54.55886989,TRUE,FALSE,NORMAL
28,11,4,141.087076,87.28577978,6.754056582,100,7.351426828,1.247079951,0.438086912,0.995619131,69.69963509,TRUE,FALSE,NORMAL
28,11,5,882.4332069,856.4137245,1.323406959,100,4.404169426,6.794422329,14.23905005,0.8576095,58.67790079,TRUE,FALSE,NORMAL
28,11,6,725.6568985,437.3126063,4.318949381,100,0,5.191787556,5.463852477,0.945361475,65.68461162,TRUE,FALSE,NORMAL
28,11,7,38.70843661,479.8484132,2.77049821,100,14.26626297,4.728501827,26.94733378,0.730526662,48.59009472,TRUE,FALSE,NORMAL
28,11,8,139.0945566,809.1233527,4.088166655,100,2.113891984,2.388592141,3.866235997,0.96133764,66.9607981,TRUE,FALSE,NORMAL
28,11,9,276.8623818,567.801186,4.778239817,100,0.526411424,3.52117188,7.845722396,0.921542776,63.78263988,TRUE,FALSE,NORMAL
28,11,10,989.7602208,232.0800257,1.121617474,100,7.3087369,4.306714143,0,0,0,TRUE,FALSE,NORMAL
28,12,1,731.3852402,709.4881509,5.237067198,100,1.577721643,2.688273067,9.810373033,0.90189627,62.21447991,TRUE,FALSE,NORMAL
28,12,2,80.127416,450.1963569,9.36120287,100,0,8.378104128,31.60346649,0.683965335,44.91193626,TRUE,FALSE,NORMAL
28,12,3,85.88690148,380.9580785,4.642679434,100,29.74442889,0,19.78656916,0.802134308,54.28546114,TRUE,FALSE,NORMAL
28,12,4,135.8599651,91.56299756,6.754056582,100,6.866880904,3.718271457,1.223328522,0.987766715,69.07224019,TRUE,FALSE,NORMAL
28,12,5,881.8001936,855.2515282,1.323406959,100,3.709129787,8.436499777,15.32832436,0.846716756,57.80861448,TRUE,FALSE,NORMAL
28,12,6,728.6205209,434.1709084,4.318949381,100,3.866591628,8.147333114,4.29242171,0.957075783,66.62034533,TRUE,FALSE,NORMAL
28,12,7,41.12124812,478.4867961,2.77049821,100,19.11311377,7.028233739,28.16226412,0.718377359,47.63811594,TRUE,FALSE,NORMAL
28,12,8,142.2656054,811.7035767,4.088166655,100,5.506072373,4.408473878,4.141295758,0.958587042,66.74106924,TRUE,FALSE,NORMAL
28,12,9,272.084711,567.8749242,4.778239817,100,0.146183986,1.548921996,7.994417939,0.920055821,63.66381435,TRUE,FALSE,NORMAL
28,12,10,990.8025996,232.4941177,1.121617474,100,9.088632468,3.516705081,0,0,0,TRUE,FALSE,NORMAL
28,13,1,726.4764842,707.6630517,5.237067198,100,1.762078201,3.137765255,9.303638781,0.906963612,62.61898903,TRUE,FALSE,NORMAL
28,13,2,87.86194065,455.4698043,9.36120287,100,3.751023501,10.66714277,31.49601103,0.68503989,44.98495148,TRUE,FALSE,NORMAL
28,13,3,83.02498578,384.6137468,4.642679434,100,29.39795899,0,19.8718475,0.801281525,54.21697448,TRUE,FALSE,NORMAL
28,13,4,137.960368,97.98215543,6.754056582,100,3.601273224,5.694888575,1.5293148,0.984706852,68.82776918,TRUE,FALSE,NORMAL
28,13,5,880.5546107,855.6986627,1.323406959,100,2.570171819,8.683630007,14.62135014,0.853786499,58.37279478,TRUE,FALSE,NORMAL
28,13,6,726.344822,430.500143,4.318949381,100,0,9.142251721,3.985927427,0.960140726,66.86518329,TRUE,FALSE,NORMAL
28,13,7,38.51997353,479.4402272,2.77049821,100,20.76496825,8.933521493,27.61206057,0.723879394,48.06685113,TRUE,FALSE,NORMAL
28,13,8,145.4303767,809.1156568,4.088166655,100,5.19458283,5.520136476,4.090245907,0.959097541,66.78184964,TRUE,FALSE,NORMAL
28,13,9,276.2020458,565.4502324,4.778239817,100,0,0.834445944,8.031044945,0.919689551,63.63468687,TRUE,FALSE,NORMAL
28,13,10,989.6934809,232.32714,1.121617474,100,4.689838091,4.407605107,0,0,0,TRUE,FALSE,NORMAL
28,14,1,729.93321,703.7288531,5.237067198,100,6.277275259,2.795115332,9.979986049,0.90020014,62.07878055,TRUE,FALSE,NORMAL
28,14,2,88.24761949,464.8230589,9.36120287,100,3.132213576,9.738941988,31.25195918,0.687480408,45.1753246,TRUE,FALSE,NORMAL
28,14,3,84.62388268,380.2550771,4.642679434,100,25.53399555,1.35727147,18.84754248,0.811524575,55.02590136,TRUE,FALSE,NORMAL
28,14,4,141.2463563,92.08134519,6.754056582,100,0,3.586889419,1.222364874,0.987776351,69.07301011,TRUE,FALSE,NORMAL
28,14,5,879.6825741,854.7031939,1.323406959,100,0,5.749450548,14.79310998,0.8520689,58.23572177,TRUE,FALSE,NORMAL
28,14,6,723.4456017,433.7013686,4.318949381,100,1.914335377,6.398370371,5.166862119,0.948331379,65.92183934,TRUE,FALSE,NORMAL
28,14,7,39.56850021,482.0046477,2.77049821,100,22.01389416,10.79425492,27.65728007,0.723427199,48.03373736,TRUE,FALSE,NORMAL
28,14,8,142.8756395,812.3072747,4.088166655,100,4.922879691,5.941578232,4.180251095,0.958197489,66.70995045,TRUE,FALSE,NORMAL
28,14,9,272.7857102,568.790925,4.778239817,100,0,0.758830566,8.408187713,0.915918123,63.33364424,TRUE,FALSE,NORMAL
28,14,10,988.9573347,233.1733755,1.121617474,100,7.017903838,5.239487084,0,0,0,TRUE,FALSE,NORMAL
28,15,1,731.2906355,698.6707636,5.237067198,100,9.03506855,1.38143918,9.89711567,0.901028843,62.14474703,TRUE,FALSE,NORMAL
28,15,2,89.45678918,455.5402776,9.36120287,100,1.791047821,7.616635248,31.74661037,0.682533896,44.7830017,TRUE,FALSE,NORMAL
28,15,3,81.24504464,383.4390881,4.642679434,100,24.69087639,2.729271963,19.70480973,0.802951903,54.34859787,TRUE,FALSE,NORMAL
28,15,4,135.6872112,95.9171223,6.754056582,100,0,6.279362247,1.398468946,0.986015311,68.93230939,TRUE,FALSE,NORMAL
28,15,5,880.2173454,855.9137415,1.323406959,100,0,6.655938137,14.13405441,0.858659456,58.76169837,TRUE,FALSE,NORMAL
28,15,6,719.5826792,431.7697493,4.318949381,100,4.567337648,8.018813238,5.660176928,0.943398231,65.52779569,TRUE,FALSE,NORMAL
28,15,7,41.81194499,483.6302601,2.77049821,100,21.28624051,8.681514134,28.03361648,0.719663835,47.72851103,TRUE,FALSE,NORMAL
28,15,8,145.9105056,815.0463794,4.088166655,100,5.285301142,4.637567052,4.388312487,0.956116875,66.54374552,TRUE,FALSE,NORMAL
28,15,9,268.0089121,568.9082938,4.778239817,100,1.157488434,0.651633146,8.902599224,0.910974008,62.93880836,TRUE,FALSE,NORMAL
28,15,10,987.8912438,232.8248416,1.121617474,100,11.66823059,6.613408856,0,0,0,TRUE,FALSE,NORMAL
28,16,1,730.3179271,703.8167048,5.237067198,100,12.36286604,0,9.316644008,0.90683356,62.60856581,TRUE,FALSE,NORMAL
28,16,2,98.08461306,451.9080917,9.36120287,100,1.153083587,5.449546738,32.0228669,0.679771331,44.55587522,TRUE,FALSE,NORMAL
28,16,3,77.00824449,385.3375077,4.642679434,100,26.51032003,4.112914647,20.36722706,0.796327729,53.82299043,TRUE,FALSE,NORMAL
28,16,4,136.1839727,102.6528857,6.754056582,100,0,5.725388143,2.037194921,0.979628051,68.42200176,TRUE,FALSE,NORMAL
28,16,5,881.4924681,855.5595271,1.323406959,100,2.165272225,3.888168781,14.53313064,0.854668694,58.44319962,TRUE,FALSE,NORMAL
28,16,6,718.4978047,427.5892743,4.318949381,100,1.292636075,6.490103243,4.10015738,0.958998426,66.773932,TRUE,FALSE,NORMAL
28,16,7,43.00753136,481.1310135,2.77049821,100,18.12901822,6.207353924,28.18474097,0.71815259,47.60080053,TRUE,FALSE,NORMAL
28,16,8,145.7831131,819.1325607,4.088166655,100,5.362038279,3.299239118,3.363984074,0.966360159,67.3620268,TRUE,FALSE,NORMAL
28,16,9,265.3204038,564.9581674,4.778239817,100,0,0,9.348931697,0.906510683,62.58271546,TRUE,FALSE,NORMAL
28,16,10,986.8075622,233.1140819,1.121617474,100,6.837693253,5.941286149,0,0,0,TRUE,FALSE,NORMAL
28,17,1,733.9654039,707.5747344,5.237067198,100,16.42691008,0,9.188287171,0.908117128,62.71153281,TRUE,FALSE,NORMAL
28,17,2,102.112585,443.4577922,9.36120287,100,0,6.85837061,31.35626765,0.686437323,45.08235109,TRUE,FALSE,NORMAL
28,17,3,73.74802331,382.0321438,4.642679434,100,26.18355754,1.337310099,20.30214409,0.796978559,53.87540975,TRUE,FALSE,NORMAL
28,17,4,134.4476854,109.1799514,6.754056582,100,2.337755171,7.039043478,3.591173482,0.964088265,67.18053288,TRUE,FALSE,NORMAL
28,17,5,881.7455471,854.2605441,1.323406959,100,2.958392818,4.037559122,15.53559753,0.844644025,57.64321673,TRUE,FALSE,NORMAL
28,17,6,720.7062622,423.8776656,4.318949381,100,0,7.185729439,2.840976806,0.971590232,67.77984889,TRUE,FALSE,NORMAL
28,17,7,44.78926694,483.2525881,2.77049821,100,14.58159845,7.594375545,27.42986332,0.725701367,48.19458265,TRUE,FALSE,NORMAL
28,17,8,142.5547743,816.624387,4.088166655,100,1.529999909,3.201428008,3.772264823,0.962277352,67.03586693,TRUE,FALSE,NORMAL
28,17,9,268.6584068,568.377131,4.778239817,100,0,0,8.711332897,0.912886671,63.09172709,TRUE,FALSE,NORMAL
28,17,10,986.415162,232.0633451,1.121617474,100,7.291933976,5.558372107,0,0,0,TRUE,FALSE,NORMAL
28,18,1,738.977429,706.0560254,5.237067198,100,13.93754042,0.42759969,9.387049102,0.906129509,62.55298489,TRUE,FALSE,NORMAL
28,18,2,96.64630913,451.0572624,9.36120287,100,0,6.027613209,31.50027055,0.684997294,44.97168587,TRUE,FALSE,NORMAL
28,18,3,69.24835583,380.8886995,4.642679434,100,28.70272608,0.139686358,19.56313881,0.804368612,54.46049969,TRUE,FALSE,NORMAL
28,18,4,139.4272256,104.6168976,6.754056582,100,7.1199008,8.168779198,2.66714208,0.973328579,67.91872547,TRUE,FALSE,NORMAL
28,18,5,882.2310182,853.0293967,1.323406959,100,4.862660639,5.647706633,16.03605348,0.839639465,57.24388861,TRUE,FALSE,NORMAL
28,18,6,724.4941132,421.8026936,4.318949381,100,0.738216405,9.337829705,2.738044721,0.972619553,67.86208117,TRUE,FALSE,NORMAL
28,18,7,47.28716554,484.4509882,2.77049821,100,15.13652197,7.356357113,28.08486636,0.719151336,47.6823292,TRUE,FALSE,NORMAL
28,18,8,146.5225718,817.6091153,4.088166655,100,3.102975484,4.734147048,3.132937712,0.968670623,67.54660444,TRUE,FALSE,NORMAL
28,18,9,271.4497529,564.4989919,4.778239817,100,2.223673752,0,8.459982383,0.915400176,63.2925306,TRUE,FALSE,NORMAL
28,18,10,986.2972757,230.94794,1.121617474,100,11.31938119,5.235397275,0,0,0,TRUE,FALSE,NORMAL
28,19,1,739.1737979,700.822641,5.237067198,100,12.72375374,2.1223682,9.757386998,0.90242613,62.25681119,TRUE,FALSE,NORMAL
28,19,2,97.43788124,460.3849381,9.36120287,100,0.627733948,4.581346437,31.63068411,0.683693159,44.86830757,TRUE,FALSE,NORMAL
28,19,3,73.76250354,379.8038296,4.642679434,100,28.35953458,0,19.5619865,0.804380135,54.45697895,TRUE,FALSE,NORMAL
28,19,4,132.7074448,105.2964753,6.754056582,100,3.735176426,7.472074667,3.383343245,0.966166568,67.34656132,TRUE,FALSE,NORMAL
28,19,5,883.4683048,852.5597929,1.323406959,100,6.08820076,6.45881794,15.33896158,0.846610384,57.80012617,TRUE,FALSE,NORMAL
28,19,6,722.0008662,425.3293128,4.318949381,100,0,11.77609823,4.175812414,0.958241876,66.71349621,TRUE,FALSE,NORMAL
28,19,7,46.8251633,481.7192829,2.77049821,100,13.82969425,6.49363516,28.30513715,0.716948629,47.51306243,TRUE,FALSE,NORMAL
28,19,8,143.7997534,814.5596289,4.088166655,100,7.034154885,4.266403121,2.588091687,0.974119083,67.98187929,TRUE,FALSE,NORMAL
28,19,9,273.2486729,560.0723156,4.778239817,100,5.225374662,2.839605208,8.699576801,0.913004232,63.10137171,TRUE,FALSE,NORMAL
28,19,10,986.7298221,231.9827971,1.121617474,100,6.840904819,3.175978134,0,0,0,TRUE,FALSE,NORMAL
28,20,1,737.9054828,705.9038072,5.237067198,100,16.41716347,0.93234657,9.474081383,0.905259186,62.48326155,TRUE,FALSE,NORMAL
28,20,2,94.52435267,469.2811997,9.36120287,100,0,6.511168084,31.80338603,0.68196614,44.74058602,TRUE,FALSE,NORMAL
28,20,3,77.82983162,377.565233,4.642679434,100,32.83806006,2.889406647,19.10715005,0.8089285,54.81592391,TRUE,FALSE,NORMAL
28,20,4,138.7520834,102.2832339,6.754056582,100,3.326281495,6.086909819,3.186260154,0.968137398,67.50400614,TRUE,FALSE,NORMAL
28,20,5,884.7872319,852.6685919,1.323406959,100,8.139522828,7.406321405,15.63306921,0.843669308,57.56543898,TRUE,FALSE,NORMAL
28,20,6,717.6838731,425.4592897,4.318949381,100,4.463681798,11.08696792,3.315093554,0.966849064,67.40108411,TRUE,FALSE,NORMAL
28,20,7,49.53764416,481.1552723,2.77049821,100,14.09649825,8.014584241,28.97074097,0.71029259,46.9959314,TRUE,FALSE,NORMAL
28,20,8,145.8210462,818.1131458,4.088166655,100,5.409727696,4.571260311,2.949226942,0.970507731,67.69336855,TRUE,FALSE,NORMAL
28,20,9,269.6914677,563.2625926,4.778239817,100,6.400223249,4.373183078,9.201024414,0.907989756,62.70102213,TRUE,FALSE,NORMAL
28,20,10,985.9925446,231.1375471,1.121617474,100,11.81038315,2.809938467,0,0,0,TRUE,FALSE,NORMAL
28,21,1,733.0810858,703.8661451,5.237067198,100,18.02312767,0,9.226288197,0.907737118,62.68080775,TRUE,FALSE,NORMAL
28,21,2,91.0611619,460.584164,9.36120287,100,3.977168663,8.74209888,31.46071325,0.685392868,45.01672406,TRUE,FALSE,NORMAL
28,21,3,76.74779304,373.0504058,4.642679434,100,31.85064145,0.507059253,19.26214319,0.807378568,54.69337501,TRUE,FALSE,NORMAL
28,21,4,141.801361,108.3097741,6.754056582,100,3.035262622,8.841731175,4.746711663,0.952532883,66.25745199,TRUE,FALSE,NORMAL
28,21,5,886.0864881,852.4169188,1.323406959,100,11.23158462,5.004102484,14.69075254,0.853092475,58.31740778,TRUE,FALSE,NORMAL
28,21,6,722.0010144,425.5842469,4.318949381,100,1.160938809,12.65904788,3.761823852,0.962381761,67.04420772,TRUE,FALSE,NORMAL
28,21,7,48.47362704,478.5972403,2.77049821,100,14.44887161,10.80492775,28.58753916,0.714124608,47.30188143,TRUE,FALSE,NORMAL
28,21,8,149.8177479,818.9730772,4.088166655,100,3.93646701,3.25829538,3.633084776,0.963669152,67.14705164,TRUE,FALSE,NORMAL
28,21,9,271.5894386,567.6477131,4.778239817,100,3.628871845,6.315924496,8.335690098,0.916643099,63.39172355,TRUE,FALSE,NORMAL
28,21,10,985.920104,232.2568228,1.121617474,100,8.798849389,3.752208333,0,0,0,TRUE,FALSE,NORMAL
28,22,1,733.793567,698.6777693,5.237067198,100,21.64173278,2.011776226,9.5180216,0.904819784,62.4476161,TRUE,FALSE,NORMAL
28,22,2,90.05971528,451.2766819,9.36120287,100,6.586879846,6.260463171,31.05997614,0.689400239,45.33112825,TRUE,FALSE,NORMAL
28,22,3,72.23683687,374.1484708,4.642679434,100,34.62771884,2.15089124,19.10344252,0.808965575,54.82503804,TRUE,FALSE,NORMAL
28,22,4,146.5635549,103.5203284,6.754056582,100,7.376299992,6.50069934,3.402635583,0.965973644,67.33114925,TRUE,FALSE,NORMAL
28,22,5,886.2363206,851.102021,1.323406959,100,6.626254188,6.070375457,14.30194728,0.856980527,58.62770272,TRUE,FALSE,NORMAL
28,22,6,726.2903122,426.089468,4.318949381,100,0,13.2902049,4.734095921,0.952659041,66.26752949,TRUE,FALSE,NORMAL
28,22,7,45.70320836,478.6182317,2.77049821,100,9.831680397,9.31723728,27.90469401,0.72095306,47.83648304,TRUE,FALSE,NORMAL
28,22,8,153.0894573,816.5217461,4.088166655,100,1.141402801,0.46079589,4.372599672,0.956274003,66.55629726,TRUE,FALSE,NORMAL
28,22,9,275.4788464,570.4233361,4.778239817,100,6.026113074,3.732744519,7.478133594,0.925218664,64.07634487,TRUE,FALSE,NORMAL
28,22,10,986.9921238,231.9269757,1.121617474,100,8.265779117,2.127471932,0,0,0,TRUE,FALSE,NORMAL
28,23,1,732.5728655,693.5849547,5.237067198,100,23.09601414,4.935127496,9.86908146,0.901309185,62.1669305,TRUE,FALSE,NORMAL
28,23,2,88.28999178,442.084283,9.36120287,100,7.136174488,5.025103679,31.45670957,0.685432904,45.02034288,TRUE,FALSE,NORMAL
28,23,3,68.06441247,376.1844833,4.642679434,100,37.75660657,2.883644274,20.00688168,0.799931183,54.1109497,TRUE,FALSE,NORMAL
28,23,4,142.3167637,108.7721895,6.754056582,100,7.792801616,9.342607507,3.924560399,0.960754396,66.9142059,TRUE,FALSE,NORMAL
28,23,5,887.5382438,850.8645297,1.323406959,100,5.397161124,4.072014088,13.42600048,0.865739995,59.32682915,TRUE,FALSE,NORMAL
28,23,6,726.0729842,430.402946,4.318949381,100,0.160748541,11.57507556,6.312162441,0.936878376,65.00703184,TRUE,FALSE,NORMAL
28,23,7,48.19929201,477.4160559,2.77049821,100,13.76727082,8.181334275,28.40949333,0.715905067,47.43286058,TRUE,FALSE,NORMAL
28,23,8,151.561687,812.7297776,4.088166655,100,0.620399914,0.347744263,4.421602779,0.955783972,66.51715256,TRUE,FALSE,NORMAL
28,23,9,272.867426,566.4218289,4.778239817,100,5.822869152,3.935558431,7.768545765,0.922314542,63.84436855,TRUE,FALSE,NORMAL
28,23,10,986.0695921,231.2890408,1.121617474,100,3.548001922,4.000223182,0,0,0,TRUE,FALSE,NORMAL
28,24,1,731.7847313,698.7623786,5.237067198,100,19.79174772,5.471127474,9.93077938,0.900692206,62.11783818,TRUE,FALSE,NORMAL
28,24,2,79.91645415,446.2694934,9.36120287,100,3.47325936,5.077065905,31.41840754,0.685815925,45.05981741,TRUE,FALSE,NORMAL
28,24,3,63.60795408,374.8827725,4.642679434,100,33.93309916,3.19789363,19.8593786,0.801406214,54.22560116,TRUE,FALSE,NORMAL
28,24,4,143.1834885,115.4704033,6.754056582,100,11.48653823,11.35744223,4.959752716,0.950402473,66.08727542,TRUE,FALSE,NORMAL
28,24,5,886.2384667,851.1134986,1.323406959,100,3.264287776,3.608710602,14.07126352,0.859287365,58.81181266,TRUE,FALSE,NORMAL
28,24,6,729.908328,432.3887611,4.318949381,100,4.480267519,9.106676399,5.790295239,0.942097048,65.42386369,TRUE,FALSE,NORMAL
28,24,7,45.43037171,477.5095477,2.77049821,100,9.15739392,10.57989876,28.73382146,0.712661785,47.18619242,TRUE,FALSE,NORMAL
28,24,8,150.7502752,816.7366115,4.088166655,100,0,2.812308747,4.521316966,0.95478683,66.43749919,TRUE,FALSE,NORMAL
28,24,9,269.572285,569.8821211,4.778239817,100,6.941489861,4.607996976,7.428758662,0.925712413,64.11570307,TRUE,FALSE,NORMAL
28,24,10,986.1119419,230.1682231,1.121617474,100,7.102150851,5.835865078,0,0,0,TRUE,FALSE,NORMAL
28,25,1,727.2509485,701.3837688,5.237067198,100,22.83486895,7.174457849,9.677048335,0.903229517,62.32042523,TRUE,FALSE,NORMAL
28,25,2,70.74911488,444.3742336,9.36120287,100,0.557139261,4.290660234,31.21227677,0.687877232,45.23645497,TRUE,FALSE,NORMAL
28,25,3,60.63159251,371.3196638,4.642679434,100,32.20598132,0.460725965,19.39369954,0.806063005,54.59692006,TRUE,FALSE,NORMAL
28,25,4,141.7044512,108.8802797,6.754056582,100,14.24088876,13.65162597,4.401937348,0.955980627,66.5328617,TRUE,FALSE,NORMAL
28,25,5,887.2228167,850.2289303,1.323406959,100,0.032779828,5.66910873,13.80973047,0.861902695,59.02055017,TRUE,FALSE,NORMAL
28,25,6,734.0479534,433.6203557,4.318949381,100,4.235015522,9.549641762,5.544366198,0.944556338,65.6203003,TRUE,FALSE,NORMAL
28,25,7,43.57418527,475.4527948,2.77049821,100,4.9442803,12.02991621,28.87773328,0.711222667,47.08336523,TRUE,FALSE,NORMAL
28,25,8,154.5086554,815.1279832,4.088166655,100,2.49044491,0,5.832985745,0.941670143,65.38976486,TRUE,FALSE,NORMAL
28,25,9,267.3232535,574.097976,4.778239817,100,7.158825261,5.406285467,7.038305973,0.92961694,64.42742808,TRUE,FALSE,NORMAL
28,25,10,985.2947198,230.9364508,1.121617474,100,6.083009334,7.688444814,0,0,0,TRUE,FALSE,NORMAL
28,26,1,732.4834121,701.164228,5.237067198,100,19.33156269,9.26958446,9.84991445,0.901500855,62.1825325,TRUE,FALSE,NORMAL
28,26,2,62.1384255,448.046855,9.36120287,100,0,2.008064265,31.25967036,0.687403296,45.22935642,TRUE,FALSE,NORMAL
28,26,3,56.4812873,373.4003941,4.642679434,100,30.32045548,3.151806466,18.90508974,0.810949103,54.98800412,TRUE,FALSE,NORMAL
28,26,4,141.3900979,102.1335425,6.754056582,100,13.26062242,10.91903392,2.801123928,0.971988761,67.81168723,TRUE,FALSE,NORMAL
28,26,5,888.2899345,849.4462008,1.323406959,100,0,8.204571503,14.38324366,0.856167563,58.56282096,TRUE,FALSE,NORMAL
28,26,6,738.0559281,432.011175,4.318949381,100,4.707237279,9.812971442,5.316585237,0.946834148,65.80224404,TRUE,FALSE,NORMAL
28,26,7,42.04181258,473.1446583,2.77049821,100,0.799988535,11.99715295,29.44857427,0.705514257,46.66098911,TRUE,FALSE,NORMAL
28,26,8,156.226693,818.8376264,4.088166655,100,1.611111634,0,5.963472334,0.940365277,65.28553996,TRUE,FALSE,NORMAL
28,26,9,268.9075478,578.6059231,4.778239817,100,5.533336469,3.382117767,6.214002161,0.937859978,65.08573356,TRUE,FALSE,NORMAL
28,26,10,984.3596319,231.5558347,1.121617474,100,9.990082431,6.102059943,0,0,0,TRUE,FALSE,NORMAL
28,27,1,734.4686585,706.0104295,5.237067198,100,18.95481872,10.17138781,9.992010459,0.900079895,62.06926357,TRUE,FALSE,NORMAL
28,27,2,68.61905473,441.291593,9.36120287,100,0.543395441,1.30786725,31.1936383,0.688063617,45.25176364,TRUE,FALSE,NORMAL
28,27,3,52.2030694,375.2035369,4.642679434,100,28.86470415,2.939275969,19.10875231,0.808912477,54.83056956,TRUE,FALSE,NORMAL
28,27,4,136.8258407,97.15510539,6.754056582,100,9.079509841,7.99741314,1.731348114,0.982686519,68.66635468,TRUE,FALSE,NORMAL
28,27,5,888.3404815,850.7686421,1.323406959,100,0,7.219991256,15.025286,0.84974714,58.0504387,TRUE,FALSE,NORMAL
28,27,6,741.3956254,434.7497415,4.318949381,100,3.538525474,7.804501609,4.958734915,0.950412651,66.08808844,TRUE,FALSE,NORMAL
28,27,7,39.2942751,472.7887114,2.77049821,100,1.677759088,11.48514595,28.8400122,0.711599878,47.11170631,TRUE,FALSE,NORMAL
28,27,8,158.6338119,822.1420001,4.088166655,100,3.32894723,0,4.936326189,0.950636738,66.10598835,TRUE,FALSE,NORMAL
28,27,9,268.4289338,573.851714,4.778239817,100,4.06407373,1.785697346,6.218158198,0.937818418,65.08245257,TRUE,FALSE,NORMAL
28,27,10,984.0471545,230.4786236,1.121617474,100,7.93069313,6.463399887,0,0,0,TRUE,FALSE,NORMAL
28,28,1,730.9385896,702.1419044,5.237067198,100,15.34226846,10.84721666,9.648110019,0.9035189,62.343577,TRUE,FALSE,NORMAL
28,28,2,75.26379437,447.8854958,9.36120287,100,5.015127156,2.812683843,31.07350914,0.689264909,45.33357952,TRUE,FALSE,NORMAL
28,28,3,56.58292889,373.6636333,4.642679434,100,24.1567767,5.158852058,18.8624365,0.811375635,55.02029938,TRUE,FALSE,NORMAL
28,28,4,130.1874095,98.39949734,6.754056582,100,4.406945349,10.52635336,2.68569535,0.973143047,67.90390319,TRUE,FALSE,NORMAL
28,28,5,889.3104069,851.6690035,1.323406959,100,3.170825915,9.912530878,13.92730801,0.86072692,58.92670709,TRUE,FALSE,NORMAL
28,28,6,737.3203368,433.3195853,4.318949381,100,1.354622486,8.525130343,5.368912025,0.94631088,65.76044692,TRUE,FALSE,NORMAL
28,28,7,38.28714185,475.3696692,2.77049821,100,0,10.31971966,28.4726118,0.715273882,47.39608862,TRUE,FALSE,NORMAL
28,28,8,154.7533029,823.4283733,4.088166655,100,2.922700272,0.500249643,5.218338895,0.947816611,65.88072077,TRUE,FALSE,NORMAL
28,28,9,265.006993,577.1866648,4.778239817,100,1.413179878,3.072192765,6.891010882,0.931089891,64.54515728,TRUE,FALSE,NORMAL
28,28,10,984.2583263,229.3770647,1.121617474,100,12.09240502,6.68979626,0,0,0,TRUE,FALSE,NORMAL
28,29,1,728.9082394,706.9693831,5.237067198,100,18.75589689,10.5454556,9.751000654,0.902489993,62.26153592,TRUE,FALSE,NORMAL
28,29,2,82.44306571,441.8779854,9.36120287,100,9.80947861,3.679672188,31.02176799,0.68978232,45.36909153,TRUE,FALSE,NORMAL
28,29,3,59.59078174,377.2001985,4.642679434,100,21.23922498,6.210177773,19.60874944,0.803912506,54.43083595,TRUE,FALSE,NORMAL
28,29,4,131.2256837,105.0732719,6.754056582,100,6.458158124,8.490964944,3.277451144,0.967225489,67.43115568,TRUE,FALSE,NORMAL
28,29,5,889.3925932,850.348151,1.323406959,100,6.677045678,8.335902694,14.36395418,0.856360458,58.57821562,TRUE,FALSE,NORMAL
28,29,6,739.7234068,436.9082589,4.318949381,100,0,6.49563237,5.138047126,0.948619529,65.94485621,TRUE,FALSE,NORMAL
28,29,7,40.27936288,473.4443859,2.77049821,100,1.888589578,10.23230914,28.15677949,0.718432205,47.63791074,TRUE,FALSE,NORMAL
28,29,8,158.7865763,824.0960646,4.088166655,100,4.039001764,3.355808829,5.199580208,0.948004198,65.8957048,TRUE,FALSE,NORMAL
28,29,9,269.7098133,578.032275,4.778239817,100,6.02217638,1.190166395,6.681858887,0.933181411,64.71215305,TRUE,FALSE,NORMAL
28,29,10,985.2811714,229.837297,1.121617474,100,11.35307753,5.618053167,0,0,0,TRUE,FALSE,NORMAL
28,30,1,724.7841976,703.741512,5.237067198,100,20.74727943,7.981554798,9.834161025,0.90165839,62.19479169,TRUE,FALSE,NORMAL
28,30,2,91.72724607,443.0763652,9.36120287,100,14.69660504,6.677984047,30.81413321,0.691858668,45.52565809,TRUE,FALSE,NORMAL
28,30,3,64.22640987,376.944417,4.642679434,100,19.03891881,3.698365428,19.5277671,0.804722329,54.49357289,TRUE,FALSE,CHANNEL_CONGESTION
28,30,4,124.6679567,103.4566406,6.754056582,100,1.902011506,7.91240801,3.496709176,0.965032908,67.25599691,TRUE,FALSE,CHANNEL_CONGESTION
28,30,5,889.6392872,851.6483617,1.323406959,100,11.60284543,10.56724145,13.31131271,0.866886873,59.41837145,TRUE,FALSE,NORMAL
28,30,6,738.7622874,441.1189089,4.318949381,100,4.305399733,3.640183834,6.357009337,0.936429907,64.97121193,TRUE,FALSE,NORMAL
28,30,7,42.8153985,472.3289561,2.77049821,100,4.821330716,11.9678623,27.77092238,0.722290776,47.93965952,TRUE,FALSE,NORMAL
28,30,8,161.24373,820.8287259,4.088166655,100,6.299357228,3.997932606,5.578045596,0.944219544,65.59339858,TRUE,FALSE,NORMAL
28,30,9,274.4797281,578.3142119,4.778239817,100,5.148147578,0,6.82275458,0.931772454,64.59967643,TRUE,FALSE,NORMAL
28,30,10,984.1632315,229.9280502,1.121617474,100,8.64588934,6.211708536,0,0,0,TRUE,FALSE,NORMAL
28,31,1,727.8800409,707.9655654,5.237067198,100,23.3948044,7.753561555,9.541415469,0.904585845,62.42881711,TRUE,FALSE,NORMAL
28,31,2,83.13145048,446.7837116,9.36120287,100,15.56495173,3.976352068,30.54028836,0.694597116,45.75354503,TRUE,FALSE,NORMAL
28,31,3,61.25913539,373.3737372,4.642679434,100,15.76173574,0.765321937,18.77273273,0.812272673,55.09197708,TRUE,FALSE,CHANNEL_CONGESTION
28,31,4,118.9012072,99.94069404,6.754056582,100,4.128317437,6.069892538,3.604501738,0.963954983,67.16988547,TRUE,FALSE,CHANNEL_CONGESTION
28,31,5,890.9238487,851.9666502,1.323406959,100,9.239876543,11.34331261,13.97368789,0.860263121,58.88968994,TRUE,FALSE,NORMAL
28,31,6,741.6005419,437.8635079,4.318949381,100,2.589065324,3.715988212,5.109143048,0.94890857,65.96794429,TRUE,FALSE,NORMAL
28,31,7,43.26210287,475.0632047,2.77049821,100,5.09916718,9.443329426,27.80335026,0.721966497,47.9248588,TRUE,FALSE,NORMAL
28,31,8,163.9067797,817.7269082,4.088166655,100,1.971134424,2.341245003,5.843350664,0.941566493,65.38148594,TRUE,FALSE,NORMAL
28,31,9,279.2450441,577.9630144,4.778239817,100,4.301569875,2.613667785,6.089482304,0.939105177,65.18529431,TRUE,FALSE,NORMAL
28,31,10,983.6514573,228.9299956,1.121617474,100,11.80170481,7.665741339,0,0,0,TRUE,FALSE,NORMAL
28,32,1,731.6679092,711.5820453,5.237067198,100,24.0744218,9.493018769,9.49571845,0.905042815,62.46572841,TRUE,FALSE,NORMAL
28,32,2,74.4043055,443.3971116,9.36120287,100,12.79270631,6.379681332,31.19331394,0.688066861,45.2553592,TRUE,FALSE,NORMAL
28,32,3,65.20833789,375.8146943,4.642679434,100,12.98885496,0.91231322,19.85571167,0.801442883,54.23353678,TRUE,FALSE,CHANNEL_CONGESTION
28,32,4,115.9332229,106.0076825,6.754056582,100,5.1455456,5.346224883,4.425823396,0.955741766,66.51378105,TRUE,FALSE,CHANNEL_CONGESTION
28,32,5,890.1194695,850.9157554,1.323406959,100,5.169504462,10.55021678,15.06926996,0.8493073,58.01533892,TRUE,FALSE,NORMAL
28,32,6,744.0624083,434.3149114,4.318949381,100,0,1.115151023,3.922166936,0.960778331,66.9161179,TRUE,FALSE,NORMAL
28,32,7,44.8173711,472.7704332,2.77049821,100,0.675110762,8.398211453,28.76421177,0.712357882,47.17542125,TRUE,FALSE,NORMAL
28,32,8,163.2710611,813.6884718,4.088166655,100,0,4.312347804,6.782124615,0.932178754,64.63167163,TRUE,FALSE,NORMAL
28,32,9,274.4710854,578.1652367,4.778239817,100,7.345421336,2.613078206,6.630734779,0.933692652,64.75285699,TRUE,FALSE,NORMAL
28,32,10,983.5752063,230.0490182,1.121617474,100,14.17471781,7.595591239,0,0,0,TRUE,FALSE,NORMAL
28,33,1,729.1355862,716.1661715,5.237067198,100,20.75530863,10.98115507,9.455403506,0.905445965,62.49808034,TRUE,FALSE,NORMAL
28,33,2,82.96716843,439.6143219,9.36120287,100,8.165849331,7.203157786,30.70747422,0.692925258,45.62381341,TRUE,FALSE,NORMAL
28,33,3,60.91151501,377.5730417,4.642679434,100,10.78568665,0,19.48112417,0.805188758,54.53558041,TRUE,FALSE,CHANNEL_CONGESTION
28,33,4,112.962059,99.94225053,6.754056582,100,3.132264114,4.01792282,3.098403246,0.969015968,67.57419345,TRUE,FALSE,CHANNEL_CONGESTION
28,33,5,888.7988585,851.0017364,1.323406959,100,8.17457402,10.73340641,15.40797752,0.845920225,57.74505307,TRUE,FALSE,NORMAL
28,33,6,740.2456341,436.3361878,4.318949381,100,0,0,3.502829492,0.964971705,67.25110761,TRUE,FALSE,NORMAL
28,33,7,42.18674743,471.90125,2.77049821,100,0.209794442,5.946842815,27.9049311,0.720950689,47.84102543,TRUE,FALSE,NORMAL
28,33,8,165.4443468,810.2258231,4.088166655,100,0,3.690821958,7.893233351,0.921067666,63.74427888,TRUE,FALSE,NORMAL
28,33,9,276.9840711,582.2292838,4.778239817,100,10.1778705,4.170690623,6.371957954,0.93628042,64.95961678,TRUE,FALSE,NORMAL
28,33,10,983.3360634,228.9531914,1.121617474,100,12.48187722,9.689187219,0,0,0,TRUE,FALSE,NORMAL
28,34,1,730.0167978,711.0037749,5.237067198,100,21.53894985,13.11208651,9.990586972,0.90009413,62.07040439,TRUE,FALSE,NORMAL
28,34,2,78.42453558,431.4291765,9.36120287,100,4.980647537,6.693516837,30.63450493,0.693654951,45.69171093,TRUE,FALSE,NORMAL
28,34,3,65.52016211,377.0119319,4.642679434,100,12.48852881,0,20.30607015,0.796939299,53.88596498,TRUE,FALSE,CHANNEL_CONGESTION
28,34,4,108.2100671,104.7418185,6.754056582,100,5.544133625,4.998844988,4.248015158,0.957519848,66.65581849,TRUE,FALSE,CHANNEL_CONGESTION
28,34,5,887.6202236,851.6035882,1.323406959,100,12.05526946,10.8802158,15.03494862,0.849650514,58.04272778,TRUE,FALSE,NORMAL
28,34,6,742.7183196,439.8772541,4.318949381,100,0,0,4.94622532,0.950537747,66.098081,TRUE,FALSE,NORMAL
28,34,7,40.77257292,469.5188624,2.77049821,100,3.129618133,3.900515128,27.56127863,0.724387214,48.11314236,TRUE,FALSE,NORMAL
28,34,8,168.4991903,812.9426296,4.088166655,100,3.425916013,3.925254746,7.028451247,0.929715488,64.43493504,TRUE,FALSE,NORMAL
28,34,9,281.0279869,579.6840292,4.778239817,100,9.530762994,6.889857551,5.595980858,0.944040191,65.57928481,TRUE,FALSE,NORMAL
28,34,10,982.6694744,229.8552362,1.121617474,100,9.014689507,11.41400263,0,0,0,TRUE,FALSE,NORMAL
28,35,1,732.6569325,715.526668,5.237067198,100,24.64701312,13.1017781,10.14645275,0.898535473,61.94634854,TRUE,FALSE,NORMAL
28,35,2,70.3380818,426.7130992,9.36120287,100,9.104722079,5.837229683,30.42711026,0.695728897,45.85980508,TRUE,FALSE,NORMAL
28,35,3,63.67874347,372.7500485,4.642679434,100,15.76037948,1.304074334,20.11782896,0.79882171,54.03672213,TRUE,FALSE,CHANNEL_CONGESTION
28,35,4,104.471838,99.1166142,6.754056582,100,0.785268427,5.630694612,4.070506544,0.959294935,66.79761817,TRUE,FALSE,CHANNEL_CONGESTION
28,35,5,886.4932445,850.909813,1.323406959,100,13.35193176,10.05273151,16.08866015,0.839113398,57.20191397,TRUE,FALSE,NORMAL
28,35,6,738.4019367,439.7283815,4.318949381,100,4.383241299,0,4.204245344,0.957957547,66.6907831,TRUE,FALSE,NORMAL
28,35,7,38.00981438,469.311919,2.77049821,100,6.439677862,1.613722051,27.42411045,0.725758896,48.22100889,TRUE,FALSE,NORMAL
28,35,8,172.5417118,812.3334275,4.088166655,100,4.452611472,2.292432392,7.752154027,0.92247846,63.85694834,TRUE,FALSE,NORMAL
28,35,9,276.2501596,579.7468164,4.778239817,100,12.0358197,5.751702229,5.582248842,0.944177512,65.59025185,TRUE,FALSE,NORMAL
28,35,10,983.5143754,230.5929136,1.121617474,100,7.776095645,12.5434544,0,0,0,TRUE,FALSE,NORMAL
28,36,1,736.0376952,711.5270034,5.237067198,100,20.37253686,13.66127723,10.37729441,0.896227056,61.76203703,TRUE,FALSE,NORMAL
28,36,2,72.06783112,435.9131039,9.36120287,100,7.385632878,3.471965234,30.78538623,0.692146138,45.57425686,TRUE,FALSE,NORMAL
28,36,3,65.30175364,377.0997968,4.642679434,100,15.06842202,1.306101082,20.2964609,0.797035391,53.89001248,TRUE,FALSE,CHANNEL_CONGESTION
28,36,4,106.0224527,105.6902642,6.754056582,100,2.850786515,7.032152431,4.440309535,0.955596905,66.50220925,TRUE,FALSE,CHANNEL_CONGESTION
28,36,5,885.647678,849.8917642,1.323406959,100,11.35324599,7.952184575,16.28014515,0.837198548,57.04913176,TRUE,FALSE,NORMAL
28,36,6,742.0061455,437.348675,4.318949381,100,0,1.575150422,4.474443667,0.955255563,66.47494231,TRUE,FALSE,NORMAL
28,36,7,35.31767471,468.657668,2.77049821,100,3.796171533,4.360206017,27.79660225,0.722033978,47.93248945,TRUE,FALSE,NORMAL
28,36,8,175.1992984,815.4399271,4.088166655,100,8.962416327,1.182327178,8.228112722,0.917718873,63.47684105,TRUE,FALSE,NORMAL
28,36,9,273.3304614,583.5292678,4.778239817,100,16.40240874,7.097243541,6.073806089,0.939261939,65.19764036,TRUE,FALSE,NORMAL
28,36,10,982.4072233,230.7724684,1.121617474,100,3.217740391,14.3357522,0,0,0,TRUE,FALSE,NORMAL
28,37,1,740.9903679,709.8246797,5.237067198,100,23.70286301,10.91272695,10.36218099,0.89637819,61.77419984,TRUE,FALSE,NORMAL
28,37,2,70.7348927,445.1789225,9.36120287,100,7.951742066,3.77826663,30.9484617,0.690515383,45.45647982,TRUE,FALSE,NORMAL
28,37,3,68.82425322,380.1241098,4.642679434,100,18.99406918,1.728239486,20.0270063,0.799729937,54.10161146,TRUE,FALSE,CHANNEL_CONGESTION
28,37,4,112.6201905,104.2455716,6.754056582,100,7.098901835,8.208273435,3.622821257,0.963771787,67.15525074,TRUE,FALSE,CHANNEL_CONGESTION
28,37,5,886.6826114,850.7165787,1.323406959,100,7.653525985,7.114639555,16.46648755,0.835335124,56.90045705,TRUE,FALSE,NORMAL
28,37,6,738.9522831,434.2946206,4.318949381,100,0,2.54623763,4.257874432,0.957421256,66.64794263,TRUE,FALSE,NORMAL
28,37,7,35.60900902,465.9025302,2.77049821,100,7.417746599,1.798627526,28.26430064,0.717356994,47.58044719,TRUE,FALSE,NORMAL
28,37,8,175.8291001,811.4005637,4.088166655,100,9.348781759,3.352481694,8.851263846,0.911487362,62.97920648,TRUE,FALSE,NORMAL
28,37,9,277.7969867,585.226833,4.778239817,100,12.37748387,7.914245019,5.985785081,0.940142149,65.26796967,TRUE,FALSE,NORMAL
28,37,10,981.8876937,229.7784287,1.121617474,100,0.166586677,15.10107265,0,0,0,TRUE,FALSE,NORMAL
28,38,1,738.5792163,705.1756776,5.237067198,100,24.46391559,11.56440183,10.23066713,0.897693329,61.87892313,TRUE,FALSE,NORMAL
28,38,2,61.37385387,445.1235044,9.36120287,100,8.709460408,4.410453105,30.70422299,0.69295777,45.66580869,TRUE,FALSE,NORMAL
28,38,3,64.34530415,378.9020265,4.642679434,100,22.80457452,0.415097998,19.53819174,0.804618083,54.49048704,TRUE,FALSE,CHANNEL_CONGESTION
28,38,4,107.091317,100.3662884,6.754056582,100,5.478447161,8.020648163,3.210689123,0.967893109,67.48449034,TRUE,FALSE,CHANNEL_CONGESTION
28,38,5,886.9680002,849.4243096,1.323406959,100,9.980404001,6.109078353,15.7493448,0.842506552,57.47265806,TRUE,FALSE,NORMAL
28,38,6,735.0836753,432.3744129,4.318949381,100,0,5.482735888,4.711989465,0.952880105,66.28518821,TRUE,FALSE,NORMAL
28,38,7,33.31469624,467.4555238,2.77049821,100,2.874781017,2.882049277,28.37873423,0.716212658,47.5037028,TRUE,FALSE,NORMAL
28,38,8,179.7388557,810.2060272,4.088166655,100,9.149363663,1.640352316,10.0983494,0.899016506,61.98339338,TRUE,FALSE,NORMAL
28,38,9,276.1646698,589.7176144,4.778239817,100,13.18225843,5.053182415,5.590814681,0.944091853,65.58354178,TRUE,FALSE,NORMAL
28,38,10,982.021964,230.8919804,1.121617474,100,0,16.56719119,0,0,0,TRUE,FALSE,NORMAL
28,39,1,740.7605719,709.9368287,5.237067198,100,19.98637099,11.21397222,10.36152441,0.896384756,61.77485882,TRUE,FALSE,NORMAL
28,39,2,52.88406694,449.0675679,9.36120287,100,9.766329983,6.666805467,30.92911242,0.690708876,45.54210427,TRUE,FALSE,NORMAL
28,39,3,68.73847905,377.4005318,4.642679434,100,21.55561635,0,19.41974234,0.805802577,54.57992575,TRUE,FALSE,CHANNEL_CONGESTION
28,39,4,100.3489397,100.7633141,6.754056582,100,10.18377851,9.164177959,3.77270191,0.962272981,67.03551776,TRUE,FALSE,CHANNEL_CONGESTION
28,39,5,886.8516367,848.1060284,1.323406959,100,8.106578676,3.770539818,16.7340264,0.832659736,56.68700676,TRUE,FALSE,NORMAL
28,39,6,730.8061584,432.9712149,4.318949381,100,1.572801824,8.415868943,3.989022425,0.960109776,66.86271087,TRUE,FALSE,NORMAL
28,39,7,35.4963266,465.7478502,2.77049821,100,0,1.537535854,29.35465831,0.706453417,46.78642635,TRUE,FALSE,NORMAL
28,39,8,175.9110877,808.7703049,4.088166655,100,10.98085149,0.788616766,10.807333,0.89192667,61.41731288,TRUE,FALSE,NORMAL
28,39,9,272.8105804,593.1207982,4.778239817,100,12.40394536,2.716880054,5.7876701,0.942123299,65.42632593,TRUE,FALSE,NORMAL
28,39,10,982.115347,232.0097037,1.121617474,100,0,16.83694191,0,0,0,TRUE,FALSE,NORMAL
28,40,1,745.2437518,712.6438512,5.237067198,100,22.51746743,9.5549062,10.45234468,0.895476553,61.70280992,TRUE,FALSE,NORMAL
28,40,2,50.44391004,458.1051425,9.36120287,100,6.663270629,8.136633634,31.25189134,0.687481087,45.37196487,TRUE,FALSE,NORMAL
28,40,3,70.57378663,381.6650503,4.642679434,100,20.71941461,2.461307207,18.82270889,0.811772911,55.05444821,TRUE,FALSE,CHANNEL_CONGESTION
28,40,4,103.6671713,94.88057493,6.754056582,100,9.896081168,8.425646554,2.05800638,0.979419936,68.40537482,TRUE,FALSE,CHANNEL_CONGESTION
28,40,5,887.5161488,846.9615505,1.323406959,100,7.448888179,4.090267954,17.644313,0.82355687,55.96082353,TRUE,FALSE,NORMAL
28,40,6,734.8043185,431.3378014,4.318949381,100,1.136355017,7.860256166,3.260376358,0.967396236,67.44479632,TRUE,FALSE,NORMAL
28,40,7,37.48415907,467.6776642,2.77049821,100,0,2.529508344,30.13476977,0.698652302,46.25642505,TRUE,FALSE,NORMAL
28,40,8,179.8477331,809.8729968,4.088166655,100,10.03087472,0,11.23717619,0.887628238,61.07412843,TRUE,FALSE,NORMAL
28,40,9,275.9839586,596.6930868,4.778239817,100,10.9269071,1.591252476,5.725490531,0.942745095,65.47603459,TRUE,FALSE,NORMAL
28,40,10,981.0004561,232.1323581,1.121617474,100,4.475648665,15.76060118,0,0,0,TRUE,FALSE,NORMAL
28,41,1,740.9424414,709.6562768,5.237067198,100,18.9601748,11.65685107,10.58058978,0.894194102,61.59991269,TRUE,FALSE,NORMAL
28,41,2,46.8667071,466.7559077,9.36120287,100,8.244200372,9.133344893,31.46960491,0.685303951,45.29760665,TRUE,FALSE,NORMAL
28,41,3,73.1743509,385.5110271,4.642679434,100,19.0053685,0.270317256,18.63066958,0.813693304,55.20600864,TRUE,FALSE,CHANNEL_CONGESTION
28,41,4,96.91604527,94.68163312,6.754056582,100,6.560687116,6.650088617,1.537957728,0.984620423,68.82086388,TRUE,FALSE,CHANNEL_CONGESTION
28,41,5,888.1345651,845.7915217,1.323406959,100,7.507350373,4.839351993,16.83227778,0.831677222,56.60862123,TRUE,FALSE,NORMAL
28,41,6,732.0762513,434.6860806,4.318949381,100,2.949973781,10.1545454,4.328901782,0.956710982,66.59120414,TRUE,FALSE,NORMAL
28,41,7,35.28525401,465.9922928,2.77049821,100,0,0.060572198,30.68358967,0.693164103,45.9234227,TRUE,FALSE,NORMAL
28,41,8,176.4974373,807.5302153,4.088166655,100,12.5318169,0,12.13486368,0.878651363,60.3574691,TRUE,FALSE,NORMAL
28,41,9,275.0541694,601.3799907,4.778239817,100,13.47834321,4.247711487,5.840979384,0.941590206,65.38387212,TRUE,FALSE,NORMAL
28,41,10,980.4039826,231.1824923,1.121617474,100,2.640027916,15.15999837,0,0,0,TRUE,FALSE,NORMAL
28,42,1,736.7043434,706.5796879,5.237067198,100,23.07668254,12.31450845,10.75951954,0.892404805,61.4566723,TRUE,FALSE,NORMAL
28,42,2,56.21789287,466.3229598,9.36120287,100,9.789641263,8.865635352,30.74965018,0.692503498,45.68426504,TRUE,FALSE,NORMAL
28,42,3,68.55058978,385.0923322,4.642679434,100,20.72239016,1.210264563,18.89456956,0.811054304,54.99646902,TRUE,FALSE,CHANNEL_CONGESTION
28,42,4,97.6512229,101.3955585,6.754056582,100,7.106619066,3.950757672,2.643813705,0.973561863,67.93736261,TRUE,FALSE,CHANNEL_CONGESTION
28,42,5,887.1996511,844.8548565,1.323406959,100,6.668458095,7.259604688,16.18107238,0.838189276,57.12817947,TRUE,FALSE,NORMAL
28,42,6,728.8975597,437.6099896,4.318949381,100,0.100867569,12.99637238,5.337966702,0.946620333,65.78516513,TRUE,FALSE,NORMAL
28,42,7,32.79050545,467.1972368,2.77049821,100,0,0,29.20670355,0.707932965,46.91232912,TRUE,FALSE,NORMAL
28,42,8,177.3924504,811.5192075,4.088166655,100,14.10187803,0.350933012,10.82252418,0.891774758,61.40518408,TRUE,FALSE,NORMAL
28,42,9,278.163144,597.7515127,4.778239817,100,16.80169374,3.888655864,5.570359523,0.944296405,65.5999557,TRUE,FALSE,NORMAL
28,42,10,980.8841819,230.1688679,1.121617474,100,0,13.47635111,0,0,0,TRUE,FALSE,NORMAL
28,43,1,737.3089336,701.3776361,5.237067198,100,19.10816318,9.648418211,11.24929619,0.887507038,61.06524709,TRUE,FALSE,NORMAL
28,43,2,59.39426207,475.1287987,9.36120287,100,12.75533964,11.65091912,30.70049291,0.692995071,45.69405495,TRUE,FALSE,NORMAL
28,43,3,64.52643226,387.4076354,4.642679434,100,21.78656756,0.764109843,18.72241771,0.812775823,55.13422037,TRUE,FALSE,CHANNEL_CONGESTION
28,43,4,104.0742319,99.30696204,6.754056582,100,7.69969257,4.704784029,1.70428487,0.982957151,68.68797676,TRUE,FALSE,CHANNEL_CONGESTION
28,43,5,888.2492275,844.0487576,1.323406959,100,11.15342246,8.152921431,15.62342423,0.843765758,57.57313517,TRUE,FALSE,NORMAL
28,43,6,727.4166306,441.6671034,4.318949381,100,1.414893176,10.14507269,6.875168152,0.931248318,64.55735902,TRUE,FALSE,NORMAL
28,43,7,34.32733857,464.8920677,2.77049821,100,3.351903133,0,29.47472163,0.705252784,46.67586187,TRUE,FALSE,NORMAL
28,43,8,174.4881007,808.6420806,4.088166655,100,10.65275003,0,11.62116557,0.883788344,60.7675662,TRUE,FALSE,NORMAL
28,43,9,273.6777684,599.3986257,4.778239817,100,21.41875278,2.06355113,6.373370397,0.936266296,64.95866524,TRUE,FALSE,NORMAL
28,43,10,982.0017843,230.0740491,1.121617474,100,0,16.00799858,0,0,0,TRUE,FALSE,NORMAL
28,44,1,736.0219408,706.4541036,5.237067198,100,19.90004203,7.632706212,11.13691066,0.888630893,61.15512776,TRUE,FALSE,NORMAL
28,44,2,58.00575304,484.3864529,9.36120287,100,11.1498598,13.47358187,30.07299099,0.69927009,46.17079205,TRUE,FALSE,NORMAL
28,44,3,60.19644821,385.7326099,4.642679434,100,23.36700858,2.16726338,18.26269667,0.817373033,55.49860297,TRUE,FALSE,CHANNEL_CONGESTION
28,44,4,110.8085564,98.79106048,6.754056582,100,12.09664494,6.716882197,1.609188399,0.983908116,68.76395397,TRUE,FALSE,CHANNEL_CONGESTION
28,44,5,889.5095956,843.6451758,1.323406959,100,13.09573514,6.375596303,15.93109349,0.840689065,57.32763673,TRUE,FALSE,NORMAL
28,44,6,723.5893338,443.6683837,4.318949381,100,0,9.385138814,6.342727828,0.936572722,64.98261878,TRUE,FALSE,NORMAL
28,44,7,36.28116086,462.9278277,2.77049821,100,0,0,29.46940437,0.705305956,46.66242351,TRUE,FALSE,NORMAL
28,44,8,173.3725829,812.5751108,4.088166655,100,8.793311998,0,10.16254844,0.898374516,61.93213274,TRUE,FALSE,NORMAL
28,44,9,274.7523452,594.7427842,4.778239817,100,25.46156332,2.591934646,6.211102572,0.937888974,65.08820579,TRUE,FALSE,NORMAL
28,44,10,980.918024,230.3629941,1.121617474,100,4.470779379,15.8948677,0,0,0,TRUE,FALSE,NORMAL
28,45,1,740.3394945,709.4181554,5.237067198,100,21.1440316,9.956722617,11.5607863,0.884392137,60.81685627,TRUE,FALSE,NORMAL
28,45,2,67.02755091,481.8885974,9.36120287,100,15.31906112,14.7731053,30.54115326,0.694588467,45.77571628,TRUE,FALSE,NORMAL
28,45,3,63.86915029,388.5726331,4.642679434,100,19.24920717,1.402550564,18.37321409,0.816267859,55.41156882,TRUE,FALSE,CHANNEL_CONGESTION
28,45,4,114.6401663,93.22904233,6.754056582,100,14.49741339,9.545223646,0.220340035,0.9977966,69.87361561,TRUE,FALSE,CHANNEL_CONGESTION
28,45,5,890.0002863,844.8742521,1.323406959,100,9.945857509,4.034536663,16.60345514,0.833965449,56.79117919,TRUE,FALSE,NORMAL
28,45,6,723.0701068,447.9560086,4.318949381,100,0,8.921966966,6.518117466,0.934818825,64.84253334,TRUE,FALSE,NORMAL
28,45,7,34.8269003,465.2859597,2.77049821,100,0,0,29.17435417,0.708256458,46.87353468,TRUE,FALSE,NORMAL
28,45,8,176.992604,814.47473,4.088166655,100,7.367311251,0.515001329,10.66199315,0.893380069,61.53335478,TRUE,FALSE,NORMAL
28,45,9,270.2251061,596.271078,4.778239817,100,21.21001447,2.528737603,7.168127522,0.928318725,64.32388224,TRUE,FALSE,NORMAL
28,45,10,981.9757593,230.7361185,1.121617474,100,7.455706118,15.33115544,0,0,0,TRUE,FALSE,NORMAL
28,46,1,741.802959,704.3897218,5.237067198,100,25.31749351,12.53710566,11.6567564,0.883432436,60.74009576,TRUE,FALSE,NORMAL
28,46,2,58.31022694,478.476797,9.36120287,100,10.74282806,16.45105119,30.81412073,0.691858793,45.61855728,TRUE,FALSE,NORMAL
28,46,3,63.1712053,383.9827153,4.642679434,100,16.34152351,2.659702086,23.85544943,0.761445506,51.04239026,TRUE,FALSE,CHANNEL_CONGESTION
28,46,4,118.0572901,87.40319088,6.754056582,100,15.03834416,12.30433105,0,0,0,TRUE,FALSE,CHANNEL_CONGESTION
28,46,5,890.1480923,843.559125,1.323406959,100,13.68655301,1.525518792,16.34344594,0.836565541,56.99862626,TRUE,FALSE,NORMAL
28,46,6,726.624368,445.5023275,4.318949381,100,1.320092609,10.35647567,6.970066851,0.930299331,64.48156526,TRUE,FALSE,NORMAL
28,46,7,37.571144,465.6664684,2.77049821,100,0,0,29.97320057,0.700267994,46.29487093,TRUE,FALSE,NORMAL
28,46,8,178.139849,810.5508371,4.088166655,100,11.01256437,0,12.13936288,0.878606371,60.35387738,TRUE,FALSE,NORMAL
28,46,9,267.9400358,600.4675086,4.778239817,100,21.82317128,1.534115118,7.031366525,0.929686335,64.43318608,TRUE,FALSE,NORMAL
28,46,10,982.4530749,229.721133,1.121617474,100,8.087006987,17.08383777,0,0,0,TRUE,FALSE,NORMAL
28,47,1,736.9552545,706.3712954,5.237067198,100,23.3797528,12.02164509,11.55754301,0.88442457,60.81920074,TRUE,FALSE,NORMAL
28,47,2,60.80224661,487.5002086,9.36120287,100,6.452904674,18.64882131,29.98671539,0.700132846,46.24257144,TRUE,FALSE,NORMAL
28,47,3,67.69767038,382.9504429,4.642679434,100,11.41888913,1.74204167,22.97527944,0.770247206,51.73853038,TRUE,FALSE,CHANNEL_CONGESTION
28,47,4,124.3576653,89.83682036,6.754056582,100,16.79330406,13.2270731,0.410306592,0.995896934,69.72183156,TRUE,FALSE,CHANNEL_CONGESTION
28,47,5,890.8549916,842.4403312,1.323406959,100,12.76284674,3.887061766,16.00452226,0.839954777,57.2690474,TRUE,FALSE,NORMAL
28,47,6,723.284219,448.2403428,4.318949381,100,5.950606922,11.19419895,7.110563757,0.928894362,64.36935408,TRUE,FALSE,NORMAL
28,47,7,38.39022972,468.3131189,2.77049821,100,0.788424575,0.607155264,29.20049738,0.707995026,46.87683886,TRUE,FALSE,NORMAL
28,47,8,180.2076343,807.0241715,4.088166655,100,14.48230686,0,13.33408787,0.866659121,59.40019251,TRUE,FALSE,NORMAL
28,47,9,270.0733602,604.743079,4.778239817,100,26.36424768,3.40199885,9.645426844,0.903545732,62.34543128,TRUE,FALSE,NORMAL
28,47,10,981.49843,229.1323385,1.121617474,100,4.797024812,19.19973207,0,0,0,TRUE,FALSE,NORMAL
28,48,1,731.8449542,705.2259994,5.237067198,100,28.33632062,9.703897656,11.73246919,0.882675308,60.67928778,TRUE,FALSE,NORMAL
28,48,2,51.4626911,488.136465,9.36120287,100,8.912679026,19.80752038,30.48495481,0.695150452,45.90455056,TRUE,FALSE,NORMAL
28,48,3,64.21372079,386.0190856,4.642679434,100,10.25112971,0,23.27887062,0.767211294,51.49861822,TRUE,FALSE,CHANNEL_CONGESTION
28,48,4,130.6785065,87.45685253,6.754056582,100,20.91485857,13.81904868,0,0,0,TRUE,FALSE,CHANNEL_CONGESTION
28,48,5,890.6047325,841.1408019,1.323406959,100,11.24833721,2.704666908,15.40616665,0.845938333,57.7464981,TRUE,FALSE,NORMAL
28,48,6,723.8389146,452.5235235,4.318949381,100,3.313635364,12.42496127,8.058771722,0.919412283,63.61207746,TRUE,FALSE,NORMAL
28,48,7,40.80262839,469.6754673,2.77049821,100,0,1.831247069,30.37358395,0.69626416,46.00100567,TRUE,FALSE,NORMAL
28,48,8,178.1181732,803.5103048,4.088166655,100,16.98841852,1.752317443,14.285715,0.85714285,58.64065761,TRUE,FALSE,NORMAL
28,48,9,265.58095,606.3709077,4.778239817,100,24.65327269,2.696354475,7.620742263,0.923792577,63.96270375,TRUE,FALSE,NORMAL
28,48,10,981.2805314,228.0320904,1.121617474,100,1.992355378,16.73543984,0,0,0,TRUE,FALSE,NORMAL
28,49,1,730.984566,700.0600914,5.237067198,100,31.46807709,7.33531374,12.00387898,0.87996121,60.46232888,TRUE,FALSE,NORMAL
28,49,2,52.96807817,497.3758334,9.36120287,100,6.722771879,18.81464672,29.61755091,0.703824491,46.52113074,TRUE,FALSE,NORMAL
28,49,3,59.90318729,387.7435488,4.642679434,100,6.763852276,2.475092759,34.59490175,0.654050983,42.48280181,TRUE,FALSE,CHANNEL_CONGESTION
28,49,4,127.4220119,81.53971446,6.754056582,100,25.41639741,15.51134084,0,0,0,TRUE,FALSE,CHANNEL_CONGESTION
28,49,5,891.8961291,840.8514907,1.323406959,100,7.647083211,1.926573228,14.59775084,0.854022492,58.39162845,TRUE,FALSE,NORMAL
28,49,6,727.1218222,455.3299165,4.318949381,100,7.27680482,10.99873286,9.410007113,0.905899929,62.5330293,TRUE,FALSE,NORMAL
28,49,7,41.39274736,466.9685465,2.77049821,100,3.886906014,1.165469667,29.83198442,0.701680156,46.36316583,TRUE,FALSE,NORMAL
28,49,8,181.1303093,800.7462241,4.088166655,100,13.07387378,0.687364385,15.65168455,0.843483154,57.55058496,TRUE,FALSE,NORMAL
28,49,9,262.1331612,609.679129,4.778239817,100,28.80041134,0.379120954,10.8913169,0.891086831,61.35084637,TRUE,FALSE,NORMAL
28,49,10,982.4015972,228.0672647,1.121617474,100,0,19.38007723,0,0,0,TRUE,FALSE,NORMAL
28,50,1,727.4169761,696.2261411,5.237067198,100,28.40583051,10.31718319,11.99342568,0.880065743,60.47052433,TRUE,FALSE,NORMAL
28,50,2,44.27303042,500.8440121,9.36120287,100,3.392811451,17.60721421,28.76050156,0.712394984,47.18866742,TRUE,FALSE,NORMAL
28,50,3,63.3674289,390.8344228,4.642679434,100,8.89015084,4.254641162,23.50910653,0.764908935,51.3183723,TRUE,FALSE,CHANNEL_CONGESTION
28,50,4,131.8136386,76.40835063,6.754056582,100,27.13081289,16.24929935,0,0,0,TRUE,FALSE,CHANNEL_CONGESTION
28,50,5,890.6929957,841.4027404,1.323406959,100,8.930061285,4.381317923,13.81378965,0.861862103,59.01731036,TRUE,FALSE,NORMAL
28,50,6,722.8656946,456.0638795,4.318949381,100,10.61628432,8.959237329,10.17306171,0.898269383,61.9237383,TRUE,FALSE,NORMAL
28,50,7,41.39484031,464.1980491,2.77049821,100,3.747987879,0,29.64217574,0.703578243,46.5018498,TRUE,FALSE,NORMAL
28,50,8,177.67906,798.554881,4.088166655,100,14.5604025,3.317442041,15.05570333,0.849442967,58.02616525,TRUE,FALSE,NORMAL
28,50,9,265.9650459,606.8246176,4.778239817,100,24.53907535,1.926541369,7.741232996,0.92258767,63.86655845,TRUE,FALSE,NORMAL
28,50,10,983.4715104,228.4038824,1.121617474,100,1.114686494,16.89777259,0,0,0,TRUE,FALSE,NORMAL
28,51,1,725.6164497,701.1439635,5.237067198,100,27.37379284,9.615482769,11.99942026,0.880005797,60.46575552,TRUE,FALSE,NORMAL
28,51,2,51.26508669,494.6196031,9.36120287,100,3.712316871,15.37477404,30.16234233,0.698376577,46.10552075,TRUE,FALSE,NORMAL
28,51,3,63.08803823,395.4686879,4.642679434,100,13.35397367,2.212087974,24.56961882,0.754303812,50.47714369,TRUE,FALSE,CHANNEL_CONGESTION
28,51,4,128.9383068,82.51979459,6.754056582,100,29.64458834,18.38317188,0,0,0,TRUE,FALSE,CHANNEL_CONGESTION
28,51,5,891.2968521,842.5803496,1.323406959,100,12.98971937,3.456763764,13.9218179,0.860781821,58.93108892,TRUE,FALSE,NORMAL
28,51,6,723.0475251,460.3789996,4.318949381,100,14.36866813,6.516840999,10.07702262,0.899229774,62.00042212,TRUE,FALSE,NORMAL
28,51,7,41.78404142,466.9410735,2.77049821,100,0.617218684,0,30.41476551,0.695852345,45.91848024,TRUE,FALSE,NORMAL
28,51,8,175.2690418,795.2526213,4.088166655,100,11.00949508,5.734828603,14.58312476,0.854168752,58.40330098,TRUE,FALSE,NORMAL
28,51,9,267.9915662,602.4974024,4.778239817,100,21.75389804,2.658562403,8.075132513,0.919248675,63.59976671,TRUE,FALSE,NORMAL
28,51,10,982.4567952,228.8817723,1.121617474,100,4.826296458,17.33295867,0,0,0,TRUE,FALSE,NORMAL
28,52,1,721.9361852,697.4180372,5.237067198,100,24.89090632,11.40522325,11.67103799,0.88328962,60.7278075,TRUE,FALSE,NORMAL
28,52,2,51.69977833,503.9707079,9.36120287,100,8.02467094,12.42615506,29.25096147,0.707490385,46.79479583,TRUE,FALSE,NORMAL
28,52,3,67.66630714,396.2393539,4.642679434,100,12.84333406,1.216073962,23.9521177,0.760478823,50.96471396,TRUE,FALSE,CHANNEL_CONGESTION
28,52,4,135.6743147,82.02635969,6.754056582,100,26.56040545,15.4885487,0,0,0,TRUE,FALSE,CHANNEL_CONGESTION
28,52,5,892.3868796,843.3308468,1.323406959,100,13.72795344,6.247360684,12.82607645,0.871739235,59.80569468,TRUE,FALSE,NORMAL
28,52,6,718.870909,459.2793627,4.318949381,100,17.96812499,5.383698499,10.51599953,0.894840005,61.64992032,TRUE,FALSE,NORMAL
28,52,7,39.39174089,468.3384133,2.77049821,100,0,0,29.50491535,0.704950847,46.60770582,TRUE,FALSE,NORMAL
28,52,8,176.0357825,791.2369999,4.088166655,100,7.943054301,8.59409162,16.02888266,0.839711173,57.24961021,TRUE,FALSE,NORMAL
28,52,9,266.8540579,607.1382699,4.778239817,100,18.94685348,2.786677599,8.516966614,0.914830334,63.2471591,TRUE,FALSE,NORMAL
28,52,10,982.8444369,229.934274,1.121617474,100,6.752822049,17.83402651,0,0,0,TRUE,FALSE,NORMAL
28,53,1,726.8118368,699.3298151,5.237067198,100,24.06911516,9.854641556,12.03450934,0.879654907,60.43771157,TRUE,FALSE,NORMAL
28,53,2,45.74492507,511.1937157,9.36120287,100,12.02023302,9.788073295,28.01840402,0.71981596,47.76157363,TRUE,FALSE,NORMAL
28,53,3,72.29227107,396.6329655,4.642679434,100,14.94616428,2.532682402,23.19550816,0.768044918,51.56396567,TRUE,FALSE,CHANNEL_CONGESTION
28,53,4,142.3405888,83.11174914,6.754056582,100,23.34916218,18.27821877,0,0,0,TRUE,FALSE,CHANNEL_CONGESTION
28,53,5,891.1619353,843.8317635,1.323406959,100,16.53439833,5.438753005,13.75378972,0.862462103,59.06519908,TRUE,FALSE,NORMAL
28,53,6,714.6697641,460.2812137,4.318949381,100,17.13117605,7.194553949,10.31522895,0.89684771,61.81022407,TRUE,FALSE,NORMAL
28,53,7,36.77006656,469.234228,2.77049821,100,0,1.547266851,28.60209663,0.713979034,47.31154798,TRUE,FALSE,NORMAL
28,53,8,178.7908145,794.2574147,4.088166655,100,6.856677421,9.135179242,15.87274985,0.841272502,57.37419,TRUE,FALSE,NORMAL
28,53,9,270.8609999,609.7413434,4.778239817,100,19.86777261,0,7.855385677,0.921446143,63.77550218,TRUE,FALSE,NORMAL
28,53,10,981.912858,230.558923,1.121617474,100,8.706544719,20.69742783,0,0,0,TRUE,FALSE,NORMAL
28,54,1,723.1663076,695.5698963,5.237067198,100,26.44510019,8.541064788,12.28808183,0.877119182,60.23518527,TRUE,FALSE,NORMAL
28,54,2,36.79745863,513.9459809,9.36120287,100,11.58023514,11.62958099,27.33094413,0.726690559,48.31048393,TRUE,FALSE,NORMAL
28,54,3,76.93189019,396.8015085,4.642679434,100,11.89598495,0,22.88717096,0.77112829,51.80551035,TRUE,FALSE,CHANNEL_CONGESTION
28,54,4,148.8963559,84.73631006,6.754056582,100,26.37608184,16.50964692,0,0,0,TRUE,FALSE,CHANNEL_CONGESTION
28,54,5,890.2000268,842.9228421,1.323406959,100,17.02575409,8.213915982,13.10012288,0.868998771,59.58694376,TRUE,FALSE,NORMAL
28,54,6,711.7068889,463.4236164,4.318949381,100,21.74596386,9.733510579,11.47604077,0.885239592,60.88342677,TRUE,FALSE,NORMAL
28,54,7,35.43322157,471.6608524,2.77049821,100,0,1.537061019,28.43430934,0.715656907,47.4440789,TRUE,FALSE,NORMAL
28,54,8,177.4978209,790.3791066,4.088166655,100,2.886249842,11.47706138,15.5685424,0.844314576,57.61692818,TRUE,FALSE,NORMAL
28,54,9,272.167823,605.1452811,4.778239817,100,21.21574388,0,7.792570038,0.9220743,63.8255175,TRUE,FALSE,NORMAL
28,54,10,981.5635097,231.6247474,1.121617474,100,9.545097126,21.75231816,0,0,0,TRUE,FALSE,NORMAL
28,55,1,727.8656199,693.2583305,5.237067198,100,29.08918314,10.68698935,12.30033823,0.876996618,60.22542765,TRUE,FALSE,NORMAL
28,55,2,46.02775407,515.5060338,9.36120287,100,6.784704765,13.59112592,27.39650058,0.726034994,48.2450224,TRUE,FALSE,NORMAL
28,55,3,80.9340563,394.448396,4.642679434,100,12.67120921,0,22.85650453,0.771434955,51.82838096,TRUE,FALSE,CHANNEL_CONGESTION
28,55,4,151.1021523,91.1200192,6.754056582,100,28.48789879,18.68138316,0,0,0,TRUE,FALSE,CHANNEL_CONGESTION
28,55,5,889.3249439,843.915634,1.323406959,100,21.66546738,8.47031829,13.42007606,0.865799239,59.33155791,TRUE,FALSE,NORMAL
28,55,6,713.5247553,459.5058765,4.318949381,100,19.60838418,6.917976732,11.18060039,0.888193996,61.11929738,TRUE,FALSE,NORMAL
28,55,7,35.11298544,468.9089241,2.77049821,100,3.321927232,2.18121362,27.95121643,0.720487836,47.81620583,TRUE,FALSE,NORMAL
28,55,8,177.5773589,786.2917137,4.088166655,100,0,13.4218873,15.40120887,0.845987911,57.75045427,TRUE,FALSE,NORMAL
28,55,9,273.3995193,600.5285182,4.778239817,100,17.25789008,2.997149242,8.285348522,0.917146515,63.43193829,TRUE,FALSE,NORMAL
28,55,10,982.6711751,231.8011081,1.121617474,100,12.8649675,22.43282274,0,0,0,TRUE,FALSE,NORMAL
28,56,1,729.2857154,688.2174773,5.237067198,100,33.61456516,8.65436911,12.51541212,0.874845879,60.05368968,TRUE,FALSE,NORMAL
28,56,2,51.33571106,507.7951512,9.36120287,100,10.50778013,14.97827947,28.90231528,0.710976847,47.05977496,TRUE,FALSE,NORMAL
28,56,3,81.57752711,399.046267,4.642679434,100,13.37330631,0,24.38975265,0.756102474,50.61067601,TRUE,FALSE,CHANNEL_CONGESTION
28,56,4,157.5712263,93.06124624,6.754056582,100,30.89143418,20.28479719,0,0,0,TRUE,FALSE,CHANNEL_CONGESTION
28,56,5,889.0589382,845.2120317,1.323406959,100,24.32894542,6.570649876,12.88934813,0.871106519,59.75518897,TRUE,FALSE,NORMAL
28,56,6,709.3546566,460.6299762,4.318949381,100,17.78647581,8.993376847,12.1414761,0.878585239,60.3521904,TRUE,FALSE,NORMAL
28,56,7,37.78371174,468.1721193,2.77049821,100,2.93812841,0.493082664,29.03162297,0.70968377,46.9704436,TRUE,FALSE,NORMAL
28,56,8,180.2856158,789.3541394,4.088166655,100,4.123612978,11.47880194,15.0942405,0.849057595,57.99541219,TRUE,FALSE,NORMAL
28,56,9,269.2357781,598.1844118,4.778239817,100,19.47427808,1.149864259,9.127137969,0.90872862,62.75954786,TRUE,FALSE,NORMAL
28,56,10,981.7244261,231.1996996,1.121617474,100,11.90343502,20.75848203,0,0,0,TRUE,FALSE,NORMAL
28,57,1,731.5366019,692.9461539,5.237067198,100,31.72428197,7.874792041,12.74143205,0.872585679,59.87331749,TRUE,FALSE,NORMAL
28,57,2,60.66284934,508.5930301,9.36120287,100,9.124916374,14.49546288,29.10642126,0.708935787,46.88260552,TRUE,FALSE,NORMAL
28,57,3,80.10068527,403.4477906,4.642679434,100,17.13772636,0,25.13797817,0.748620218,50.01960727,TRUE,FALSE,CHANNEL_CONGESTION
28,57,4,164.2721874,92.21602399,6.754056582,100,35.00070802,20.37210012,0,0,0,TRUE,FALSE,CHANNEL_CONGESTION
28,57,5,889.2334544,843.9001818,1.323406959,100,27.0851119,5.647933878,13.84446285,0.861555371,58.9928288,TRUE,FALSE,NORMAL
28,57,6,713.378373,462.1993805,4.318949381,100,15.74950709,7.103579966,11.63840125,0.883615987,60.75380619,TRUE,FALSE,NORMAL
28,57,7,37.15790309,465.4732262,2.77049821,100,0.486716563,0,28.69151876,0.713084812,47.23042462,TRUE,FALSE,NORMAL
28,57,8,181.7116181,785.5227397,4.088166655,100,4.617087071,13.6822256,15.14597443,0.848540256,57.95412825,TRUE,FALSE,NORMAL
28,57,9,273.5089713,596.0463296,4.778239817,100,15.98475819,2.184479442,9.22060771,0.907793923,62.68499196,TRUE,FALSE,NORMAL
28,57,10,982.1359147,230.1562903,1.121617474,100,10.87387716,19.90089095,0,0,0,TRUE,FALSE,NORMAL
28,58,1,726.7353172,695.0376937,5.237067198,100,32.1447496,8.56064352,12.33266429,0.876673357,60.19965049,TRUE,FALSE,NORMAL
28,58,2,69.32278944,505.0380959,9.36120287,100,9.811135268,11.6817557,29.65542328,0.703445767,46.44454985,TRUE,FALSE,NORMAL
28,58,3,78.31229931,407.7321981,4.642679434,100,20.16992613,1.483075935,25.60296408,0.743970359,49.65333442,TRUE,FALSE,CHANNEL_CONGESTION
28,58,4,159.5578942,87.37942189,6.754056582,100,39.54259197,19.15516645,0,0,0,TRUE,FALSE,CHANNEL_CONGESTION
28,58,5,888.0095234,843.3967944,1.323406959,100,25.49300428,6.086854856,13.70476952,0.862952305,59.10432464,TRUE,FALSE,NORMAL
28,58,6,709.5718632,460.1588397,4.318949381,100,17.23175661,5.259849083,10.96055905,0.890394409,61.29497633,TRUE,FALSE,NORMAL
28,58,7,35.13146043,467.3624563,2.77049821,100,4.162029535,0.793069736,28.39709188,0.716029081,47.46381131,TRUE,FALSE,NORMAL
28,58,8,184.1225807,788.82431,4.088166655,100,7.329874479,15.97904632,15.19059967,0.848094003,57.91851733,TRUE,FALSE,NORMAL
28,58,9,276.3787431,599.8667988,4.778239817,100,15.60782004,4.176729172,8.987479603,0.910125204,62.87127554,TRUE,FALSE,NORMAL
28,58,10,983.0485853,230.8082551,1.121617474,100,6.921851874,17.9934899,0,0,0,TRUE,FALSE,NORMAL
28,59,1,725.8837834,700.2050686,5.237067198,100,35.26602182,7.075008425,12.11658679,0.878834132,60.37220852,TRUE,FALSE,NORMAL
28,59,2,60.60041738,501.6392219,9.36120287,100,14.78013434,9.406611596,29.31996146,0.706800385,46.73069776,TRUE,FALSE,NORMAL
28,59,3,79.65231688,403.2871081,4.642679434,100,24.90954184,0,25.02658991,0.749734101,50.11090744,TRUE,FALSE,CHANNEL_CONGESTION
28,59,4,153.3258751,84.77572872,6.754056582,100,41.55237487,16.19970808,0,0,0,TRUE,FALSE,CHANNEL_CONGESTION
28,59,5,889.0537661,844.2097909,1.323406959,100,27.6247707,3.144382341,13.95742078,0.860425792,58.90267317,TRUE,FALSE,NORMAL
28,59,6,705.4614365,461.4846287,4.318949381,100,15.1755531,4.672946838,10.2757528,0.897242472,61.84174386,TRUE,FALSE,NORMAL
28,59,7,37.77509699,466.5336946,2.77049821,100,8.927271815,3.352954087,28.7113016,0.712886984,47.2305959,TRUE,FALSE,NORMAL
28,59,8,188.0792382,787.7957344,4.088166655,100,8.240026818,18.43030706,15.26523559,0.847347644,57.85895838,TRUE,FALSE,NORMAL
28,59,9,281.1552166,599.7368858,4.778239817,100,14.00562642,1.55733237,8.113209739,0.918867903,63.56943581,TRUE,FALSE,NORMAL
28,59,10,981.9652011,231.0986075,1.121617474,100,2.017834505,19.27939193,0,0,0,TRUE,FALSE,NORMAL
28,60,1,725.9406486,705.4418271,5.237067198,100,33.60240261,6.673452919,11.58933841,0.884106616,60.7933271,TRUE,FALSE,NORMAL
28,60,2,62.25018861,510.8539044,9.36120287,100,11.66325534,8.62552931,28.83830713,0.711616929,47.09784028,TRUE,FALSE,NORMAL
28,60,3,76.37740863,406.5779208,4.642679434,100,23.87122664,1.704485351,25.10776699,0.74892233,50.04859673,TRUE,FALSE,CHANNEL_CONGESTION
28,60,4,155.0453266,78.2442077,6.754056582,100,39.0229984,15.46336997,0,0,0,TRUE,FALSE,CHANNEL_CONGESTION
28,60,5,890.177686,843.5110706,1.323406959,100,30.88635187,5.691751329,14.47159168,0.855284083,58.49231215,TRUE,FALSE,NORMAL
28,60,6,703.8870682,457.4628519,4.318949381,100,20.07623361,6.376350808,8.707085147,0.912929149,63.09434204,TRUE,FALSE,NORMAL
28,60,7,40.46685299,467.1895223,2.77049821,100,9.115647655,1.133361271,28.72909617,0.712709038,47.20522988,TRUE,FALSE,NORMAL
28,60,8,184.5510435,789.8609096,4.088166655,100,3.384014253,16.15308218,13.89007957,0.861099204,58.95642036,TRUE,FALSE,NORMAL
28,60,9,283.5695377,595.6134613,4.778239817,100,13.54570972,2.687384939,8.097952752,0.919020472,63.58142835,TRUE,FALSE,NORMAL
28,60,10,982.4220419,230.0742432,1.121617474,100,3.459488608,20.5265431,0,0,0,TRUE,FALSE,NORMAL
28,61,1,722.3795139,709.2817739,5.237067198,100,37.36533833,9.406449031,11.67630681,0.883236932,60.72389109,TRUE,FALSE,NORMAL
28,61,2,57.5157673,518.9296319,9.36120287,100,15.11750896,9.021935846,21.30376048,0.786962395,53.09011322,TRUE,FALSE,NORMAL
28,61,3,77.02417921,411.1753288,4.642679434,100,27.45340613,2.608862324,24.91994513,0.750800549,50.19858733,TRUE,FALSE,NORMAL
28,61,4,154.9713025,84.99785862,6.754056582,100,41.95762159,17.88182574,0,0,0,TRUE,FALSE,NORMAL
28,61,5,890.3846221,842.2039427,1.323406959,100,30.5768186,5.694077496,14.52749504,0.85472505,58.44769722,TRUE,FALSE,NORMAL
28,61,6,703.4064255,461.7549733,4.318949381,100,20.69578031,5.990834932,8.82511859,0.911748814,63.00008497,TRUE,FALSE,NORMAL
28,61,7,41.0640996,469.8948793,2.77049821,100,4.973567463,2.677663282,28.54228392,0.714577161,47.35059105,TRUE,FALSE,NORMAL
28,61,8,185.9518502,786.0202264,4.088166655,100,3.210478138,16.75483761,7.939007527,0.920609925,63.70942771,TRUE,FALSE,NORMAL
28,61,9,285.2534663,600.0851456,4.778239817,100,13.32091537,3.095791964,8.098347271,0.919016527,63.58126852,TRUE,FALSE,NORMAL
28,61,10,981.506022,230.7214937,1.121617474,100,0,17.80790842,0,0,0,TRUE,FALSE,NORMAL
28,62,1,718.0373101,712.2095955,5.237067198,100,34.06606522,10.22456145,11.53381557,0.884661844,60.83756438,TRUE,FALSE,NORMAL
28,62,2,66.1833344,522.4659294,9.36120287,100,11.74556638,10.10923193,21.65809601,0.78341904,52.79966531,TRUE,FALSE,NORMAL
28,62,3,72.4699998,410.2731524,4.642679434,100,25.00870934,0.470410905,24.6557254,0.753442746,50.40766007,TRUE,FALSE,NORMAL
28,62,4,150.388863,89.95956479,6.754056582,100,41.47708965,20.37143868,0,0,0,TRUE,FALSE,NORMAL
28,62,5,891.4992919,842.9173269,1.323406959,100,28.06929668,5.230834966,14.03002394,0.859699761,58.84472677,TRUE,FALSE,NORMAL
28,62,6,701.7909127,465.7603999,4.318949381,100,21.48451469,7.299459522,9.037607202,0.909623928,62.83040198,TRUE,FALSE,NORMAL
28,62,7,38.95283614,471.688821,2.77049821,100,8.143420849,2.419697665,28.19376711,0.718062329,47.61883297,TRUE,FALSE,NORMAL
28,62,8,189.73916,784.4809437,4.088166655,100,2.816740573,16.92315374,8.41304525,0.915869547,63.33060931,TRUE,FALSE,NORMAL
28,62,9,285.0004044,595.3136118,4.778239817,100,10.27753778,5.341512434,8.553010684,0.914469893,63.21823342,TRUE,FALSE,NORMAL
28,62,10,980.6208815,230.0326163,1.121617474,100,0,15.18425593,0,0,0,TRUE,FALSE,NORMAL
28,63,1,714.045625,715.5997759,5.237067198,100,38.20079972,11.69710814,11.40200795,0.88597992,60.94274002,TRUE,FALSE,NORMAL
28,63,2,72.66149066,515.7082959,9.36120287,100,12.5703583,10.77362633,22.36613985,0.776338602,52.24177169,TRUE,FALSE,NORMAL
28,63,3,76.26510247,412.9474127,4.642679434,100,29.79459911,0,25.50895552,0.744910445,49.72779002,TRUE,FALSE,NORMAL
28,63,4,144.6319449,93.49158603,6.754056582,100,37.51431431,19.92802992,0,0,0,TRUE,FALSE,NORMAL
28,63,5,892.0085452,844.1388289,1.323406959,100,23.57312671,3.537611396,13.63851991,0.863614801,59.15720226,TRUE,FALSE,NORMAL
28,63,6,703.7814517,469.5932942,4.318949381,100,17.21386621,6.954783499,9.165495995,0.90834504,62.72827778,TRUE,FALSE,NORMAL
28,63,7,39.11993495,474.4542755,2.77049821,100,5.474580048,4.952332127,28.532897,0.71467103,47.35292325,TRUE,FALSE,NORMAL
28,63,8,193.2167046,782.331574,4.088166655,100,7.536236746,17.76575546,8.090186971,0.91909813,63.58848512,TRUE,FALSE,NORMAL
28,63,9,285.2580246,590.5423218,4.778239817,100,5.66972209,8.199170179,9.183469075,0.908165309,62.71468771,TRUE,FALSE,NORMAL
28,63,10,980.620132,231.1542335,1.121617474,100,0,12.47597682,0,0,0,TRUE,FALSE,NORMAL
28,64,1,711.2337003,720.0179149,5.237067198,100,40.77884564,12.17633197,10.87429613,0.891257039,61.36420138,TRUE,FALSE,NORMAL
28,64,2,69.8054248,506.7934203,9.36120287,100,8.695163081,11.0415484,22.29636408,0.777036359,52.31024325,TRUE,FALSE,NORMAL
28,64,3,77.22806172,408.405697,4.642679434,100,34.13225962,2.388663997,24.96498926,0.750350107,50.15860354,TRUE,FALSE,NORMAL
28,64,4,146.5841743,99.95734822,6.754056582,100,38.54901946,18.89625099,0,0,0,TRUE,FALSE,NORMAL
28,64,5,890.7047746,844.3659595,1.323406959,100,27.71089748,5.654471275,13.8379769,0.861620231,58.99800549,TRUE,FALSE,NORMAL
28,64,6,700.7462838,466.5206602,4.318949381,100,16.34038168,5.064367252,7.910615352,0.920893846,63.73039727,TRUE,FALSE,NORMAL
28,64,7,36.81085328,475.9852236,2.77049821,100,4.952243111,6.343935051,28.32758565,0.716724143,47.52694352,TRUE,FALSE,NORMAL
28,64,8,190.8657901,778.9869802,4.088166655,100,9.020389676,17.38684905,8.023192646,0.919768074,63.64237872,TRUE,FALSE,NORMAL
28,64,9,287.7343123,594.6288332,4.778239817,100,2.148596859,5.405096951,8.458737865,0.915412621,63.29357985,TRUE,FALSE,NORMAL
28,64,10,980.4661275,232.2652278,1.121617474,100,0,14.105728,0,0,0,TRUE,FALSE,NORMAL
28,65,1,716.4212828,719.2996808,5.237067198,100,37.79633047,14.65068011,11.05585607,0.889441439,61.21942609,TRUE,FALSE,NORMAL
28,65,2,76.99400556,512.789788,9.36120287,100,10.45933153,13.99257263,22.32335896,0.77676641,52.26985214,TRUE,FALSE,NORMAL
28,65,3,80.04928394,404.7185331,4.642679434,100,30.2585998,2.707861451,24.39049979,0.756095002,50.61089252,TRUE,FALSE,NORMAL
28,65,4,151.2018645,95.02843176,6.754056582,100,35.86127218,16.40050546,0,0,0,TRUE,FALSE,NORMAL
28,65,5,889.3934552,844.1875016,1.323406959,100,26.67774041,7.736415622,14.67567005,0.853243299,58.32944441,TRUE,FALSE,NORMAL
28,65,6,703.3617635,463.0837154,4.318949381,100,14.55430707,7.533875907,7.436042093,0.925639579,64.10940777,TRUE,FALSE,NORMAL
28,65,7,34.65261994,474.2480739,2.77049821,100,1.006925317,7.738599642,27.36695849,0.726330415,48.26975055,TRUE,FALSE,NORMAL
28,65,8,187.4166845,776.7922645,4.088166655,100,4.362312382,15.97329977,8.760525898,0.912394741,63.05304613,TRUE,FALSE,NORMAL
28,65,9,286.141297,590.1239605,4.778239817,100,4.76976308,6.479622128,9.026667547,0.909733325,62.8400555,TRUE,FALSE,NORMAL
28,65,10,979.630053,231.5175613,1.121617474,100,0,16.87301777,0,0,0,TRUE,FALSE,NORMAL
28,66,1,715.6282057,724.4763498,5.237067198,100,40.7979021,16.87008268,10.67717956,0.893228204,61.52207682,TRUE,FALSE,NORMAL
28,66,2,83.98975463,506.5695296,9.36120287,100,12.43256584,12.1474216,22.46645911,0.775335409,52.15399119,TRUE,FALSE,NORMAL
28,66,3,75.4070249,404.7810095,4.642679434,100,34.02279474,4.393339976,24.72976453,0.752702355,50.34241711,TRUE,FALSE,NORMAL
28,66,4,153.9717553,101.1883819,6.754056582,100,33.97319604,15.30378597,0,0,0,TRUE,FALSE,NORMAL
28,66,5,888.2273859,843.5616515,1.323406959,100,26.60629453,4.854313156,15.28822598,0.84711774,57.84061234,TRUE,FALSE,NORMAL
28,66,6,700.1491541,460.1971145,4.318949381,100,12.87775823,9.826814356,6.066133134,0.939338669,65.20354131,TRUE,FALSE,NORMAL
28,66,7,31.99933584,475.0454093,2.77049821,100,0,7.621899481,27.28202137,0.727179786,48.33321442,TRUE,FALSE,NORMAL
28,66,8,189.8008702,780.1132229,4.088166655,100,4.004613615,17.28570569,8.247699797,0.917523002,63.46284079,TRUE,FALSE,NORMAL
28,66,9,281.438671,590.9706509,4.778239817,100,3.125187592,4.097904159,9.471351184,0.905286488,62.4850992,TRUE,FALSE,NORMAL
28,66,10,980.7064068,231.832979,1.121617474,100,0,17.42267241,0,0,0,TRUE,FALSE,NORMAL
28,67,1,712.2718353,720.4561942,5.237067198,100,40.46809046,18.53065092,10.51288894,0.894871111,61.65304926,TRUE,FALSE,NORMAL
28,67,2,77.74521028,499.5954501,9.36120287,100,10.03946642,9.278225504,30.31461862,0.696853814,45.91569377,TRUE,FALSE,NORMAL
28,67,3,73.01948628,408.7627342,4.642679434,100,31.81761707,2.763252809,25.94053095,0.74059469,49.3844025,TRUE,FALSE,NORMAL
28,67,4,147.6907384,103.6715466,6.754056582,100,32.36775674,15.83271031,0,0,0,TRUE,FALSE,NORMAL
28,67,5,886.9834123,844.0132438,1.323406959,100,23.00153126,2.127798479,14.56805517,0.854319448,58.41532749,TRUE,FALSE,NORMAL
28,67,6,696.152871,458.5591142,4.318949381,100,14.6301924,8.163637266,6.457722721,0.935422773,64.89077102,TRUE,FALSE,NORMAL
28,67,7,30.46494543,472.7386136,2.77049821,100,2.013609705,6.707628556,28.10472096,0.71895279,47.68898335,TRUE,FALSE,NORMAL
28,67,8,186.0979455,781.8456938,4.088166655,100,7.221980042,18.84242994,15.07369363,0.849263064,58.01180879,TRUE,FALSE,NORMAL
28,67,9,276.6721028,591.3044226,4.778239817,100,0.737740929,7.05331584,9.50775958,0.904922404,62.45585943,TRUE,FALSE,NORMAL
28,67,10,981.6888425,231.2918268,1.121617474,100,2.145898778,16.02892411,0,0,0,TRUE,FALSE,NORMAL
28,68,1,707.6208932,718.0487869,5.237067198,100,44.81568264,19.31347868,10.08082842,0.899191716,61.99783185,TRUE,FALSE,NORMAL
28,68,2,78.35067855,508.9370521,9.36120287,100,12.53336472,9.352318104,22.28144984,0.777185502,52.30112047,TRUE,FALSE,NORMAL
28,68,3,75.32793775,404.7346424,4.642679434,100,35.00940942,1.891094088,25.19433958,0.748056604,49.97307269,TRUE,FALSE,NORMAL
28,68,4,140.9487158,104.0745504,6.754056582,100,35.28402582,14.11293106,0,0,0,TRUE,FALSE,NORMAL
28,68,5,887.3850126,845.2742446,1.323406959,100,19.79768048,0.222493892,13.5209319,0.864790681,59.25105708,TRUE,FALSE,NORMAL
28,68,6,692.0487845,457.213827,4.318949381,100,16.63510642,9.068166129,6.640724932,0.933592751,64.74460662,TRUE,FALSE,NORMAL
28,68,7,31.37273859,470.1210629,2.77049821,100,0.55521489,4.339877197,27.69831493,0.723016851,48.00309354,TRUE,FALSE,NORMAL
28,68,8,188.6571368,785.0337413,4.088166655,100,10.93362579,19.18664173,7.330917167,0.926690828,64.19479621,TRUE,FALSE,NORMAL
28,68,9,276.5501817,586.5277385,4.778239817,100,0.861073595,9.981846916,9.685529706,0.903144703,62.31385034,TRUE,FALSE,NORMAL
28,68,10,980.6296998,230.9227164,1.121617474,100,2.189647308,14.07314703,0,0,0,TRUE,FALSE,NORMAL
28,69,1,712.2048703,720.5813798,5.237067198,100,46.02086961,17.31972752,10.55361267,0.894463873,61.62044159,TRUE,FALSE,NORMAL
28,69,2,82.66963138,517.2423977,9.36120287,100,15.50678379,11.16893176,22.3621468,0.776378532,52.22858032,TRUE,FALSE,NORMAL
28,69,3,78.93703183,407.6550725,4.642679434,100,39.70140711,0.132195149,25.11860412,0.748813959,50.02990803,TRUE,FALSE,NORMAL
28,69,4,135.195832,107.6131388,6.754056582,100,30.45234715,12.23647751,0,0,0,TRUE,FALSE,NORMAL
28,69,5,887.1150776,846.5698299,1.323406959,100,18.7873128,2.549998867,14.30399969,0.856960003,58.6260647,TRUE,FALSE,NORMAL
28,69,6,690.3249799,461.173855,4.318949381,100,16.26411874,9.513426608,6.803225646,0.931967744,64.61481848,TRUE,FALSE,NORMAL
28,69,7,29.75865819,472.3728188,2.77049821,100,4.81274446,2.546437996,27.06620732,0.729337927,48.49721983,TRUE,FALSE,NORMAL
28,69,8,184.9087259,786.665465,4.088166655,100,12.54363213,18.37489028,7.44659346,0.925534065,64.10187133,TRUE,FALSE,NORMAL
28,69,9,277.808234,581.9180877,4.778239817,100,3.966745698,11.63067056,9.959077807,0.900409222,62.09540282,TRUE,FALSE,NORMAL
28,69,10,981.1959892,231.8908807,1.121617474,100,4.494414132,16.18353977,0,0,0,TRUE,FALSE,NORMAL
28,70,1,708.8839856,724.630898,5.237067198,100,43.46859556,19.86940898,10.58995212,0.894100479,61.59142831,TRUE,FALSE,NORMAL
28,70,2,74.6016012,512.4948712,9.36120287,100,18.19770681,12.11772098,22.71605022,0.772839498,51.95596606,TRUE,FALSE,NORMAL
28,70,3,74.75888402,409.6793139,4.642679434,100,41.99575171,0,25.58381459,0.744161854,49.66177366,TRUE,FALSE,NORMAL
28,70,4,140.8047106,103.8504587,6.754056582,100,28.11287836,10.06895158,0,0,0,TRUE,FALSE,NORMAL
28,70,5,887.2795597,845.2566842,1.323406959,100,22.94271345,2.867919507,14.33946425,0.856605358,58.59776075,TRUE,FALSE,NORMAL
28,70,6,692.2103806,465.0595452,4.318949381,100,11.36533189,7.659678123,6.840439985,0.9315956,64.58509587,TRUE,FALSE,NORMAL
28,70,7,28.73898118,474.9488466,2.77049821,100,1.229914763,2.361404285,27.9198578,0.720801422,47.82748539,TRUE,FALSE,NORMAL
28,70,8,182.6553682,783.2543822,4.088166655,100,14.49114855,19.15819653,7.666329729,0.923336703,63.92668621,TRUE,FALSE,NORMAL
28,70,9,273.5945929,584.1712641,4.778239817,100,0.537013681,11.49644247,10.08282895,0.89917171,61.9964955,TRUE,FALSE,NORMAL
28,70,10,982.3070677,232.0442772,1.121617474,100,3.882280104,16.36680731,0,0,0,TRUE,FALSE,NORMAL
28,71,1,703.9406612,726.3601802,5.237067198,100,43.95498307,18.67174344,9.9452417,0.900547583,62.10626728,TRUE,FALSE,NORMAL
28,71,2,65.38030208,514.1072488,9.36120287,100,20.58868761,13.31659782,22.28227148,0.777177285,52.30792798,TRUE,FALSE,NORMAL
28,71,3,70.83908944,412.1672212,4.642679434,100,39.07242512,0,25.7849245,0.742150755,49.50680236,TRUE,FALSE,NORMAL
28,71,4,138.2622001,110.1076882,6.754056582,100,32.61953235,11.73734799,0,0,0,TRUE,FALSE,NORMAL
28,71,5,885.9694959,845.0692305,1.323406959,100,25.55453086,1.326268882,14.00965721,0.859903428,58.86098191,TRUE,FALSE,NORMAL
28,71,6,691.4033393,460.8166678,4.318949381,100,8.864638239,6.252054983,5.880826192,0.941191738,65.35155265,TRUE,FALSE,NORMAL
28,71,7,30.4680612,472.7841428,2.77049821,100,0,3.69443435,28.45846402,0.71541536,47.41005449,TRUE,FALSE,NORMAL
28,71,8,180.369338,786.6436553,4.088166655,100,11.27988794,17.18058881,6.746464792,0.932535352,64.6611991,TRUE,FALSE,NORMAL
28,71,9,278.3169519,583.4426346,4.778239817,100,2.377928275,13.06655237,8.953486626,0.910465134,62.89808437,TRUE,FALSE,NORMAL
28,71,10,983.3207042,231.5641034,1.121617474,100,1.783309132,18.53263564,0,0,0,TRUE,FALSE,NORMAL
28,72,1,704.3677808,721.1405593,5.237067198,100,42.58940878,17.96817454,10.40044495,0.89599555,61.74252347,TRUE,FALSE,NORMAL
28,72,2,56.67068185,510.6758301,9.36120287,100,16.76220693,11.11139779,29.42951032,0.705704897,46.62888616,TRUE,FALSE,NORMAL
28,72,3,66.19641807,412.1585656,4.642679434,100,43.44099507,0,25.79302617,0.742069738,49.50342091,TRUE,FALSE,NORMAL
28,72,4,134.6408799,104.4065199,6.754056582,100,34.43091866,11.55610438,0,0,0,TRUE,FALSE,NORMAL
28,72,5,887.1288537,845.7074275,1.323406959,100,30.2147931,0,13.36249711,0.866375029,59.37751657,TRUE,FALSE,NORMAL
28,72,6,690.299153,464.9920836,4.318949381,100,3.923903843,9.091368871,7.438392796,0.925616072,64.10753038,TRUE,FALSE,NORMAL
28,72,7,27.92315482,471.6891031,2.77049821,100,0,3.798993566,28.75139277,0.712486072,47.18782646,TRUE,FALSE,NORMAL
28,72,8,183.5190675,784.0374491,4.088166655,100,13.00983008,16.83293492,14.04400248,0.859559975,58.83357021,TRUE,FALSE,NORMAL
28,72,9,276.7016142,587.9395513,4.778239817,100,5.585916669,15.60693731,8.569779372,0.914302206,63.20461218,TRUE,FALSE,NORMAL
28,72,10,984.3214563,232.0705824,1.121617474,100,0,19.52897609,0,0,0,TRUE,FALSE,NORMAL
28,73,1,700.7886704,717.3173615,5.237067198,100,38.58528138,16.33255538,10.62426121,0.893757388,61.56360734,TRUE,FALSE,NORMAL
28,73,2,61.14362505,502.4523941,9.36120287,100,18.23306298,8.47891656,30.08502616,0.699149738,46.11799076,TRUE,FALSE,NORMAL
28,73,3,69.57879006,408.978309,4.642679434,100,40.70598735,0,26.04219297,0.73957807,49.3044915,TRUE,FALSE,NORMAL
28,73,4,133.2067377,97.8064808,6.754056582,100,34.39297399,10.98730375,0,0,0,TRUE,FALSE,NORMAL
28,73,5,886.8560601,847.0024138,1.323406959,100,33.5332634,0.073011043,12.41910412,0.875808959,60.13056327,TRUE,FALSE,NORMAL
28,73,6,690.6363771,469.2978476,4.318949381,100,0,9.546736527,8.829418293,0.911705817,62.99665141,TRUE,FALSE,NORMAL
28,73,7,30.64127043,471.1529055,2.77049821,100,1.269910342,3.219463096,29.03046742,0.709695326,46.97301186,TRUE,FALSE,NORMAL
28,73,8,184.3291613,788.0445497,4.088166655,100,16.9160406,19.10933724,12.69221113,0.873077889,59.91255197,TRUE,FALSE,NORMAL
28,73,9,278.5854463,583.5483382,4.778239817,100,7.604306192,14.39069001,8.458896542,0.915411035,63.29299729,TRUE,FALSE,NORMAL
28,73,10,984.6022249,230.9846751,1.121617474,100,2.071966122,21.10736564,0,0,0,TRUE,FALSE,NORMAL
28,74,1,695.9467125,715.3217873,5.237067198,100,38.00030352,15.32418986,9.953774756,0.900462252,62.09890414,TRUE,FALSE,NORMAL
28,74,2,68.57241062,508.1484686,9.36120287,100,18.08948698,8.205362841,29.83251137,0.701674886,46.29904188,TRUE,FALSE,NORMAL
28,74,3,67.67686076,413.2135347,4.642679434,100,39.18138809,1.032530812,26.527988,0.73472012,48.92273237,TRUE,FALSE,NORMAL
28,74,4,133.3748343,104.5584452,6.754056582,100,38.98707118,10.02825271,0,0,0,TRUE,FALSE,NORMAL
28,74,5,887.8263781,847.9023521,1.323406959,100,32.16025025,0.833078601,11.34209356,0.886579064,60.99036525,TRUE,FALSE,NORMAL
28,74,6,688.3496951,465.633914,4.318949381,100,0,10.78029573,8.565455951,0.91434544,63.20744304,TRUE,FALSE,NORMAL
28,74,7,31.64665103,468.5712646,2.77049821,100,0.197707878,0.914813305,28.78714903,0.71212851,47.15381968,TRUE,FALSE,NORMAL
28,74,8,187.326369,785.2642884,4.088166655,100,14.19252291,20.85675112,12.52523511,0.874747649,60.04584199,TRUE,FALSE,NORMAL
28,74,9,280.8078221,579.3183711,4.778239817,100,8.5567943,14.39004881,8.831604111,0.911683959,62.99543159,TRUE,FALSE,NORMAL
28,74,10,984.2397301,232.0461002,1.121617474,100,0,24.06020071,0,0,0,TRUE,FALSE,NORMAL
28,75,1,698.7876368,719.7213353,5.237067198,100,39.6145092,14.0658182,9.70490345,0.902950966,62.29780413,TRUE,FALSE,NORMAL
28,75,2,65.03335891,516.8149115,9.36120287,100,17.80158908,7.751763061,21.51048351,0.784895165,52.91707163,TRUE,FALSE,NORMAL
28,75,3,69.71434427,409.0418285,4.642679434,100,41.7567377,2.864140677,25.38876262,0.746112374,49.82553532,TRUE,FALSE,NORMAL
28,75,4,135.1224691,111.0824818,6.754056582,100,38.71502103,7.113448426,0,0,0,TRUE,FALSE,NORMAL
28,75,5,886.5105797,848.0440579,1.323406959,100,27.25789314,0.239917013,12.32043845,0.876795616,60.20932611,TRUE,FALSE,NORMAL
28,75,6,688.0637223,461.3244427,4.318949381,100,0,12.13985683,7.08936845,0.929106315,64.38628214,TRUE,FALSE,NORMAL
28,75,7,33.5337257,466.5428145,2.77049821,100,0,1.002085806,28.15270447,0.718472955,47.65127524,TRUE,FALSE,NORMAL
28,75,8,185.0832809,788.6821331,4.088166655,100,17.50554714,21.12336938,6.133940245,0.938660598,65.15025791,TRUE,FALSE,NORMAL
28,75,9,285.5202189,580.1088726,4.778239817,100,12.30518788,13.69795075,8.003861127,0.919961389,63.65640374,TRUE,FALSE,NORMAL
28,75,10,984.8303147,231.0925618,1.121617474,100,2.263349673,23.05356109,0,0,0,TRUE,FALSE,NORMAL
28,76,1,693.9444176,717.7288241,5.237067198,100,39.58412882,16.99777278,9.794672074,0.902053279,62.22600387,TRUE,FALSE,NORMAL
28,76,2,69.15940518,525.2177599,9.36120287,100,17.56117342,9.403827036,21.11356832,0.788864317,53.221835,TRUE,FALSE,NORMAL
28,76,3,67.78961522,404.8169154,4.642679434,100,45.61899617,2.388909387,24.66660012,0.753333999,50.3981406,TRUE,FALSE,NORMAL
28,76,4,141.5653581,109.0560414,6.754056582,100,36.08101088,5.145715627,0,0,0,TRUE,FALSE,NORMAL
28,76,5,885.2693061,847.5850962,1.323406959,100,32.07812346,1.273548969,11.67677061,0.883232294,60.72317432,TRUE,FALSE,NORMAL
28,76,6,691.423004,464.0389499,4.318949381,100,0.122638934,14.98240383,7.912573542,0.920874265,63.72883343,TRUE,FALSE,NORMAL
28,76,7,33.28967017,463.7830868,2.77049821,100,0,1.173705116,27.56177541,0.724382246,48.11020294,TRUE,FALSE,NORMAL
28,76,8,188.9319701,790.0607913,4.088166655,100,19.14344191,21.83517728,6.463639569,0.935363604,64.88670744,TRUE,FALSE,NORMAL
28,76,9,283.3266947,575.8638723,4.778239817,100,14.51131058,11.24165314,8.395549427,0.916044506,63.34369051,TRUE,FALSE,NORMAL
28,76,10,985.9086419,230.783958,1.121617474,100,3.358008997,22.35734157,0,0,0,TRUE,FALSE,NORMAL
28,77,1,698.8755234,715.9650019,5.237067198,100,44.34387461,15.47890284,10.52165268,0.894783473,61.64552981,TRUE,FALSE,NORMAL
28,77,2,63.85048912,532.9279823,9.36120287,100,22.06340937,10.57374217,20.60666686,0.793933331,53.6222402,TRUE,FALSE,NORMAL
28,77,3,63.15064008,404.6314917,4.642679434,100,42.83334865,1.054230148,23.99015846,0.760098415,50.94082528,TRUE,FALSE,NORMAL
28,77,4,140.5442028,102.379626,6.754056582,100,38.77268068,5.570551957,0,0,0,TRUE,FALSE,NORMAL
28,77,5,885.3802034,846.2663438,1.323406959,100,30.83143712,2.198786046,12.29987305,0.877001269,60.22574317,TRUE,FALSE,NORMAL
28,77,6,694.2928129,467.2665684,4.318949381,100,1.653585947,15.95741335,8.743432317,0.912565677,63.06531645,TRUE,FALSE,NORMAL
28,77,7,35.84146007,462.7041852,2.77049821,100,2.120166997,0,27.38682787,0.726131721,48.25052198,TRUE,FALSE,NORMAL
28,77,8,188.3796999,786.0100995,4.088166655,100,14.77088967,22.70043575,7.529228004,0.92470772,64.03558859,TRUE,FALSE,NORMAL
28,77,9,287.3454136,578.4487271,4.778239817,100,12.45032857,9.637489151,7.757046252,0.922429537,63.85363863,TRUE,FALSE,NORMAL
28,77,10,986.9772736,231.1246221,1.121617474,100,0,22.68659371,0,0,0,TRUE,FALSE,NORMAL
28,78,1,704.0892859,716.4585127,5.237067198,100,48.51203244,15.50197509,10.62016504,0.89379835,61.56695418,TRUE,FALSE,NORMAL
28,78,2,57.00918679,539.3177164,9.36120287,100,20.79080753,7.912807598,20.31527727,0.796847227,53.85268866,TRUE,FALSE,NORMAL
28,78,3,60.2003533,408.2162204,4.642679434,100,43.44487204,0.023087239,24.21653319,0.757834668,50.76187405,TRUE,FALSE,NORMAL
28,78,4,141.0903441,95.64768647,6.754056582,100,41.70169731,5.415958297,0,0,0,TRUE,FALSE,NORMAL
28,78,5,885.6988253,847.5508228,1.323406959,100,28.62882056,1.428769226,12.89217531,0.871078247,59.75293223,TRUE,FALSE,NORMAL
28,78,6,698.2001794,465.4265109,4.318949381,100,0.887248159,18.44149233,8.348154773,0.916518452,63.38097613,TRUE,FALSE,NORMAL
28,78,7,33.45376993,464.1093884,2.77049821,100,0,0,27.49510105,0.72504899,48.16416539,TRUE,FALSE,NORMAL
28,78,8,192.4604086,785.7632735,4.088166655,100,17.31784328,23.99618023,7.633379275,0.923666207,63.9524032,TRUE,FALSE,NORMAL
28,78,9,283.8489766,575.1919643,4.778239817,100,13.48735217,7.250117888,8.021807797,0.919781922,63.64210486,TRUE,FALSE,NORMAL
28,78,10,987.7072362,231.9761974,1.121617474,100,1.353024247,25.65161258,0,0,0,TRUE,FALSE,NORMAL
28,79,1,701.8862713,721.2096809,5.237067198,100,44.3443162,12.50359572,10.14078534,0.898592147,61.94985695,TRUE,FALSE,NORMAL
28,79,2,66.10592912,537.1083278,9.36120287,100,19.17592882,5.14424581,20.87467784,0.791253222,53.40389151,TRUE,FALSE,NORMAL
28,79,3,57.19368053,404.6786519,4.642679434,100,41.7440009,0,24.03060874,0.759693913,50.90974456,TRUE,FALSE,NORMAL
28,79,4,136.6591432,100.744915,6.754056582,100,42.60087625,7.874757001,0,0,0,TRUE,FALSE,NORMAL
28,79,5,885.7770028,846.2297269,1.323406959,100,32.01214684,3.974818674,13.16315885,0.868368411,59.53662783,TRUE,FALSE,NORMAL
28,79,6,694.7242284,462.8630974,4.318949381,100,1.386651573,19.31236257,7.118411828,0.928815882,64.36308607,TRUE,FALSE,NORMAL
28,79,7,32.17512647,461.6515985,2.77049821,100,4.295027148,0,27.34328294,0.726567171,48.28246555,TRUE,FALSE,NORMAL
28,79,8,189.2734468,783.2027304,4.088166655,100,13.6987645,21.66664223,8.462661243,0.915373388,63.29011457,TRUE,FALSE,NORMAL
28,79,9,279.1839025,576.2257242,4.778239817,100,15.05355159,8.599157847,8.738630025,0.9126137,63.06991176,TRUE,FALSE,NORMAL
28,79,10,986.9431008,231.1551475,1.121617474,100,3.936081335,26.80691668,0,0,0,TRUE,FALSE,NORMAL
28,80,1,707.0144682,722.2719751,5.237067198,100,40.6462668,15.01377886,10.68009655,0.893199034,61.51938859,TRUE,FALSE,NORMAL
28,80,2,61.90281518,528.7437625,9.36120287,100,18.5637514,6.172441214,21.18357704,0.78816423,53.16604296,TRUE,FALSE,NORMAL
28,80,3,56.66369428,409.2909818,4.642679434,100,44.70451413,0,24.75239967,0.752476003,50.33863367,TRUE,FALSE,NORMAL
28,80,4,143.3461376,101.6943281,6.754056582,100,43.95259351,7.245106331,0,0,0,TRUE,FALSE,NORMAL
28,80,5,884.8928646,845.2449906,1.323406959,100,36.51859,3.918511987,14.18886145,0.858111385,58.71795643,TRUE,FALSE,NORMAL
28,80,6,698.8066477,464.2727698,4.318949381,100,1.01160429,16.51821857,7.171331648,0.928286684,64.32082074,TRUE,FALSE,NORMAL
28,80,7,32.06232162,464.4197993,2.77049821,100,2.398859283,2.12626711,27.94406631,0.720559337,47.81381287,TRUE,FALSE,NORMAL
28,80,8,185.252205,783.9394264,4.088166655,100,17.88949431,18.89830358,7.673661305,0.923263387,63.92035547,TRUE,FALSE,NORMAL
28,80,9,282.9242913,579.1991175,4.778239817,100,17.7046668,10.13835617,8.016488166,0.919835118,63.64648706,TRUE,FALSE,NORMAL
28,80,10,985.9692104,230.5987635,1.121617474,100,6.38429628,24.92836817,0,0,0,TRUE,FALSE,NORMAL
28,81,1,702.4253409,719.7487265,5.237067198,100,41.05257831,12.64559262,10.10480834,0.898951917,61.97862056,TRUE,FALSE,NORMAL
28,81,2,63.86315051,537.8974068,9.36120287,100,22.73012717,6.005751913,21.07736835,0.789226316,53.24461502,TRUE,FALSE,NORMAL
28,81,3,61.2591513,408.6304917,4.642679434,100,48.41581691,2.485294387,24.50360181,0.754963982,50.53274266,TRUE,FALSE,NORMAL
28,81,4,136.6137196,102.2345392,6.754056582,100,43.20444509,9.805115854,0,0,0,TRUE,FALSE,NORMAL
28,81,5,884.2759585,846.4158164,1.323406959,100,40.9146134,2.155812846,13.28839496,0.86711605,59.43666426,TRUE,FALSE,NORMAL
28,81,6,700.0473431,460.1358629,4.318949381,100,5.014155309,18.87548045,6.921221717,0.930787783,64.52057686,TRUE,FALSE,NORMAL
28,81,7,34.79644436,464.8672735,2.77049821,100,0.227057684,4.863904973,27.78896168,0.722110383,47.92935815,TRUE,FALSE,NORMAL
28,81,8,183.1688839,787.4569368,4.088166655,100,21.44918018,16.96757793,8.033299829,0.919667002,63.63293237,TRUE,FALSE,NORMAL
28,81,9,278.1737538,578.6853383,4.778239817,100,13.47619878,10.05494314,8.876434832,0.911235652,62.95970282,TRUE,FALSE,NORMAL
28,81,10,985.7939484,231.7066033,1.121617474,100,9.508757124,27.87076556,0,0,0,TRUE,FALSE,NORMAL
28,82,1,707.6489147,719.373027,5.237067198,100,43.27759249,11.60836092,10.64557612,0.893544239,61.54684237,TRUE,FALSE,NORMAL
28,82,2,54.91519623,540.6480855,9.36120287,100,20.90178911,6.282420216,20.53007754,0.794699225,53.68179185,TRUE,FALSE,NORMAL
28,82,3,60.2167612,413.1546375,4.642679434,100,52.6541,0.695424494,24.91149804,0.75088502,50.21593497,TRUE,FALSE,NORMAL
28,82,4,137.8431534,95.59332147,6.754056582,100,47.57534026,11.4166415,0,0,0,TRUE,FALSE,NORMAL
28,82,5,885.4589702,847.009019,1.323406959,100,36.24735116,1.779711284,13.74781514,0.862521849,59.06996769,TRUE,FALSE,NORMAL
28,82,6,702.740363,463.5123948,4.318949381,100,6.231400625,19.15143509,7.543337102,0.924566629,64.02371704,TRUE,FALSE,NORMAL
28,82,7,37.39308729,463.9012995,2.77049821,100,2.832428205,6.816954852,28.13625695,0.71863743,47.66047926,TRUE,FALSE,NORMAL
28,82,8,182.6515505,791.5122386,4.088166655,100,20.92582445,17.62238719,7.636484662,0.923635153,63.94993806,TRUE,FALSE,NORMAL
28,82,9,278.7730729,583.4258438,4.778239817,100,13.32824674,11.0370541,8.386375912,0.916136241,63.3509279,TRUE,FALSE,NORMAL
28,82,10,986.90761,231.5732485,1.121617474,100,10.9760017,26.10280698,0,0,0,TRUE,FALSE,NORMAL
28,83,1,712.7757541,718.3042004,5.237067198,100,41.39683127,11.47617726,11.0158862,0.889841138,61.25129954,TRUE,FALSE,NORMAL
28,83,2,46.88235193,535.8412642,9.36120287,100,25.82840855,5.650472449,20.54813759,0.794518624,53.67368455,TRUE,FALSE,NORMAL
28,83,3,60.2225145,417.7973134,4.642679434,100,54.63204816,1.98182113,25.92722894,0.740727711,49.40925007,TRUE,FALSE,NORMAL
28,83,4,143.3991181,91.75293914,6.754056582,100,43.33096058,14.26900292,0,0,0,TRUE,FALSE,NORMAL
28,83,5,884.1360467,847.0447885,1.323406959,100,40.7582403,1.824709486,14.51008896,0.85489911,58.4615885,TRUE,FALSE,NORMAL
28,83,6,698.5053305,462.66515,4.318949381,100,8.514640117,20.69571766,7.52168344,0.924783166,64.04101059,TRUE,FALSE,NORMAL
28,83,7,35.38912187,465.8143554,2.77049821,100,0,6.742928137,28.88052124,0.711194788,47.07461041,TRUE,FALSE,NORMAL
28,83,8,182.8889421,795.593507,4.088166655,100,24.78866612,15.49565383,6.196429832,0.938035702,65.10016459,TRUE,FALSE,NORMAL
28,83,9,275.5291961,579.9174483,4.778239817,100,9.061394435,10.87256591,8.408918554,0.915910814,63.33272273,TRUE,FALSE,NORMAL
28,83,10,985.9157126,231.0496405,1.121617474,100,10.56464822,27.71987617,0,0,0,TRUE,FALSE,NORMAL
28,84,1,716.8826289,721.5538853,5.237067198,100,41.49733073,13.29450007,10.81919027,0.891808097,61.40860782,TRUE,FALSE,NORMAL
28,84,2,56.07713095,534.0839486,9.36120287,100,24.54076054,3.860348313,21.21660843,0.787833916,53.138826,TRUE,FALSE,NORMAL
28,84,3,63.80393555,414.8430122,4.642679434,100,59.49660736,0,25.85706721,0.741429328,49.45729742,TRUE,FALSE,NORMAL
28,84,4,150.1362931,91.27570441,6.754056582,100,46.27427516,15.12301089,0,0,0,TRUE,FALSE,NORMAL
28,84,5,885.3433976,847.5867385,1.323406959,100,38.04805577,2.631092352,15.17178541,0.848282146,57.93353108,TRUE,FALSE,NORMAL
28,84,6,695.0104438,460.1276137,4.318949381,100,10.74634872,22.61352877,6.466595135,0.935334049,64.88368455,TRUE,FALSE,NORMAL
28,84,7,32.62984738,465.5652278,2.77049821,100,4.15647124,6.626344637,28.5303255,0.714696745,47.34525686,TRUE,FALSE,NORMAL
28,84,8,180.2130064,792.5027992,4.088166655,100,24.65127582,13.99447234,6.639209341,0.933607907,64.74635463,TRUE,FALSE,NORMAL
28,84,9,273.3001384,575.6909985,4.778239817,100,5.745751959,12.21089771,9.123459731,0.908765403,62.76219683,TRUE,FALSE,NORMAL
28,84,10,984.8154312,231.2673712,1.121617474,100,10.29460525,27.33513764,0,0,0,TRUE,FALSE,NORMAL
28,85,1,718.5225695,726.5275628,5.237067198,100,46.19719781,16.19884587,10.28643025,0.897135698,61.83434452,TRUE,FALSE,NORMAL
28,85,2,65.0064917,531.2734975,9.36120287,100,23.05363008,4.120833207,21.4765555,0.785234445,52.93245697,TRUE,FALSE,NORMAL
28,85,3,61.04453035,411.1093604,4.642679434,100,56.37143828,1.203403827,25.42245755,0.745775424,49.80053868,TRUE,FALSE,NORMAL
28,85,4,143.8527834,88.79885429,6.754056582,100,44.41707933,15.63682242,0,0,0,TRUE,FALSE,NORMAL
28,85,5,886.4997362,848.2303899,1.323406959,100,34.7365693,3.736764663,15.66793815,0.843320618,57.5376155,TRUE,FALSE,NORMAL
28,85,6,693.7883507,455.9851733,4.318949381,100,10.17490872,20.66140936,4.904922341,0.950950777,66.13107354,TRUE,FALSE,NORMAL
28,85,7,34.38949057,467.7051615,2.77049821,100,8.555156909,4.223516049,28.57230434,0.714276957,47.30966393,TRUE,FALSE,NORMAL
28,85,8,178.7668216,796.3266267,4.088166655,100,20.64842613,13.70094455,5.752952043,0.94247048,65.45406518,TRUE,FALSE,NORMAL
28,85,9,275.6329742,571.5209322,4.778239817,100,9.500735404,10.77775907,8.962133957,0.91037866,62.89112549,TRUE,FALSE,NORMAL
28,85,10,983.8252364,231.7941917,1.121617474,100,9.10667965,29.68345213,0,0,0,TRUE,FALSE,NORMAL
28,86,1,716.8663744,731.4958513,5.237067198,100,44.6447356,18.4885799,10.24264269,0.897573573,61.86936716,TRUE,FALSE,NORMAL
28,86,2,55.9374596,528.9529855,9.36120287,100,18.50017561,2.982183994,21.11938473,0.788806153,53.22376357,TRUE,FALSE,NORMAL
28,86,3,62.67138761,406.7610495,4.642679434,100,53.72755729,2.138597864,24.95420454,0.750457955,50.16689652,TRUE,FALSE,NORMAL
28,86,4,149.8679968,91.87041553,6.754056582,100,39.43481596,15.78525729,0,0,0,TRUE,FALSE,NORMAL
28,86,5,886.6737731,849.5423034,1.323406959,100,34.28638102,2.907013068,15.77261944,0.842273806,57.45408649,TRUE,FALSE,NORMAL
28,86,6,696.3705251,459.4472102,4.318949381,100,9.404039315,22.63080788,4.712665935,0.952873341,66.28464784,TRUE,FALSE,NORMAL
28,86,7,35.0799334,470.3882472,2.77049821,100,8.239650019,7.078274235,28.94711491,0.710528851,47.01186762,TRUE,FALSE,NORMAL
28,86,8,180.3303162,800.1040056,4.088166655,100,22.96999678,14.49687397,4.967297056,0.950327029,66.08179435,TRUE,FALSE,NORMAL
28,86,9,271.216524,573.3448136,4.778239817,100,11.45589976,11.71899897,9.010094355,0.909899056,62.85269335,TRUE,FALSE,NORMAL
28,86,10,983.4984313,230.7212405,1.121617474,100,7.006305158,28.97812449,0,0,0,TRUE,FALSE,NORMAL
28,87,1,720.7483008,727.9805248,5.237067198,100,40.72717232,20.48301895,10.58923041,0.894107696,61.59251959,TRUE,FALSE,NORMAL
28,87,2,46.65783727,527.7198073,9.36120287,100,17.07857481,0.682642832,28.07230079,0.719276992,47.69158254,TRUE,FALSE,NORMAL
28,87,3,58.08113968,406.0652793,4.642679434,100,55.67481163,0,24.91132993,0.750886701,50.19971602,TRUE,FALSE,NORMAL
28,87,4,143.2092306,93.00095216,6.754056582,100,34.62174498,17.96080689,0,0,0,TRUE,FALSE,NORMAL
28,87,5,887.1082731,850.7923497,1.323406959,100,34.72157075,3.605359058,15.77713685,0.842228631,57.45048191,TRUE,FALSE,NORMAL
28,87,6,692.2656166,460.7899873,4.318949381,100,5.271873956,21.90306909,5.401323964,0.94598676,65.73455728,TRUE,FALSE,NORMAL
28,87,7,33.42551287,472.6105327,2.77049821,100,5.051067914,9.011702531,29.40648853,0.705935115,46.65061759,TRUE,FALSE,NORMAL
28,87,8,181.8885717,803.8835487,4.088166655,100,24.79888791,15.32220574,8.78646783,0.912135322,63.03094991,TRUE,FALSE,NORMAL
28,87,9,267.3378236,570.5542475,4.778239817,100,10.97564294,11.50111242,8.824695676,0.911753043,63.00064793,TRUE,FALSE,NORMAL
28,87,10,983.1378702,231.783324,1.121617474,100,2.737027879,30.97498922,0,0,0,TRUE,FALSE,NORMAL
28,88,1,721.4933016,722.7967186,5.237067198,100,42.41098684,21.42401242,10.62828358,0.893717164,61.56121467,TRUE,FALSE,NORMAL
28,88,2,51.16844412,519.5169697,9.36120287,100,17.81439458,1.463317899,29.32735621,0.706726438,46.70821511,TRUE,FALSE,NORMAL
28,88,3,57.0909802,410.6011426,4.642679434,100,60.46074213,2.498513264,25.7303008,0.742696992,49.55285902,TRUE,FALSE,NORMAL
28,88,4,142.6156418,86.2730303,6.754056582,100,37.71934965,20.00515264,0,0,0,TRUE,FALSE,NORMAL
28,88,5,885.8015035,851.0015365,1.323406959,100,38.73017638,2.829215302,15.50419585,0.844958042,57.66827401,TRUE,FALSE,NORMAL
28,88,6,688.8086982,458.2009646,4.318949381,100,4.106160408,23.04935572,5.752371316,0.942476287,65.45415533,TRUE,FALSE,NORMAL
28,88,7,35.52090615,474.4229861,2.77049821,100,7.597399466,9.207518763,30.098598,0.69901402,46.11640083,TRUE,FALSE,NORMAL
28,88,8,178.417759,806.0437724,4.088166655,100,20.30964368,14.63377807,8.730365889,0.912696341,63.07575084,TRUE,FALSE,NORMAL
28,88,9,269.8358027,574.6275356,4.778239817,100,8.805370365,12.85009987,8.625386157,0.913746138,63.15982303,TRUE,FALSE,NORMAL
28,88,10,984.2577278,231.8461293,1.121617474,100,6.179820112,32.25931123,0,0,0,TRUE,FALSE,NORMAL
28,89,1,726.284268,724.9117868,5.237067198,100,38.46254224,24.11635239,10.85073971,0.891492603,61.38398145,TRUE,FALSE,NORMAL
28,89,2,45.28314415,526.7967611,9.36120287,100,14.55576347,0,28.69465863,0.713053414,47.20679619,TRUE,FALSE,NORMAL
28,89,3,56.07159912,415.1305283,4.642679434,100,63.10456231,3.818991662,25.84267364,0.741573264,49.46400348,TRUE,FALSE,NORMAL
28,89,4,148.0736692,82.29468675,6.754056582,100,41.25020545,18.10207562,0,0,0,TRUE,FALSE,NORMAL
28,89,5,885.1795979,849.8333587,1.323406959,100,34.1576353,0.71983614,16.55923137,0.834407686,56.82646231,TRUE,FALSE,NORMAL
28,89,6,692.8704761,456.7328761,4.318949381,100,0.509599636,20.74787671,5.142248038,0.94857752,65.9415006,TRUE,FALSE,NORMAL
28,89,7,35.05381211,477.1538255,2.77049821,100,11.63827795,8.186083924,30.06664518,0.699333548,46.13822262,TRUE,FALSE,NORMAL
28,89,8,181.3529244,803.1980896,4.088166655,100,19.02273161,12.18410955,8.553034867,0.914469651,63.21736222,TRUE,FALSE,NORMAL
28,89,9,271.5400167,570.1635429,4.778239817,100,12.75623846,15.50474756,8.540646315,0.914593537,63.22741103,TRUE,FALSE,NORMAL
28,89,10,985.3105001,231.4592233,1.121617474,100,5.845737541,34.41593929,0,0,0,TRUE,FALSE,NORMAL
27,0,1,515.8988963,954.187237,2.584306688,100,0,2.106859119,0,0,0,TRUE,FALSE,NORMAL
27,0,2,338.2855573,305.5298289,6.137087269,100,0,1.884087149,20.01367708,0.799863229,54.08008644,TRUE,FALSE,NORMAL
27,0,3,285.2989932,206.0614596,1.434986127,100,0,0,22.11104756,0.778889524,52.41017469,TRUE,FALSE,NORMAL
27,0,4,799.3783959,147.0782622,3.559070239,100,4.142490671,1.406430779,25.39152618,0.746084738,49.78635267,TRUE,FALSE,NORMAL
27,0,5,185.8445009,408.9204042,2.490165464,100,0,1.912759,13.07966766,0.869203323,59.60456267,TRUE,FALSE,NORMAL
27,0,6,193.0006206,667.3630348,4.919617069,100,0,1.931739201,11.23571643,0.887642836,61.07600209,TRUE,FALSE,NORMAL
27,0,7,13.61110735,775.016959,8.482661466,100,0.180448625,1.338326332,15.36906656,0.846309334,57.77610304,TRUE,FALSE,NORMAL
27,0,8,557.4517467,422.2714144,4.250330374,100,4.647948802,0,8.814015735,0.911859843,63.00895125,TRUE,FALSE,NORMAL
27,0,9,696.7453115,38.1779753,8.964433706,100,0.232770505,0.357647679,25.39152618,0.746084738,49.78635267,TRUE,FALSE,NORMAL
27,0,10,895.3113075,917.8949056,3.598788408,100,2.510469551,0.418113942,0,0,0,TRUE,FALSE,NORMAL
27,1,1,514.7866506,956.5199501,2.584306688,100,4.379405924,2.632827195,0,0,0,TRUE,FALSE,NORMAL
27,1,2,338.8479359,299.418563,6.137087269,100,0.78872227,1.116835068,20.11910416,0.798808958,53.99691929,TRUE,FALSE,NORMAL
27,1,3,283.9523361,205.5657784,1.434986127,100,2.127009668,2.638490083,22.56293295,0.774370671,52.05125179,TRUE,FALSE,NORMAL
27,1,4,795.8360398,147.4227829,3.559070239,100,7.360377682,0,27.14902216,0.728509778,48.38773797,TRUE,FALSE,NORMAL
27,1,5,184.4136691,406.882355,2.490165464,100,0,0.337949557,12.84154176,0.871584582,59.79450946,TRUE,FALSE,NORMAL
27,1,6,197.8787641,666.7255801,4.919617069,100,0.599538472,0,10.16182426,0.898381757,61.93313505,TRUE,FALSE,NORMAL
27,1,7,5.227678618,773.7232557,8.482661466,100,0,0.573425182,13.49753042,0.865024696,59.26973552,TRUE,FALSE,NORMAL
27,1,8,553.6437195,420.3834957,4.250330374,100,3.32900624,0.983547984,9.116141214,0.908838588,62.76768937,TRUE,FALSE,NORMAL
27,1,9,699.7815502,46.61256635,8.964433706,100,0,0,27.14902216,0.728509778,48.38773797,TRUE,FALSE,NORMAL
27,1,10,898.9100926,917.8998092,3.598788408,100,0.795889514,0,0,0,0,TRUE,FALSE,NORMAL
27,2,1,515.3536837,959.041282,2.584306688,100,8.159951623,4.080167357,0,0,0,TRUE,FALSE,NORMAL
27,2,2,334.4206056,303.6685732,6.137087269,100,2.911540643,0,20.63587577,0.793641242,53.58456019,TRUE,FALSE,NORMAL
27,2,3,283.3228651,206.8553332,1.434986127,100,0,4.059795744,22.77394159,0.772260584,51.88247525,TRUE,FALSE,NORMAL
27,2,4,792.32735,148.0195044,3.559070239,100,9.929467077,0,27.28244705,0.72717553,48.28160276,TRUE,FALSE,NORMAL
27,2,5,186.7309892,405.9707894,2.490165464,100,0,0,13.59505818,0.864049418,59.19338981,TRUE,FALSE,NORMAL
27,2,6,201.979462,664.0076932,4.919617069,100,0,0,10.19388408,0.898061159,61.90747507,TRUE,FALSE,NORMAL
27,2,7,4.759849031,765.2535048,8.482661466,100,0,2.033403983,13.27625682,0.867237432,59.44635287,TRUE,FALSE,NORMAL
27,2,8,549.4567776,421.1148139,4.250330374,100,0,0,9.366782694,0.906332173,62.56754481,TRUE,FALSE,NORMAL
27,2,9,692.5985365,51.97590351,8.964433706,100,1.548119868,2.032344233,27.28244705,0.72717553,48.28160276,TRUE,FALSE,NORMAL
27,2,10,901.9188622,915.9253262,3.598788408,100,0,0,0,0,0,TRUE,FALSE,NORMAL
27,3,1,517.9375743,958.9949088,2.584306688,100,3.792072648,3.462729575,0,0,0,TRUE,FALSE,NORMAL
27,3,2,340.000166,301.1127278,6.137087269,100,4.749284184,0,20.79681086,0.792031891,53.45595453,TRUE,FALSE,NORMAL
27,3,3,284.5052638,207.668425,1.434986127,100,2.455746007,1.174813554,22.77991825,0.772200818,51.87807182,TRUE,FALSE,NORMAL
27,3,4,795.4625648,149.7039656,3.559070239,100,9.192525324,1.097133962,25.9357202,0.740642798,49.35317348,TRUE,FALSE,NORMAL
27,3,5,188.3899772,407.8278523,2.490165464,100,0,0.199880851,13.482912,0.86517088,59.28251977,TRUE,FALSE,NORMAL
27,3,6,197.6587803,661.6551749,4.919617069,100,0,0,10.28878006,0.897112199,61.83156782,TRUE,FALSE,NORMAL
27,3,7,0,769.2415406,8.482661466,100,4.181223175,0.819112225,12.71422847,0.872857715,59.89497663,TRUE,FALSE,NORMAL
27,3,8,546.0542591,418.5676241,4.250330374,100,0,2.438225318,10.68007025,0.893199297,61.51892161,TRUE,FALSE,NORMAL
27,3,9,694.8731093,43.30483724,8.964433706,100,0.315003071,2.72824755,25.9357202,0.740642798,49.35317348,TRUE,FALSE,NORMAL
27,3,10,898.3341758,916.2436052,3.598788408,100,0,0,0,0,0,TRUE,FALSE,NORMAL
27,4,1,516.1340745,957.1439552,2.584306688,100,4.727764149,0.621752649,0,0,0,TRUE,FALSE,NORMAL
27,4,2,343.1243553,306.3950835,6.137087269,100,0,2.171486798,20.72520024,0.792747998,53.51123228,TRUE,FALSE,NORMAL
27,4,3,283.1304141,208.0794887,1.434986127,100,2.99049729,1.800467411,22.2526053,0.777473947,52.29614774,TRUE,FALSE,NORMAL
27,4,4,797.1216308,152.8526924,3.559070239,100,7.418462872,0,26.7292342,0.732707658,48.72170874,TRUE,FALSE,NORMAL
27,4,5,190.2948007,409.4317761,2.490165464,100,0,2.214692834,13.43441395,0.86565586,59.32133356,TRUE,FALSE,NORMAL
27,4,6,194.8049365,665.6624443,4.919617069,100,0,0.846350984,10.5736265,0.894263735,61.60428413,TRUE,FALSE,NORMAL
27,4,7,0,766.5375425,8.482661466,100,4.67361965,0,13.66463134,0.863353687,59.13636118,TRUE,FALSE,NORMAL
27,4,8,548.9512655,415.4575337,4.250330374,100,4.098028146,0.732137769,11.39101127,0.886089887,60.951311,TRUE,FALSE,NORMAL
27,4,9,703.1421844,46.76655194,8.964433706,100,0,0,26.7292342,0.732707658,48.72170874,TRUE,FALSE,NORMAL
27,4,10,896.492976,919.3357342,3.598788408,100,0,0.830015104,0,0,0,TRUE,FALSE,NORMAL
27,5,1,516.6752444,959.6709645,2.584306688,100,8.698662606,0,0,0,0,TRUE,FALSE,NORMAL
27,5,2,338.7427783,302.0979189,6.137087269,100,1.175088739,0.264176926,20.60512163,0.793948784,53.60879965,TRUE,FALSE,NORMAL
27,5,3,283.9351639,206.8913966,1.434986127,100,0.245218693,2.544617725,22.53516772,0.774648323,52.07289004,TRUE,FALSE,NORMAL
27,5,4,797.9940364,156.3031836,3.559070239,100,5.406748078,0,27.69360671,0.723063933,47.95458155,TRUE,FALSE,NORMAL
27,5,5,192.2292447,410.9998484,2.490165464,100,0,2.119928371,13.2806673,0.867193327,59.44420066,TRUE,FALSE,NORMAL
27,5,6,197.618193,669.6983109,4.919617069,100,0,1.044207772,10.82407414,0.891759259,61.40451284,TRUE,FALSE,NORMAL
27,5,7,3.074525498,758.6316688,8.482661466,100,7.79907723,0,14.58142308,0.854185769,58.40465903,TRUE,FALSE,NORMAL
27,5,8,553.1624777,414.8822076,4.250330374,100,0.538859427,0.83237416,9.82673277,0.901732672,62.20027296,TRUE,FALSE,NORMAL
27,5,9,709.9059287,52.6498193,8.964433706,100,0,2.980882684,27.69360671,0.723063933,47.95458155,TRUE,FALSE,NORMAL
27,5,10,896.5230639,915.7370715,3.598788408,100,0.763844432,1.094606794,0,0,0,TRUE,FALSE,NORMAL
27,6,1,516.4889252,957.093383,2.584306688,100,4.043333826,0,0,0,0,TRUE,FALSE,NORMAL
27,6,2,340.3856001,296.1847999,6.137087269,100,0,0.200374926,20.64851126,0.793514887,53.57551189,TRUE,FALSE,NORMAL
27,6,3,283.4761928,208.2510034,1.434986127,100,0,3.435819505,22.89590504,0.77104095,51.78743679,TRUE,FALSE,NORMAL
27,6,4,799.7367445,159.4063996,3.559070239,100,3.834204652,0,25.66210557,0.743378944,49.5709595,TRUE,FALSE,NORMAL
27,6,5,192.058116,413.4841268,2.490165464,100,3.646059937,2.216385895,13.16150189,0.868384981,59.53890975,TRUE,FALSE,NORMAL
27,6,6,201.5264696,666.710334,4.919617069,100,0,0,11.26634121,0.887336588,61.05129549,TRUE,FALSE,NORMAL
27,6,7,4.544045199,750.2772653,8.482661466,100,3.96811009,0,14.57000408,0.854299959,58.41377213,TRUE,FALSE,NORMAL
27,6,8,548.928282,415.252201,4.250330374,100,0.217455934,0,10.18405814,0.898159419,61.91495808,TRUE,FALSE,NORMAL
27,6,9,706.6424141,44.30053524,8.964433706,100,1.026628332,5.281175239,25.66210557,0.743378944,49.5709595,TRUE,FALSE,NORMAL
27,6,10,893.0101214,914.9557181,3.598788408,100,0,0.900308395,0,0,0,TRUE,FALSE,NORMAL
27,7,1,515.8561866,954.5877328,2.584306688,100,0,0,0,0,0,TRUE,FALSE,NORMAL
27,7,2,338.265248,290.4256379,6.137087269,100,4.826950547,0,20.41065852,0.795893415,53.76772495,TRUE,FALSE,NORMAL
27,7,3,284.8064991,207.712979,1.434986127,100,0,1.357870062,23.35785088,0.766421491,51.42221152,TRUE,FALSE,NORMAL
27,7,4,798.1152187,162.5746223,3.559070239,100,1.92100161,0,25.41619348,0.745838065,49.76671547,TRUE,FALSE,NORMAL
27,7,5,189.8586616,412.316512,2.490165464,100,5.858582249,2.011914566,13.14551108,0.868544889,59.55149317,TRUE,FALSE,NORMAL
27,7,6,200.3016104,661.9456355,4.919617069,100,0,2.96409484,11.68375123,0.883162488,60.71801852,TRUE,FALSE,NORMAL
27,7,7,3.356021842,741.8782091,8.482661466,100,0,0.182253802,14.80942188,0.851905781,58.22270421,TRUE,FALSE,NORMAL
27,7,8,549.92641,419.3836715,4.250330374,100,0,0,8.892253252,0.911077467,62.94647419,TRUE,FALSE,NORMAL
27,7,9,713.9083137,39.05003284,8.964433706,100,0,3.496422525,25.41619348,0.745838065,49.76671547,TRUE,FALSE,NORMAL
27,7,10,892.9993384,918.5544904,3.598788408,100,1.40840947,2.607437033,0,0,0,TRUE,FALSE,NORMAL
27,8,1,513.9035412,952.8948605,2.584306688,100,0,0,0,0,0,TRUE,FALSE,NORMAL
27,8,2,342.960585,286.4737205,6.137087269,100,5.795551866,1.538628954,20.35197672,0.796480233,53.81512066,TRUE,FALSE,NORMAL
27,8,3,285.5013573,208.9685097,1.434986127,100,0,4.256743681,23.45562937,0.765443706,51.34540903,TRUE,FALSE,NORMAL
27,8,4,794.7831099,161.3240096,3.559070239,100,0,1.325550621,26.50674201,0.73493258,48.89874249,TRUE,FALSE,NORMAL
27,8,5,190.7519851,414.6409253,2.490165464,100,8.571826449,2.392123448,12.73772347,0.872622765,59.87678181,TRUE,FALSE,NORMAL
27,8,6,204.9544141,663.543775,4.919617069,100,0,4.196902396,10.93585981,0.890641402,61.3149067,TRUE,FALSE,NORMAL
27,8,7,0,748.8680974,8.482661466,100,1.003173141,0.552164507,13.22325158,0.867767484,59.48866158,TRUE,FALSE,NORMAL
27,8,8,546.2203466,421.4646334,4.250330374,100,0,0,9.537045206,0.904629548,62.43158777,TRUE,FALSE,NORMAL
27,8,9,709.2223595,46.69221221,8.964433706,100,4.817278991,2.180154486,26.50674201,0.73493258,48.89874249,TRUE,FALSE,NORMAL
27,8,10,895.4393952,921.1997504,3.598788408,100,2.218447561,0.743385108,0,0,0,TRUE,FALSE,NORMAL
27,9,1,516.1941024,951.698211,2.584306688,100,0,0,0,0,0,TRUE,FALSE,NORMAL
27,9,2,345.4807699,292.0694785,6.137087269,100,5.855250654,0,20.35032912,0.796496709,53.81462408,TRUE,FALSE,NORMAL
27,9,3,286.8137231,209.5489243,1.434986127,100,2.469161326,3.297897123,23.1854709,0.768145291,51.55819033,TRUE,FALSE,NORMAL
27,9,4,797.6886639,163.3794262,3.559070239,100,0,3.214785043,26.43099716,0.735690028,48.95901549,TRUE,FALSE,NORMAL
27,9,5,193.1233152,413.8808478,2.490165464,100,6.94905223,0.398946205,12.98394195,0.87016058,59.68037449,TRUE,FALSE,NORMAL
27,9,6,209.8669481,663.8076724,4.919617069,100,0,2.057517428,10.70692984,0.892930702,61.49767759,TRUE,FALSE,NORMAL
27,9,7,0,740.8422752,8.482661466,100,5.189179948,3.248492818,12.96288551,0.870371145,59.69648929,TRUE,FALSE,NORMAL
27,9,8,549.9290958,423.5408049,4.250330374,100,0,1.706566427,9.692916013,0.90307084,62.30712455,TRUE,FALSE,NORMAL
27,9,9,704.4701454,54.29336556,8.964433706,100,2.710884366,2.418711617,26.43099716,0.735690028,48.95901549,TRUE,FALSE,NORMAL
27,9,10,897.189089,918.0549373,3.598788408,100,0.347877074,0,0,0,0,TRUE,FALSE,NORMAL
27,10,1,513.8704917,950.5670724,2.584306688,100,0.059471273,0,0,0,0,TRUE,FALSE,NORMAL
27,10,2,347.3359827,286.2195191,6.137087269,100,1.611138721,2.751213681,20.55295595,0.79447044,53.65425963,TRUE,FALSE,NORMAL
27,10,3,288.0580155,208.8341365,1.434986127,100,0,5.602552307,23.606339,0.76393661,51.22447518,TRUE,FALSE,NORMAL
27,10,4,797.3487777,166.92223,3.559070239,100,4.37589811,5.548012654,26.23966692,0.737603331,49.11127279,TRUE,FALSE,NORMAL
27,10,5,194.8927085,412.1286574,2.490165464,100,8.022821111,0.04711905,12.97715006,0.870228499,59.68569155,TRUE,FALSE,NORMAL
27,10,6,213.5467566,660.5424555,4.919617069,100,0.464390326,1.022501342,10.43068012,0.895693199,61.718161,TRUE,FALSE,NORMAL
27,10,7,3.056776456,748.7550284,8.482661466,100,6.198836775,3.288541675,12.18031815,0.878196818,60.32118284,TRUE,FALSE,NORMAL
27,10,8,545.9098176,422.1585203,4.250330374,100,0.251972932,4.530534232,10.09907959,0.899009204,61.98281034,TRUE,FALSE,NORMAL
27,10,9,712.3090262,49.94445553,8.964433706,100,0.812919062,2.829448316,26.23966692,0.737603331,49.11127279,TRUE,FALSE,NORMAL
27,10,10,893.6299576,918.587724,3.598788408,100,2.207728409,0,0,0,0,TRUE,FALSE,NORMAL
27,11,1,516.2706952,951.5250205,2.584306688,100,0.433722805,0,0,0,0,TRUE,FALSE,NORMAL
27,11,2,349.1152217,280.3460066,6.137087269,100,0,1.609119396,20.75380819,0.792461918,53.49560541,TRUE,FALSE,NORMAL
27,11,3,289.446821,208.4730207,1.434986127,100,0,6.819920323,24.01819441,0.759818056,50.89838165,TRUE,FALSE,NORMAL
27,11,4,797.4595772,170.4795751,3.559070239,100,5.943027138,6.937939773,24.72641049,0.752735895,50.31590732,TRUE,FALSE,NORMAL
27,11,5,197.2763981,411.408277,2.490165464,100,6.459889316,0,12.80154287,0.871984571,59.82581263,TRUE,FALSE,NORMAL
27,11,6,208.682323,661.2772466,4.919617069,100,1.358444943,0.370241349,11.31085744,0.886891426,61.01562816,TRUE,FALSE,NORMAL
27,11,7,7.337183417,741.4315277,8.482661466,100,1.375542044,2.069099245,14.11080761,0.858891924,58.78025192,TRUE,FALSE,NORMAL
27,11,8,542.831864,419.2273926,4.250330374,100,3.301954543,7.174410094,10.48268507,0.895173149,61.67651978,TRUE,FALSE,NORMAL
27,11,9,703.3863198,49.0805216,8.964433706,100,0,1.811604447,24.72641049,0.752735895,50.31590732,TRUE,FALSE,NORMAL
27,11,10,893.6705241,922.1862837,3.598788408,100,3.663850966,0.191072257,0,0,0,TRUE,FALSE,NORMAL
27,12,1,518.8434417,951.7691857,2.584306688,100,5.343048011,0,0,0,0,TRUE,FALSE,NORMAL
27,12,2,352.700547,275.3651149,6.137087269,100,1.325968096,0,20.63734296,0.79362657,53.58880501,TRUE,FALSE,NORMAL
27,12,3,290.0942839,207.1924049,1.434986127,100,4.655687032,5.535922075,23.85875147,0.761412485,51.02625087,TRUE,FALSE,NORMAL
27,12,4,800.5265736,172.2852646,3.559070239,100,8.075635154,6.254494835,23.6997367,0.763002633,51.13357041,TRUE,FALSE,NORMAL
27,12,5,198.635445,413.4948808,2.490165464,100,2.854371445,0.500551732,12.14247658,0.878575234,60.35182604,TRUE,FALSE,NORMAL
27,12,6,209.9131047,666.0404186,4.919617069,100,2.321652054,0,11.31242561,0.886875744,61.01448938,TRUE,FALSE,NORMAL
27,12,7,6.619233797,732.9793035,8.482661466,100,0.548802295,4.572618546,14.56071349,0.854392865,58.42118663,TRUE,FALSE,NORMAL
27,12,8,541.5502198,415.1748999,4.250330374,100,2.355376137,4.985871289,11.05019829,0.889498017,61.22340873,TRUE,FALSE,NORMAL
27,12,9,695.061272,52.40537494,8.964433706,100,4.496796813,0.741867829,23.6997367,0.763002633,51.13357041,TRUE,FALSE,NORMAL
27,12,10,895.6307012,925.204393,3.598788408,100,6.374409902,0,0,0,0,TRUE,FALSE,NORMAL
27,13,1,520.3824386,949.6931006,2.584306688,100,1.335334541,0,0,0,0,TRUE,FALSE,NORMAL
27,13,2,357.1529315,271.1413591,6.137087269,100,2.888765196,0,20.36392797,0.79636072,53.80733144,TRUE,FALSE,NORMAL
27,13,3,290.0187081,208.6253995,1.434986127,100,5.536412799,3.315285578,23.99051102,0.76009489,50.92166145,TRUE,FALSE,NORMAL
27,13,4,797.4415431,174.0599668,3.559070239,100,9.688429072,6.474207268,24.88021623,0.751197838,50.19343819,TRUE,FALSE,NORMAL
27,13,5,196.1834009,413.0608257,2.490165464,100,6.287388868,1.186906907,11.72826136,0.882717386,60.68237744,TRUE,FALSE,NORMAL
27,13,6,214.8151465,665.6249449,4.919617069,100,0.249190894,0,11.17876945,0.888212305,61.1211775,TRUE,FALSE,NORMAL
27,13,7,12.55463507,739.0395475,8.482661466,100,3.647890358,2.578809523,14.36928608,0.856307139,58.57396031,TRUE,FALSE,NORMAL
27,13,8,538.2226581,417.8192602,4.250330374,100,4.317682798,4.837881879,11.37615169,0.886238483,60.96317436,TRUE,FALSE,NORMAL
27,13,9,694.4618477,61.34974536,8.964433706,100,4.81737588,0,24.88021623,0.751197838,50.19343819,TRUE,FALSE,NORMAL
27,13,10,895.151108,928.7710817,3.598788408,100,7.869505905,0,0,0,0,TRUE,FALSE,NORMAL
27,14,1,518.9860844,951.8676893,2.584306688,100,2.507769293,0,0,0,0,TRUE,FALSE,NORMAL
27,14,2,351.285854,272.941704,6.137087269,100,0,0.510500924,20.490483,0.79509517,53.7073983,TRUE,FALSE,NORMAL
27,14,3,290.2174234,207.2042389,1.434986127,100,3.462390342,1.960461125,24.07391071,0.759260893,50.8565753,TRUE,FALSE,NORMAL
27,14,4,800.6847643,172.5941915,3.559070239,100,6.091459308,3.552418116,26.01976176,0.739802382,49.28628467,TRUE,FALSE,NORMAL
27,14,5,194.0675567,411.7477654,2.490165464,100,2.67321682,1.995337691,11.62777236,0.883722276,60.76277583,TRUE,FALSE,NORMAL
27,14,6,212.4739392,669.951766,4.919617069,100,3.538690688,0,10.3084098,0.896915902,61.81607795,TRUE,FALSE,NORMAL
27,14,7,4.278185169,740.8985587,8.482661466,100,6.073180064,5.026974996,13.56761268,0.864323873,59.21379788,TRUE,FALSE,NORMAL
27,14,8,541.6482203,415.3031457,4.250330374,100,8.759118957,5.979665669,10.59163103,0.89408369,61.58953372,TRUE,FALSE,NORMAL
27,14,9,702.9485297,64.23718365,8.964433706,100,4.346962839,0,26.01976176,0.739802382,49.28628467,TRUE,FALSE,NORMAL
27,14,10,894.787353,925.1907241,3.598788408,100,11.76796016,0.694464287,0,0,0,TRUE,FALSE,NORMAL
27,15,1,517.668874,954.0911096,2.584306688,100,0,0.033186601,0,0,0,TRUE,FALSE,NORMAL
27,15,2,352.7855959,266.990686,6.137087269,100,0,2.74910006,20.21503515,0.797849648,53.9295414,TRUE,FALSE,NORMAL
27,15,3,291.6505765,207.1317318,1.434986127,100,1.772959345,4.285089573,24.48984907,0.755101509,50.52789958,TRUE,FALSE,NORMAL
27,15,4,800.541837,176.1503907,3.559070239,100,9.692960806,4.800231263,27.02697031,0.729730297,48.48483213,TRUE,FALSE,NORMAL
27,15,5,196.5371846,411.4286071,2.490165464,100,2.703510875,0.089496668,11.6588164,0.883411836,60.73788724,TRUE,FALSE,NORMAL
27,15,6,208.4992189,667.0527609,4.919617069,100,3.429103508,0,11.48757437,0.885124256,60.87487537,TRUE,FALSE,NORMAL
27,15,7,12.65989635,739.5937739,8.482661466,100,2.233722435,6.822308729,15.4311709,0.845688291,57.72654542,TRUE,FALSE,NORMAL
27,15,8,543.3359783,419.204015,4.250330374,100,4.852562374,6.419911552,9.557208878,0.904427911,62.41548693,TRUE,FALSE,NORMAL
27,15,9,710.6006014,68.90696637,8.964433706,100,0.779079184,0,27.02697031,0.729730297,48.48483213,TRUE,FALSE,NORMAL
27,15,10,896.4949802,928.3585763,3.598788408,100,8.346195834,1.272376485,0,0,0,TRUE,FALSE,NORMAL
27,16,1,515.4361576,955.3925006,2.584306688,100,0,0.405066161,0,0,0,TRUE,FALSE,NORMAL
27,16,2,346.9839103,268.9917568,6.137087269,100,2.282004779,5.614330135,20.36391982,0.796360802,53.81167064,TRUE,FALSE,NORMAL
27,16,3,291.4841967,205.7064237,1.434986127,100,0,7.279287525,24.49112448,0.755088755,50.5280832,TRUE,FALSE,NORMAL
27,16,4,800.827068,179.698013,3.559070239,100,7.064516153,5.240728811,27.9493233,0.720506767,47.75122793,TRUE,FALSE,NORMAL
27,16,5,198.7155678,412.6350772,2.490165464,100,7.065019016,0,12.27095299,0.87729047,60.24922343,TRUE,FALSE,NORMAL
27,16,6,209.6414521,662.2675821,4.919617069,100,6.368237057,0,11.33327721,0.886667228,60.99772461,TRUE,FALSE,NORMAL
27,16,7,5.515833572,735.0201635,8.482661466,100,0,7.767496071,14.11249784,0.858875022,58.77890293,TRUE,FALSE,NORMAL
27,16,8,542.3776946,423.3449087,4.250330374,100,7.574778902,4.142297704,8.699116785,0.913008832,63.10070531,TRUE,FALSE,NORMAL
27,16,9,718.3306223,73.44655316,8.964433706,100,1.845622034,2.519764485,27.9493233,0.720506767,47.75122793,TRUE,FALSE,NORMAL
27,16,10,898.0832261,931.5879343,3.598788408,100,9.347544905,1.592605381,0,0,0,TRUE,FALSE,NORMAL
27,17,1,514.155149,953.1480278,2.584306688,100,0,0,0,0,0,TRUE,FALSE,NORMAL
27,17,2,340.964997,267.7932062,6.137087269,100,3.090664489,7.911884771,20.16828176,0.798317182,53.97078205,TRUE,FALSE,NORMAL
27,17,3,292.3221032,204.5414783,1.434986127,100,0,7.926276922,24.54688829,0.754531117,50.48769533,TRUE,FALSE,NORMAL
27,17,4,804.2482343,180.679136,3.559070239,100,8.435216652,4.55807368,26.13326176,0.738667382,49.19595351,TRUE,FALSE,NORMAL
27,17,5,197.4471298,414.7779699,2.490165464,100,11.10478704,1.458011165,12.02617886,0.879738211,60.44467335,TRUE,FALSE,NORMAL
27,17,6,213.1985028,665.6661145,4.919617069,100,3.681007481,1.61151013,10.6428645,0.893571355,61.5488434,TRUE,FALSE,NORMAL
27,17,7,3.692531881,743.3045534,8.482661466,100,0,6.866816756,12.98463557,0.870153644,59.67912785,TRUE,FALSE,NORMAL
27,17,8,546.6123161,423.7099974,4.250330374,100,6.142678047,4.713612094,7.181091118,0.928189089,64.31302619,TRUE,FALSE,NORMAL
27,17,9,709.9877808,70.16660409,8.964433706,100,4.203332077,2.589182387,26.13326176,0.738667382,49.19595351,TRUE,FALSE,NORMAL
27,17,10,895.694813,928.8959535,3.598788408,100,8.509728325,0.217749449,0,0,0,TRUE,FALSE,NORMAL
27,18,1,516.7103359,952.7611673,2.584306688,100,3.332763784,0,0,0,0,TRUE,FALSE,NORMAL
27,18,2,347.0266236,268.7526451,6.137087269,100,0,6.434829033,20.32432678,0.796756732,53.84400097,TRUE,FALSE,NORMAL
27,18,3,293.0503387,205.7779484,1.434986127,100,0,9.05238328,24.50557369,0.754944263,50.517658,TRUE,FALSE,NORMAL
27,18,4,807.7904009,180.3326727,3.559070239,100,4.774820025,5.476204774,25.94355079,0.740564492,49.346941,TRUE,FALSE,NORMAL
27,18,5,196.8606368,412.3578563,2.490165464,100,15.31272433,2.755963383,12.16425014,0.878357499,60.33436779,TRUE,FALSE,NORMAL
27,18,6,210.9441386,661.293418,4.919617069,100,0,0.708282133,10.44549538,0.895545046,61.70633916,TRUE,FALSE,NORMAL
27,18,7,0,747.3690144,8.482661466,100,0,6.931037768,12.24686227,0.877531377,60.26806107,TRUE,FALSE,NORMAL
27,18,8,546.0235195,419.5006474,4.250330374,100,4.50338177,3.563923866,8.591281409,0.914087186,63.18681947,TRUE,FALSE,NORMAL
27,18,9,717.4341844,65.17539744,8.964433706,100,3.390099308,0,25.94355079,0.740564492,49.346941,TRUE,FALSE,NORMAL
27,18,10,892.1868938,928.0923486,3.598788408,100,4.856189124,2.039853623,0,0,0,TRUE,FALSE,NORMAL
27,19,1,514.3755474,953.8690499,2.584306688,100,0,2.530340364,0,0,0,TRUE,FALSE,NORMAL
27,19,2,341.0586478,267.3218743,6.137087269,100,4.522167968,8.614325432,20.75623634,0.792437637,53.50158295,TRUE,FALSE,NORMAL
27,19,3,292.3542636,204.5230919,1.434986127,100,0,6.392660182,24.89180363,0.751081964,50.21267055,TRUE,FALSE,NORMAL
27,19,4,806.8568645,183.7671291,3.559070239,100,0.322739805,4.648399311,25.64247308,0.743575269,49.58658707,TRUE,FALSE,NORMAL
27,19,5,199.1426279,411.3611413,2.490165464,100,10.94702353,5.21450269,12.21170166,0.877882983,60.29671186,TRUE,FALSE,NORMAL
27,19,6,210.4407131,666.1872095,4.919617069,100,0,2.742408746,9.959085566,0.900409144,62.09478555,TRUE,FALSE,NORMAL
27,19,7,0,753.6607805,8.482661466,100,0,9.145212168,12.23565086,0.877643491,60.27701105,TRUE,FALSE,NORMAL
27,19,8,543.1272408,416.3898793,4.250330374,100,0,2.333923127,8.347741677,0.916522583,63.38130602,TRUE,FALSE,NORMAL
27,19,9,710.6808292,71.07058745,8.964433706,100,8.161582773,0.035513513,25.64247308,0.743575269,49.58658707,TRUE,FALSE,NORMAL
27,19,10,893.3888764,924.700223,3.598788408,100,3.405903289,4.679087385,0,0,0,TRUE,FALSE,NORMAL
27,20,1,512.0529302,952.7358727,2.584306688,100,0,0.285251565,0,0,0,TRUE,FALSE,NORMAL
27,20,2,338.6745656,261.6667888,6.137087269,100,6.999706971,6.223272257,20.33667079,0.796633292,53.84001687,TRUE,FALSE,NORMAL
27,20,3,290.9591949,204.1869843,1.434986127,100,0,7.469862056,25.13999238,0.748600076,50.01970135,TRUE,FALSE,NORMAL
27,20,4,810.3038921,182.8811372,3.559070239,100,0,3.342528903,26.83134557,0.731686544,48.64046609,TRUE,FALSE,NORMAL
27,20,5,199.1510923,413.8512924,2.490165464,100,10.90582313,2.488083384,12.26877762,0.877312224,60.25092742,TRUE,FALSE,NORMAL
27,20,6,211.2182908,661.3294317,4.919617069,100,1.722363144,3.679568616,10.55262631,0.894473737,61.62078215,TRUE,FALSE,NORMAL
27,20,7,0,747.479048,8.482661466,100,0,9.985559518,12.19962665,0.878003733,60.30576894,TRUE,FALSE,NORMAL
27,20,8,547.3188366,415.685725,4.250330374,100,4.110403356,0.134191921,6.969682137,0.930303179,64.48187252,TRUE,FALSE,NORMAL
27,20,9,718.1900368,75.96679762,8.964433706,100,11.36292655,0,26.83134557,0.731686544,48.64046609,TRUE,FALSE,NORMAL
27,20,10,895.5757343,921.8420889,3.598788408,100,1.668760328,4.63265444,0,0,0,TRUE,FALSE,NORMAL
27,21,1,511.5233794,955.2653424,2.584306688,100,1.893798245,0,0,0,0,TRUE,FALSE,NORMAL
27,21,2,332.7760261,263.3612125,6.137087269,100,8.487860939,9.060991741,20.88561976,0.791143802,53.4043272,TRUE,FALSE,NORMAL
27,21,3,292.3871924,204.0455339,1.434986127,100,0,8.852689723,25.39112593,0.746088741,49.82278926,TRUE,FALSE,NORMAL
27,21,4,812.930602,185.2826733,3.559070239,100,4.710560453,1.306871048,27.62244001,0.7237756,48.01118017,TRUE,FALSE,NORMAL
27,21,5,201.6083304,414.2549073,2.490165464,100,13.61115929,4.851492835,12.43170595,0.875682941,60.12107767,TRUE,FALSE,NORMAL
27,21,6,208.5563853,665.4666882,4.919617069,100,3.431847607,6.368248461,11.25383227,0.887461677,61.06118757,TRUE,FALSE,NORMAL
27,21,7,8.482580818,747.4420587,8.482661466,100,0,8.523395704,14.19413522,0.858058648,58.71374742,TRUE,FALSE,NORMAL
27,21,8,544.9135926,412.1814262,4.250330374,100,0.65064989,2.282298896,7.003411097,0.929965889,64.45493398,TRUE,FALSE,NORMAL
27,21,9,726.2387237,79.91391179,8.964433706,100,10.84441483,0,27.62244001,0.7237756,48.01118017,TRUE,FALSE,NORMAL
27,21,10,892.0036249,922.2794813,3.598788408,100,4.172082899,1.839132032,0,0,0,TRUE,FALSE,NORMAL
27,22,1,514.0769691,955.6626091,2.584306688,100,5.978396675,2.569487952,0,0,0,TRUE,FALSE,NORMAL
27,22,2,326.6846682,262.6134159,6.137087269,100,12.80793989,10.6393289,21.16333063,0.788366694,53.18703222,TRUE,FALSE,NORMAL
27,22,3,291.8645676,205.3819652,1.434986127,100,0,9.817666302,25.77973224,0.742202678,49.51907877,TRUE,FALSE,NORMAL
27,22,4,815.3331708,182.6569079,3.559070239,100,0.987093632,1.135361918,27.0518481,0.729481519,48.46504101,TRUE,FALSE,NORMAL
27,22,5,199.326651,415.2523355,2.490165464,100,11.2811778,2.93903189,12.73102793,0.872689721,59.88209405,TRUE,FALSE,NORMAL
27,22,6,205.1892959,661.8798593,4.919617069,100,6.444541836,8.019656219,11.18289974,0.888171003,61.11764178,TRUE,FALSE,NORMAL
27,22,7,3.810438766,754.5220752,8.482661466,100,2.699693241,9.671112869,13.2801393,0.867198607,59.44325389,TRUE,FALSE,NORMAL
27,22,8,541.179675,410.1508678,4.250330374,100,0,1.013726578,6.801806459,0.931981935,64.61595196,TRUE,FALSE,NORMAL
27,22,9,717.6824425,82.58807035,8.964433706,100,6.856242166,2.463137007,27.0518481,0.729481519,48.46504101,TRUE,FALSE,NORMAL
27,22,10,892.7291885,918.7545933,3.598788408,100,5.370848258,2.407847477,0,0,0,TRUE,FALSE,NORMAL
27,23,1,512.4290198,953.6719047,2.584306688,100,3.220126748,1.574322729,0,0,0,TRUE,FALSE,NORMAL
27,23,2,326.637256,256.4765118,6.137087269,100,8.369692671,13.56672952,20.80614414,0.791938559,53.47890722,TRUE,FALSE,NORMAL
27,23,3,291.5775536,206.7879552,1.434986127,100,2.846929874,10.32517356,26.30142107,0.736985789,49.11270456,TRUE,FALSE,NORMAL
27,23,4,811.857146,181.8925569,3.559070239,100,0,0.156677213,26.47466649,0.735253335,48.92426593,TRUE,FALSE,NORMAL
27,23,5,200.2340287,417.5712986,2.490165464,100,12.58626612,1.997941416,12.67013441,0.873298656,59.9304862,TRUE,FALSE,NORMAL
27,23,6,209.0668395,658.8521065,4.919617069,100,9.998767527,9.218891796,11.42470272,0.885752973,60.92450164,TRUE,FALSE,NORMAL
27,23,7,2.72625796,746.1089844,8.482661466,100,6.300466028,11.24496928,12.88357585,0.871164242,59.7597966,TRUE,FALSE,NORMAL
27,23,8,545.4297146,410.1011582,4.250330374,100,0,0,5.629665243,0.943703348,65.55216704,TRUE,FALSE,NORMAL
27,23,9,718.0749335,73.632233,8.964433706,100,5.918669019,3.699154344,26.47466649,0.735253335,48.92426593,TRUE,FALSE,NORMAL
27,23,10,892.3564198,922.3340236,3.598788408,100,7.692186039,1.681298458,0,0,0,TRUE,FALSE,NORMAL
27,24,1,511.0811943,955.8769007,2.584306688,100,0,2.430254717,0,0,0,TRUE,FALSE,NORMAL
27,24,2,321.5149191,259.8566753,6.137087269,100,7.845441292,12.52456074,21.05004769,0.789499523,53.28448412,TRUE,FALSE,NORMAL
27,24,3,292.8760172,206.1770728,1.434986127,100,0.978063278,10.47157874,26.36871851,0.736312815,49.0589273,TRUE,FALSE,NORMAL
27,24,4,812.2686514,185.4277576,3.559070239,100,1.142830747,2.286022564,27.40665612,0.725933439,48.18280452,TRUE,FALSE,NORMAL
27,24,5,202.4580653,416.4512159,2.490165464,100,12.37672349,2.154615714,13.35096374,0.866490363,59.38717451,TRUE,FALSE,NORMAL
27,24,6,206.6450873,654.5698468,4.919617069,100,11.81714817,8.956731687,11.78402077,0.882159792,60.63762142,TRUE,FALSE,NORMAL
27,24,7,0,738.4752347,8.482661466,100,6.170507357,8.77944882,13.0515458,0.869484542,59.62571873,TRUE,FALSE,NORMAL
27,24,8,548.7864932,407.4939861,4.250330374,100,0,1.842631381,5.014642497,0.949853575,66.04343001,TRUE,FALSE,NORMAL
27,24,9,725.7389993,78.28230467,8.964433706,100,4.422196146,2.59955273,27.40665612,0.725933439,48.18280452,TRUE,FALSE,NORMAL
27,24,10,893.3544287,925.791661,3.598788408,100,10.21625281,3.488501243,0,0,0,TRUE,FALSE,NORMAL
27,25,1,513.603111,956.4413272,2.584306688,100,3.084960239,1.85179673,0,0,0,TRUE,FALSE,NORMAL
27,25,2,323.0715413,253.9202818,6.137087269,100,2.868304005,15.38661353,20.81003944,0.791899606,53.48327484,TRUE,FALSE,NORMAL
27,25,3,294.2499343,206.5912431,1.434986127,100,4.448057903,10.13352329,26.81330177,0.731866982,48.71484966,TRUE,FALSE,NORMAL
27,25,4,815.5621986,186.7766565,3.559070239,100,1.67548061,1.339484882,27.47197856,0.725280214,48.13084821,TRUE,FALSE,NORMAL
27,25,5,204.5626743,417.78221,2.490165464,100,16.99630436,3.119328165,13.28353084,0.867164692,59.44081727,TRUE,FALSE,NORMAL
27,25,6,203.1958704,651.0619222,4.919617069,100,15.77110811,7.074153474,12.40675726,0.875932427,60.14047125,TRUE,FALSE,NORMAL
27,25,7,0,736.6106341,8.482661466,100,3.005876192,10.76568171,13.48071745,0.865192826,59.28315522,TRUE,FALSE,NORMAL
27,25,8,549.0856273,411.733777,4.250330374,100,0,2.369581088,4.237688082,0.957623119,66.66406805,TRUE,FALSE,NORMAL
27,25,9,734.4041209,75.98518905,8.964433706,100,7.230517754,2.155028966,27.47197856,0.725280214,48.13084821,TRUE,FALSE,NORMAL
27,25,10,893.4524702,929.3891137,3.598788408,100,8.66312431,6.346017713,0,0,0,TRUE,FALSE,NORMAL
27,26,1,515.8847277,957.6549442,2.584306688,100,0.671764478,3.623458853,0,0,0,TRUE,FALSE,NORMAL
27,26,2,327.8741078,250.0993924,6.137087269,100,1.065080261,14.08588776,20.63094445,0.793690555,53.62684737,TRUE,FALSE,NORMAL
27,26,3,293.1442528,207.5059307,1.434986127,100,6.7157304,10.31481566,27.15985345,0.728401466,48.43921433,TRUE,FALSE,NORMAL
27,26,4,816.1571466,190.2856475,3.559070239,100,3.759973111,3.955756937,27.39241399,0.72607586,48.19413268,TRUE,FALSE,NORMAL
27,26,5,206.1960675,415.9025955,2.490165464,100,21.71996214,6.110115685,13.45555605,0.86544444,59.3034019,TRUE,FALSE,NORMAL
27,26,6,204.424831,646.2982799,4.919617069,100,17.34765699,5.185981563,12.45759788,0.875424021,60.09985327,TRUE,FALSE,NORMAL
27,26,7,0,734.7584283,8.482661466,100,4.008481221,13.33938302,13.09953748,0.869004625,59.58741104,TRUE,FALSE,NORMAL
27,26,8,548.4027217,415.9288871,4.250330374,100,1.848538922,0,4.19375613,0.958062439,66.69916221,TRUE,FALSE,NORMAL
27,26,9,729.2618512,83.3280859,8.964433706,100,6.399407921,4.176745884,27.39241399,0.72607586,48.19413268,TRUE,FALSE,NORMAL
27,26,10,891.8091775,932.5908112,3.598788408,100,13.00140445,5.408760037,0,0,0,TRUE,FALSE,NORMAL
27,27,1,518.4554197,957.3900218,2.584306688,100,3.976371215,0.789827693,0,0,0,TRUE,FALSE,NORMAL
27,27,2,334.0072788,249.8801827,6.137087269,100,0,14.21990763,20.80130819,0.791986918,53.48694981,TRUE,FALSE,NORMAL
27,27,3,293.8680234,208.7450195,1.434986127,100,5.863606225,12.67847808,27.00743762,0.729925624,48.55551325,TRUE,FALSE,NORMAL
27,27,4,816.3309834,186.7308252,3.559070239,100,7.121266323,4.436489943,26.3732328,0.736267672,49.00498205,TRUE,FALSE,NORMAL
27,27,5,208.5136289,416.8135473,2.490165464,100,26.13786736,4.496619904,13.1368256,0.868631744,59.55779264,TRUE,FALSE,NORMAL
27,27,6,201.9597062,650.5557195,4.919617069,100,16.30148043,3.533274808,13.12732806,0.868726719,59.56539764,TRUE,FALSE,NORMAL
27,27,7,5.427335074,728.2392582,8.482661466,100,0.269661736,12.34946723,15.01407934,0.849859207,58.0593818,TRUE,FALSE,NORMAL
27,27,8,545.2403738,413.0890167,4.250330374,100,6.096887376,0,5.696740514,0.943032595,65.49859044,TRUE,FALSE,NORMAL
27,27,9,721.8549142,78.27849615,8.964433706,100,1.84985088,5.47983588,26.3732328,0.736267672,49.00498205,TRUE,FALSE,NORMAL
27,27,10,895.3873153,932.2058335,3.598788408,100,9.181322376,4.102005591,0,0,0,TRUE,FALSE,NORMAL
27,28,1,516.0870516,956.355868,2.584306688,100,5.954244224,0.04269296,0,0,0,TRUE,FALSE,NORMAL
27,28,2,338.9517692,253.5155445,6.137087269,100,0,14.04444463,20.62466839,0.793753316,53.62188337,TRUE,FALSE,NORMAL
27,28,3,295.2503642,209.1301419,1.434986127,100,5.369770101,13.8338381,26.60079012,0.733992099,48.87112136,TRUE,FALSE,NORMAL
27,28,4,818.7351643,184.1065358,3.559070239,100,11.3024343,5.441954919,25.48374855,0.745162515,49.71293705,TRUE,FALSE,NORMAL
27,28,5,206.460683,415.4041725,2.490165464,100,22.91379812,2.687573333,13.07465699,0.86925343,59.60742156,TRUE,FALSE,NORMAL
27,28,6,197.0580535,650.135681,4.919617069,100,17.53703752,2.24380208,13.87677152,0.861232285,58.96744444,TRUE,FALSE,NORMAL
27,28,7,13.08847547,731.881026,8.482661466,100,2.784840345,13.13443271,16.69489879,0.833051012,56.71822334,TRUE,FALSE,NORMAL
27,28,8,549.427096,413.8215915,4.250330374,100,2.297776587,0,6.093082282,0.939069177,65.18201621,TRUE,FALSE,NORMAL
27,28,9,723.4243978,69.45252351,8.964433706,100,0,8.196744642,25.48374855,0.745162515,49.71293705,TRUE,FALSE,NORMAL
27,28,10,898.8145424,931.1079301,3.598788408,100,10.2856765,3.516873287,0,0,0,TRUE,FALSE,NORMAL
27,29,1,518.4888105,957.3099097,2.584306688,100,10.6926109,0,0,0,0,TRUE,FALSE,NORMAL
27,29,2,341.2469696,259.2072837,6.137087269,100,0,15.37314032,20.60928636,0.793907136,53.62774878,TRUE,FALSE,NORMAL
27,29,3,295.8393605,207.8216051,1.434986127,100,9.626958741,15.08863215,26.11787787,0.738821221,49.24688111,TRUE,FALSE,NORMAL
27,29,4,818.5072845,187.6583032,3.559070239,100,7.721092713,5.500607736,24.36298428,0.756370157,50.60531482,TRUE,FALSE,NORMAL
27,29,5,208.148511,413.5732819,2.490165464,100,24.33677773,1.048740027,13.58566018,0.864143398,59.19959251,TRUE,FALSE,NORMAL
27,29,6,196.0507813,645.3202854,4.919617069,100,19.96806861,5.093659668,13.75779842,0.862422016,59.06224644,TRUE,FALSE,NORMAL
27,29,7,6.9648593,726.0110286,8.482661466,100,7.079952739,13.15727766,15.97815439,0.840218456,57.29008643,TRUE,FALSE,NORMAL
27,29,8,553.068134,416.014341,4.250330374,100,3.977788239,0,6.264617384,0.937353826,65.04500694,TRUE,FALSE,NORMAL
27,29,9,727.3459075,61.3913305,8.964433706,100,3.585808056,10.70974075,24.36298428,0.756370157,50.60531482,TRUE,FALSE,NORMAL
27,29,10,895.5200412,932.5562186,3.598788408,100,13.84859081,4.761313397,0,0,0,TRUE,FALSE,NORMAL
27,30,1,518.4214652,954.7264806,2.584306688,100,6.251933455,2.094358667,0,0,0,TRUE,FALSE,NORMAL
27,30,2,339.2027333,264.9939009,6.137087269,100,1.058427985,16.91462067,21.27041044,0.787295896,53.09835428,TRUE,FALSE,NORMAL
27,30,3,297.1215977,208.4658512,1.434986127,100,12.02743295,15.50639637,26.16324074,0.738367593,49.20811012,TRUE,FALSE,NORMAL
27,30,4,816.664655,190.7032494,3.559070239,100,8.756158039,4.647045435,23.55422252,0.764457775,51.24948291,TRUE,FALSE,RADIO_INTERFERENCE
27,30,5,208.7522016,411.1574007,2.490165464,100,28.52289145,0.078977603,14.11345924,0.858865408,58.77849516,TRUE,FALSE,NORMAL
27,30,6,191.4422572,643.5986183,4.919617069,100,22.90812383,7.998276013,14.52617447,0.854738255,58.44928551,TRUE,FALSE,NORMAL
27,30,7,15.20718164,728.0159395,8.482661466,100,10.24536654,14.83861425,17.68622851,0.823137715,55.92738803,TRUE,FALSE,NORMAL
27,30,8,550.0890339,412.982795,4.250330374,100,8.643154952,1.023771211,7.254821596,0.927451784,64.25414041,TRUE,FALSE,NORMAL
27,30,9,732.4595774,54.02848779,8.964433706,100,0,9.066365363,23.55422252,0.764457775,51.24948291,TRUE,FALSE,RADIO_INTERFERENCE
27,30,10,898.3685925,934.7555442,3.598788408,100,10.27716593,7.464951322,0,0,0,TRUE,FALSE,NORMAL
27,31,1,515.8562366,955.0399187,2.584306688,100,3.581041636,0.489262265,0,0,0,TRUE,FALSE,NORMAL
27,31,2,333.3061708,266.6951918,6.137087269,100,0,16.67677669,21.4487192,0.785512808,52.95865918,TRUE,FALSE,NORMAL
27,31,3,296.4320842,209.724325,1.434986127,100,15.75302609,13.16746788,26.53088185,0.734691181,48.91822265,TRUE,FALSE,NORMAL
27,31,4,815.2927104,187.4192353,3.559070239,100,3.908055495,7.130225325,25.20206805,0.74797932,49.93718301,TRUE,FALSE,RADIO_INTERFERENCE
27,31,5,206.5651793,409.9666624,2.490165464,100,32.07202139,2.628178759,14.37779921,0.856222008,58.56766128,TRUE,FALSE,NORMAL
27,31,6,196.3014985,644.366997,4.919617069,100,24.51795682,9.055229523,14.42796467,0.855720353,58.52771543,TRUE,FALSE,NORMAL
27,31,7,16.35701637,719.6115701,8.482661466,100,13.31026501,12.41928577,17.74788348,0.822521165,55.87820705,TRUE,FALSE,NORMAL
27,31,8,552.6891708,409.6205641,4.250330374,100,4.868872066,0,6.551387833,0.934486122,64.81596017,TRUE,FALSE,NORMAL
27,31,9,730.4814938,62.77195718,8.964433706,100,1.261564463,8.606283328,25.20206805,0.74797932,49.93718301,TRUE,FALSE,RADIO_INTERFERENCE
27,31,10,899.8272398,931.4656162,3.598788408,100,6.287242779,6.476394553,0,0,0,TRUE,FALSE,NORMAL
27,32,1,514.6877408,952.7348681,2.584306688,100,6.334043957,0,0,0,0,TRUE,FALSE,NORMAL
27,32,2,339.4430034,266.7511037,6.137087269,100,4.725493507,14.18745391,21.26548721,0.787345128,53.1003821,TRUE,FALSE,NORMAL
27,32,3,295.6859056,208.4985996,1.434986127,100,18.49039699,15.45519482,26.2013813,0.737986187,49.17466542,TRUE,FALSE,NORMAL
27,32,4,815.070927,190.9713886,3.559070239,100,2.305534039,4.970179408,26.23333063,0.737666694,49.11631531,TRUE,FALSE,RADIO_INTERFERENCE
27,32,5,208.5894021,408.5163361,2.490165464,100,27.50432568,5.549676706,14.09382251,0.859061775,58.7943391,TRUE,FALSE,NORMAL
27,32,6,199.8736001,647.7497063,4.919617069,100,21.03637086,7.951963176,14.10124596,0.85898754,58.78862873,TRUE,FALSE,NORMAL
27,32,7,16.33025279,711.1289508,8.482661466,100,15.41250799,14.41566378,17.89317931,0.821068207,55.76230948,TRUE,FALSE,NORMAL
27,32,8,551.7152659,413.7578117,4.250330374,100,9.582777536,2.074290277,7.158515719,0.928414843,64.33105639,TRUE,FALSE,NORMAL
27,32,9,734.7873242,70.6345837,8.964433706,100,0,6.820414296,26.23333063,0.737666694,49.11631531,TRUE,FALSE,RADIO_INTERFERENCE
27,32,10,896.5586189,929.9598289,3.598788408,100,11.09415059,4.403369491,0,0,0,TRUE,FALSE,NORMAL
27,33,1,512.1793477,952.113092,2.584306688,100,8.630577104,0,0,0,0,TRUE,FALSE,NORMAL
27,33,2,337.5660706,260.9080768,6.137087269,100,5.919003698,15.35934598,21.51539061,0.784846094,52.90720843,TRUE,FALSE,NORMAL
27,33,3,295.7372633,209.9326664,1.434986127,100,21.19440434,14.91496898,27.12714113,0.728728589,48.44514462,TRUE,FALSE,NORMAL
27,33,4,812.5167182,193.4498959,3.559070239,100,0.540801214,6.124309783,27.48731668,0.725126833,48.11864878,TRUE,FALSE,RADIO_INTERFERENCE
27,33,5,209.9489784,406.4300773,2.490165464,100,30.95613047,6.778757371,14.29804768,0.857019523,58.63131908,TRUE,FALSE,NORMAL
27,33,6,204.0915625,645.2176269,4.919617069,100,23.01286445,7.876129005,13.58042847,0.864195715,59.20407044,TRUE,FALSE,NORMAL
27,33,7,11.93292655,703.8750507,8.482661466,100,13.18828036,15.14040906,16.76229806,0.832377019,56.66445134,TRUE,FALSE,NORMAL
27,33,8,551.395909,409.519496,4.250330374,100,10.49372139,2.359333443,6.791151182,0.932088488,64.62446221,TRUE,FALSE,NORMAL
27,33,9,735.9925994,79.51762278,8.964433706,100,0,6.120879035,27.48731668,0.725126833,48.11864878,TRUE,FALSE,RADIO_INTERFERENCE
27,33,10,892.9621069,930.0878109,3.598788408,100,15.84497305,1.966793746,0,0,0,TRUE,FALSE,NORMAL
27,34,1,509.6252392,952.507009,2.584306688,100,9.086660016,0,0,0,0,TRUE,FALSE,NORMAL
27,34,2,341.721991,256.3923083,6.137087269,100,3.111082996,16.80192424,21.05241772,0.789475823,53.2761102,TRUE,FALSE,NORMAL
27,34,3,294.3223012,209.6937784,1.434986127,100,16.81018204,15.69994207,27.27601964,0.727239804,48.32544216,TRUE,FALSE,NORMAL
27,34,4,812.3119328,189.8967221,3.559070239,100,0,6.09118064,29.11195798,0.70888042,46.82701998,TRUE,FALSE,RADIO_INTERFERENCE
27,34,5,209.4949115,403.98166,2.490165464,100,27.46701524,9.355717656,13.84398963,0.861560104,58.99373114,TRUE,FALSE,NORMAL
27,34,6,200.5228713,648.603934,4.919617069,100,19.60569929,10.66242364,14.10392442,0.858960756,58.78689675,TRUE,FALSE,NORMAL
27,34,7,20.35113856,704.9187231,8.482661466,100,8.284904581,15.78632159,18.80221264,0.811977874,55.03727394,TRUE,FALSE,NORMAL
27,34,8,555.5882047,410.2194712,4.250330374,100,10.61642535,3.21540237,6.282119934,0.937178801,65.03102732,TRUE,FALSE,NORMAL
27,34,9,744.7106696,81.60480374,8.964433706,100,3.841406004,8.160680831,29.11195798,0.70888042,46.82701998,TRUE,FALSE,RADIO_INTERFERENCE
27,34,10,890.89667,933.0348855,3.598788408,100,12.50305154,3.107112913,0,0,0,TRUE,FALSE,NORMAL
27,35,1,511.7114993,950.9818338,2.584306688,100,8.863885186,0.390016696,0,0,0,TRUE,FALSE,NORMAL
27,35,2,337.3734594,260.7229102,6.137087269,100,1.644174235,18.19225541,21.47675206,0.785232479,52.93842758,TRUE,FALSE,NORMAL
27,35,3,295.7459273,209.8739835,1.434986127,100,16.59941647,17.761267,27.2929096,0.727070904,48.31319149,TRUE,FALSE,NORMAL
27,35,4,813.8330938,193.1143377,3.559070239,100,4.158999351,7.868042152,27.19680452,0.728031955,48.34972787,TRUE,FALSE,RADIO_INTERFERENCE
27,35,5,211.6581715,405.2150416,2.490165464,100,26.80175248,7.303936157,14.44901009,0.855509899,58.51091597,TRUE,FALSE,NORMAL
27,35,6,203.890313,645.0174359,4.919617069,100,18.27030734,11.71489085,13.52514359,0.864748564,59.24823482,TRUE,FALSE,NORMAL
27,35,7,14.6116447,711.1648223,8.482661466,100,6.951521295,16.6484816,16.83078521,0.831692148,56.60981201,TRUE,FALSE,NORMAL
27,35,8,556.9251625,406.1848892,4.250330374,100,8.077628447,4.21920681,6.294643423,0.937053566,65.02102458,TRUE,FALSE,NORMAL
27,35,9,744.5735773,72.64141836,8.964433706,100,4.174882712,8.542667348,27.19680452,0.728031955,48.34972787,TRUE,FALSE,RADIO_INTERFERENCE
27,35,10,892.5887055,936.211093,3.598788408,100,11.16064221,5.332440856,0,0,0,TRUE,FALSE,NORMAL
27,36,1,513.6077212,949.225991,2.584306688,100,8.102423558,1.544972302,0,0,0,TRUE,FALSE,NORMAL
27,36,2,341.5422578,256.2190275,6.137087269,100,0,20.89706566,21.12435549,0.788756445,53.22087939,TRUE,FALSE,NORMAL
27,36,3,295.4980672,211.2874015,1.434986127,100,18.46101843,18.69992495,27.34811989,0.726518801,48.27126661,TRUE,FALSE,NORMAL
27,36,4,810.7726401,194.9310943,3.559070239,100,1.483984536,8.225624124,28.58804508,0.714119549,47.24341697,TRUE,FALSE,RADIO_INTERFERENCE
27,36,5,209.715168,406.772495,2.490165464,100,31.18490109,8.468187763,14.19980796,0.85800192,58.70951648,TRUE,FALSE,NORMAL
27,36,6,200.388393,641.5621229,4.919617069,100,18.90275787,11.1952691,13.52958609,0.864704139,59.24445227,TRUE,FALSE,NORMAL
27,36,7,6.397086103,709.0490311,8.482661466,100,7.348443032,18.1276914,16.00975235,0.839902477,57.2648743,TRUE,FALSE,NORMAL
27,36,8,554.5407164,409.7033726,4.250330374,100,8.911122595,3.336371296,6.433524574,0.935664754,64.9100983,TRUE,FALSE,NORMAL
27,36,9,751.4174528,78.431275,8.964433706,100,1.831976505,7.135674398,28.58804508,0.714119549,47.24341697,TRUE,FALSE,RADIO_INTERFERENCE
27,36,10,892.0083961,932.6594006,3.598788408,100,8.624354807,5.870733812,0,0,0,TRUE,FALSE,NORMAL
27,37,1,511.0533229,948.8339574,2.584306688,100,7.980815663,2.346875725,0,0,0,TRUE,FALSE,NORMAL
27,37,2,336.9966409,252.0957755,6.137087269,100,0.225177586,22.32789906,20.89769337,0.791023066,53.40784052,TRUE,FALSE,NORMAL
27,37,3,295.2947536,209.8668915,1.434986127,100,22.45333664,19.50914583,27.71258752,0.722874125,47.98901545,TRUE,FALSE,NORMAL
27,37,4,812.0132896,198.2669255,3.559070239,100,0,6.207522317,29.42740555,0.705725944,46.57637072,TRUE,FALSE,RADIO_INTERFERENCE
27,37,5,207.5426558,405.5554843,2.490165464,100,26.64476611,11.35342845,14.31903719,0.856809628,58.61429038,TRUE,FALSE,NORMAL
27,37,6,200.4463597,636.6428474,4.919617069,100,22.7838281,12.00354089,14.1729683,0.858270317,58.73096237,TRUE,FALSE,NORMAL
27,37,7,13.94213959,712.9255905,8.482661466,100,11.59934276,18.15377437,16.66331737,0.833366826,56.7434196,TRUE,FALSE,NORMAL
27,37,8,558.6280037,408.5374433,4.250330374,100,7.425810249,1.981008224,4.969802133,0.950301979,66.07924804,TRUE,FALSE,NORMAL
27,37,9,752.7576233,87.29496581,8.964433706,100,3.754625199,5.709343284,29.42740555,0.705725944,46.57637072,TRUE,FALSE,RADIO_INTERFERENCE
27,37,10,895.0046308,934.6528537,3.598788408,100,10.15273243,4.719907366,0,0,0,TRUE,FALSE,NORMAL
27,38,1,512.9974568,947.131317,2.584306688,100,3.845293882,2.095968478,0,0,0,TRUE,FALSE,NORMAL
27,38,2,338.0575869,246.0510891,6.137087269,100,3.083299448,20.44719187,20.94283015,0.790571699,53.37423005,TRUE,FALSE,NORMAL
27,38,3,294.4238297,208.7264194,1.434986127,100,22.67678239,21.23861899,28.03317307,0.719668269,47.73693511,TRUE,FALSE,NORMAL
27,38,4,809.2335796,196.0442709,3.559070239,100,0,4.539272913,29.73074194,0.702692581,46.33539181,TRUE,FALSE,RADIO_INTERFERENCE
27,38,5,209.0187323,403.5499614,2.490165464,100,30.92960806,11.61701146,14.41454656,0.855854534,58.5379919,TRUE,FALSE,NORMAL
27,38,6,199.9044779,631.7531647,4.919617069,100,21.55356354,9.133912278,14.74477359,0.852552264,58.27466122,TRUE,FALSE,NORMAL
27,38,7,21.57481178,716.6266527,8.482661466,100,9.753571955,18.52806558,17.33576298,0.82664237,56.20695759,TRUE,FALSE,NORMAL
27,38,8,555.26732,405.9353069,4.250330374,100,12.02345708,2.762105416,5.233173318,0.947668267,65.86887137,TRUE,FALSE,NORMAL
27,38,9,760.113633,82.17147152,8.964433706,100,6.226858596,8.145430661,29.73074194,0.702692581,46.33539181,TRUE,FALSE,RADIO_INTERFERENCE
27,38,10,898.4028032,935.8376332,3.598788408,100,14.48857476,4.617965678,0,0,0,TRUE,FALSE,NORMAL
27,39,1,513.800616,949.5876509,2.584306688,100,7.4359124,4.939659954,0,0,0,TRUE,FALSE,NORMAL
27,39,2,340.3407373,240.3545055,6.137087269,100,6.494299933,23.36304347,20.77929665,0.792207033,53.50740429,TRUE,FALSE,NORMAL
27,39,3,295.5087034,207.7871462,1.434986127,100,20.82472038,21.84160587,28.01533231,0.719846677,47.75538803,TRUE,FALSE,NORMAL
27,39,4,811.0867197,199.0828319,3.559070239,100,1.319702776,6.181465056,28.11659839,0.718834016,47.61822026,TRUE,FALSE,RADIO_INTERFERENCE
27,39,5,206.5298967,403.6313315,2.490165464,100,32.23492871,12.09526048,13.83137576,0.861686242,59.003355,TRUE,FALSE,NORMAL
27,39,6,204.7584868,632.5539326,4.919617069,100,23.99656243,9.005502587,14.4556448,0.855443552,58.50534271,TRUE,FALSE,NORMAL
27,39,7,26.28079131,723.6842232,8.482661466,100,10.79128903,21.34794064,16.8487407,0.831512593,56.59548714,TRUE,FALSE,NORMAL
27,39,8,551.2298138,404.6072063,4.250330374,100,8.113868906,0.636795722,5.635149446,0.943648506,65.5477865,TRUE,FALSE,NORMAL
27,39,9,764.0426727,74.11394594,8.964433706,100,3.05005468,8.019988716,28.11659839,0.718834016,47.61822026,TRUE,FALSE,RADIO_INTERFERENCE
27,39,10,894.8744093,936.5459516,3.598788408,100,13.88286829,3.217358578,0,0,0,TRUE,FALSE,NORMAL
27,40,1,511.7030598,948.0780487,2.584306688,100,12.26856006,3.184737483,0,0,0,TRUE,FALSE,NORMAL
27,40,2,346.0210846,242.6777562,6.137087269,100,4.58575999,24.99190654,20.55086477,0.794491352,53.68012607,TRUE,FALSE,NORMAL
27,40,3,294.7206732,206.5878991,1.434986127,100,24.119234,19.06122523,27.12656927,0.728734307,48.45071311,TRUE,FALSE,NORMAL
27,40,4,807.5997196,199.7954406,3.559070239,100,5.777248187,4.519481554,29.71603337,0.702839666,46.34707561,TRUE,FALSE,RADIO_INTERFERENCE
27,40,5,207.1434473,406.0447273,2.490165464,100,33.32886163,15.02602637,13.42096637,0.865790336,59.33090926,TRUE,FALSE,NORMAL
27,40,6,207.9817815,636.2705175,4.919617069,100,22.69709338,11.27955835,14.94860095,0.85051399,58.11216858,TRUE,FALSE,NORMAL
27,40,7,34.34853942,721.0637298,8.482661466,100,10.65424494,24.07997876,18.0521839,0.819478161,55.63548033,TRUE,FALSE,NORMAL
27,40,8,552.7702985,400.6458662,4.250330374,100,8.0872962,0,6.82632695,0.931736731,64.59636776,TRUE,FALSE,NORMAL
27,40,9,767.8343556,82.23701265,8.964433706,100,7.878298633,6.815088598,29.71603337,0.702839666,46.34707561,TRUE,FALSE,RADIO_INTERFERENCE
27,40,10,898.2223005,937.8661421,3.598788408,100,9.714962218,2.281414199,0,0,0,TRUE,FALSE,NORMAL
27,41,1,513.7033584,949.7143391,2.584306688,100,14.77349946,5.918209353,0,0,0,TRUE,FALSE,NORMAL
27,41,2,347.2561072,236.6662207,6.137087269,100,9.02846175,25.26884789,20.62245732,0.793775427,53.62694582,TRUE,FALSE,NORMAL
27,41,3,295.3379809,207.8833204,1.434986127,100,28.07939079,21.11006413,27.7115327,0.722884673,47.98983153,TRUE,FALSE,NORMAL
27,41,4,810.4716245,197.6932648,3.559070239,100,7.911608298,2.587181762,31.2378908,0.687621092,45.1388247,TRUE,FALSE,RADIO_INTERFERENCE
27,41,5,207.6856399,403.6143053,2.490165464,100,34.14567007,15.39979,13.20627761,0.867937224,59.50230929,TRUE,FALSE,NORMAL
27,41,6,212.6499061,637.8233358,4.919617069,100,22.6930356,9.421531234,14.4390721,0.855609279,58.51883377,TRUE,FALSE,NORMAL
27,41,7,39.38711787,727.8878248,8.482661466,100,8.082491871,24.92983713,17.70922079,0.822907792,55.90904747,TRUE,FALSE,NORMAL
27,41,8,551.3593738,396.636552,4.250330374,100,5.21945626,0.630125746,6.971494198,0.930285058,64.48042527,TRUE,FALSE,NORMAL
27,41,9,766.7973904,91.14126864,8.964433706,100,4.604768843,8.348288898,31.2378908,0.687621092,45.1388247,TRUE,FALSE,RADIO_INTERFERENCE
27,41,10,895.1790404,935.9452449,3.598788408,100,14.63742043,0.463306668,0,0,0,TRUE,FALSE,NORMAL
27,42,1,515.1617047,951.8478496,2.584306688,100,13.90490205,7.377217266,0,0,0,TRUE,FALSE,NORMAL
27,42,2,350.7592922,241.7052221,6.137087269,100,5.195767605,26.28194124,20.6771428,0.793228572,53.57552946,TRUE,FALSE,NORMAL
27,42,3,294.8430294,206.536395,1.434986127,100,31.68541904,21.03539637,26.8181097,0.731818903,48.69160933,TRUE,FALSE,NORMAL
27,42,4,813.032468,195.2216133,3.559070239,100,3.271594877,4.210548661,32.95979522,0.670402048,43.77358046,TRUE,FALSE,RADIO_INTERFERENCE
27,42,5,206.893954,405.9752707,2.490165464,100,31.59759122,13.0705417,13.31920391,0.866807961,59.41210133,TRUE,FALSE,NORMAL
27,42,6,209.6436517,633.9291008,4.919617069,100,24.18103762,9.784359621,15.01559509,0.849844049,58.05860601,TRUE,FALSE,NORMAL
27,42,7,43.45178641,735.3332271,8.482661466,100,4.844473088,23.85362849,17.8078903,0.821921097,55.83034128,TRUE,FALSE,NORMAL
27,42,8,550.7492016,392.4302475,4.250330374,100,7.966168956,0,8.460926301,0.915390737,63.29091827,TRUE,FALSE,NORMAL
27,42,9,768.9659916,99.83944319,8.964433706,100,7.186718566,6.140313439,32.95979522,0.670402048,43.77358046,TRUE,FALSE,RADIO_INTERFERENCE
27,42,10,895.5195644,939.5278865,3.598788408,100,17.97628841,0,0,0,0,TRUE,FALSE,NORMAL
27,43,1,517.7152425,952.2454498,2.584306688,100,12.68444886,8.513763482,0,0,0,TRUE,FALSE,NORMAL
27,43,2,348.27689,247.3178436,6.137087269,100,1.332949048,25.93825076,21.04311848,0.789568815,53.28260634,TRUE,FALSE,NORMAL
27,43,3,295.9471362,205.6198071,1.434986127,100,28.06525296,19.97814132,26.69630475,0.733036952,48.78756018,TRUE,FALSE,NORMAL
27,43,4,812.2359979,191.7528071,3.559070239,100,4.674724619,1.967517249,32.29608969,0.677039103,44.2995515,TRUE,FALSE,RADIO_INTERFERENCE
27,43,5,209.3685246,406.2535227,2.490165464,100,27.29526603,13.32157309,13.89511611,0.861048839,58.95244284,TRUE,FALSE,NORMAL
27,43,6,213.2832822,630.6191579,4.919617069,100,25.16470267,10.21628758,14.25561837,0.857443816,58.66478459,TRUE,FALSE,NORMAL
27,43,7,35.04720263,736.481494,8.482661466,100,6.827406979,21.80504806,15.68937285,0.843106271,57.52051187,TRUE,FALSE,NORMAL
27,43,8,549.2692959,396.4146154,4.250330374,100,7.414720194,0.280664647,8.489757543,0.915102425,63.26789416,TRUE,FALSE,NORMAL
27,43,9,761.0947344,95.54941021,8.964433706,100,9.678028275,5.313900649,32.29608969,0.677039103,44.2995515,TRUE,FALSE,RADIO_INTERFERENCE
27,43,10,898.5013981,941.5428173,3.598788408,100,16.46083354,2.446530169,0,0,0,TRUE,FALSE,NORMAL
27,44,1,516.3239507,954.4232809,2.584306688,100,15.58792577,6.133042545,0,0,0,TRUE,FALSE,NORMAL
27,44,2,342.2453795,246.1843881,6.137087269,100,0,26.27124282,20.96103597,0.79038964,53.3524195,TRUE,FALSE,NORMAL
27,44,3,295.00562,204.5368794,1.434986127,100,26.90272169,21.96479164,26.92474885,0.730752511,48.61137127,TRUE,FALSE,NORMAL
27,44,4,813.3062607,188.3584708,3.559070239,100,6.775999498,1.329374578,31.81864385,0.681813562,44.67812389,TRUE,FALSE,RADIO_INTERFERENCE
27,44,5,206.8839112,406.0873294,2.490165464,100,31.12926558,11.94795418,13.7762543,0.862237457,59.04733973,TRUE,FALSE,NORMAL
27,44,6,208.8398695,632.730725,4.919617069,100,21.75554108,8.070027678,13.80595592,0.861940441,59.02365581,TRUE,FALSE,NORMAL
27,44,7,29.65072857,743.0262334,8.482661466,100,5.469100773,22.55217699,15.16758412,0.848324159,57.9368837,TRUE,FALSE,NORMAL
27,44,8,552.9204483,394.238749,4.250330374,100,7.760203517,0,7.277462872,0.927225371,64.23605773,TRUE,FALSE,NORMAL
27,44,9,765.1126915,87.53585339,8.964433706,100,7.566979291,4.167019053,31.81864385,0.681813562,44.67812389,TRUE,FALSE,RADIO_INTERFERENCE
27,44,10,895.9245829,939.0305869,3.598788408,100,21.3036597,4.111041173,0,0,0,TRUE,FALSE,NORMAL
27,45,1,518.8872707,954.0945992,2.584306688,100,14.88937029,3.782445894,0,0,0,TRUE,FALSE,NORMAL
27,45,2,336.5046766,248.35422,6.137087269,100,0,26.21083086,21.49093262,0.785090674,52.93402906,TRUE,FALSE,NORMAL
27,45,3,295.0602119,205.9708267,1.434986127,100,24.41173666,21.35536214,27.51758122,0.724824188,48.14478169,TRUE,FALSE,NORMAL
27,45,4,811.7346173,191.5517322,3.559070239,100,10.50522422,0,31.20502944,0.687949706,45.1648997,TRUE,FALSE,RADIO_INTERFERENCE
27,45,5,209.1705155,405.1012438,2.490165464,100,30.31225445,14.52434183,14.07445839,0.859255416,58.80948029,TRUE,FALSE,NORMAL
27,45,6,206.5318417,637.0753354,4.919617069,100,17.69538124,7.947531079,14.01806637,0.859819336,58.85458224,TRUE,FALSE,NORMAL
27,45,7,28.98311335,734.5698846,8.482661466,100,4.2238131,22.56531189,16.48638016,0.835136198,56.88458584,TRUE,FALSE,NORMAL
27,45,8,549.4638328,396.7120297,4.250330374,100,11.6297394,0,6.93503917,0.930649608,64.50954113,TRUE,FALSE,NORMAL
27,45,9,756.5690875,90.25024169,8.964433706,100,11.85534011,5.729109098,31.20502944,0.687949706,45.1648997,TRUE,FALSE,RADIO_INTERFERENCE
27,45,10,895.3308882,942.5800664,3.598788408,100,19.26494754,3.903733085,0,0,0,TRUE,FALSE,NORMAL
27,46,1,521.1201676,952.793518,2.584306688,100,16.10522126,2.169322066,0,0,0,TRUE,FALSE,NORMAL
27,46,2,332.3174111,252.840939,6.137087269,100,0,26.49510373,21.78119832,0.782188017,52.70102328,TRUE,FALSE,NORMAL
27,46,3,295.8367082,204.7640796,1.434986127,100,22.00067771,22.54447243,27.12514687,0.728748531,48.45600669,TRUE,FALSE,NORMAL
27,46,4,810.6786417,194.9505403,3.559070239,100,14.5482355,0,31.37205585,0.686279442,45.032374,TRUE,FALSE,RADIO_INTERFERENCE
27,46,5,207.1176549,406.5107428,2.490165464,100,28.57563522,17.3113725,14.17839954,0.858216005,58.72657649,TRUE,FALSE,NORMAL
27,46,6,211.4442346,636.8088256,4.919617069,100,14.63139041,5.49357352,14.09772663,0.859022734,58.79095765,TRUE,FALSE,NORMAL
27,46,7,28.84792608,726.0883004,8.482661466,100,1.226040892,20.00982254,16.36910676,0.836308932,56.97815253,TRUE,FALSE,NORMAL
27,46,8,545.2136494,396.6766793,4.250330374,100,12.94814101,0,7.372020312,0.926279797,64.16053884,TRUE,FALSE,NORMAL
27,46,9,751.0808553,97.33828645,8.964433706,100,16.72556036,3.327212905,31.37205585,0.686279442,45.032374,TRUE,FALSE,RADIO_INTERFERENCE
27,46,10,892.434583,940.44402,3.598788408,100,23.6759433,6.063726214,0,0,0,TRUE,FALSE,NORMAL
27,47,1,518.5797605,953.2678306,2.584306688,100,16.59357966,3.226821036,0,0,0,TRUE,FALSE,NORMAL
27,47,2,328.9891548,257.9971537,6.137087269,100,0,25.34462514,22.06470312,0.779352969,52.47365939,TRUE,FALSE,NORMAL
27,47,3,296.6541636,205.9434658,1.434986127,100,24.72829067,22.91446991,26.89560944,0.731043906,48.63754986,TRUE,FALSE,NORMAL
27,47,4,813.5401492,192.8342332,3.559070239,100,14.01770164,0,32.27330693,0.677266931,44.31761241,TRUE,FALSE,RADIO_INTERFERENCE
27,47,5,206.1424121,408.8019925,2.490165464,100,27.81857916,18.15373259,14.63980537,0.853601946,58.3583551,TRUE,FALSE,NORMAL
27,47,6,208.5350789,632.8415287,4.919617069,100,14.80333787,2.989292083,14.27451821,0.857254818,58.64969503,TRUE,FALSE,NORMAL
27,47,7,21.32712142,722.1649036,8.482661466,100,6.109622,22.71342798,15.6689179,0.843310821,57.53683372,TRUE,FALSE,NORMAL
27,47,8,541.3346929,398.4142076,4.250330374,100,13.88777511,0.589142157,7.766751467,0.922332485,63.8452904,TRUE,FALSE,NORMAL
27,47,9,760.0347792,97.7722436,8.964433706,100,19.18834041,3.397287369,32.27330693,0.677266931,44.31761241,TRUE,FALSE,RADIO_INTERFERENCE
27,47,10,892.3285383,936.8467944,3.598788408,100,25.52920401,4.371382632,0,0,0,TRUE,FALSE,NORMAL
27,48,1,516.8326989,951.3635153,2.584306688,100,21.22361472,5.966134942,0,0,0,TRUE,FALSE,NORMAL
27,48,2,323.5294784,260.799969,6.137087269,100,2.332881831,23.48350655,22.22440498,0.77775595,52.34592674,TRUE,FALSE,NORMAL
27,48,3,295.2228927,205.8402735,1.434986127,100,24.38928699,21.30652993,27.02094236,0.729790576,48.53656041,TRUE,FALSE,NORMAL
27,48,4,810.6934435,190.6980573,3.559070239,100,10.84543548,0.455105592,32.95582547,0.670441745,43.77672533,TRUE,FALSE,RADIO_INTERFERENCE
27,48,5,208.5333647,408.1060976,2.490165464,100,23.68368151,20.67557743,15.33862812,0.846613719,57.80082397,TRUE,FALSE,NORMAL
27,48,6,212.0002949,629.3494075,4.919617069,100,12.15972574,5.331219037,13.56553201,0.86434468,59.21546096,TRUE,FALSE,NORMAL
27,48,7,13.08685599,720.1515553,8.482661466,100,5.11782834,20.05290424,13.78452486,0.862154751,59.0406679,TRUE,FALSE,NORMAL
27,48,8,544.4714818,395.5461309,4.250330374,100,13.33556487,0,7.06091521,0.929390848,64.40900693,TRUE,FALSE,NORMAL
27,48,9,752.7625447,103.0139683,8.964433706,100,23.84558044,4.41216741,32.95582547,0.670441745,43.77672533,TRUE,FALSE,RADIO_INTERFERENCE
27,48,10,892.1996816,940.4432751,3.598788408,100,28.72900797,3.089289788,0,0,0,TRUE,FALSE,NORMAL
27,49,1,518.9902423,952.786065,2.584306688,100,23.89983687,6.887662065,0,0,0,TRUE,FALSE,NORMAL
27,49,2,322.9216744,266.9068843,6.137087269,100,1.483269238,22.01376035,22.15733393,0.778426661,52.39307263,TRUE,FALSE,NORMAL
27,49,3,295.4924548,204.4308334,1.434986127,100,28.62697764,18.34543158,26.46494014,0.735350599,48.97033422,TRUE,FALSE,NORMAL
27,49,4,810.971217,194.2462713,3.559070239,100,10.29297698,2.024982818,32.592224,0.67407776,44.06482886,TRUE,FALSE,RADIO_INTERFERENCE
27,49,5,207.3956762,405.8910155,2.490165464,100,26.34457452,23.02177779,15.83080953,0.841691905,57.4082495,TRUE,FALSE,NORMAL
27,49,6,210.4506794,624.6802187,4.919617069,100,10.56742551,3.149754406,13.06256923,0.869374308,59.61694255,TRUE,FALSE,NORMAL
27,49,7,4.621005967,720.6853426,8.482661466,100,3.265674773,19.95859401,12.36609168,0.876339083,60.17288194,TRUE,FALSE,NORMAL
27,49,8,548.6251972,394.6450446,4.250330374,100,16.30379611,0.230235177,6.968115736,0.930318843,64.48312357,TRUE,FALSE,NORMAL
27,49,9,746.0295553,108.9324077,8.964433706,100,26.9062148,1.799047874,32.592224,0.67407776,44.06482886,TRUE,FALSE,RADIO_INTERFERENCE
27,49,10,890.9786209,943.8285799,3.598788408,100,31.49725446,1.156725245,0,0,0,TRUE,FALSE,NORMAL
27,50,1,521.1919535,954.1392496,2.584306688,100,22.66791862,5.910573328,0,0,0,TRUE,FALSE,NORMAL
27,50,2,320.2030789,272.408982,6.137087269,100,3.116188051,22.4682259,22.18818782,0.778118122,52.36555225,TRUE,FALSE,NORMAL
27,50,3,294.4754029,205.4431528,1.434986127,100,25.91418417,18.76370583,26.07731149,0.739226885,49.27507319,TRUE,FALSE,NORMAL
27,50,4,807.4369385,194.6656242,3.559070239,100,7.38301799,1.501449669,33.30051061,0.666994894,43.50371232,TRUE,FALSE,RADIO_INTERFERENCE
27,50,5,207.4469381,408.3806532,2.490165464,100,27.29919458,24.26401786,15.88407854,0.841159215,57.36594528,TRUE,FALSE,NORMAL
27,50,6,209.0662962,629.401036,4.919617069,100,12.7809819,3.260902134,12.65816861,0.873418314,59.93975083,TRUE,FALSE,NORMAL
27,50,7,0,724.6156349,8.482661466,100,4.450982757,18.60367862,11.92885785,0.880711422,60.52192559,TRUE,FALSE,NORMAL
27,50,8,546.7017109,398.4352304,4.250330374,100,20.87111582,0,6.992287238,0.930077128,64.46381834,TRUE,FALSE,NORMAL
27,50,9,754.5613216,106.1810378,8.964433706,100,29.9172078,2.023492155,33.30051061,0.666994894,43.50371232,TRUE,FALSE,RADIO_INTERFERENCE
27,50,10,892.437853,940.5389113,3.598788408,100,31.8106113,0,0,0,0,TRUE,FALSE,NORMAL
27,51,1,518.6408006,953.7266244,2.584306688,100,18.20546188,3.457443823,0,0,0,TRUE,FALSE,NORMAL
27,51,2,315.3402944,268.6650313,6.137087269,100,0.768598271,21.02013124,22.27453546,0.777254645,52.30274598,TRUE,FALSE,NORMAL
27,51,3,295.7340879,206.1322806,1.434986127,100,25.63484266,20.35858475,26.84614877,0.731538512,48.67002172,TRUE,FALSE,NORMAL
27,51,4,809.3849085,197.6442806,3.559070239,100,10.06358729,4.164508655,31.17026366,0.688297363,45.19248659,TRUE,FALSE,RADIO_INTERFERENCE
27,51,5,208.3745367,406.0697043,2.490165464,100,31.23052493,24.32654994,15.94182486,0.840581751,57.32001215,TRUE,FALSE,NORMAL
27,51,6,204.4759438,631.1705832,4.919617069,100,15.2552875,3.293955269,13.00902771,0.869909723,59.65966203,TRUE,FALSE,NORMAL
27,51,7,0,716.1523191,8.482661466,100,9.118320998,19.76650034,13.31938767,0.866806123,59.41192608,TRUE,FALSE,NORMAL
27,51,8,549.9102517,395.6476554,4.250330374,100,25.62835675,2.687448331,5.73088979,0.942691102,65.47131368,TRUE,FALSE,NORMAL
27,51,9,749.1548188,99.03045746,8.964433706,100,34.38151702,0,31.17026366,0.688297363,45.19248659,TRUE,FALSE,RADIO_INTERFERENCE
27,51,10,890.2875913,943.4246786,3.598788408,100,32.66611449,0,0,0,0,TRUE,FALSE,NORMAL
27,52,1,517.9621195,956.2202228,2.584306688,100,19.77509876,4.435532779,0,0,0,TRUE,FALSE,NORMAL
27,52,2,310.9803071,272.9840996,6.137087269,100,0,22.25161011,21.96638214,0.780336179,52.54498784,TRUE,FALSE,NORMAL
27,52,3,295.4225609,204.7315179,1.434986127,100,21.89965582,18.31814656,26.223774,0.73776226,49.16041048,TRUE,FALSE,NORMAL
27,52,4,808.2347275,194.2761855,3.559070239,100,6.59226225,4.796580298,30.71393468,0.692860653,45.5546569,TRUE,FALSE,RADIO_INTERFERENCE
27,52,5,209.5708573,408.253678,2.490165464,100,28.08703101,23.82491872,16.19550546,0.838044945,57.1178534,TRUE,FALSE,NORMAL
27,52,6,209.3950709,631.2400154,4.919617069,100,15.78139059,1.133168471,13.44137039,0.865586296,59.3145683,TRUE,FALSE,NORMAL
27,52,7,5.571012409,709.7554944,8.482661466,100,13.42228653,18.26578167,13.82391406,0.861760859,59.00922964,TRUE,FALSE,NORMAL
27,52,8,552.9138793,398.6549016,4.250330374,100,30.28308413,4.927204895,4.745043648,0.952549564,66.25878441,TRUE,FALSE,NORMAL
27,52,9,751.7014989,90.43537213,8.964433706,100,32.59163419,1.640710454,30.71393468,0.692860653,45.5546569,TRUE,FALSE,RADIO_INTERFERENCE
27,52,10,893.2441359,945.4765368,3.598788408,100,36.99738784,1.841915269,0,0,0,TRUE,FALSE,NORMAL
27,53,1,517.6488058,958.7854666,2.584306688,100,18.25106568,7.326448785,0,0,0,TRUE,FALSE,NORMAL
27,53,2,305.0243297,271.5041761,6.137087269,100,0,24.01673275,21.71542731,0.782845727,52.74939605,TRUE,FALSE,NORMAL
27,53,3,296.1520312,205.9672599,1.434986127,100,18.20235645,18.30875219,26.59436364,0.734056364,48.87007626,TRUE,FALSE,NORMAL
27,53,4,805.537418,191.9542246,3.559070239,100,7.031544651,5.074741369,32.67693157,0.673230684,43.99770036,TRUE,FALSE,RADIO_INTERFERENCE
27,53,5,207.1303256,407.7589771,2.490165464,100,23.51016292,23.48972232,16.02956222,0.839704378,57.25041718,TRUE,FALSE,NORMAL
27,53,6,212.1974866,635.2834172,4.919617069,100,17.36226962,0.690786798,13.65706832,0.863429317,59.14249049,TRUE,FALSE,NORMAL
27,53,7,13.89909671,708.1434902,8.482661466,100,12.87620706,18.20788228,15.02553868,0.849744613,58.05023706,TRUE,FALSE,NORMAL
27,53,8,555.6403093,401.9155591,4.250330374,100,29.10953273,6.224918651,3.09029536,0.969097046,67.58067071,TRUE,FALSE,NORMAL
27,53,9,758.672883,96.07105091,8.964433706,100,36.67387301,0.402844302,32.67693157,0.673230684,43.99770036,TRUE,FALSE,RADIO_INTERFERENCE
27,53,10,889.6573575,945.7703026,3.598788408,100,36.25463129,0,0,0,0,TRUE,FALSE,NORMAL
27,54,1,516.5653585,956.4392392,2.584306688,100,21.6864085,8.368824725,0,0,0,TRUE,FALSE,NORMAL
27,54,2,301.0144532,266.8582391,6.137087269,100,0,23.71433392,21.71785099,0.78282149,52.75167216,TRUE,FALSE,NORMAL
27,54,3,296.8491757,204.7129973,1.434986127,100,16.63111377,15.86180389,26.86406303,0.73135937,48.66097928,TRUE,FALSE,NORMAL
27,54,4,808.2958009,194.2032921,3.559070239,100,6.941426034,6.892274025,33.63244324,0.663675568,43.24089919,TRUE,FALSE,RADIO_INTERFERENCE
27,54,5,209.5764352,408.2253155,2.490165464,100,24.65872323,21.80395332,16.17991336,0.838200866,57.13034991,TRUE,FALSE,NORMAL
27,54,6,215.4244343,631.5700035,4.919617069,100,16.78599588,1.42962026,13.78538097,0.86214619,59.04001658,TRUE,FALSE,NORMAL
27,54,7,18.57405651,715.2216465,8.482661466,100,16.27171898,18.98976568,14.58483931,0.854151607,58.40193266,TRUE,FALSE,NORMAL
27,54,8,555.3306606,397.6765231,4.250330374,100,25.37939708,5.294144188,2.509258157,0.974907418,68.04486014,TRUE,FALSE,NORMAL
27,54,9,761.3015671,104.6414121,8.964433706,100,36.07741083,3.232756842,33.63244324,0.663675568,43.24089919,TRUE,FALSE,RADIO_INTERFERENCE
27,54,10,890.182326,949.3305956,3.598788408,100,35.08101828,0,0,0,0,TRUE,FALSE,NORMAL
27,55,1,518.5976404,954.8428458,2.584306688,100,24.12875779,6.831749922,0,0,0,TRUE,FALSE,NORMAL
27,55,2,298.6826478,261.1813981,6.137087269,100,3.621586402,23.64962812,21.93916602,0.78060834,52.58272309,TRUE,FALSE,NORMAL
27,55,3,298.2479054,205.0335287,1.434986127,100,19.15485333,14.17152578,27.50902598,0.72490974,48.15789731,TRUE,FALSE,NORMAL
27,55,4,804.7409265,194.376061,3.559070239,100,9.403565528,4.553836426,35.35481074,0.646451893,41.87896926,TRUE,FALSE,RADIO_INTERFERENCE
27,55,5,212.0322648,407.8132168,2.490165464,100,22.4120903,21.05418374,16.04995735,0.839500427,57.23394496,TRUE,FALSE,NORMAL
27,55,6,210.6308881,632.6765962,4.919617069,100,14.06031124,0,13.9479499,0.860520501,58.91030576,TRUE,FALSE,NORMAL
27,55,7,20.69732199,723.4342764,8.482661466,100,11.27632011,17.00860685,15.15248901,0.84847511,57.94892961,TRUE,FALSE,NORMAL
27,55,8,551.1345977,396.9994972,4.250330374,100,28.83624492,3.427292523,2.395811242,0.976041888,68.13549445,TRUE,FALSE,NORMAL
27,55,9,762.7830235,113.4825862,8.964433706,100,32.61567958,5.537589664,35.35481074,0.646451893,41.87896926,TRUE,FALSE,RADIO_INTERFERENCE
27,55,10,887.2591222,947.2315107,3.598788408,100,31.22865593,0,0,0,0,TRUE,FALSE,NORMAL
27,56,1,520.8764336,953.6239354,2.584306688,100,22.08066708,8.567564398,0,0,0,TRUE,FALSE,NORMAL
27,56,2,292.8695096,263.1489509,6.137087269,100,3.844043993,25.048797,21.92287114,0.780771289,52.5915127,TRUE,FALSE,NORMAL
27,56,3,298.8019842,203.7098287,1.434986127,100,18.56926171,16.35437075,27.20297672,0.727970233,48.39502434,TRUE,FALSE,NORMAL
27,56,4,803.6234548,197.7551493,3.559070239,100,13.47592038,1.89055707,34.84062359,0.651593764,42.28521245,TRUE,FALSE,RADIO_INTERFERENCE
27,56,5,210.977843,405.5573092,2.490165464,100,18.93874008,23.12030501,16.28182395,0.837181761,57.04933347,TRUE,FALSE,NORMAL
27,56,6,205.7141062,632.5096014,4.919617069,100,13.30776686,1.504314143,14.17328705,0.858267129,58.73055212,TRUE,FALSE,NORMAL
27,56,7,17.55139529,715.5565425,8.482661466,100,10.62240496,19.77647389,15.96284288,0.840371571,57.30230359,TRUE,FALSE,NORMAL
27,56,8,551.3647528,392.7554028,4.250330374,100,31.74464288,5.458894442,1.977794533,0.980222055,68.46945872,TRUE,FALSE,NORMAL
27,56,9,754.7006422,117.360238,8.964433706,100,30.73857003,4.411870591,34.84062359,0.651593764,42.28521245,TRUE,FALSE,RADIO_INTERFERENCE
27,56,10,883.6766852,947.5741809,3.598788408,100,28.92128485,0,0,0,0,TRUE,FALSE,NORMAL
27,57,1,521.7144489,951.1792736,2.584306688,100,24.19831724,8.33870981,0,0,0,TRUE,FALSE,NORMAL
27,57,2,298.9175011,264.1908907,6.137087269,100,7.925365405,22.63491129,22.13296669,0.778670333,52.42401492,TRUE,FALSE,NORMAL
27,57,3,299.3062298,205.0533024,1.434986127,100,22.07451686,16.46229507,27.25052479,0.727494752,48.35819758,TRUE,FALSE,NORMAL
27,57,4,804.8590903,194.4174576,3.559070239,100,17.11960333,1.089825479,34.31020018,0.656897998,42.70459872,TRUE,FALSE,RADIO_INTERFERENCE
27,57,5,208.489509,405.6527975,2.490165464,100,20.75573408,23.94322244,15.86371785,0.841362822,57.38280563,TRUE,FALSE,NORMAL
27,57,6,208.6753435,636.4381769,4.919617069,100,10.94670419,2.316368778,14.44617249,0.855538275,58.51298388,TRUE,FALSE,NORMAL
27,57,7,25.95473514,714.3992073,8.482661466,100,6.254963514,20.56374501,17.14087061,0.828591294,56.36243223,TRUE,FALSE,NORMAL
27,57,8,548.6511423,396.0267368,4.250330374,100,36.11692719,4.406357041,3.110407563,0.968895924,67.56460339,TRUE,FALSE,NORMAL
27,57,9,758.2497684,109.1283017,8.964433706,100,28.04453626,2.090250694,34.31020018,0.656897998,42.70459872,TRUE,FALSE,RADIO_INTERFERENCE
27,57,10,881.2553965,950.2366308,3.598788408,100,29.35093911,0,0,0,0,TRUE,FALSE,NORMAL
27,58,1,519.5088595,952.5261278,2.584306688,100,27.59247508,7.772159571,0,0,0,TRUE,FALSE,NORMAL
27,58,2,303.8306647,260.5133012,6.137087269,100,3.382451755,24.41420836,21.87032818,0.781296718,52.63939669,TRUE,FALSE,NORMAL
27,58,3,298.367649,206.1387752,1.434986127,100,20.22881751,15.02401595,27.5713967,0.724286033,48.11140564,TRUE,FALSE,NORMAL
27,58,4,805.9278672,191.0226532,3.559070239,100,14.62368695,0,36.18168418,0.638183158,41.22638629,TRUE,FALSE,RADIO_INTERFERENCE
27,58,5,208.0669592,408.1068504,2.490165464,100,20.74132315,22.6523199,15.42722208,0.845727779,57.73067293,TRUE,FALSE,NORMAL
27,58,6,213.4733482,637.5252751,4.919617069,100,7.063009092,0.704948418,14.18223141,0.858177686,58.72350159,TRUE,FALSE,NORMAL
27,58,7,28.92915206,722.3432862,8.482661466,100,7.268566026,22.73539144,16.39454596,0.83605454,56.95785569,TRUE,FALSE,NORMAL
27,58,8,551.5953942,399.0921387,4.250330374,100,39.45840134,5.70194551,2.861118177,0.971388818,67.76375803,TRUE,FALSE,NORMAL
27,58,9,765.0529384,114.9659339,8.964433706,100,26.19458204,0.634929143,36.18168418,0.638183158,41.22638629,TRUE,FALSE,RADIO_INTERFERENCE
27,58,10,883.632376,947.5345489,3.598788408,100,27.95434261,0.392330538,0,0,0,TRUE,FALSE,NORMAL
27,59,1,519.9751882,955.0680127,2.584306688,100,27.50043626,8.144008749,0,0,0,TRUE,FALSE,NORMAL
27,59,2,300.5826911,265.7204605,6.137087269,100,5.384989684,26.39639572,22.00287329,0.779971267,52.52606246,TRUE,FALSE,NORMAL
27,59,3,297.0773086,205.5109162,1.434986127,100,17.24108496,12.54797297,26.95693022,0.730430698,48.59034789,TRUE,FALSE,NORMAL
27,59,4,802.8937884,189.1621837,3.559070239,100,16.64113784,1.093300087,37.03546143,0.629645386,40.55361045,TRUE,FALSE,RADIO_INTERFERENCE
27,59,5,205.5817187,408.2633877,2.490165464,100,17.15907484,24.74216686,15.35450366,0.846454963,57.78904866,TRUE,FALSE,NORMAL
27,59,6,212.7462081,642.3908583,4.919617069,100,4.873239767,0.621314505,13.9545594,0.860454406,58.90535139,TRUE,FALSE,NORMAL
27,59,7,31.90694477,730.2861003,8.482661466,100,4.999960817,24.53745518,16.73607802,0.83263922,56.68536996,TRUE,FALSE,NORMAL
27,59,8,547.5972382,397.6498985,4.250330374,100,42.83811633,4.654759969,3.504827749,0.964951723,67.24951127,TRUE,FALSE,NORMAL
27,59,9,758.3957031,120.9694571,8.964433706,100,24.4277707,1.082563589,37.03546143,0.629645386,40.55361045,TRUE,FALSE,RADIO_INTERFERENCE
27,59,10,887.1200713,948.4218252,3.598788408,100,28.61439166,0.125248306,0,0,0,TRUE,FALSE,NORMAL
27,60,1,522.3483127,956.0912044,2.584306688,100,25.19979672,8.473600194,0,0,0,TRUE,FALSE,NORMAL
27,60,2,306.7005707,265.2352914,6.137087269,100,6.713043312,27.3187801,21.93833301,0.78061667,52.57544115,TRUE,FALSE,NORMAL
27,60,3,297.052052,204.0761524,1.434986127,100,14.29527546,11.19555687,26.82453313,0.731754669,48.69316776,TRUE,FALSE,NORMAL
27,60,4,802.2227099,185.6669535,3.559070239,100,19.20254525,0.875755015,36.23750668,0.637624933,41.18236417,TRUE,FALSE,RADIO_INTERFERENCE
27,60,5,208.0228762,407.771784,2.490165464,100,12.67044597,23.39832649,15.08279789,0.849172021,58.00582244,TRUE,FALSE,NORMAL
27,60,6,208.5397187,644.9419519,4.919617069,100,5.153906651,2.903832418,14.83260228,0.851673977,58.20515644,TRUE,FALSE,NORMAL
27,60,7,39.54520433,726.5965832,8.482661466,100,4.313083807,26.17448703,18.98372631,0.810162737,54.89251545,TRUE,FALSE,NORMAL
27,60,8,548.1178707,401.8682217,4.250330374,100,47.34977053,2.340496858,3.94623108,0.960537689,66.89689441,TRUE,FALSE,NORMAL
27,60,9,750.3283126,117.0607128,8.964433706,100,25.8628207,2.169447116,36.23750668,0.637624933,41.18236417,TRUE,FALSE,RADIO_INTERFERENCE
27,60,10,884.124565,946.4272777,3.598788408,100,24.03516191,1.262419894,0,0,0,TRUE,FALSE,NORMAL
27,61,1,523.9133639,958.1477199,2.584306688,100,20.89677582,10.54859087,0,0,0,TRUE,FALSE,NORMAL
27,61,2,307.0273559,259.1069105,6.137087269,100,2.017337589,25.99913539,21.5653581,0.784346419,52.8826432,TRUE,FALSE,NORMAL
27,61,3,296.7824043,205.4855761,1.434986127,100,14.90007208,11.6607436,27.40223425,0.725977658,48.24656087,TRUE,FALSE,NORMAL
27,61,4,801.8844404,182.123995,3.559070239,100,20.55630146,0.088033986,38.20353382,0.617964662,39.6352196,TRUE,FALSE,NORMAL
27,61,5,206.4881033,409.7327522,2.490165464,100,10.61600677,26.02274671,14.84862402,0.85151376,58.19225449,TRUE,FALSE,NORMAL
27,61,6,212.6456114,642.2319192,4.919617069,100,1.526884798,0.062047103,15.48350862,0.845164914,57.68572912,TRUE,FALSE,NORMAL
27,61,7,45.64267614,720.6994328,8.482661466,100,2.98101404,26.52987977,19.51640687,0.804835931,54.46772891,TRUE,FALSE,NORMAL
27,61,8,550.9197152,405.0643093,4.250330374,100,47.13817069,4.447291258,2.803526803,0.971964732,67.80976758,TRUE,FALSE,NORMAL
27,61,9,752.9462146,125.6343737,8.964433706,100,29.7650442,0.262947618,38.20353382,0.617964662,39.6352196,TRUE,FALSE,NORMAL
27,61,10,880.5388373,946.1209525,3.598788408,100,23.3079801,0.554668239,0,0,0,TRUE,FALSE,NORMAL
27,62,1,525.2183202,955.9170854,2.584306688,100,23.00595305,10.4471268,0,0,0,TRUE,FALSE,NORMAL
27,62,2,313.1412371,258.5737151,6.137087269,100,6.111017309,23.64382326,21.26350124,0.787364988,53.12075361,TRUE,FALSE,NORMAL
27,62,3,295.3961681,205.1147197,1.434986127,100,19.19382043,10.11008282,27.19780697,0.72802193,48.40593555,TRUE,FALSE,NORMAL
27,62,4,799.2757038,179.7029469,3.559070239,100,25.45690014,0.238836849,38.45463905,0.615453609,39.43814763,TRUE,FALSE,NORMAL
27,62,5,204.0108696,409.4793012,2.490165464,100,8.596072802,25.13757335,14.23724425,0.857627558,58.68008087,TRUE,FALSE,NORMAL
27,62,6,213.1001799,647.1304904,4.919617069,100,2.609649403,0.538377644,14.56136981,0.854386302,58.42152087,TRUE,FALSE,NORMAL
27,62,7,40.68240331,727.5806564,8.482661466,100,0.196914495,27.75743352,18.55087169,0.814491283,55.23772857,TRUE,FALSE,NORMAL
27,62,8,555.1339611,404.5116436,4.250330374,100,43.19360949,2.645423943,3.077607731,0.969223923,67.59080666,TRUE,FALSE,NORMAL
27,62,9,745.2208627,130.1819015,8.964433706,100,30.02483644,0.189156755,38.45463905,0.615453609,39.43814763,TRUE,FALSE,NORMAL
27,62,10,883.5702472,948.0604968,3.598788408,100,26.18372401,1.132375365,0,0,0,TRUE,FALSE,NORMAL
27,63,1,526.3463274,958.2422178,2.584306688,100,21.8071925,7.808292039,0,0,0,TRUE,FALSE,NORMAL
27,63,2,319.2615064,259.0277448,6.137087269,100,3.552489456,23.22326318,20.92398791,0.790760121,53.38759589,TRUE,FALSE,NORMAL
27,63,3,296.5704195,204.2899053,1.434986127,100,21.76793532,7.782533564,26.68511445,0.733148855,48.80930089,TRUE,FALSE,NORMAL
27,63,4,796.4587705,181.8782326,3.559070239,100,29.64954896,3.034729255,39.34654903,0.60653451,38.73935893,TRUE,FALSE,NORMAL
27,63,5,204.9545536,411.7837284,2.490165464,100,9.641817049,25.08981431,13.7420196,0.862579804,59.07522082,TRUE,FALSE,NORMAL
27,63,6,216.5178623,650.6691454,4.919617069,100,2.323755491,2.627275231,14.92753669,0.850724633,58.12961513,TRUE,FALSE,NORMAL
27,63,7,49.12339565,728.4204146,8.482661466,100,0,29.15163108,19.50773589,0.804922641,54.47464322,TRUE,FALSE,NORMAL
27,63,8,557.3582594,408.1334948,4.250330374,100,46.12194779,0.734654446,3.355407335,0.966445927,67.36887852,TRUE,FALSE,NORMAL
27,63,9,743.390542,138.9574925,8.964433706,100,30.29564827,0,39.34654903,0.60653451,38.73935893,TRUE,FALSE,NORMAL
27,63,10,884.9754451,944.747387,3.598788408,100,22.85514621,0,0,0,0,TRUE,FALSE,NORMAL
27,64,1,524.6500372,956.2925407,2.584306688,100,22.98170366,10.46472811,0,0,0,TRUE,FALSE,NORMAL
27,64,2,325.3489735,258.2489089,6.137087269,100,7.913295141,25.83391681,20.87679213,0.791232079,53.4208617,TRUE,FALSE,NORMAL
27,64,3,296.3726047,202.8686191,1.434986127,100,23.96513201,8.459418775,26.09884563,0.739011544,49.27144936,TRUE,FALSE,NORMAL
27,64,4,797.1115946,178.3795469,3.559070239,100,26.84182945,5.225063787,38.59200375,0.614079962,39.33040077,TRUE,FALSE,NORMAL
27,64,5,204.9358165,414.2738233,2.490165464,100,8.1005113,25.27561196,13.59430129,0.864056987,59.19287521,TRUE,FALSE,NORMAL
27,64,6,214.8375274,646.0453908,4.919617069,100,4.168226985,4.909853153,15.41935983,0.845806402,57.73683653,TRUE,FALSE,NORMAL
27,64,7,52.32830317,736.274338,8.482661466,100,2.107449334,30.12347105,19.28794183,0.807120582,54.64991294,TRUE,FALSE,NORMAL
27,64,8,553.7010587,405.9678097,4.250330374,100,42.14463909,0.092896241,4.855492992,0.95144507,66.17055749,TRUE,FALSE,NORMAL
27,64,9,743.0783413,129.9984969,8.964433706,100,28.6383605,0,38.59200375,0.614079962,39.33040077,TRUE,FALSE,NORMAL
27,64,10,882.0854176,942.6028547,3.598788408,100,22.19516981,2.011813717,0,0,0,TRUE,FALSE,NORMAL
27,65,1,526.2800064,958.2979937,2.584306688,100,24.05512313,10.02928864,0,0,0,TRUE,FALSE,NORMAL
27,65,2,320.5848837,254.3801509,6.137087269,100,7.92531012,25.73200246,20.80341737,0.791965826,53.48865798,TRUE,FALSE,NORMAL
27,65,3,297.3213612,203.9452092,1.434986127,100,25.82423043,11.42828381,26.81276288,0.731872371,48.71499958,TRUE,FALSE,NORMAL
27,65,4,800.0242183,180.4249329,3.559070239,100,30.47419827,7.417992465,37.96987626,0.620301237,39.8187193,TRUE,FALSE,NORMAL
27,65,5,202.8595649,412.8990131,2.490165464,100,9.825896149,25.88943847,13.31068858,0.866893114,59.41929931,TRUE,FALSE,NORMAL
27,65,6,217.5373874,650.1579797,4.919617069,100,3.068781323,7.074140636,14.49803106,0.855019689,58.47202991,TRUE,FALSE,NORMAL
27,65,7,51.43390544,744.7097158,8.482661466,100,1.313957392,32.70581608,18.40536327,0.815946367,55.35378182,TRUE,FALSE,NORMAL
27,65,8,553.7250454,410.2180724,4.250330374,100,38.73289454,2.74139603,3.439686338,0.965603137,67.30155055,TRUE,FALSE,NORMAL
27,65,9,749.3996422,123.6422222,8.964433706,100,28.17772895,0,37.96987626,0.620301237,39.8187193,TRUE,FALSE,NORMAL
27,65,10,882.2279913,946.1988178,3.598788408,100,24.45527027,4.635344031,0,0,0,TRUE,FALSE,NORMAL
27,66,1,523.9732755,957.1328184,2.584306688,100,23.37371323,8.558293389,0,0,0,TRUE,FALSE,NORMAL
27,66,2,324.9420204,250.0582069,6.137087269,100,8.230443356,23.38669506,20.82805572,0.791719443,53.46957366,TRUE,FALSE,NORMAL
27,66,3,297.3300927,202.5102497,1.434986127,100,23.94343688,8.718192301,26.89134696,0.73108653,48.65350066,TRUE,FALSE,NORMAL
27,66,4,798.1018008,183.4201444,3.559070239,100,27.16319339,6.177909096,38.97112103,0.61028879,39.03325683,TRUE,FALSE,NORMAL
27,66,5,205.2368552,412.1577881,2.490165464,100,13.42928864,28.41782455,13.09684758,0.869031524,59.58989038,TRUE,FALSE,NORMAL
27,66,6,212.6273969,649.8503667,4.919617069,100,3.571591081,6.274746396,14.5979044,0.854020956,58.39238126,TRUE,FALSE,NORMAL
27,66,7,45.0694744,739.1017248,8.482661466,100,0.763888192,33.72455159,18.62100967,0.813789903,55.18178972,TRUE,FALSE,NORMAL
27,66,8,549.6080542,411.2743356,4.250330374,100,38.59616758,1.592004518,4.092848104,0.959071519,66.77977092,TRUE,FALSE,NORMAL
27,66,9,758.1768574,125.4647384,8.964433706,100,24.25759007,1.688699918,38.97112103,0.61028879,39.03325683,TRUE,FALSE,NORMAL
27,66,10,884.4933183,948.9951675,3.598788408,100,20.4647385,5.765161276,0,0,0,TRUE,FALSE,NORMAL
27,67,1,526.1713802,958.4918537,2.584306688,100,25.97273917,10.43487976,0,0,0,TRUE,FALSE,NORMAL
27,67,2,319.1124179,248.1399849,6.137087269,100,8.775888109,23.39708413,20.86536084,0.791346392,53.44527397,TRUE,FALSE,NORMAL
27,67,3,297.7180914,201.1287135,1.434986127,100,28.58143383,8.215471989,27.08084716,0.729191528,48.51018606,TRUE,FALSE,NORMAL
27,67,4,795.6995218,186.0461749,3.559070239,100,31.85680005,8.490478695,38.8803488,0.611196512,39.10437047,TRUE,FALSE,NORMAL
27,67,5,202.9739813,411.1184008,2.490165464,100,10.2714142,29.17676078,13.2753981,0.867246019,59.44737364,TRUE,FALSE,NORMAL
27,67,6,214.7795482,645.4264684,4.919617069,100,0,5.67832875,14.08696691,0.859130331,58.79973623,TRUE,FALSE,NORMAL
27,67,7,37.29690815,735.7042611,8.482661466,100,1.413120182,32.53692936,17.06259608,0.829374039,56.42487685,TRUE,FALSE,NORMAL
27,67,8,546.0795845,413.643979,4.250330374,100,37.28963162,0.089038635,3.360446056,0.966395539,67.36485323,TRUE,FALSE,NORMAL
27,67,9,751.088196,130.9521741,8.964433706,100,21.94729982,4.331636581,38.8803488,0.611196512,39.10437047,TRUE,FALSE,NORMAL
27,67,10,887.9993406,948.1833267,3.598788408,100,22.44932143,2.786930158,0,0,0,TRUE,FALSE,NORMAL
27,68,1,527.4406963,960.7429595,2.584306688,100,22.62632741,10.06462239,0,0,0,TRUE,FALSE,NORMAL
27,68,2,314.1904058,244.4742466,6.137087269,100,13.0713814,21.38517155,20.7449897,0.792550103,53.55087521,TRUE,FALSE,NORMAL
27,68,3,296.2954963,201.3168847,1.434986127,100,25.37279897,9.71564348,27.53794078,0.724620592,48.15922358,TRUE,FALSE,NORMAL
27,68,4,797.5597542,189.0803991,3.559070239,100,30.57303338,6.416213389,36.70768698,0.63292313,40.81176085,TRUE,FALSE,NORMAL
27,68,5,204.8213901,412.7881328,2.490165464,100,14.62159417,31.07417379,13.06307423,0.869369258,59.61687415,TRUE,FALSE,NORMAL
27,68,6,215.0467895,650.3388216,4.919617069,100,4.313445017,3.480370525,14.07133903,0.85928661,58.81238151,TRUE,FALSE,NORMAL
27,68,7,42.02596818,742.746387,8.482661466,100,0.607292346,32.99377862,17.56171604,0.82438284,56.02671084,TRUE,FALSE,NORMAL
27,68,8,544.3463843,417.5248713,4.250330374,100,34.54083416,0,2.180476011,0.97819524,68.30753032,TRUE,FALSE,NORMAL
27,68,9,744.5955884,124.7709834,8.964433706,100,19.56492582,3.483804432,36.70768698,0.63292313,40.81176085,TRUE,FALSE,NORMAL
27,68,10,887.5076407,951.7483665,3.598788408,100,25.76894543,5.232695194,0,0,0,TRUE,FALSE,NORMAL
27,69,1,525.2519056,962.1169452,2.584306688,100,26.55810706,9.789492295,0,0,0,TRUE,FALSE,NORMAL
27,69,2,320.262138,245.3675039,6.137087269,100,15.61434395,18.95417696,20.43352765,0.795664723,53.79300332,TRUE,FALSE,NORMAL
27,69,3,297.6325893,200.7959552,1.434986127,100,23.16372741,7.966712144,27.11239361,0.728876064,48.48939234,TRUE,FALSE,NORMAL
27,69,4,794.9154718,191.4625728,3.559070239,100,29.1529144,7.384839745,36.20968397,0.63790316,41.20430484,TRUE,FALSE,NORMAL
27,69,5,202.4082877,412.1734287,2.490165464,100,11.04232556,31.40137662,12.4984958,0.875015042,60.06753703,TRUE,FALSE,NORMAL
27,69,6,217.4357106,654.6394829,4.919617069,100,4.79557974,6.401840395,14.33703739,0.856629626,58.60083204,TRUE,FALSE,NORMAL
27,69,7,49.26014912,738.316695,8.482661466,100,1.528677961,32.96531162,18.95764709,0.810423529,54.9133135,TRUE,FALSE,NORMAL
27,69,8,546.1439224,421.376386,4.250330374,100,36.58473629,0,2.447431145,0.975525689,68.09425452,TRUE,FALSE,NORMAL
27,69,9,750.2092281,117.7818404,8.964433706,100,23.20553091,4.624817955,36.20968397,0.63790316,41.20430484,TRUE,FALSE,NORMAL
27,69,10,887.1613084,948.1662817,3.598788408,100,30.2214602,4.127260208,0,0,0,TRUE,FALSE,NORMAL
27,70,1,525.8116412,959.5939832,2.584306688,100,25.80420732,12.54286681,0,0,0,TRUE,FALSE,NORMAL
27,70,2,314.7163441,247.9958133,6.137087269,100,16.85670356,16.42489617,20.45367406,0.795463259,53.77834152,TRUE,FALSE,NORMAL
27,70,3,299.0345255,201.1021579,1.434986127,100,18.73825572,6.248689919,27.21306663,0.727869334,48.41051449,TRUE,FALSE,NORMAL
27,70,4,794.1005802,187.9980479,3.559070239,100,29.81015292,6.047974676,37.71885336,0.622811466,40.0159803,TRUE,FALSE,NORMAL
27,70,5,204.8948486,412.3073663,2.490165464,100,12.63596751,28.75762551,12.67480794,0.873251921,59.92701709,TRUE,FALSE,NORMAL
27,70,6,215.3245226,659.0830757,4.919617069,100,4.238063903,3.41888868,13.76697955,0.862330205,59.05580776,TRUE,FALSE,NORMAL
27,70,7,41.0467896,736.1962537,8.482661466,100,0.415310459,30.31853038,18.49834458,0.815016554,55.27962229,TRUE,FALSE,NORMAL
27,70,8,548.6326978,424.821862,4.250330374,100,40.40138901,0,1.298131788,0.987018682,69.01247495,TRUE,FALSE,NORMAL
27,70,9,759.1113598,118.8368871,8.964433706,100,23.15796428,4.330760958,37.71885336,0.622811466,40.0159803,TRUE,FALSE,NORMAL
27,70,10,886.6268965,951.7251694,3.598788408,100,28.13508321,5.092653576,0,0,0,TRUE,FALSE,NORMAL
27,71,1,526.3913197,962.1124379,2.584306688,100,27.11721482,15.12517302,0,0,0,TRUE,FALSE,NORMAL
27,71,2,312.7332502,242.1879584,6.137087269,100,14.19615511,17.27031379,30.21616452,0.697838355,46.03168818,TRUE,FALSE,NORMAL
27,71,3,297.6004261,201.152597,1.434986127,100,20.666671,8.95163328,27.73780556,0.722621944,48.00967403,TRUE,FALSE,NORMAL
27,71,4,790.5493631,188.2343485,3.559070239,100,25.46449967,8.844382434,39.40947405,0.605905259,38.69013563,TRUE,FALSE,NORMAL
27,71,5,206.7431593,413.9760998,2.490165464,100,10.37868777,31.1273808,12.4350167,0.875649833,60.11831924,TRUE,FALSE,NORMAL
27,71,6,220.0334461,660.5073902,4.919617069,100,8.806706504,3.182279797,14.16150523,0.858384948,58.74116094,TRUE,FALSE,NORMAL
27,71,7,49.31825481,734.3151879,8.482661466,100,1.733868635,29.5852534,19.26951823,0.807304818,54.66460478,TRUE,FALSE,NORMAL
27,71,8,552.4317062,422.9158602,4.250330374,100,44.83405398,0,0,0,0,TRUE,FALSE,NORMAL
27,71,9,759.6283376,127.7864013,8.964433706,100,24.62342396,6.60322131,39.40947405,0.605905259,38.69013563,TRUE,FALSE,NORMAL
27,71,10,886.5831518,948.1266469,3.598788408,100,28.33898754,7.227318585,0,0,0,TRUE,FALSE,NORMAL
27,72,1,528.9586521,962.4081497,2.584306688,100,28.64399592,17.5143565,0,0,0,TRUE,FALSE,NORMAL
27,72,2,306.5967501,242.1030652,6.137087269,100,13.6870715,15.89761524,30.66205189,0.693379481,45.67732859,TRUE,FALSE,NORMAL
27,72,3,297.1617132,199.7863188,1.434986127,100,17.2290397,10.89713711,27.81431851,0.721856815,47.9499698,TRUE,FALSE,NORMAL
27,72,4,787.3347223,189.7617861,3.559070239,100,28.96639785,10.37782341,39.77353007,0.602264699,38.40556997,TRUE,FALSE,NORMAL
27,72,5,209.1340066,413.2798432,2.490165464,100,9.427526237,32.59807067,12.81754275,0.871824573,59.81307135,TRUE,FALSE,NORMAL
27,72,6,224.3828837,658.2084722,4.919617069,100,7.573599054,2.183299108,13.16370097,0.86836299,59.53691211,TRUE,FALSE,NORMAL
27,72,7,41.84198441,738.3227964,8.482661466,100,1.6504975,29.65103024,17.02495814,0.829750419,56.45490334,TRUE,FALSE,NORMAL
27,72,8,549.5310888,419.8091374,4.250330374,100,42.19015017,2.35709589,0,0,0,TRUE,FALSE,NORMAL
27,72,9,752.858169,133.6622747,8.964433706,100,21.37616549,6.315356784,39.77353007,0.602264699,38.40556997,TRUE,FALSE,NORMAL
27,72,10,888.9899473,950.8022054,3.598788408,100,24.32174826,8.997794387,0,0,0,TRUE,FALSE,NORMAL
27,73,1,530.458152,964.5129397,2.584306688,100,32.46435313,16.27520485,0,0,0,TRUE,FALSE,NORMAL
27,73,2,305.7621807,248.1831421,6.137087269,100,13.54476039,17.61467125,20.65348608,0.793465139,53.62036674,TRUE,FALSE,NORMAL
27,73,3,295.8897075,200.4505376,1.434986127,100,16.41031291,13.733612,27.21349593,0.727865041,48.41216559,TRUE,FALSE,NORMAL
27,73,4,783.9901778,188.5448214,3.559070239,100,24.41974554,9.299731678,39.72516874,0.602748313,38.44334973,TRUE,FALSE,NORMAL
27,73,5,209.4291473,415.7524564,2.490165464,100,12.08190655,31.1645913,13.04189659,0.869581034,59.63408392,TRUE,FALSE,NORMAL
27,73,6,219.6470409,659.5405475,4.919617069,100,5.01273303,2.156892292,14.26468885,0.857353112,58.65861992,TRUE,FALSE,NORMAL
27,73,7,50.1510746,740.0300064,8.482661466,100,6.253656999,28.56419206,18.99231925,0.810076807,54.88566264,TRUE,FALSE,NORMAL
27,73,8,548.3140186,415.7367857,4.250330374,100,41.15549384,1.872281845,1.036103269,0.989638967,69.22182774,TRUE,FALSE,NORMAL
27,73,9,744.1472496,135.7791016,8.964433706,100,20.99361009,6.751866011,39.72516874,0.602748313,38.44334973,TRUE,FALSE,NORMAL
27,73,10,889.6075159,954.3476091,3.598788408,100,25.52365804,11.81077314,0,0,0,TRUE,FALSE,NORMAL
27,74,1,532.9001643,963.6672346,2.584306688,100,33.50381594,16.83413523,0,0,0,TRUE,FALSE,NORMAL
27,74,2,301.5287703,252.6263478,6.137087269,100,11.12375526,18.20247814,20.33690664,0.796630934,53.86566592,TRUE,FALSE,NORMAL
27,74,3,294.5614426,199.9074927,1.434986127,100,18.39174419,16.56129649,26.61442979,0.733855702,48.87876996,TRUE,FALSE,NORMAL
27,74,4,785.1619266,191.905474,3.559070239,100,24.94977949,6.565165478,37.55621021,0.624437898,40.14385546,TRUE,FALSE,NORMAL
27,74,5,209.6362687,418.2339932,2.490165464,100,8.073661392,31.45294721,12.99940395,0.870005961,59.66819977,TRUE,FALSE,NORMAL
27,74,6,219.4519641,664.4562954,4.919617069,100,8.716574473,2.418302565,14.11927957,0.858807204,58.77479167,TRUE,FALSE,NORMAL
27,74,7,52.31321888,748.2324863,8.482661466,100,2.102787491,29.94850339,19.106118,0.80893882,54.79491008,TRUE,FALSE,NORMAL
27,74,8,550.1589382,419.56583,4.250330374,100,41.74640736,1.434594085,0.253770453,0.997462295,69.84690446,TRUE,FALSE,NORMAL
27,74,9,738.1551493,129.1115829,8.964433706,100,23.09224681,4.03949989,37.55621021,0.624437898,40.14385546,TRUE,FALSE,NORMAL
27,74,10,886.1314824,953.4156919,3.598788408,100,26.82372578,13.5100138,0,0,0,TRUE,FALSE,NORMAL
27,75,1,533.9550964,961.3080485,2.584306688,100,37.39496119,17.0788623,0,0,0,TRUE,FALSE,NORMAL
27,75,2,298.3157772,257.8551636,6.137087269,100,13.94883956,16.43343408,20.74006601,0.79259934,53.53761499,TRUE,FALSE,NORMAL
27,75,3,295.9199636,200.369668,1.434986127,100,21.83890806,13.94631069,26.32361366,0.736763863,49.10128953,TRUE,FALSE,NORMAL
27,75,4,787.3764012,189.1192429,3.559070239,100,29.50680231,6.628167319,37.65068532,0.623493147,40.06957002,TRUE,FALSE,NORMAL
27,75,5,212.0789936,417.7502379,2.490165464,100,10.11214191,28.94683828,13.3847279,0.866152721,59.36099479,TRUE,FALSE,NORMAL
27,75,6,214.8827041,666.2796152,4.919617069,100,8.742980646,3.743959243,13.79433986,0.862056601,59.03411759,TRUE,FALSE,NORMAL
27,75,7,48.85883199,755.9799218,8.482661466,100,1.868531013,27.43983154,18.81251376,0.811874862,55.02905858,TRUE,FALSE,NORMAL
27,75,8,547.4760751,416.2692326,4.250330374,100,39.64688742,1.552131731,0.959505949,0.990404941,69.28302719,TRUE,FALSE,NORMAL
27,75,9,745.2304749,123.606963,8.964433706,100,26.69963331,2.824748275,37.65068532,0.623493147,40.06957002,TRUE,FALSE,NORMAL
27,75,10,889.6543444,952.6803543,3.598788408,100,26.93799869,15.70317861,0,0,0,TRUE,FALSE,NORMAL
27,76,1,532.5992594,963.5081274,2.584306688,100,35.6200222,14.36290803,0,0,0,TRUE,FALSE,NORMAL
27,76,2,292.8444877,255.0750859,6.137087269,100,16.62903015,16.06521195,20.73944604,0.79260554,53.54044436,TRUE,FALSE,NORMAL
27,76,3,296.6407889,199.1288634,1.434986127,100,23.67192119,14.60165084,26.54498161,0.734550184,48.92761962,TRUE,FALSE,NORMAL
27,76,4,785.5015833,186.0940092,3.559070239,100,24.70620645,4.299349588,39.80756848,0.601924315,38.3789834,TRUE,FALSE,NORMAL
27,76,5,212.7270687,415.345883,2.490165464,100,5.185746033,27.35513869,13.72227845,0.862777215,59.09163124,TRUE,FALSE,NORMAL
27,76,6,214.276133,661.3975353,4.919617069,100,7.13228045,4.968345388,13.13726147,0.868627385,59.55804627,TRUE,FALSE,NORMAL
27,76,7,41.21417522,759.6561656,8.482661466,100,6.156971363,27.99443373,17.08156153,0.829184385,56.40974682,TRUE,FALSE,NORMAL
27,76,8,543.7617631,418.3354357,4.250330374,100,34.69166264,3.670405927,0.273968312,0.997260317,69.83076625,TRUE,FALSE,NORMAL
27,76,9,751.7089813,129.8029316,8.964433706,100,28.53397551,3.793067882,39.80756848,0.601924315,38.3789834,TRUE,FALSE,NORMAL
27,76,10,891.9101897,949.8763501,3.598788408,100,25.70518422,18.50572564,0,0,0,TRUE,FALSE,NORMAL
27,77,1,530.2061756,964.4837252,2.584306688,100,30.78567186,16.48069495,0,0,0,TRUE,FALSE,NORMAL
27,77,2,289.9183101,260.4696502,6.137087269,100,13.15228471,18.23885331,31.18225431,0.688177457,45.21827361,TRUE,FALSE,NORMAL
27,77,3,295.2457623,199.4651461,1.434986127,100,26.96104797,17.18434859,26.2929787,0.737070213,49.11868105,TRUE,FALSE,NORMAL
27,77,4,782.9445447,188.569597,3.559070239,100,20.34348939,6.541680266,38.08270117,0.619172988,39.73009964,TRUE,FALSE,NORMAL
27,77,5,215.0061154,414.3424537,2.490165464,100,9.080738688,25.05258536,14.27863167,0.857213683,58.64802827,TRUE,FALSE,NORMAL
27,77,6,219.1826143,661.038267,4.919617069,100,10.3057858,7.613532233,12.90654766,0.870934523,59.74214958,TRUE,FALSE,NORMAL
27,77,7,47.36068172,765.5021902,8.482661466,100,3.134343961,28.77138318,16.73312433,0.832668757,56.68772644,TRUE,FALSE,NORMAL
27,77,8,547.7722914,416.9279659,4.250330374,100,30.52311724,3.129478833,0,0,0,TRUE,FALSE,NORMAL
27,77,9,746.3735187,122.5991888,8.964433706,100,29.61370224,5.476983946,38.08270117,0.619172988,39.73009964,TRUE,FALSE,NORMAL
27,77,10,895.2351665,951.2532334,3.598788408,100,27.16090176,15.93004254,0,0,0,TRUE,FALSE,NORMAL
27,78,1,527.9309552,963.2581587,2.584306688,100,27.22125689,17.46747567,0,0,0,TRUE,FALSE,NORMAL
27,78,2,283.7861529,260.2237046,6.137087269,100,12.20475852,16.75505848,31.17286126,0.688271387,45.22330871,TRUE,FALSE,NORMAL
27,78,3,296.5038526,198.774933,1.434986127,100,22.18322186,16.81958041,25.98232554,0.740176745,49.3640487,TRUE,FALSE,NORMAL
27,78,4,779.9594461,190.5076804,3.559070239,100,23.15222003,7.367592554,36.47680877,0.635231912,40.99370049,TRUE,FALSE,NORMAL
27,78,5,216.7952707,416.0744605,2.490165464,100,11.98503293,22.99810082,14.55652633,0.854434737,58.42623627,TRUE,FALSE,NORMAL
27,78,6,222.2435945,657.1868994,4.919617069,100,7.33196456,9.534509014,13.52019564,0.864798044,59.25225304,TRUE,FALSE,NORMAL
27,78,7,55.74847785,766.7672679,8.482661466,100,0,26.51180782,17.02959279,0.829704072,56.45120594,TRUE,FALSE,NORMAL
27,78,8,548.1711715,421.1595381,4.250330374,100,33.63322854,3.381387194,0,0,0,TRUE,FALSE,NORMAL
27,78,9,743.5886766,114.0782894,8.964433706,100,32.34266023,7.206098352,36.47680877,0.635231912,40.99370049,TRUE,FALSE,NORMAL
27,78,10,898.566351,949.8914377,3.598788408,100,23.95576541,18.68554531,0,0,0,TRUE,FALSE,NORMAL
27,79,1,529.2453884,961.0330954,2.584306688,100,31.31692183,16.10710089,0,0,0,TRUE,FALSE,NORMAL
27,79,2,279.5961204,255.7395695,6.137087269,100,15.84550584,15.33197942,31.19072957,0.688092704,45.21609489,TRUE,FALSE,NORMAL
27,79,3,295.1359481,199.2085486,1.434986127,100,22.36462075,18.05180498,26.28544572,0.737145543,49.12957568,TRUE,FALSE,NORMAL
27,79,4,779.5125132,194.0385772,3.559070239,100,26.65568602,7.159169039,34.41141043,0.655885896,42.62455207,TRUE,FALSE,NORMAL
27,79,5,217.9597255,418.2755895,2.490165464,100,15.96116624,24.12251724,14.53289294,0.854671071,58.44476543,TRUE,FALSE,NORMAL
27,79,6,217.9123028,654.8539731,4.919617069,100,7.487484516,7.688864689,13.38518019,0.866148198,59.35974137,TRUE,FALSE,NORMAL
27,79,7,48.7692241,771.5886331,8.482661466,100,0,25.86050441,15.98963492,0.840103651,57.28092606,TRUE,FALSE,NORMAL
27,79,8,546.1709056,424.9097707,4.250330374,100,34.16334405,5.619072109,0,0,0,TRUE,FALSE,NORMAL
27,79,9,739.3694578,106.168848,8.964433706,100,33.07452589,9.947972767,34.41141043,0.655885896,42.62455207,TRUE,FALSE,NORMAL
27,79,10,901.9829992,951.0218329,3.598788408,100,23.11738457,20.52698293,0,0,0,TRUE,FALSE,NORMAL
27,80,1,526.8864343,959.9776445,2.584306688,100,31.19048358,13.73710789,0,0,0,TRUE,FALSE,NORMAL
27,80,2,278.4596049,249.7086349,6.137087269,100,13.15811103,13.59864265,31.37752763,0.686224724,45.07808171,TRUE,FALSE,NORMAL
27,80,3,293.8182593,198.6403221,1.434986127,100,21.68381616,15.87753785,26.90795843,0.730920416,48.64406822,TRUE,FALSE,NORMAL
27,80,4,783.0323439,194.5656184,3.559070239,100,29.66174861,7.100769702,32.97646876,0.670235312,43.76037166,TRUE,FALSE,NORMAL
27,80,5,216.893529,416.0252231,2.490165464,100,19.56153937,25.81754097,14.03238348,0.859676165,58.84415291,TRUE,FALSE,NORMAL
27,80,6,217.0985445,659.7058212,4.919617069,100,5.209832926,8.661291285,12.94545966,0.870545403,59.7109296,TRUE,FALSE,NORMAL
27,80,7,52.25890608,779.3202349,8.482661466,100,0,26.83861214,16.30001873,0.836999813,57.03327527,TRUE,FALSE,NORMAL
27,80,8,550.4065471,425.2628282,4.250330374,100,32.03732375,3.081743014,0,0,0,TRUE,FALSE,NORMAL
27,80,9,742.4564386,97.75269556,8.964433706,100,35.21526361,10.11252398,32.97646876,0.670235312,43.76037166,TRUE,FALSE,NORMAL
27,80,10,905.5411322,950.4824186,3.598788408,100,27.45476771,19.43119929,0,0,0,TRUE,FALSE,NORMAL
27,81,1,529.4255358,959.4963915,2.584306688,100,35.45410836,15.26233076,0,0,0,TRUE,FALSE,NORMAL
27,81,2,273.7127288,253.5984945,6.137087269,100,14.45733827,13.18792804,31.21647727,0.687835227,45.1973642,TRUE,FALSE,NORMAL
27,81,3,292.4428924,199.0496523,1.434986127,100,18.98165611,13.27163229,26.37512062,0.736248794,49.05988454,TRUE,FALSE,NORMAL
27,81,4,782.5910581,198.0972254,3.559070239,100,26.12773534,6.927568829,32.33221657,0.676677834,44.27091293,TRUE,FALSE,NORMAL
27,81,5,215.785511,418.2552949,2.490165464,100,19.98257851,27.78811205,14.49035284,0.855096472,58.47867703,TRUE,FALSE,NORMAL
27,81,6,215.9830806,654.9143316,4.919617069,100,3.49872775,9.42927166,12.78100734,0.872189927,59.84185848,TRUE,FALSE,NORMAL
27,81,7,43.78296159,779.6577413,8.482661466,100,0,28.6168885,14.79481584,0.852051842,58.23436042,TRUE,FALSE,NORMAL
27,81,8,549.4111209,421.1307058,4.250330374,100,34.30978789,0.936797664,0,0,0,TRUE,FALSE,NORMAL
27,81,9,750.6647263,94.14921334,8.964433706,100,34.23746716,11.0814731,32.33221657,0.676677834,44.27091293,TRUE,FALSE,NORMAL
27,81,10,902.5312854,948.5095779,3.598788408,100,25.11803257,19.73458805,0,0,0,TRUE,FALSE,NORMAL
27,82,1,532.0014158,959.7049172,2.584306688,100,35.10629679,14.16268111,0,0,0,TRUE,FALSE,NORMAL
27,82,2,271.9312075,259.4713151,6.137087269,100,12.31400839,14.79931932,31.15307103,0.68846929,45.23966779,TRUE,FALSE,NORMAL
27,82,3,291.853378,200.3579557,1.434986127,100,21.38045332,12.11643685,25.91691737,0.740830826,49.41690115,TRUE,FALSE,NORMAL
27,82,4,781.7254947,194.6450115,3.559070239,100,28.84052488,9.79155136,33.38622954,0.666137705,43.43583342,TRUE,FALSE,NORMAL
27,82,5,213.5912755,419.4326879,2.490165464,100,17.97534295,28.08835318,14.50080824,0.854991918,58.47066417,TRUE,FALSE,NORMAL
27,82,6,215.3149173,659.7883638,4.919617069,100,2.137559103,7.983697772,13.28534307,0.867146569,59.4395769,TRUE,FALSE,NORMAL
27,82,7,52.22008266,780.5355417,8.482661466,100,3.81351426,25.79522021,16.42383764,0.835761624,56.93448523,TRUE,FALSE,NORMAL
27,82,8,545.855277,418.802341,4.250330374,100,37.0834347,0.732597525,0,0,0,TRUE,FALSE,NORMAL
27,82,9,759.6232204,94.47548874,8.964433706,100,37.61768629,13.21602776,33.38622954,0.666137705,43.43583342,TRUE,FALSE,NORMAL
27,82,10,905.9222666,949.7147851,3.598788408,100,26.01925936,21.86195512,0,0,0,TRUE,FALSE,NORMAL
27,83,1,530.6201689,961.8891329,2.584306688,100,39.96390742,15.64543521,0,0,0,TRUE,FALSE,NORMAL
27,83,2,278.0555698,259.076313,6.137087269,100,17.13744534,15.44191153,31.44934539,0.685506546,45.00927378,TRUE,FALSE,NORMAL
27,83,3,290.9849969,201.5003653,1.434986127,100,17.91872231,13.61842894,26.54298924,0.734570108,48.92322818,TRUE,FALSE,NORMAL
27,83,4,779.6565579,191.7490692,3.559070239,100,32.67881686,9.666085942,33.17360246,0.668263975,43.60421992,TRUE,FALSE,NORMAL
27,83,5,214.3181358,417.0509663,2.490165464,100,14.31073297,29.5845835,14.3190585,0.856809415,58.61582291,TRUE,FALSE,NORMAL
27,83,6,213.7258469,664.4442727,4.919617069,100,0,7.754527552,12.57759218,0.874224078,60.00464436,TRUE,FALSE,NORMAL
27,83,7,44.03817293,778.2968146,8.482661466,100,3.018305899,23.5028282,16.18622718,0.838137728,57.12406655,TRUE,FALSE,NORMAL
27,83,8,541.621214,419.1738498,4.250330374,100,42.05014374,0.907058703,0,0,0,TRUE,FALSE,NORMAL
27,83,9,751.0200903,91.95611882,8.964433706,100,38.72987474,14.32785016,33.17360246,0.668263975,43.60421992,TRUE,FALSE,NORMAL
27,83,10,909.1152992,948.0547184,3.598788408,100,22.05426882,20.35995849,0,0,0,TRUE,FALSE,NORMAL
27,84,1,531.614828,959.5039087,2.584306688,100,40.63543158,12.88478252,0,0,0,TRUE,FALSE,NORMAL
27,84,2,283.3884016,256.0390864,6.137087269,100,21.38448888,14.17991587,31.24562737,0.687543726,45.1765095,TRUE,FALSE,NORMAL
27,84,3,291.5076539,200.1639466,1.434986127,100,17.82114851,11.08739155,26.61494817,0.733850518,48.8709356,TRUE,FALSE,NORMAL
27,84,4,776.5163031,190.0740228,3.559070239,100,34.21243315,10.28874545,32.1543096,0.678456904,44.41195318,TRUE,FALSE,NORMAL
27,84,5,216.4756443,418.2943815,2.490165464,100,18.0003371,30.31488507,13.75325601,0.86246744,59.06718922,TRUE,FALSE,NORMAL
27,84,6,216.127586,668.7377889,4.919617069,100,4.7684921,7.274440381,13.0606062,0.869393938,59.61950131,TRUE,FALSE,NORMAL
27,84,7,50.82067902,773.2023906,8.482661466,100,6.492587538,25.73268475,17.6629689,0.823370311,55.94594191,TRUE,FALSE,NORMAL
27,84,8,545.4098297,421.1004269,4.250330374,100,37.70233559,3.66166483,0,0,0,TRUE,FALSE,NORMAL
27,84,9,745.7808048,84.68212688,8.964433706,100,43.19739543,14.00796906,32.1543096,0.678456904,44.41195318,TRUE,FALSE,NORMAL
27,84,10,908.42952,944.5218747,3.598788408,100,22.40257211,18.55224016,0,0,0,TRUE,FALSE,NORMAL
27,85,1,531.5603574,956.9201761,2.584306688,100,37.88298777,14.44904378,0,0,0,TRUE,FALSE,NORMAL
27,85,2,278.7985786,260.1130728,6.137087269,100,21.70973224,16.52364278,31.35669368,0.686433063,45.0775999,TRUE,FALSE,NORMAL
27,85,3,290.6655126,199.0020588,1.434986127,100,21.809181,11.29639997,26.19925911,0.738007409,49.1917169,TRUE,FALSE,NORMAL
27,85,4,776.4976001,186.5150017,3.559070239,100,37.10986672,10.11708068,31.22625373,0.687737463,45.14805846,TRUE,FALSE,NORMAL
27,85,5,215.8895427,415.8741731,2.490165464,100,14.7616266,29.18095854,14.38619086,0.856138091,58.56242176,TRUE,FALSE,NORMAL
27,85,6,216.0696026,663.8185135,4.919617069,100,4.581850915,7.080282092,12.4049465,0.875950535,60.14242788,TRUE,FALSE,NORMAL
27,85,7,42.41768082,774.3622039,8.482661466,100,6.86320844,28.3504578,15.93311259,0.840668874,57.32602567,TRUE,FALSE,NORMAL
27,85,8,542.901404,417.6692305,4.250330374,100,42.60633618,3.606639211,0,0,0,TRUE,FALSE,NORMAL
27,85,9,741.8588761,76.62113765,8.964433706,100,48.18508305,11.73313702,31.22625373,0.687737463,45.14805846,TRUE,FALSE,NORMAL
27,85,10,904.938947,943.6459875,3.598788408,100,19.68621834,21.19629023,0,0,0,TRUE,FALSE,NORMAL
27,86,1,529.7416094,955.0842032,2.584306688,100,42.38902224,13.47635566,0,0,0,TRUE,FALSE,NORMAL
27,86,2,280.7374833,254.2903167,6.137087269,100,26.59582986,14.07616787,31.31418949,0.686858105,45.12382865,TRUE,FALSE,NORMAL
27,86,3,291.7838898,199.9011793,1.434986127,100,26.77810887,11.47432218,26.70673779,0.732932622,48.79973415,TRUE,FALSE,NORMAL
27,86,4,776.5648898,190.0734358,3.559070239,100,41.3326795,9.08107616,29.12353574,0.708764643,46.81781964,TRUE,FALSE,NORMAL
27,86,5,217.0456048,418.0797216,2.490165464,100,18.45112026,28.05198503,14.26473676,0.857352632,58.65874005,TRUE,FALSE,NORMAL
27,86,6,214.4578552,659.1704061,4.919617069,100,0.74738174,9.440410659,12.34204706,0.876579529,60.1923173,TRUE,FALSE,NORMAL
27,86,7,40.32807002,782.5834612,8.482661466,100,10.6166105,29.11032258,14.66166711,0.853383329,58.34061952,TRUE,FALSE,NORMAL
27,86,8,546.8019274,419.3577877,4.250330374,100,46.89078633,4.888127957,0,0,0,TRUE,FALSE,NORMAL
27,86,9,739.7502915,67.90821951,8.964433706,100,48.66419642,9.24670802,29.12353574,0.708764643,46.81781964,TRUE,FALSE,NORMAL
27,86,10,903.1140966,940.5441818,3.598788408,100,21.50025866,20.98149692,0,0,0,TRUE,FALSE,NORMAL
27,87,1,532.3251899,955.1454614,2.584306688,100,38.49698237,13.86024072,0,0,0,TRUE,FALSE,NORMAL
27,87,2,275.149181,256.8269912,6.137087269,100,22.26791499,13.09709407,31.65387346,0.683461265,44.84798547,TRUE,FALSE,NORMAL
27,87,3,292.1475688,201.2893157,1.434986127,100,23.28421847,14.24370396,26.7808062,0.732191938,48.73520274,TRUE,FALSE,NORMAL
27,87,4,776.4783413,193.6314535,3.559070239,100,42.45625164,9.996519355,27.95023472,0.720497653,47.7505032,TRUE,FALSE,NORMAL
27,87,5,217.7441794,415.6895506,2.490165464,100,17.43383817,27.61942804,14.88952825,0.851104717,58.1604469,TRUE,FALSE,NORMAL
27,87,6,210.6640082,656.0384168,4.919617069,100,0,11.04335334,12.01532945,0.879846706,60.45304879,TRUE,FALSE,NORMAL
27,87,7,39.51701535,791.0272599,8.482661466,100,14.07995806,30.70474742,13.89910055,0.861008995,58.9492204,TRUE,FALSE,NORMAL
27,87,8,546.0807372,423.546486,4.250330374,100,42.34294361,4.959844245,0,0,0,TRUE,FALSE,NORMAL
27,87,9,730.8219648,67.1044445,8.964433706,100,48.86918697,7.278922281,27.95023472,0.720497653,47.7505032,TRUE,FALSE,NORMAL
27,87,10,904.6868336,943.7811211,3.598788408,100,18.85055916,22.50123086,0,0,0,TRUE,FALSE,NORMAL
27,88,1,534.6525383,956.2688895,2.584306688,100,34.49578392,16.58483974,0,0,0,TRUE,FALSE,NORMAL
27,88,2,278.9649004,252.0203161,6.137087269,100,26.06488105,13.21751572,31.53204578,0.684679542,44.95527988,TRUE,FALSE,NORMAL
27,88,3,293.5256974,200.8893824,1.434986127,100,20.66313323,13.44331416,27.08400013,0.729159999,48.50392387,TRUE,FALSE,NORMAL
27,88,4,773.4375143,195.4808728,3.559070239,100,39.73330157,10.29300786,27.71496368,0.722850363,47.93759683,TRUE,FALSE,NORMAL
27,88,5,215.2547471,415.7499725,2.490165464,100,21.17431809,26.15366027,14.37625479,0.856237452,58.5697165,TRUE,FALSE,NORMAL
27,88,6,205.7855049,656.6731116,4.919617069,100,0.946095332,8.226975378,12.85435338,0.871456466,59.78349774,TRUE,FALSE,NORMAL
27,88,7,47.99878891,791.1499902,8.482661466,100,9.547278792,32.31035592,15.68704782,0.843129522,57.52236711,TRUE,FALSE,NORMAL
27,88,8,550.3309293,423.5122021,4.250330374,100,45.2865465,6.697209159,0,0,0,TRUE,FALSE,NORMAL
27,88,9,722.2127419,69.60291471,8.964433706,100,51.04857253,10.16702834,27.71496368,0.722850363,47.93759683,TRUE,FALSE,NORMAL
27,88,10,905.1868209,947.3450081,3.598788408,100,22.41121656,20.39669232,0,0,0,TRUE,FALSE,NORMAL
27,89,1,533.1882641,954.139443,2.584306688,100,38.52820416,19.34317382,0,0,0,TRUE,FALSE,NORMAL
27,89,2,284.6104038,254.4270008,6.137087269,100,27.97501185,11.57196848,31.54429346,0.684557065,44.94065468,TRUE,FALSE,NORMAL
27,89,3,294.6144479,199.9546056,1.434986127,100,25.30020313,12.70376531,26.98136124,0.730186388,48.58075533,TRUE,FALSE,NORMAL
27,89,4,769.8856883,195.7078388,3.559070239,100,41.77202627,10.14628987,26.59851865,0.734014813,48.82571507,TRUE,FALSE,NORMAL
27,89,5,216.510621,413.5996923,2.490165464,100,18.78618556,26.61548517,14.64912353,0.853508765,58.35204732,TRUE,FALSE,NORMAL
27,89,6,209.5384948,653.4922785,4.919617069,100,5.469739533,10.60512952,12.71826971,0.872817303,59.89204142,TRUE,FALSE,NORMAL
27,89,7,55.0696752,795.8359387,8.482661466,100,9.591623427,33.20470094,15.22804563,0.847719544,57.88863563,TRUE,FALSE,NORMAL
27,89,8,550.5801279,427.7552208,4.250330374,100,43.79924709,6.109089679,0,0,0,TRUE,FALSE,NORMAL
27,89,9,723.9626214,60.81093008,8.964433706,100,46.25533301,12.29645212,26.59851865,0.734014813,48.82571507,TRUE,FALSE,NORMAL
27,89,10,905.3375752,943.7493787,3.598788408,100,23.30637673,20.64411608,0,0,0,TRUE,FALSE,NORMAL
26,0,1,945.7434763,104.0597344,1.90359133,100,0.868687571,0,0,0,0,TRUE,FALSE,NORMAL
26,0,2,199.5328787,895.9568013,3.548350071,100,0,0,27.55455263,0.724454474,48.07890206,TRUE,FALSE,NORMAL
26,0,3,258.6793853,402.1680192,1.51531587,100,0,0,12.20917077,0.877908292,60.29814993,TRUE,FALSE,NORMAL
26,0,4,379.1082888,934.7550552,7.879330684,100,3.900010364,0,18.0318862,0.819681138,55.65940794,TRUE,FALSE,NORMAL
26,0,5,965.1209833,486.6526766,3.175290135,100,0,0,9.908914754,0.900910852,62.13465197,TRUE,FALSE,NORMAL
26,0,6,762.0939592,355.356624,6.657936044,100,0.71417887,0,9.081589552,0.909184104,62.7953042,TRUE,FALSE,NORMAL
26,0,7,492.2677549,989.3913832,7.474392424,100,1.943340183,0,29.4515881,0.705484119,46.55715771,TRUE,FALSE,NORMAL
26,0,8,121.5710491,849.9425067,5.667403047,100,1.552001,0.281666721,20.22572217,0.797742778,53.92892322,TRUE,FALSE,NORMAL
26,0,9,107.8911577,231.0778107,8.303694126,100,0,0,12.20917077,0.877908292,60.29814993,TRUE,FALSE,NORMAL
26,0,10,651.5377497,581.4339825,8.370430654,100,2.216544896,0,8.254264351,0.917457356,63.45595642,TRUE,FALSE,NORMAL
26,1,1,944.4991921,102.6191038,1.90359133,100,0,0,0,0,0,TRUE,FALSE,NORMAL
26,1,2,198.8957782,892.466115,3.548350071,100,0,2.690165786,27.17134818,0.728286518,48.38566877,TRUE,FALSE,NORMAL
26,1,3,260.0415873,401.5042513,1.51531587,100,2.729629514,2.924661146,10.76408722,0.892359128,61.4518409,TRUE,FALSE,NORMAL
26,1,4,385.212972,929.7734194,7.879330684,100,5.420869014,0.345547351,17.67352247,0.823264775,55.9460738,TRUE,FALSE,NORMAL
26,1,5,967.3240542,484.3659877,3.175290135,100,0,2.801525037,10.40807402,0.89591926,61.73609224,TRUE,FALSE,NORMAL
26,1,6,762.2475585,362.0127881,6.657936044,100,4.597054303,0,9.179013401,0.908209866,62.71753697,TRUE,FALSE,NORMAL
26,1,7,488.1512404,995.6300409,7.474392424,100,0.80108687,0,30.03880079,0.699611992,46.09071042,TRUE,FALSE,NORMAL
26,1,8,123.9337747,844.7911006,5.667403047,100,2.867596234,0,20.06974094,0.799302591,54.05488908,TRUE,FALSE,NORMAL
26,1,9,101.5059682,225.7692618,8.303694126,100,0.831629718,0,10.76408722,0.892359128,61.4518409,TRUE,FALSE,NORMAL
26,1,10,651.0282647,589.7888933,8.370430654,100,3.491510091,2.962345444,7.949952786,0.920500472,63.69898169,TRUE,FALSE,NORMAL
26,2,1,943.1392739,103.9511257,1.90359133,100,0,0,0,0,0,TRUE,FALSE,NORMAL
26,2,2,195.3748993,892.9067962,3.548350071,100,4.826393696,0.694782228,27.54961281,0.724503872,48.08764173,TRUE,FALSE,NORMAL
26,2,3,261.1719435,402.5134476,1.51531587,100,0,1.306950466,11.63544088,0.883645591,60.75616959,TRUE,FALSE,NORMAL
26,2,4,383.5439028,922.0728961,7.879330684,100,1.068087433,0,17.63612732,0.823638727,55.97477369,TRUE,FALSE,NORMAL
26,2,5,966.4448829,481.3148363,3.175290135,100,0,1.442632815,9.680229717,0.903197703,62.31725452,TRUE,FALSE,NORMAL
26,2,6,756.6322684,358.4355503,6.657936044,100,7.827595514,0.090164326,9.193551286,0.908064487,62.70588305,TRUE,FALSE,NORMAL
26,2,7,483.5469435,1000,7.474392424,100,0,0,29.2612485,0.707387515,46.7083902,TRUE,FALSE,NORMAL
26,2,8,122.8551418,850.354913,5.667403047,100,3.06799416,0,20.84796051,0.791520395,53.43741901,TRUE,FALSE,NORMAL
26,2,9,109.6170191,227.5475165,8.303694126,100,0.887934471,0,11.63544088,0.883645591,60.75616959,TRUE,FALSE,NORMAL
26,2,10,659.0750802,587.4839267,8.370430654,100,0,5.133127442,8.706872855,0.912931271,63.09451157,TRUE,FALSE,NORMAL
26,3,1,944.532847,102.6543552,1.90359133,100,0,2.61408923,0,0,0,TRUE,FALSE,NORMAL
26,3,2,196.1563616,889.4455674,3.548350071,100,2.033737315,2.671350113,27.06113253,0.729388675,48.47405659,TRUE,FALSE,NORMAL
26,3,3,261.748731,401.1121987,1.51531587,100,2.623434002,0.210121307,11.60851217,0.883914878,60.77766799,TRUE,FALSE,NORMAL
26,3,4,383.8465454,929.9464124,7.879330684,100,5.292415565,0.543168371,17.40340683,0.825965932,56.16190197,TRUE,FALSE,NORMAL
26,3,5,969.2938604,482.7169044,3.175290135,100,0,1.786855125,8.119892054,0.918801079,63.5632663,TRUE,FALSE,NORMAL
26,3,6,752.6372406,353.1094012,6.657936044,100,10.6149773,0,8.556680696,0.914433193,63.21445718,TRUE,FALSE,NORMAL
26,3,7,487.3432055,993.5614491,7.474392424,100,0,1.193940183,30.16083476,0.698391652,45.99379688,TRUE,FALSE,NORMAL
26,3,8,117.1894559,850.2154128,5.667403047,100,3.733679511,2.52849043,19.82847461,0.801715254,54.24817563,TRUE,FALSE,NORMAL
26,3,9,102.9390959,232.482765,8.303694126,100,0,0,11.60851217,0.883914878,60.77766799,TRUE,FALSE,NORMAL
26,3,10,654.9098882,580.2233975,8.370430654,100,4.239936224,6.348984088,8.993469339,0.910065307,62.86564806,TRUE,FALSE,NORMAL
26,4,1,946.1682437,101.6801182,1.90359133,100,0,0,0,0,0,TRUE,FALSE,NORMAL
26,4,2,198.0229339,886.4278371,3.548350071,100,2.430180695,1.729370622,26.93949731,0.730605027,48.57251437,TRUE,FALSE,NORMAL
26,4,3,260.2629488,400.8144846,1.51531587,100,1.10848179,2.570749907,10.54699677,0.894530032,61.62517108,TRUE,FALSE,NORMAL
26,4,4,386.6925336,937.2938067,7.879330684,100,9.33132402,0,17.01390038,0.829860996,56.47270189,TRUE,FALSE,NORMAL
26,4,5,969.4833465,479.5472731,3.175290135,100,0,2.384759011,9.023310123,0.909766899,62.84181883,TRUE,FALSE,NORMAL
26,4,6,753.4158879,359.721649,6.657936044,100,6.986981828,0.086289991,8.922600435,0.910773996,62.92224071,TRUE,FALSE,NORMAL
26,4,7,491.4141591,999.8299321,7.474392424,100,0,1.573383239,30.07777873,0.699222213,46.05975512,TRUE,FALSE,NORMAL
26,4,8,117.3266369,855.8811554,5.667403047,100,0.823064742,0,19.73457621,0.802654238,54.32482313,TRUE,FALSE,NORMAL
26,4,9,100.3245452,224.6014288,8.303694126,100,0,0,10.54699677,0.894530032,61.62517108,TRUE,FALSE,NORMAL
26,4,10,647.6101892,584.3195547,8.370430654,100,8.629701836,3.829177424,8.821890747,0.911781093,63.00266259,TRUE,FALSE,NORMAL
26,5,1,944.6829163,102.8706906,1.90359133,100,4.023940384,0,0,0,0,TRUE,FALSE,NORMAL
26,5,2,196.1301989,883.426447,3.548350071,100,2.778419196,3.433250235,26.59384008,0.734061599,48.85305694,TRUE,FALSE,NORMAL
26,5,3,259.4043018,399.5659225,1.51531587,100,1.898615009,4.1209103,11.6058443,0.883941557,60.77979787,TRUE,FALSE,NORMAL
26,5,4,392.779763,942.2967548,7.879330684,100,4.917324202,0,16.41968769,0.835803123,56.947859,TRUE,FALSE,NORMAL
26,5,5,968.0462259,482.3787306,3.175290135,100,4.352824196,1.955151235,9.356669183,0.906433308,62.57562066,TRUE,FALSE,NORMAL
26,5,6,758.4492372,355.3634949,6.657936044,100,3.39716103,0,8.728018647,0.912719814,63.07763876,TRUE,FALSE,NORMAL
26,5,7,495.9345279,1000,7.474392424,100,0.083274119,2.823018578,30.71994542,0.692800546,45.54988559,TRUE,FALSE,NORMAL
26,5,8,118.4567875,861.4347323,5.667403047,100,0.459539577,2.748090661,19.83307011,0.801669299,54.25144631,TRUE,FALSE,NORMAL
26,5,9,108.58287,223.7345915,8.303694126,100,0,1.083956023,11.6058443,0.883941557,60.77979787,TRUE,FALSE,NORMAL
26,5,10,655.7796523,586.1427337,8.370430654,100,3.790529398,6.443357337,8.099368111,0.919006319,63.57965685,TRUE,FALSE,NORMAL
26,6,1,946.3938086,102.0361203,1.90359133,100,5.665111337,0.048965712,0,0,0,TRUE,FALSE,NORMAL
26,6,2,192.6348186,884.0372697,3.548350071,100,6.790782902,1.48496452,26.55178175,0.734482183,48.89574178,TRUE,FALSE,NORMAL
26,6,3,260.2610211,400.8158082,1.51531587,100,3.42578565,3.682428845,9.989448142,0.900105519,62.07034785,TRUE,FALSE,NORMAL
26,6,4,400.0309596,939.213899,7.879330684,100,5.015687231,0,16.05099858,0.839490014,57.24299952,TRUE,FALSE,NORMAL
26,6,5,966.2122101,484.9708058,3.175290135,100,0.809795531,1.261142372,9.555087831,0.904449122,62.4171806,TRUE,FALSE,NORMAL
26,6,6,755.8775945,361.5047298,6.657936044,100,0.540185964,0,10.07241773,0.899275823,62.00410904,TRUE,FALSE,NORMAL
26,6,7,497.224139,1000,7.474392424,100,3.184611487,0.315732728,31.32635287,0.686736471,45.06863484,TRUE,FALSE,NORMAL
26,6,8,122.9709184,864.8614041,5.667403047,100,0,1.798183345,20.50160183,0.794983982,53.72715478,TRUE,FALSE,NORMAL
26,6,9,102.0253224,218.6404866,8.303694126,100,0.59795849,3.565308394,9.989448142,0.900105519,62.07034785,TRUE,FALSE,NORMAL
26,6,10,657.6702236,577.9886028,8.370430654,100,0,4.04585694,10.58974763,0.894102524,61.59103749,TRUE,FALSE,NORMAL
26,7,1,948.2968309,102.0826625,1.90359133,100,9.099831541,0,0,0,0,TRUE,FALSE,NORMAL
26,7,2,196.1831628,884.0308042,3.548350071,100,3.302841534,4.477997388,26.55498717,0.734450128,48.88897045,TRUE,FALSE,NORMAL
26,7,3,260.4687566,399.3147992,1.51531587,100,1.215343326,4.65158391,8.866867712,0.911331323,62.96674592,TRUE,FALSE,NORMAL
26,7,4,397.4358018,946.6535904,7.879330684,100,4.8298682,0,16.30038279,0.836996172,57.04395422,TRUE,FALSE,NORMAL
26,7,5,966.9203307,488.0661301,3.175290135,100,2.627713113,0,8.088016009,0.91911984,63.58872272,TRUE,FALSE,NORMAL
26,7,6,750.8004579,357.1976663,6.657936044,100,5.373761684,0,8.741776289,0.912582237,63.06665351,TRUE,FALSE,NORMAL
26,7,7,498.888646,1000,7.474392424,100,6.073240609,2.205646361,31.32854199,0.68671458,45.06689796,TRUE,FALSE,NORMAL
26,7,8,121.5394389,870.3450456,5.667403047,100,0,0,20.23361607,0.797663839,53.93676087,TRUE,FALSE,NORMAL
26,7,9,94.58335414,214.9569496,8.303694126,100,0,5.92340485,8.866867712,0.911331323,62.96674592,TRUE,FALSE,NORMAL
26,7,10,649.5819571,580.1436098,8.370430654,100,0,6.817594569,9.395536569,0.906044634,62.54458429,TRUE,FALSE,NORMAL
26,8,1,947.7717136,103.9123925,1.90359133,100,7.572435463,0,0,0,0,TRUE,FALSE,NORMAL
26,8,2,193.8513875,881.3561804,3.548350071,100,2.618957171,4.221918443,27.60874912,0.723912509,48.05849633,TRUE,FALSE,NORMAL
26,8,3,260.8327912,400.785738,1.51531587,100,0,7.21667552,7.50578594,0.924942141,64.05370704,TRUE,FALSE,NORMAL
26,8,4,389.721603,948.2582674,7.879330684,100,0.679700902,0,16.63015722,0.833698428,56.77785898,TRUE,FALSE,NORMAL
26,8,5,969.7480615,486.6216902,3.175290135,100,1.898740186,0,8.552138359,0.914478616,63.21807815,TRUE,FALSE,NORMAL
26,8,6,757.1731047,355.269588,6.657936044,100,9.057947106,0,8.218729234,0.917812708,63.48433836,TRUE,FALSE,NORMAL
26,8,7,505.0879842,995.8245062,7.474392424,100,2.214008059,2.434041454,29.59955949,0.704004405,46.43960103,TRUE,FALSE,NORMAL
26,8,8,127.20612,870.4355058,5.667403047,100,0,0.646187936,22.01058987,0.779894101,52.52825449,TRUE,FALSE,NORMAL
26,8,9,93.69622887,206.7007795,8.303694126,100,1.666070759,8.214027231,7.50578594,0.924942141,64.05370704,TRUE,FALSE,NORMAL
26,8,10,654.0272628,587.2360964,8.370430654,100,0.478570946,4.656697058,7.885320109,0.921146799,63.75059856,TRUE,FALSE,NORMAL
26,9,1,946.4177344,102.574334,1.90359133,100,9.980487336,0,0,0,0,TRUE,FALSE,NORMAL
26,9,2,194.7408269,877.9211133,3.548350071,100,3.147791809,2.328799947,26.82643632,0.731735637,48.68029456,TRUE,FALSE,NORMAL
26,9,3,260.4110785,402.24119,1.51531587,100,0,7.502684495,8.2346021,0.917653979,63.47165865,TRUE,FALSE,NORMAL
26,9,4,397.5581553,947.4383293,7.879330684,100,0,0.371694254,15.65767173,0.843423283,57.55423773,TRUE,FALSE,NORMAL
26,9,5,967.5854649,484.2966863,3.175290135,100,0,0,9.238675014,0.90761325,62.66984199,TRUE,FALSE,NORMAL
26,9,6,754.7031885,361.4524374,6.657936044,100,5.401199179,2.24596499,8.577304366,0.914226956,63.19799596,TRUE,FALSE,NORMAL
26,9,7,511.5685069,999.5486662,7.474392424,100,0.050218507,1.212880063,29.50322984,0.704967702,46.51612939,TRUE,FALSE,NORMAL
26,9,8,126.6543912,864.7950225,5.667403047,100,0,0.16703125,21.06259552,0.789374045,53.28293547,TRUE,FALSE,NORMAL
26,9,9,92.22647521,214.8733654,8.303694126,100,0,9.571020078,8.2346021,0.917653979,63.47165865,TRUE,FALSE,NORMAL
26,9,10,656.3286265,595.283943,8.370430654,100,0.601665084,3.592976485,7.915933719,0.920840663,63.72614992,TRUE,FALSE,NORMAL
26,10,1,948.2316067,103.1518523,1.90359133,100,11.12071792,0,0,0,0,TRUE,FALSE,NORMAL
26,10,2,197.6786756,879.9110462,3.548350071,100,0.173863108,4.965986738,27.80895587,0.721910441,47.89956768,TRUE,FALSE,NORMAL
26,10,3,261.7964144,402.855215,1.51531587,100,1.844510259,6.354269946,8.749882544,0.912501175,63.06016554,TRUE,FALSE,NORMAL
26,10,4,393.7138231,940.560469,7.879330684,100,1.387444936,1.98835014,16.67260139,0.833273986,56.74336405,TRUE,FALSE,NORMAL
26,10,5,966.2642652,481.4093174,3.175290135,100,0.207532992,0.33288323,8.718288276,0.912817117,63.0853956,TRUE,FALSE,NORMAL
26,10,6,748.050036,361.7047733,6.657936044,100,7.509456033,3.777132883,8.066931248,0.919330688,63.60557502,TRUE,FALSE,NORMAL
26,10,7,510.4116985,992.1643357,7.474392424,100,3.550853875,0.876241643,29.12240633,0.708775937,46.81871713,TRUE,FALSE,NORMAL
26,10,8,132.259479,865.6331444,5.667403047,100,1.479188932,0,22.21461816,0.777853818,52.36614052,TRUE,FALSE,NORMAL
26,10,9,100.4331356,213.6076396,8.303694126,100,0.464437558,6.812118133,8.749882544,0.912501175,63.06016554,TRUE,FALSE,NORMAL
26,10,10,660.0068403,602.8029092,8.370430654,100,0,2.906900538,7.41557422,0.925844258,64.12575443,TRUE,FALSE,NORMAL
26,11,1,949.9470984,103.976927,1.90359133,100,10.43509183,0,0,0,0,TRUE,FALSE,NORMAL
26,11,2,196.2969353,876.6427773,3.548350071,100,1.005346643,3.852038652,27.37241027,0.726275897,48.25398764,TRUE,FALSE,NORMAL
26,11,3,260.3047638,403.121974,1.51531587,100,3.97334355,5.788115707,8.374526085,0.916254739,63.35991627,TRUE,FALSE,NORMAL
26,11,4,401.5008173,939.3577336,7.879330684,100,4.606582062,3.077475796,16.03423095,0.83965769,57.25372193,TRUE,FALSE,NORMAL
26,11,5,967.3277372,478.4174126,3.175290135,100,0.888779951,0,8.255510104,0.917444899,63.45496157,TRUE,FALSE,NORMAL
26,11,6,747.988561,355.0471211,6.657936044,100,11.73258148,1.825345616,7.060745837,0.929392542,64.40918562,TRUE,FALSE,NORMAL
26,11,7,509.9993846,999.6273472,7.474392424,100,1.088084605,0,29.71391383,0.702860862,46.34875928,TRUE,FALSE,NORMAL
26,11,8,135.2768816,860.8357765,5.667403047,100,2.994481904,2.644205321,22.09711503,0.77902885,52.46635687,TRUE,FALSE,NORMAL
26,11,9,92.62242864,216.4261841,8.303694126,100,3.274593914,4.467153292,8.374526085,0.916254739,63.35991627,TRUE,FALSE,NORMAL
26,11,10,666.4369552,608.1618019,8.370430654,100,0,3.048185518,5.865981569,0.941340184,65.36340967,TRUE,FALSE,NORMAL
26,12,1,951.0461065,102.4226293,1.90359133,100,11.78837388,2.159325555,0,0,0,TRUE,FALSE,NORMAL
26,12,2,192.7579711,876.3848613,3.548350071,100,0,4.641451593,27.50590147,0.724940985,48.16514075,TRUE,FALSE,NORMAL
26,12,3,258.8004305,402.9398654,1.51531587,100,1.337196642,8.205636443,9.272997445,0.907270026,62.64243456,TRUE,FALSE,NORMAL
26,12,4,404.0407097,946.8164733,7.879330684,100,1.34134782,4.057631185,16.38209532,0.836179047,56.97935953,TRUE,FALSE,NORMAL
26,12,5,965.9082702,475.5770639,3.175290135,100,4.273114631,0,7.583988283,0.924160117,63.99125133,TRUE,FALSE,NORMAL
26,12,6,742.4614885,351.3350351,6.657936044,100,11.75402237,4.318483187,7.058506274,0.929414937,64.41093928,TRUE,FALSE,NORMAL
26,12,7,503.4621561,996.0036494,7.474392424,100,0,0,31.95949953,0.680405005,44.5664206,TRUE,FALSE,NORMAL
26,12,8,140.3314551,863.3991229,5.667403047,100,0,5.161106774,22.99459999,0.770054,51.76767526,TRUE,FALSE,NORMAL
26,12,9,100.7927632,214.9439663,8.303694126,100,0,7.10096288,9.272997445,0.907270026,62.64243456,TRUE,FALSE,NORMAL
26,12,10,662.5002909,600.7748686,8.370430654,100,0,2.510115067,6.533024264,0.934669757,64.83062722,TRUE,FALSE,NORMAL
26,13,1,952.9025931,102.8434825,1.90359133,100,7.635280171,2.20006852,0,0,0,TRUE,FALSE,NORMAL
26,13,2,190.2578247,878.902808,3.548350071,100,0,1.746531513,27.62211947,0.723778805,48.06966425,TRUE,FALSE,NORMAL
26,13,3,258.2957432,401.5110642,1.51531587,100,3.844548052,7.194782774,10.90064237,0.890993576,61.34281393,TRUE,FALSE,NORMAL
26,13,4,401.8375124,939.2514371,7.879330684,100,0,6.371294067,16.13350696,0.83866493,57.17545789,TRUE,FALSE,NORMAL
26,13,5,966.3691424,478.7187297,3.175290135,100,4.491082159,1.939419041,8.337272193,0.916627278,63.38966686,TRUE,FALSE,NORMAL
26,13,6,748.8880758,353.0748883,6.657936044,100,15.83707005,1.812356165,7.220338456,0.927796615,64.28171912,TRUE,FALSE,NORMAL
26,13,7,504.610929,1000,7.474392424,100,0,0,30.51784494,0.694821551,45.71032435,TRUE,FALSE,NORMAL
26,13,8,136.2689376,867.3507567,5.667403047,100,3.790828079,7.153382229,23.00689856,0.769931014,51.75506824,TRUE,FALSE,NORMAL
26,13,9,106.375769,221.0906224,8.303694126,100,0.828915731,6.59769086,10.90064237,0.890993576,61.34281393,TRUE,FALSE,NORMAL
26,13,10,654.1620946,600.0409807,8.370430654,100,0,1.460645615,6.103404719,0.938965953,65.17377138,TRUE,FALSE,NORMAL
26,14,1,951.0000879,102.7791861,1.90359133,100,3.959288697,2.709291537,0,0,0,TRUE,FALSE,NORMAL
26,14,2,189.4687822,875.4432994,3.548350071,100,0,0,26.79466968,0.732053303,48.72387919,TRUE,FALSE,NORMAL
26,14,3,259.6849988,400.9059601,1.51531587,100,8.551448939,8.102654243,11.9097734,0.880902266,60.53716108,TRUE,FALSE,NORMAL
26,14,4,404.642487,946.6145865,7.879330684,100,0.565320388,7.780839762,15.75488438,0.842451156,57.48051098,TRUE,FALSE,NORMAL
26,14,5,963.1985496,478.5460774,3.175290135,100,4.409587388,0.305430028,9.128577314,0.908714227,62.75775867,TRUE,FALSE,NORMAL
26,14,6,753.8081175,348.589211,6.657936044,100,10.88717417,0,7.747679509,0.922523205,63.86058264,TRUE,FALSE,NORMAL
26,14,7,501.0974913,1000,7.474392424,100,1.940491879,2.139024145,32.07559351,0.679244065,44.47436485,TRUE,FALSE,NORMAL
26,14,8,132.597017,863.0337605,5.667403047,100,3.329886125,6.20038375,21.94266059,0.780573394,52.59880043,TRUE,FALSE,NORMAL
26,14,9,114.5201583,222.709344,8.303694126,100,1.851382967,5.045281994,11.9097734,0.880902266,60.53716108,TRUE,FALSE,NORMAL
26,14,10,660.2803875,594.3286606,8.370430654,100,0,3.097804003,6.366781704,0.936332183,64.96340661,TRUE,FALSE,NORMAL
26,15,1,949.6738915,101.4135862,1.90359133,100,6.648938106,2.584293536,0,0,0,TRUE,FALSE,NORMAL
26,15,2,187.4355658,872.5352383,3.548350071,100,3.962629725,2.178525973,26.41642714,0.735835729,49.02972121,TRUE,FALSE,NORMAL
26,15,3,259.4281227,402.3993444,1.51531587,100,9.516875328,8.466326853,11.53497013,0.884650299,60.83638022,TRUE,FALSE,NORMAL
26,15,4,410.3100881,941.1408173,7.879330684,100,0,9.877729909,15.53918538,0.844608146,57.65493182,TRUE,FALSE,NORMAL
26,15,5,966.2221973,477.5765299,3.175290135,100,8.850038874,0.129171404,9.392146877,0.906078531,62.54729102,TRUE,FALSE,NORMAL
26,15,6,754.1045506,355.2405447,6.657936044,100,12.17683022,1.879292436,9.071132737,0.909288673,62.80363403,TRUE,FALSE,NORMAL
26,15,7,500.6429194,992.5394433,7.474392424,100,6.77018617,1.120884509,33.15451674,0.668454833,43.61933647,TRUE,FALSE,NORMAL
26,15,8,131.2547808,868.5399261,5.667403047,100,6.769281879,8.323937031,21.80023621,0.781997638,52.71656995,TRUE,FALSE,NORMAL
26,15,9,120.2423558,216.6920528,8.303694126,100,2.33251319,2.94631025,11.53497013,0.884650299,60.83638022,TRUE,FALSE,NORMAL
26,15,10,665.0504957,587.4504212,8.370430654,100,3.94213697,2.322308566,8.750118597,0.912498814,63.05997703,TRUE,FALSE,NORMAL
26,16,1,951.4484589,100.7246954,1.90359133,100,4.583456972,5.176839884,0,0,0,TRUE,FALSE,NORMAL
26,16,2,184.3224408,874.237954,3.548350071,100,2.886213399,0,26.81063721,0.731893628,48.71724771,TRUE,FALSE,NORMAL
26,16,3,260.3198951,403.6244666,1.51531587,100,12.59286206,5.785239857,11.11989001,0.8888011,61.16776759,TRUE,FALSE,NORMAL
26,16,4,403.0299357,944.1546576,7.879330684,100,0.354390044,10.42653065,16.03882126,0.839611787,57.25653752,TRUE,FALSE,NORMAL
26,16,5,963.133533,478.3131576,3.175290135,100,8.543934871,0,8.747358788,0.912526412,63.06218092,TRUE,FALSE,NORMAL
26,16,6,750.1318184,349.8977447,6.657936044,100,11.37015061,2.584299525,7.747865231,0.922521348,63.86040534,TRUE,FALSE,NORMAL
26,16,7,493.1686328,992.4996775,7.474392424,100,4.083929274,1.222134288,33.43659368,0.665634063,43.39595424,TRUE,FALSE,NORMAL
26,16,8,130.1906554,862.9733208,5.667403047,100,6.595477286,9.946954909,22.20229432,0.777977057,52.39765467,TRUE,FALSE,NORMAL
26,16,9,113.1400711,220.9942486,8.303694126,100,4.407116487,5.621357642,11.11989001,0.8888011,61.16776759,TRUE,FALSE,NORMAL
26,16,10,663.0585359,595.5803785,8.370430654,100,8.002345198,3.342257043,6.748371675,0.932516283,64.65862977,TRUE,FALSE,NORMAL
26,17,1,952.4953211,99.13480881,1.90359133,100,8.690352989,2.226636621,0,0,0,TRUE,FALSE,NORMAL
26,17,2,182.0932209,871.4772717,3.548350071,100,0,0,26.29861561,0.737013844,49.13083396,TRUE,FALSE,NORMAL
26,17,3,260.2768519,405.139171,1.51531587,100,14.97387688,3.942152702,9.620338914,0.903796611,62.36507732,TRUE,FALSE,NORMAL
26,17,4,409.9125549,940.3188518,7.879330684,100,0,11.80838184,15.54640511,0.844535949,57.65227393,TRUE,FALSE,NORMAL
26,17,5,966.3067905,478.1995603,3.175290135,100,11.8625681,0,7.365810245,0.926341898,64.16549853,TRUE,FALSE,NORMAL
26,17,6,743.4812048,350.2099163,6.657936044,100,11.94083348,2.039445611,7.837684576,0.921623154,63.7886485,TRUE,FALSE,NORMAL
26,17,7,495.1184227,985.284079,7.474392424,100,6.677188456,2.509570932,34.45653634,0.655434637,42.58886572,TRUE,FALSE,NORMAL
26,17,8,130.7937107,857.3380939,5.667403047,100,9.99505067,10.53270603,21.84629467,0.781537053,52.68697708,TRUE,FALSE,NORMAL
26,17,9,106.0146265,216.7305208,8.303694126,100,4.90099345,2.801469972,9.620338914,0.903796611,62.36507732,TRUE,FALSE,NORMAL
26,17,10,660.7496651,587.5346824,8.370430654,100,9.310980244,1.18062046,8.309558907,0.916904411,63.41179847,TRUE,FALSE,NORMAL
26,18,1,951.0858842,97.85529813,1.90359133,100,8.675641156,0.967965148,0,0,0,TRUE,FALSE,NORMAL
26,18,2,179.9808344,868.6261997,3.548350071,100,4.032872469,0,26.52717053,0.734728295,48.97122585,TRUE,FALSE,NORMAL
26,18,3,261.7264351,404.6977066,1.51531587,100,18.14489224,2.76858978,8.317329997,0.9168267,63.40559253,TRUE,FALSE,NORMAL
26,18,4,415.1503942,934.432521,7.879330684,100,1.03239598,13.18053196,15.76997667,0.842300233,57.47761761,TRUE,FALSE,NORMAL
26,18,5,967.7849822,481.0097946,3.175290135,100,8.111980744,0,6.891215666,0.931087843,64.54454214,TRUE,FALSE,NORMAL
26,18,6,740.0734279,355.9296338,6.657936044,100,14.26236204,0,8.842356343,0.911576437,62.98645092,TRUE,FALSE,NORMAL
26,18,7,491.56845,978.7065236,7.474392424,100,1.928071793,2.538787586,35.84029008,0.641597099,41.49570894,TRUE,FALSE,NORMAL
26,18,8,135.5401627,860.4349714,5.667403047,100,6.592779973,8.190663978,22.7586082,0.772413918,51.98132987,TRUE,FALSE,NORMAL
26,18,9,104.6769944,208.5352736,8.303694126,100,9.754864371,2.464261952,8.317329997,0.9168267,63.40559253,TRUE,FALSE,NORMAL
26,18,10,662.5120115,579.3518806,8.370430654,100,4.338548441,2.68366341,10.79349702,0.89206503,61.4283597,TRUE,FALSE,NORMAL
26,19,1,952.3069447,99.31566491,1.90359133,100,9.075201972,0.349485175,0,0,0,TRUE,FALSE,NORMAL
26,19,2,183.3116454,867.40289,3.548350071,100,3.558381437,0,27.30711858,0.726928814,48.3445917,TRUE,FALSE,NORMAL
26,19,3,261.3960492,406.1765667,1.51531587,100,17.00488455,0.742326868,7.005922717,0.929940773,64.45292801,TRUE,FALSE,NORMAL
26,19,4,407.3352945,933.4284952,7.879330684,100,0,11.9670263,16.88844834,0.831115517,56.58371555,TRUE,FALSE,NORMAL
26,19,5,970.169957,483.106068,3.175290135,100,6.073523146,0,7.086328881,0.929136711,64.38870975,TRUE,FALSE,NORMAL
26,19,6,741.3981612,362.4544475,6.657936044,100,16.62540348,0.014997388,9.859144587,0.901408554,62.17467858,TRUE,FALSE,NORMAL
26,19,7,487.96681,972.1571166,7.474392424,100,5.853590036,4.787758896,35.64441489,0.643555851,41.6503051,TRUE,FALSE,NORMAL
26,19,8,136.9600679,865.9216212,5.667403047,100,10.34466563,5.654429798,23.52954343,0.764704566,51.36149261,TRUE,FALSE,NORMAL
26,19,9,104.1177785,200.2504312,8.303694126,100,7.114712984,4.891519771,7.005922717,0.929940773,64.45292801,TRUE,FALSE,NORMAL
26,19,10,670.3874632,576.5161499,8.370430654,100,6.005641149,2.464774224,12.63196029,0.873680397,59.96064741,TRUE,FALSE,NORMAL
26,20,1,950.7160695,98.27030564,1.90359133,100,12.79584428,0,0,0,0,TRUE,FALSE,NORMAL
26,20,2,179.775651,867.1070324,3.548350071,100,6.171750224,0,26.41522076,0.735847792,49.05704768,TRUE,FALSE,NORMAL
26,20,3,262.2299616,404.9113504,1.51531587,100,16.46452113,0,8.303329849,0.916966702,63.41677295,TRUE,FALSE,NORMAL
26,20,4,415.1640049,932.5367857,7.879330684,100,1.710180588,13.87809296,16.12609332,0.838739067,57.19634274,TRUE,FALSE,NORMAL
26,20,5,972.2860954,480.7387011,3.175290135,100,3.556856173,0.439150218,7.37248071,0.926275193,64.16017114,TRUE,FALSE,NORMAL
26,20,6,740.8833511,369.0924505,6.657936044,100,17.26702687,0.333617907,9.865169342,0.901348307,62.16981295,TRUE,FALSE,NORMAL
26,20,7,484.1663105,978.5931671,7.474392424,100,1.72546555,6.434903855,36.76870122,0.632312988,40.76369364,TRUE,FALSE,NORMAL
26,20,8,133.6270524,870.5053386,5.667403047,100,5.856363222,3.11577182,22.73498376,0.772650162,51.99658964,TRUE,FALSE,NORMAL
26,20,9,105.418535,208.4516121,8.303694126,100,9.055214162,7.652166039,8.303329849,0.916966702,63.41677295,TRUE,FALSE,NORMAL
26,20,10,669.8520691,584.8694404,8.370430654,100,10.31552417,2.20103967,12.35785797,0.87642142,60.17945475,TRUE,FALSE,NORMAL
26,21,1,949.244709,97.06251507,1.90359133,100,12.46949104,0.584321223,0,0,0,TRUE,FALSE,NORMAL
26,21,2,177.5683052,864.3288292,3.548350071,100,8.467174922,1.867791079,26.575235,0.73424765,48.94051151,TRUE,FALSE,NORMAL
26,21,3,261.8269822,406.3721002,1.51531587,100,18.78609575,0,7.800677293,0.921993227,63.81819631,TRUE,FALSE,NORMAL
26,21,4,411.8452184,939.683079,7.879330684,100,0,15.75971774,15.90659123,0.840934088,57.36972934,TRUE,FALSE,NORMAL
26,21,5,975.3975563,480.105236,3.175290135,100,7.078488898,0,7.80854938,0.921914506,63.81190945,TRUE,FALSE,NORMAL
26,21,6,743.7660125,375.0939816,6.657936044,100,20.2420257,0.542451588,9.853010492,0.901469895,62.17944566,TRUE,FALSE,NORMAL
26,21,7,490.50841,974.6378775,7.474392424,100,1.416507569,4.934267487,36.22754894,0.637724511,41.1902166,TRUE,FALSE,NORMAL
26,21,8,134.544516,864.91269,5.667403047,100,4.613867518,3.373866559,23.13523297,0.76864767,51.68818394,TRUE,FALSE,NORMAL
26,21,9,97.86351513,211.8973357,8.303694126,100,12.69057237,5.680696288,7.800677293,0.921993227,63.81819631,TRUE,FALSE,NORMAL
26,21,10,663.8028879,590.6548978,8.370430654,100,8.084421785,0,11.8974716,0.881025284,60.54698187,TRUE,FALSE,NORMAL
26,22,1,947.3415672,97.02114825,1.90359133,100,16.79602168,0,0,0,0,TRUE,FALSE,NORMAL
26,22,2,178.5085326,867.7503436,3.548350071,100,4.260300211,3.459591874,27.47592383,0.725240762,48.2326175,TRUE,FALSE,NORMAL
26,22,3,263.2795825,405.940667,1.51531587,100,19.41283776,0,8.743870434,0.912561296,63.06496659,TRUE,FALSE,NORMAL
26,22,4,408.1148915,932.7427251,7.879330684,100,2.546503236,18.1378221,16.82105417,0.831789458,56.63952768,TRUE,FALSE,NORMAL
26,22,5,977.6567246,482.3365195,3.175290135,100,4.447464767,0,6.605798737,0.933942013,64.77250212,TRUE,FALSE,NORMAL
26,22,6,742.1619979,368.6321514,6.657936044,100,18.69081381,2.158173246,8.315879796,0.916841202,63.40684777,TRUE,FALSE,NORMAL
26,22,7,485.9937191,968.6810236,7.474392424,100,2.069036411,3.173899422,36.28105397,0.63718946,41.14802554,TRUE,FALSE,NORMAL
26,22,8,138.8463847,861.2230581,5.667403047,100,7.620674508,3.567840754,24.12957299,0.75870427,50.90522318,TRUE,FALSE,NORMAL
26,22,9,97.83659658,220.2009862,8.303694126,100,8.162023248,3.765181227,8.743870434,0.912561296,63.06496659,TRUE,FALSE,NORMAL
26,22,10,667.8558138,597.9786878,8.370430654,100,5.197618646,0.00945352,10.02596085,0.899740391,62.04119341,TRUE,FALSE,NORMAL
26,23,1,945.6437479,97.88200222,1.90359133,100,19.66217709,0.702325641,0,0,0,TRUE,FALSE,NORMAL
26,23,2,181.6902316,869.3211968,3.548350071,100,2.55161998,4.170950233,27.767912,0.72232088,47.97452707,TRUE,FALSE,NORMAL
26,23,3,264.1574914,407.1757615,1.51531587,100,15.08605294,0,8.174737341,0.918252627,63.51946665,TRUE,FALSE,NORMAL
26,23,4,400.4772191,930.8062816,7.879330684,100,0.004941506,18.28087325,17.3982794,0.826017206,56.17550938,TRUE,FALSE,NORMAL
26,23,5,976.6756217,485.3564374,3.175290135,100,6.093085484,0,7.163823132,0.928361769,64.32681754,TRUE,FALSE,NORMAL
26,23,6,743.1752229,375.2125379,6.657936044,100,16.82356047,4.669439069,8.632791777,0.913672082,63.15374367,TRUE,FALSE,NORMAL
26,23,7,486.8173286,961.2521469,7.474392424,100,2.294580422,5.764675597,35.28176188,0.647182381,41.9366635,TRUE,FALSE,NORMAL
26,23,8,134.7951704,865.1862791,5.667403047,100,11.79654959,4.341224781,23.88245708,0.761175429,51.07733999,TRUE,FALSE,NORMAL
26,23,9,90.60263625,224.2778912,8.303694126,100,12.73594101,4.518141889,8.174737341,0.918252627,63.51946665,TRUE,FALSE,NORMAL
26,23,10,672.1949617,605.1366139,8.370430654,100,5.338610933,0,10.10176042,0.898982396,61.98066979,TRUE,FALSE,NORMAL
26,24,1,944.480407,96.37525141,1.90359133,100,23.25808132,1.428785004,0,0,0,TRUE,FALSE,NORMAL
26,24,2,182.4338097,865.851632,3.548350071,100,1.63927419,4.512393899,28.77437625,0.712256238,47.18878927,TRUE,FALSE,NORMAL
26,24,3,265.3600003,408.0977996,1.51531587,100,14.73464576,0,7.658283888,0.923417161,63.93191606,TRUE,FALSE,NORMAL
26,24,4,392.9791968,933.2277509,7.879330684,100,0,17.8981492,17.63285241,0.823671476,55.98229584,TRUE,FALSE,NORMAL
26,24,5,979.3407807,487.0825299,3.175290135,100,2.470121779,0,5.581590898,0.944184091,65.59056674,TRUE,FALSE,NORMAL
26,24,6,738.4106766,370.5620314,6.657936044,100,20.80894334,4.688480861,8.272029974,0.9172797,63.44200907,TRUE,FALSE,NORMAL
26,24,7,494.1956692,962.4465643,7.474392424,100,0,7.133214698,32.91190106,0.670880989,43.81152356,TRUE,FALSE,NORMAL
26,24,8,140.4623701,865.234287,5.667403047,100,12.26994373,1.576413698,25.38639586,0.746136041,49.89396967,TRUE,FALSE,NORMAL
26,24,9,95.52359909,217.5894339,8.303694126,100,16.06344831,2.215559235,7.658283888,0.923417161,63.93191606,TRUE,FALSE,NORMAL
26,24,10,673.0842923,596.8135615,8.370430654,100,6.386153933,0,10.96246905,0.890375309,61.29345139,TRUE,FALSE,NORMAL
26,25,1,944.1715388,98.25361783,1.90359133,100,21.73183901,2.681940869,0,0,0,TRUE,FALSE,NORMAL
26,25,2,185.2909635,863.7474788,3.548350071,100,2.070535825,3.947798691,28.57982582,0.714201742,47.34649749,TRUE,FALSE,NORMAL
26,25,3,264.0609401,408.8779437,1.51531587,100,10.00493983,0,6.33368689,0.936663131,64.98983992,TRUE,FALSE,NORMAL
26,25,4,395.7987009,940.5853489,7.879330684,100,0,20.15576327,17.26062942,0.827393706,56.27913595,TRUE,FALSE,NORMAL
26,25,5,977.1997337,484.7376663,3.175290135,100,3.887265705,1.702267413,6.569774265,0.934302257,64.80127489,TRUE,FALSE,NORMAL
26,25,6,743.698547,366.5164735,6.657936044,100,22.79062863,6.962557327,8.976279536,0.910237205,62.8795768,TRUE,FALSE,NORMAL
26,25,7,500.6302988,958.6436596,7.474392424,100,0,6.521677078,32.7363899,0.672636101,43.95058464,TRUE,FALSE,NORMAL
26,25,8,144.0302605,860.8309229,5.667403047,100,15.45153521,0,25.22923796,0.74770762,50.02193954,TRUE,FALSE,NORMAL
26,25,9,91.15417229,210.5283118,8.303694126,100,20.60414761,4.691460872,6.33368689,0.936663131,64.98983992,TRUE,FALSE,NORMAL
26,25,10,672.7871638,588.4484062,8.370430654,100,9.712691864,1.906284852,11.38278481,0.886172152,60.95787871,TRUE,FALSE,NORMAL
26,26,1,942.4763431,97.3876089,1.90359133,100,18.18884532,0.614221527,0,0,0,TRUE,FALSE,NORMAL
26,26,2,181.9011653,864.7963147,3.548350071,100,1.005622388,3.663851039,29.6150053,0.703849947,46.55965675,TRUE,FALSE,NORMAL
26,26,3,263.6802625,407.411224,1.51531587,100,7.441835573,2.59353759,5.247261882,0.947527381,65.85761775,TRUE,FALSE,NORMAL
26,26,4,392.2117064,933.5698431,7.879330684,100,1.832333452,20.4664172,17.75148636,0.822485136,55.88593962,TRUE,FALSE,NORMAL
26,26,5,975.7757251,481.8995918,3.175290135,100,4.687164058,0.10477834,6.329702788,0.936702972,64.99302208,TRUE,FALSE,NORMAL
26,26,6,737.7898574,369.5849421,6.657936044,100,25.51783028,5.923581397,8.566123122,0.914338769,63.2070795,TRUE,FALSE,NORMAL
26,26,7,500.7522515,951.1702622,7.474392424,100,0,8.66660901,32.12423877,0.678757612,44.43579493,TRUE,FALSE,NORMAL
26,26,8,149.1161373,858.33026,5.667403047,100,12.57282073,0,26.83346267,0.731665373,48.7805054,TRUE,FALSE,NORMAL
26,26,9,83.91767813,206.4559061,8.303694126,100,22.36558054,4.705451323,5.247261882,0.947527381,65.85761775,TRUE,FALSE,NORMAL
26,26,10,672.3933058,596.8095655,8.370430654,100,14.50980354,4.044322279,10.80254346,0.891974565,61.42113692,TRUE,FALSE,NORMAL
26,27,1,940.83626,96.4212821,1.90359133,100,14.1183806,0,0,0,0,TRUE,FALSE,NORMAL
26,27,2,183.223907,861.5037257,3.548350071,100,0,2.526133808,29.14909675,0.708509032,46.94063862,TRUE,FALSE,NORMAL
26,27,3,262.7947225,406.1815894,1.51531587,100,7.297743258,2.285028888,4.11278705,0.95887213,66.76384298,TRUE,FALSE,NORMAL
26,27,4,400.0868996,933.8251532,7.879330684,100,3.948623437,22.42920035,17.78008619,0.822199138,55.86818433,TRUE,FALSE,NORMAL
26,27,5,978.9325634,481.5577738,3.175290135,100,4.923719278,0,5.461044177,0.945389558,65.68685479,TRUE,FALSE,NORMAL
26,27,6,738.2242191,362.94119,6.657936044,100,21.63056229,8.716389876,7.345271988,0.92654728,64.18201173,TRUE,FALSE,NORMAL
26,27,7,495.7128509,945.6502093,7.474392424,100,3.759712875,10.7760998,34.45453497,0.65545465,42.59044839,TRUE,FALSE,NORMAL
26,27,8,152.215777,853.5856114,5.667403047,100,14.27364187,0.045880334,26.47491677,0.735250832,49.07599458,TRUE,FALSE,NORMAL
26,27,9,77.98649609,200.6445021,8.303694126,100,19.51877209,1.795701282,4.11278705,0.95887213,66.76384298,TRUE,FALSE,NORMAL
26,27,10,679.2556677,601.6024872,8.370430654,100,11.07446743,3.289587315,9.2294998,0.907705002,62.67716867,TRUE,FALSE,NORMAL
26,28,1,939.4116167,97.6838396,1.90359133,100,15.67827293,0.139534414,0,0,0,TRUE,FALSE,NORMAL
26,28,2,183.4769387,865.0430424,3.548350071,100,4.314946924,3.389901859,29.41683131,0.705831687,46.69915912,TRUE,FALSE,NORMAL
26,28,3,261.512139,406.9885352,1.51531587,100,3.795880397,5.043985402,5.182792873,0.948172071,65.90911417,TRUE,FALSE,NORMAL
26,28,4,393.1774564,930.037879,7.879330684,100,2.492233933,24.30008683,17.97193186,0.820280681,55.71125814,TRUE,FALSE,NORMAL
26,28,5,975.8560284,482.3435217,3.175290135,100,8.596954772,0,4.796140464,0.952038595,66.2179682,TRUE,FALSE,NORMAL
26,28,6,733.4003106,358.3522883,6.657936044,100,25.5479725,11.17975245,6.093444075,0.939065559,65.18177519,TRUE,FALSE,NORMAL
26,28,7,498.8909813,938.8851498,7.474392424,100,7.488684686,11.38686153,32.78641087,0.672135891,43.91094944,TRUE,FALSE,NORMAL
26,28,8,147.6265543,856.9110424,5.667403047,100,17.88851369,0,26.34512224,0.736548778,49.15167846,TRUE,FALSE,NORMAL
26,28,9,86.2347196,201.602701,8.303694126,100,19.18123599,0.527804013,5.182792873,0.948172071,65.90911417,TRUE,FALSE,NORMAL
26,28,10,674.1645627,608.2466394,8.370430654,100,11.77662799,1.838502682,7.390747686,0.926092523,64.14558218,TRUE,FALSE,NORMAL
26,29,1,941.3121102,97.57528215,1.90359133,100,14.75137818,1.008567637,0,0,0,TRUE,FALSE,NORMAL
26,29,2,183.4054709,868.5906727,3.548350071,100,6.461845156,5.680133832,29.31361078,0.706863892,46.78168605,TRUE,FALSE,NORMAL
26,29,3,261.3640813,405.4804698,1.51531587,100,7.471955916,2.768358912,4.263842418,0.957361576,66.64317523,TRUE,FALSE,NORMAL
26,29,4,397.3177028,923.3339838,7.879330684,100,0.577215309,26.39959922,18.28585787,0.817141421,55.46336913,TRUE,FALSE,NORMAL
26,29,5,973.0439693,483.818239,3.175290135,100,7.180116983,0,5.996543542,0.940034565,65.2591248,TRUE,FALSE,NORMAL
26,29,6,736.3504536,364.3209371,6.657936044,100,21.23193848,10.99682971,7.714559711,0.922854403,63.88706629,TRUE,FALSE,NORMAL
26,29,7,495.6875562,932.1320313,7.474392424,100,3.227093592,9.69791733,34.04077167,0.659592283,42.91773975,TRUE,FALSE,NORMAL
26,29,8,150.5910229,852.0807854,5.667403047,100,14.37611616,0.165648803,26.29758326,0.737024167,49.18978599,TRUE,FALSE,NORMAL
26,29,9,78.14410912,199.7336482,8.303694126,100,14.77460224,0.188026547,4.263842418,0.957361576,66.64317523,TRUE,FALSE,NORMAL
26,29,10,680.1605551,602.4060757,8.370430654,100,10.25624634,4.702092243,9.43257588,0.905674241,62.51500777,TRUE,FALSE,NORMAL
26,30,1,942.1536129,99.28277535,1.90359133,100,13.36786694,0,0,0,0,TRUE,FALSE,NORMAL
26,30,2,180.0534897,869.7547218,3.548350071,100,5.732706918,8.673453413,30.53613567,0.694638643,45.85555749,TRUE,FALSE,LINK_FAILURE
26,30,3,262.8710916,405.6389066,1.51531587,100,11.02544451,4.571218697,4.662140196,0.953378598,66.32500809,TRUE,FALSE,NORMAL
26,30,4,389.5210399,922.1956085,7.879330684,100,5.369652354,25.84891201,18.46707418,0.815329258,55.31350364,TRUE,FALSE,NORMAL
26,30,5,969.8709193,483.9374914,3.175290135,100,9.670334444,1.915653386,6.364007757,0.936359922,64.9656222,TRUE,FALSE,NORMAL
26,30,6,732.882889,370.0046074,6.657936044,100,19.90041406,9.120891465,7.899136145,0.921008639,63.73964078,TRUE,FALSE,NORMAL
26,30,7,502.8058967,929.8526077,7.474392424,100,6.94401526,11.9828928,31.51262722,0.684873728,44.92085303,TRUE,FALSE,NORMAL
26,30,8,156.1097125,853.3705616,5.667403047,100,15.42181974,0,28.2386412,0.717613588,47.68967411,TRUE,FALSE,LINK_FAILURE
26,30,9,86.11954753,197.4219998,8.303694126,100,16.92707433,0,4.662140196,0.953378598,66.32500809,TRUE,FALSE,NORMAL
26,30,10,684.2134955,609.7298577,8.370430654,100,12.32922912,4.321478865,9.434264532,0.905657355,62.51365936,TRUE,FALSE,NORMAL
26,31,1,943.276879,97.74591713,1.90359133,100,17.02730921,0,0,0,0,TRUE,FALSE,NORMAL
26,31,2,183.5414751,870.4064475,3.548350071,100,10.18522291,6.141500921,29.75400671,0.702459933,46.43409574,TRUE,FALSE,LINK_FAILURE
26,31,3,261.3634367,405.7910868,1.51531587,100,14.99111763,5.280715931,5.260299028,0.94739701,65.84720399,TRUE,FALSE,NORMAL
26,31,4,391.7077143,929.7654372,7.879330684,100,6.895076649,25.90695062,17.73818034,0.822618197,55.89448334,TRUE,FALSE,NORMAL
26,31,5,968.7862873,480.9531923,3.175290135,100,4.775558767,4.329338343,6.372998016,0.93627002,64.95844156,TRUE,FALSE,NORMAL
26,31,6,728.2694372,374.8050423,6.657936044,100,22.10833586,7.555188598,8.196689752,0.918033102,63.50204497,TRUE,FALSE,NORMAL
26,31,7,508.8844817,934.2020152,7.474392424,100,9.245399047,9.61595196,30.87934017,0.691206598,45.42336626,TRUE,FALSE,NORMAL
26,31,8,150.8282989,855.4263164,5.667403047,100,17.18214067,0.454519039,26.76902106,0.732309789,48.81722957,TRUE,FALSE,LINK_FAILURE
26,31,9,93.91586048,194.5638815,8.303694126,100,18.96374101,0,5.260299028,0.94739701,65.84720399,TRUE,FALSE,NORMAL
26,31,10,691.8508011,613.1555945,8.370430654,100,10.17885954,1.326869115,10.02038149,0.899796185,62.04564838,TRUE,FALSE,NORMAL
26,32,1,944.4647459,96.25842522,1.90359133,100,14.71681468,0,0,0,0,TRUE,FALSE,NORMAL
26,32,2,180.0468062,869.7915671,3.548350071,100,14.84273201,6.888813219,28.8871054,0.711128946,47.11711364,TRUE,FALSE,LINK_FAILURE
26,32,3,259.8491819,405.8477855,1.51531587,100,17.55571355,2.643514792,4.613010385,0.953869896,66.36425339,TRUE,FALSE,NORMAL
26,32,4,394.3838937,937.1763694,7.879330684,100,10.7839426,26.89631767,17.27268871,0.827273113,56.26892353,TRUE,FALSE,NORMAL
26,32,5,969.4499354,484.0583556,3.175290135,100,6.179187516,1.967600587,7.054940163,0.929450598,64.41377904,TRUE,FALSE,NORMAL
26,32,6,732.4810788,379.9616097,6.657936044,100,22.5607392,4.560439957,8.568025019,0.91431975,63.20546881,TRUE,FALSE,NORMAL
26,32,7,502.1734895,930.9112515,7.474392424,100,9.780806366,12.0446943,32.46358251,0.675364175,44.16678464,TRUE,FALSE,NORMAL
26,32,8,147.3279315,850.9690879,5.667403047,100,19.49506635,0.451913691,25.78945984,0.742105402,49.59055072,TRUE,FALSE,LINK_FAILURE
26,32,9,85.63117108,195.1253595,8.303694126,100,22.67284719,0,4.613010385,0.953869896,66.36425339,TRUE,FALSE,NORMAL
26,32,10,683.8967582,615.7627599,8.370430654,100,8.735100157,0,10.08110987,0.899188901,61.99715857,TRUE,FALSE,NORMAL
26,33,1,945.9007441,97.50805283,1.90359133,100,10.06852295,0,0,0,0,TRUE,FALSE,NORMAL
26,33,2,176.7639195,871.1382085,3.548350071,100,11.90373627,7.175724961,28.1914471,0.718085529,47.66612227,TRUE,FALSE,LINK_FAILURE
26,33,3,260.3804872,407.2669039,1.51531587,100,13.05611843,2.889288026,5.525690668,0.944743093,65.63521758,TRUE,FALSE,NORMAL
26,33,4,400.0612727,931.7127425,7.879330684,100,14.12181684,28.19262966,16.74114843,0.832588516,56.69420369,TRUE,FALSE,NORMAL
26,33,5,967.500103,486.5644723,3.175290135,100,7.162211193,2.773138817,6.858472047,0.93141528,64.57069393,TRUE,FALSE,NORMAL
26,33,6,733.4343093,373.372265,6.657936044,100,17.63558617,5.316948079,8.215748324,0.917842517,63.48677596,TRUE,FALSE,NORMAL
26,33,7,505.3907823,937.6577743,7.474392424,100,5.335112825,10.64434717,32.88663752,0.671133625,43.83153882,TRUE,FALSE,NORMAL
26,33,8,147.4075281,845.3022439,5.667403047,100,22.21374466,0.950751063,25.20594708,0.747940529,50.05022864,TRUE,FALSE,LINK_FAILURE
26,33,9,93.57039952,197.5584621,8.303694126,100,20.31597508,1.338543602,5.525690668,0.944743093,65.63521758,TRUE,FALSE,NORMAL
26,33,10,691.9857021,613.6102972,8.370430654,100,3.760895085,0,9.5730246,0.904269754,62.40285798,TRUE,FALSE,NORMAL
26,34,1,943.9973338,97.53430182,1.90359133,100,8.194034549,0,0,0,0,TRUE,FALSE,NORMAL
26,34,2,178.0561935,867.8335427,3.548350071,100,11.83586029,5.995749784,29.1600428,0.708399572,46.92878352,TRUE,FALSE,LINK_FAILURE
26,34,3,261.2491375,406.0252804,1.51531587,100,15.166683,2.846530259,4.212090672,0.957879093,66.68451602,TRUE,FALSE,NORMAL
26,34,4,394.954635,937.7132511,7.879330684,100,9.441601047,25.94758803,17.55017999,0.8244982,56.0490507,TRUE,FALSE,NORMAL
26,34,5,969.4218101,484.0367245,3.175290135,100,5.27342802,3.301897436,7.684608323,0.923153917,63.91089246,TRUE,FALSE,NORMAL
26,34,6,736.9881733,379.0023772,6.657936044,100,18.93517804,2.918394557,8.491516456,0.915084835,63.26651139,TRUE,FALSE,NORMAL
26,34,7,497.9295258,938.1007117,7.474392424,100,0.504032435,8.728830956,33.31827868,0.666817213,43.48964164,TRUE,FALSE,NORMAL
26,34,8,152.4910959,847.8075973,5.667403047,100,17.69560618,2.784423191,26.58728188,0.734127181,48.98311474,TRUE,FALSE,LINK_FAILURE
26,34,9,88.90983054,190.686022,8.303694126,100,23.82719673,1.678281596,4.212090672,0.957879093,66.68451602,TRUE,FALSE,NORMAL
26,34,10,685.5660933,618.9817711,8.370430654,100,0,0,9.298424588,0.907015754,62.62213032,TRUE,FALSE,NORMAL
26,35,1,944.8223247,95.81876987,1.90359133,100,5.337439086,2.765792254,0,0,0,TRUE,FALSE,NORMAL
26,35,2,175.2687148,870.0291635,3.548350071,100,9.357639553,8.614826344,29.15367827,0.708463217,46.91895581,TRUE,FALSE,LINK_FAILURE
26,35,3,262.7369832,406.3125039,1.51531587,100,12.57681424,2.635328113,2.642467881,0.973575321,67.9384378,TRUE,FALSE,NORMAL
26,35,4,391.8941189,930.4525973,7.879330684,100,10.7442845,23.0583346,17.82873932,0.821712607,55.82714162,TRUE,FALSE,NORMAL
26,35,5,969.154723,487.2007618,3.175290135,100,0.283745799,3.999132494,7.055435633,0.929445644,64.41338332,TRUE,FALSE,NORMAL
26,35,6,732.0361979,383.4527762,6.657936044,100,15.31741025,3.258385316,8.22222875,0.917777713,63.48158486,TRUE,FALSE,NORMAL
26,35,7,493.5805215,932.0218381,7.474392424,100,4.712248207,8.013259643,33.53711027,0.664628897,43.31637037,TRUE,FALSE,NORMAL
26,35,8,147.0577781,849.4195884,5.667403047,100,14.45707534,3.580077866,26.38931432,0.736106857,49.12621462,TRUE,FALSE,LINK_FAILURE
26,35,9,84.64036523,183.5640137,8.303694126,100,20.88314102,0,2.642467881,0.973575321,67.9384378,TRUE,FALSE,NORMAL
26,35,10,691.4354514,624.9495801,8.370430654,100,1.071297196,1.334558978,9.389021866,0.906109781,62.5497864,TRUE,FALSE,NORMAL
26,36,1,944.9213122,93.91775397,1.90359133,100,2.664930038,4.333472176,0,0,0,TRUE,FALSE,NORMAL
26,36,2,173.228887,867.1257361,3.548350071,100,7.668512677,9.614224957,29.69103889,0.703089611,46.50643809,TRUE,FALSE,LINK_FAILURE
26,36,3,264.1666155,405.8101756,1.51531587,100,16.13826927,1.03835153,3.757353955,0.96242646,67.04777851,TRUE,FALSE,NORMAL
26,36,4,384.7889746,933.8585887,7.879330684,100,11.32492566,24.32184698,18.38205791,0.816179421,55.38532064,TRUE,FALSE,NORMAL
26,36,5,966.0135699,486.736408,3.175290135,100,0,3.382165526,3.735572121,0.962644279,67.06548293,TRUE,FALSE,NORMAL
26,36,6,727.806483,388.5945293,6.657936044,100,14.84402755,3.82632442,8.946310747,0.910536893,62.90340586,TRUE,FALSE,NORMAL
26,36,7,486.3993487,929.9488451,7.474392424,100,9.202620281,5.456654261,33.53932912,0.664606709,43.31461371,TRUE,FALSE,NORMAL
26,36,8,150.1139102,844.6467994,5.667403047,100,15.64813247,6.242743489,27.24264685,0.727573532,48.46124941,TRUE,FALSE,LINK_FAILURE
26,36,9,92.38324101,186.5638821,8.303694126,100,19.08505448,0,3.757353955,0.96242646,67.04777851,TRUE,FALSE,NORMAL
26,36,10,699.7854654,624.3653058,8.370430654,100,5.826945506,0,5.427288714,0.945727113,65.71456673,TRUE,FALSE,NORMAL
26,37,1,946.7299902,93.32416866,1.90359133,100,0.320086855,5.23096578,0,0,0,TRUE,FALSE,NORMAL
26,37,2,174.5999474,870.3984997,3.548350071,100,11.93540467,7.84730842,30.22576993,0.697742301,46.07109027,TRUE,FALSE,LINK_FAILURE
26,37,3,264.3141338,404.3020574,1.51531587,100,16.08712699,0,5.327093193,0.946729068,65.79385058,TRUE,FALSE,NORMAL
26,37,4,380.6982663,927.124351,7.879330684,100,10.17427256,24.66082387,19.06639579,0.809336042,54.83676946,TRUE,FALSE,NORMAL
26,37,5,968.8412512,485.2918714,3.175290135,100,3.339489347,4.15894599,4.413506575,0.955864934,66.52391792,TRUE,FALSE,NORMAL
26,37,6,734.3077121,387.1585164,6.657936044,100,10.98495616,6.593680761,9.610200771,0.903897992,62.373289,TRUE,FALSE,NORMAL
26,37,7,488.1554497,937.2140121,7.474392424,100,11.56690297,3.600597041,32.47070664,0.675292934,44.16113802,TRUE,FALSE,NORMAL
26,37,8,155.4660014,842.7827776,5.667403047,100,11.37360548,6.986190474,27.98425197,0.72015748,47.86043746,TRUE,FALSE,LINK_FAILURE
26,37,9,97.11224873,193.3894094,8.303694126,100,22.93785147,0.825384855,5.327093193,0.946729068,65.79385058,TRUE,FALSE,NORMAL
26,37,10,705.5247395,618.2722899,8.370430654,100,10.01822981,2.110420752,6.200540312,0.937994597,65.0969715,TRUE,FALSE,NORMAL
26,38,1,944.8298235,93.21003624,1.90359133,100,2.382272737,6.669147839,0,0,0,TRUE,FALSE,NORMAL
26,38,2,175.5837844,873.8077303,3.548350071,100,13.04581348,6.160218759,29.03143272,0.709685673,46.98952588,TRUE,FALSE,LINK_FAILURE
26,38,3,265.4137793,403.2594827,1.51531587,100,15.08072406,0,5.85456102,0.94145439,65.37253175,TRUE,FALSE,NORMAL
26,38,4,388.5487926,927.7974704,7.879330684,100,5.886160816,25.71418861,18.78445975,0.812155403,55.06716752,TRUE,FALSE,NORMAL
26,38,5,971.0865159,487.537145,3.175290135,100,4.921390357,4.615679681,3.617986256,0.963820137,67.15934414,TRUE,FALSE,NORMAL
26,38,6,733.0418428,380.6220274,6.657936044,100,8.298217854,4.982689938,9.012485457,0.909875145,62.85064985,TRUE,FALSE,NORMAL
26,38,7,481.9281718,941.3477213,7.474392424,100,12.46511922,1.196740397,34.7981109,0.652018891,42.31881424,TRUE,FALSE,NORMAL
26,38,8,149.8028488,842.5633233,5.667403047,100,10.05170743,6.544843192,26.19952393,0.738004761,49.25053949,TRUE,FALSE,LINK_FAILURE
26,38,9,93.07332948,200.6446466,8.303694126,100,22.70231625,3.719223121,5.85456102,0.94145439,65.37253175,TRUE,FALSE,NORMAL
26,38,10,700.4034958,611.6513404,8.370430654,100,10.40161981,4.647996391,5.931649163,0.940683508,65.3117897,TRUE,FALSE,NORMAL
26,39,1,944.3144847,91.37752816,1.90359133,100,6.633719278,4.707738618,0,0,0,TRUE,FALSE,NORMAL
26,39,2,178.3891839,871.6350541,3.548350071,100,9.054854225,4.375428319,29.97599967,0.700240003,46.2411429,TRUE,FALSE,LINK_FAILURE
26,39,3,266.212162,404.5474141,1.51531587,100,16.49742919,0,4.220619482,0.957793805,66.67770295,TRUE,FALSE,NORMAL
26,39,4,380.6694913,927.7759454,7.879330684,100,8.389075711,25.88849782,19.36005304,0.80639947,54.60342012,TRUE,FALSE,NORMAL
26,39,5,972.4596377,490.400186,3.175290135,100,5.25709437,6.151152474,4.061262597,0.959387374,66.80517312,TRUE,FALSE,NORMAL
26,39,6,737.7781188,375.9427324,6.657936044,100,5.726383076,2.304490073,8.359767596,0.916402324,63.37179699,TRUE,FALSE,NORMAL
26,39,7,483.5213535,948.6503451,7.474392424,100,8.454730195,0.021003311,32.98046306,0.670195369,43.7572074,TRUE,FALSE,NORMAL
26,39,8,154.9411581,840.1722494,5.667403047,100,15.01748662,4.625311181,27.27654313,0.727234569,48.39599822,TRUE,FALSE,LINK_FAILURE
26,39,9,87.10914761,194.8671151,8.303694126,100,18.59756649,5.662642575,4.220619482,0.957793805,66.67770295,TRUE,FALSE,NORMAL
26,39,10,708.0468649,615.0635271,8.370430654,100,5.925319718,2.145139134,5.747799962,0.942522,65.45832536,TRUE,FALSE,NORMAL
26,40,1,945.9827963,92.29425933,1.90359133,100,4.131264136,4.686710784,0,0,0,TRUE,FALSE,NORMAL
26,40,2,177.6200556,868.1710636,3.548350071,100,8.649771464,4.832441591,30.7204242,0.692795758,45.65826483,TRUE,FALSE,LINK_FAILURE
26,40,3,267.7079746,404.3050777,1.51531587,100,16.78946924,0,4.739887392,0.952601126,66.26290324,TRUE,FALSE,NORMAL
26,40,4,372.8405403,926.8863509,7.879330684,100,3.499519539,25.10369088,19.78047712,0.802195229,54.26521444,TRUE,FALSE,NORMAL
26,40,5,975.6348696,490.4194134,3.175290135,100,5.661960343,3.557488271,5.195584807,0.948044152,65.89889624,TRUE,FALSE,NORMAL
26,40,6,731.1212727,376.0632039,6.657936044,100,4.675480141,0,7.667920102,0.923320799,63.92441457,TRUE,FALSE,NORMAL
26,40,7,485.2082871,941.368807,7.474392424,100,5.384487559,0,31.55459198,0.68445408,44.88756325,TRUE,FALSE,NORMAL
26,40,8,159.0735669,836.2937632,5.667403047,100,12.51202163,4.789347534,28.34628623,0.716537138,47.55312992,TRUE,FALSE,LINK_FAILURE
26,40,9,84.20066941,202.6447812,8.303694126,100,17.30408773,4.376986911,4.739887392,0.952601126,66.26290324,TRUE,FALSE,NORMAL
26,40,10,699.7025782,614.4024755,8.370430654,100,4.09631776,1.450289629,10.1402554,0.898597446,61.9499329,TRUE,FALSE,NORMAL
26,41,1,947.6326551,91.34471943,1.90359133,100,1.553866388,6.751520822,0,0,0,TRUE,FALSE,NORMAL
26,41,2,175.5890959,865.261426,3.548350071,100,12.39250437,7.659267869,30.92647057,0.690735294,45.48380393,TRUE,FALSE,LINK_FAILURE
26,41,3,269.1987036,404.5769402,1.51531587,100,14.71863679,1.279016064,5.607448719,0.943925513,65.56991262,TRUE,FALSE,NORMAL
26,41,4,365.7717497,923.405539,7.879330684,100,7.327606828,23.87524527,19.72303729,0.802769627,54.30884809,TRUE,FALSE,NORMAL
26,41,5,977.7672586,488.0666736,3.175290135,100,5.14735152,3.48441743,2.46776305,0.97532237,68.07809876,TRUE,FALSE,NORMAL
26,41,6,730.2587907,369.4613681,6.657936044,100,8.2332581,0,7.348141693,0.926518583,64.1798732,TRUE,FALSE,NORMAL
26,41,7,485.5030429,948.8373852,7.474392424,100,7.663878944,0,30.00476889,0.699952311,46.11773838,TRUE,FALSE,NORMAL
26,41,8,156.0924633,831.473755,5.667403047,100,10.10987618,2.739768828,28.40386059,0.715961394,47.49698412,TRUE,FALSE,LINK_FAILURE
26,41,9,84.68816923,210.9341527,8.303694126,100,19.32562167,2.331576616,5.607448719,0.943925513,65.56991262,TRUE,FALSE,NORMAL
26,41,10,704.8617313,607.8110228,8.370430654,100,2.957711171,2.379941253,5.377531051,0.946224689,65.75421632,TRUE,FALSE,NORMAL
26,42,1,949.5013511,90.98190369,1.90359133,100,3.219449619,5.256960645,0,0,0,TRUE,FALSE,NORMAL
26,42,2,178.0451001,867.8224476,3.548350071,100,7.541476259,7.849103309,30.70613855,0.692938614,45.65160157,TRUE,FALSE,LINK_FAILURE
26,42,3,269.2605432,403.0628866,1.51531587,100,18.1040848,1.297881428,6.085026134,0.939149739,65.1884509,TRUE,FALSE,NORMAL
26,42,4,371.0450879,917.550989,7.879330684,100,11.01409956,20.99241756,20.20629336,0.797937066,53.92477339,TRUE,FALSE,NORMAL
26,42,5,977.2794427,484.9290785,3.175290135,100,0.967384503,3.414212258,3.963806321,0.960361937,66.88285455,TRUE,FALSE,NORMAL
26,42,6,724.0647071,371.9029742,6.657936044,100,11.30319567,1.202442477,7.843314584,0.921566854,63.7846318,TRUE,FALSE,NORMAL
26,42,7,484.0905102,941.4976786,7.474392424,100,8.959854109,2.267147054,31.16999711,0.688300029,45.1926981,TRUE,FALSE,NORMAL
26,42,8,161.6513509,830.3700221,5.667403047,100,14.5900275,5.344576681,28.39822484,0.716017752,47.49341044,TRUE,FALSE,LINK_FAILURE
26,42,9,91.84709006,206.7268747,8.303694126,100,14.57342924,2.952531092,6.085026134,0.939149739,65.1884509,TRUE,FALSE,NORMAL
26,42,10,699.3278973,601.5308325,8.370430654,100,2.15447896,0,11.72282285,0.882771772,60.68640905,TRUE,FALSE,NORMAL
26,43,1,949.6784073,89.08656438,1.90359133,100,0,5.406140985,0,0,0,TRUE,FALSE,NORMAL
26,43,2,175.4702129,870.263911,3.548350071,100,4.960384983,8.076462317,31.32290492,0.686770951,45.164512,TRUE,FALSE,LINK_FAILURE
26,43,3,270.0988466,404.3251979,1.51531587,100,19.33305719,3.765067328,4.708474505,0.952915255,66.28799597,TRUE,FALSE,NORMAL
26,43,4,363.3721943,915.7591867,7.879330684,100,15.20539905,20.81634832,20.5483852,0.794516148,53.65044963,TRUE,FALSE,NORMAL
26,43,5,980.3611409,485.6943258,3.175290135,100,0,3.354751589,2.088579113,0.979114209,68.38098841,TRUE,FALSE,NORMAL
26,43,6,726.7275621,365.8007357,6.657936044,100,13.14115812,0.278230844,7.063672189,0.929363278,64.40721127,TRUE,FALSE,NORMAL
26,43,7,480.2935854,947.9358386,7.474392424,100,8.560575185,1.034237861,30.19758982,0.698024102,45.96460938,TRUE,FALSE,NORMAL
26,43,8,157.9272351,834.642073,5.667403047,100,19.31169312,4.619715659,29.01127125,0.709887287,47.00902722,TRUE,FALSE,LINK_FAILURE
26,43,9,83.71095526,205.0671618,8.303694126,100,18.60144968,0.239505401,4.708474505,0.952915255,66.28799597,TRUE,FALSE,NORMAL
26,43,10,707.682023,602.053032,8.370430654,100,3.530294371,0,5.731852154,0.942681478,65.4712412,TRUE,FALSE,NORMAL
26,44,1,949.3330441,87.21456431,1.90359133,100,0,4.605570084,0,0,0,TRUE,FALSE,NORMAL
26,44,2,172.4551186,868.3930837,3.548350071,100,6.056890085,9.943285193,30.79049787,0.692095021,45.60787199,TRUE,FALSE,LINK_FAILURE
26,44,3,271.3903865,403.532666,1.51531587,100,23.39181216,4.558138138,3.447944194,0.965520558,67.29495362,TRUE,FALSE,NORMAL
26,44,4,371.2490593,915.5620836,7.879330684,100,12.14133831,18.06989422,19.49792817,0.805020718,54.48928945,TRUE,FALSE,NORMAL
26,44,5,978.3091985,488.1175467,3.175290135,100,0,6.26622465,3.621406347,0.963785937,67.15640674,TRUE,FALSE,NORMAL
26,44,6,732.104208,369.7275399,6.657936044,100,17.84563045,0,8.140692083,0.918593079,63.54705687,TRUE,FALSE,NORMAL
26,44,7,486.5870661,943.9036379,7.474392424,100,3.843744037,1.212896188,30.62261966,0.693773803,45.62714526,TRUE,FALSE,NORMAL
26,44,8,153.410574,838.0654091,5.667403047,100,17.37871243,6.235078542,28.53477527,0.714652247,47.40821851,TRUE,FALSE,LINK_FAILURE
26,44,9,81.77787855,196.9916092,8.303694126,100,22.30814535,0.238834525,3.447944194,0.965520558,67.29495362,TRUE,FALSE,NORMAL
26,44,10,715.9370486,600.6678741,8.370430654,100,6.640899208,1.969334329,7.111506247,0.928884938,64.36923087,TRUE,FALSE,NORMAL
26,45,1,949.9284326,89.02264963,1.90359133,100,0.291311097,6.631974895,0,0,0,TRUE,FALSE,NORMAL
26,45,2,175.4422733,870.3082064,3.548350071,100,7.92022832,7.935820119,30.88676828,0.691132317,45.49463014,TRUE,FALSE,LINK_FAILURE
26,45,3,269.9428679,403.0844783,1.51531587,100,25.62767026,3.711803569,2.353848064,0.976461519,68.16901956,TRUE,FALSE,NORMAL
26,45,4,363.9254063,912.6555462,7.879330684,100,15.30245409,18.86061698,19.42280149,0.805771985,54.54645285,TRUE,FALSE,NORMAL
26,45,5,980.0051072,490.8020134,3.175290135,100,3.690842873,5.910260642,2.832712555,0.971672874,67.78648475,TRUE,FALSE,NORMAL
26,45,6,728.4187864,375.2724276,6.657936044,100,18.83249577,0,7.632738939,0.923672611,63.9527282,TRUE,FALSE,NORMAL
26,45,7,493.9527889,942.6337284,7.474392424,100,2.057143995,3.957177494,28.13218102,0.71867819,47.60583043,TRUE,FALSE,NORMAL
26,45,8,148.6635566,834.9693981,5.667403047,100,22.32688254,5.849033027,27.89434764,0.721056524,47.88257287,TRUE,FALSE,LINK_FAILURE
26,45,9,74.46430262,193.0593143,8.303694126,100,22.69285729,0,2.353848064,0.976461519,68.16901956,TRUE,FALSE,NORMAL
26,45,10,713.6753462,608.7269567,8.370430654,100,11.55351168,2.02702682,6.426209914,0.935737901,64.91661914,TRUE,FALSE,NORMAL
26,46,1,948.3353973,90.06471408,1.90359133,100,1.75698941,8.748932412,0,0,0,TRUE,FALSE,NORMAL
26,46,2,172.5665326,868.2295281,3.548350071,100,9.906438814,8.734833357,30.39151979,0.696084802,45.88561398,TRUE,FALSE,LINK_FAILURE
26,46,3,268.6936374,402.2268038,1.51531587,100,29.91655997,2.420125615,2.964667119,0.970353329,67.68103353,TRUE,FALSE,NORMAL
26,46,4,363.2254643,920.5037265,7.879330684,100,16.30127221,19.50691249,19.17729066,0.808227093,54.74385839,TRUE,FALSE,NORMAL
26,46,5,983.1723297,491.028219,3.175290135,100,4.410578606,7.28628544,2.562211506,0.974377885,68.0025566,TRUE,FALSE,NORMAL
26,46,6,722.3942694,378.1067365,6.657936044,100,14.28388696,0,7.170053218,0.928299468,64.32242898,TRUE,FALSE,NORMAL
26,46,7,487.5087874,938.846726,7.474392424,100,3.023877835,1.68634887,29.4565765,0.705434235,46.55319446,TRUE,FALSE,NORMAL
26,46,8,143.2246268,833.3764452,5.667403047,100,26.81040707,8.651387361,27.12673769,0.728732623,48.49125571,TRUE,FALSE,LINK_FAILURE
26,46,9,70.16947737,200.1660584,8.303694126,100,20.47379414,1.426086113,2.964667119,0.970353329,67.68103353,TRUE,FALSE,NORMAL
26,46,10,721.9101526,610.2276475,8.370430654,100,14.38919972,0.842828426,6.919736159,0.930802638,64.52240948,TRUE,FALSE,NORMAL
26,47,1,949.7660308,88.80894832,1.90359133,100,1.913529747,6.319031988,0,0,0,TRUE,FALSE,NORMAL
26,47,2,175.1193363,870.6940729,3.548350071,100,8.915546126,7.592439297,30.50517817,0.694948218,45.78879377,TRUE,FALSE,LINK_FAILURE
26,47,3,268.7704805,400.7134376,1.51531587,100,30.44613622,0,2.512200167,0.974877998,68.04250974,TRUE,FALSE,NORMAL
26,47,4,360.598924,927.9323965,7.879330684,100,20.16851154,19.46229767,19.05499038,0.809450096,54.83979973,TRUE,FALSE,NORMAL
26,47,5,986.3447358,490.8929171,3.175290135,100,1.079425621,8.036153441,2.126171746,0.978738283,68.3509462,TRUE,FALSE,NORMAL
26,47,6,726.4880617,383.3573533,6.657936044,100,16.06021011,0,8.156857786,0.918431422,63.53452687,TRUE,FALSE,NORMAL
26,47,7,494.9416129,939.6339025,7.474392424,100,7.486894933,0,27.89282641,0.721071736,47.79615368,TRUE,FALSE,NORMAL
26,47,8,148.4982815,831.3008673,5.667403047,100,25.85889598,9.840845434,27.23674283,0.727632572,48.3971432,TRUE,FALSE,LINK_FAILURE
26,47,9,62.30842101,202.8409657,8.303694126,100,21.10384193,3.831299412,2.512200167,0.974877998,68.04250974,TRUE,FALSE,NORMAL
26,47,10,714.5049534,606.3254515,8.370430654,100,14.31863487,3.718738203,6.977260809,0.930227392,64.47693959,TRUE,FALSE,NORMAL
26,48,1,950.2550254,90.6486614,1.90359133,100,0,7.167677335,0,0,0,TRUE,FALSE,NORMAL
26,48,2,178.5793369,869.9071903,3.548350071,100,7.57923373,7.20606934,29.74183175,0.702581682,46.3870543,TRUE,FALSE,LINK_FAILURE
26,48,3,269.4429167,402.0713815,1.51531587,100,30.99502244,0,3.286522326,0.967134777,67.42390893,TRUE,FALSE,NORMAL
26,48,4,367.765387,931.2074019,7.879330684,100,17.44249338,19.19189735,18.42174449,0.815782555,55.34537914,TRUE,FALSE,NORMAL
26,48,5,986.1143807,494.0598405,3.175290135,100,0,10.09208418,4.060128523,0.959398715,66.80590852,TRUE,FALSE,NORMAL
26,48,6,733.0350405,382.1469069,6.657936044,100,18.66752692,2.645494241,8.443323828,0.915566762,63.30562492,TRUE,FALSE,NORMAL
26,48,7,501.5776055,936.1944048,7.474392424,100,2.669280616,1.006602003,28.05311158,0.719468884,47.66869999,TRUE,FALSE,NORMAL
26,48,8,151.2248071,826.3324153,5.667403047,100,28.78764307,8.318115761,26.24264592,0.737573541,49.17992147,TRUE,FALSE,LINK_FAILURE
26,48,9,70.610084,203.024617,8.303694126,100,18.02171481,6.466925631,3.286522326,0.967134777,67.42390893,TRUE,FALSE,NORMAL
26,48,10,706.2542246,604.9149256,8.370430654,100,18.20363346,1.698144594,12.82651913,0.871734809,59.80534132,TRUE,FALSE,NORMAL
26,49,1,949.852776,92.50926757,1.90359133,100,2.677780362,7.905261804,0,0,0,TRUE,FALSE,NORMAL
26,49,2,178.5087923,873.454839,3.548350071,100,3.592734331,8.821304062,29.6255462,0.703744538,46.46649267,TRUE,FALSE,LINK_FAILURE
26,49,3,270.8777824,402.5585596,1.51531587,100,33.45645904,0,3.158009131,0.968419909,67.52657534,TRUE,FALSE,NORMAL
26,49,4,361.789459,936.3427827,7.879330684,100,18.58094776,20.18567507,18.6278491,0.813721509,55.18112906,TRUE,FALSE,NORMAL
26,49,5,985.9439358,497.2305528,3.175290135,100,0,8.3521506,2.218832812,0.977811672,68.27689873,TRUE,FALSE,NORMAL
26,49,6,726.5312727,383.5713777,6.657936044,100,21.64159042,2.205488549,8.629378202,0.913706218,63.15750066,TRUE,FALSE,NORMAL
26,49,7,495.1138961,932.4411391,7.474392424,100,6.310920438,0,28.1418226,0.718581774,47.59816442,TRUE,FALSE,NORMAL
26,49,8,145.5586904,826.453161,5.667403047,100,26.83371459,10.57743621,25.53464495,0.744653551,49.7315009,TRUE,FALSE,LINK_FAILURE
26,49,9,65.2757481,209.3882792,8.303694126,100,19.91206074,5.474183724,3.158009131,0.968419909,67.52657534,TRUE,FALSE,NORMAL
26,49,10,711.9086476,598.7430857,8.370430654,100,14.84990231,0,7.875556197,0.921244438,63.75974714,TRUE,FALSE,NORMAL
26,50,1,950.0538683,90.61632757,1.90359133,100,0.817636369,7.542803217,0,0,0,TRUE,FALSE,NORMAL
26,50,2,180.7022487,876.2440212,3.548350071,100,3.543379188,8.11798746,28.60755898,0.71392441,47.26312088,TRUE,FALSE,LINK_FAILURE
26,50,3,269.7108992,401.5918303,1.51531587,100,31.48214835,0.455976998,2.641260802,0.973587392,67.93940214,TRUE,FALSE,NORMAL
26,50,4,364.9877085,943.5438279,7.879330684,100,17.24132236,18.33244342,17.81415879,0.821858412,55.83048586,TRUE,FALSE,NORMAL
26,50,5,987.4348613,500.0340521,3.175290135,100,3.355652371,10.22951637,1.860953081,0.981390469,68.56281154,TRUE,FALSE,NORMAL
26,50,6,720.5599594,380.6266316,6.657936044,100,22.20744331,0.437402171,7.304772053,0.926952279,64.21532866,TRUE,FALSE,NORMAL
26,50,7,499.8224014,938.2460095,7.474392424,100,2.01106395,1.611792491,27.87802416,0.721219758,47.8079245,TRUE,FALSE,NORMAL
26,50,8,143.380795,821.2209312,5.667403047,100,26.12120726,8.564863055,23.83450389,0.761654961,51.07304349,TRUE,FALSE,LINK_FAILURE
26,50,9,66.75833342,201.2180114,8.303694126,100,16.38149798,7.840414705,2.641260802,0.973587392,67.93940214,TRUE,FALSE,NORMAL
26,50,10,719.1389918,602.9604585,8.370430654,100,18.96293422,0,7.723661968,0.92276338,63.8806608,TRUE,FALSE,NORMAL
26,51,1,950.7912737,92.37129001,1.90359133,100,0.978017395,6.979720379,0,0,0,TRUE,FALSE,NORMAL
26,51,2,177.5315497,877.8369604,3.548350071,100,4.872978118,9.715719468,29.11231737,0.708876826,46.86764583,TRUE,FALSE,LINK_FAILURE
26,51,3,269.0517173,400.2274031,1.51531587,100,34.57185041,0,4.216731344,0.957832687,66.68080891,TRUE,FALSE,NORMAL
26,51,4,359.1905291,948.8801715,7.879330684,100,17.9811324,17.56466391,17.36118322,0.826388168,56.19003163,TRUE,FALSE,NORMAL
26,51,5,989.0783184,497.3171574,3.175290135,100,6.734048205,9.473803679,0.387180224,0.996128198,69.74030969,TRUE,FALSE,NORMAL
26,51,6,713.9601941,379.7484456,6.657936044,100,19.36212596,1.190793541,6.495764086,0.935042359,64.86153114,TRUE,FALSE,NORMAL
26,51,7,507.1692814,936.8712744,7.474392424,100,1.222483044,0,25.59032083,0.744096792,49.62810112,TRUE,FALSE,NORMAL
26,51,8,142.4877689,826.8175339,5.667403047,100,21.69337237,10.07873742,24.61335628,0.753866437,50.45859464,TRUE,FALSE,LINK_FAILURE
26,51,9,74.02371588,205.2386524,8.303694126,100,17.85068929,9.421679776,4.216731344,0.957832687,66.68080891,TRUE,FALSE,NORMAL
26,51,10,711.0009976,604.9193256,8.370430654,100,19.44153648,0,6.58074825,0.934192517,64.79362869,TRUE,FALSE,NORMAL
26,52,1,949.2767117,91.21813697,1.90359133,100,4.690178227,5.238755657,0,0,0,TRUE,FALSE,NORMAL
26,52,2,179.2731172,880.9285184,3.548350071,100,9.12444484,9.812984106,30.02445851,0.699755415,46.14360212,TRUE,FALSE,LINK_FAILURE
26,52,3,270.556757,400.4035783,1.51531587,100,31.76881947,1.626404025,2.915158708,0.970848413,67.72058538,TRUE,FALSE,NORMAL
26,52,4,355.2909238,942.0334985,7.879330684,100,14.97633823,17.95400332,18.11474793,0.818852521,55.58781788,TRUE,FALSE,NORMAL
26,52,5,991.3151068,499.5708755,3.175290135,100,7.846548699,10.64289385,0,0,0,TRUE,FALSE,NORMAL
26,52,6,716.1824011,373.4723076,6.657936044,100,19.67019279,2.972733668,12.48466768,0.875153323,60.07822567,TRUE,FALSE,NORMAL
26,52,7,511.158181,943.1922888,7.474392424,100,0,2.622712563,24.34013797,0.75659862,50.62350925,TRUE,FALSE,NORMAL
26,52,8,146.6147922,830.7017501,5.667403047,100,22.14965356,13.05379708,25.81334785,0.741866521,49.50402938,TRUE,FALSE,LINK_FAILURE
26,52,9,72.98325174,197.0004019,8.303694126,100,14.67794687,6.811800455,2.915158708,0.970848413,67.72058538,TRUE,FALSE,NORMAL
26,52,10,704.5508805,599.5845248,8.370430654,100,21.66453732,1.072491698,12.48466768,0.875153323,60.07822567,TRUE,FALSE,NORMAL
26,53,1,951.1792405,91.15454414,1.90359133,100,1.525594105,3.609609928,0,0,0,TRUE,FALSE,NORMAL
26,53,2,182.8103964,880.6484396,3.548350071,100,12.42734372,12.48631575,31.13997973,0.688600203,45.25818006,TRUE,FALSE,LINK_FAILURE
26,53,3,271.1626994,401.7924685,1.51531587,100,31.40296993,0,3.357361388,0.966426386,67.36731748,TRUE,FALSE,NORMAL
26,53,4,348.5511936,937.9518458,7.879330684,100,15.50569925,19.22905836,19.26433234,0.807356677,54.67068036,TRUE,FALSE,NORMAL
26,53,5,988.6245686,501.2571352,3.175290135,100,8.192998758,11.94861597,0,0,0,TRUE,FALSE,NORMAL
26,53,6,711.9978824,378.6509093,6.657936044,100,23.11990011,1.152492273,13.72590457,0.862740954,59.08745563,TRUE,FALSE,NORMAL
26,53,7,504.3275456,946.226916,7.474392424,100,0,0.300216198,24.31914794,0.756808521,50.64022549,TRUE,FALSE,NORMAL
26,53,8,145.7940591,836.3094104,5.667403047,100,19.95455894,15.73293689,26.82128943,0.731787106,48.70352995,TRUE,FALSE,LINK_FAILURE
26,53,9,70.70552234,204.9855935,8.303694126,100,16.63002893,8.991624859,3.357361388,0.966426386,67.36731748,TRUE,FALSE,NORMAL
26,53,10,696.5533994,597.1138155,8.370430654,100,22.98828267,2.137764649,13.72590457,0.862740954,59.08745563,TRUE,FALSE,NORMAL
26,54,1,949.2763407,91.20584935,1.90359133,100,5.621573947,4.077150287,0,0,0,TRUE,FALSE,NORMAL
26,54,2,185.5450139,882.9095578,3.548350071,100,9.334809147,13.45953914,31.53550397,0.68464496,44.93874223,TRUE,FALSE,LINK_FAILURE
26,54,3,271.5653738,403.2533023,1.51531587,100,33.11522648,0.876920065,2.732040299,0.972679597,67.86687811,TRUE,FALSE,NORMAL
26,54,4,346.9421398,930.2385587,7.879330684,100,19.26503394,18.93708557,20.4140431,0.795859569,53.75399404,TRUE,FALSE,NORMAL
26,54,5,986.6934521,498.7365685,3.175290135,100,3.606672245,12.84766652,0.798132108,0.992018679,69.41196189,TRUE,FALSE,NORMAL
26,54,6,713.087143,385.2191377,6.657936044,100,18.424612,0,7.115723094,0.928842769,64.36647673,TRUE,FALSE,NORMAL
26,54,7,496.9595123,947.4833506,7.474392424,100,0,0,25.1613891,0.748386109,49.9695695,TRUE,FALSE,NORMAL
26,54,8,150.896948,833.8436484,5.667403047,100,23.80517216,15.22714174,27.31261102,0.72687389,48.30690312,TRUE,FALSE,LINK_FAILURE
26,54,9,63.45617621,209.035077,8.303694126,100,15.86320297,6.523784485,2.732040299,0.972679597,67.86687811,TRUE,FALSE,NORMAL
26,54,10,694.2795089,605.1694676,8.370430654,100,18.8381287,4.935319751,13.43331408,0.865666859,59.32099157,TRUE,FALSE,NORMAL
26,55,1,950.9413476,92.12856931,1.90359133,100,8.188808689,5.489579402,0,0,0,TRUE,FALSE,NORMAL
26,55,2,185.9448657,879.3838087,3.548350071,100,7.698080214,13.64572968,31.55218286,0.684478171,44.9418696,TRUE,FALSE,LINK_FAILURE
26,55,3,273.0802411,403.2164338,1.51531587,100,29.7603402,1.103054671,1.521901307,0.984780987,68.83369222,TRUE,FALSE,NORMAL
26,55,4,354.1786594,933.3557107,7.879330684,100,16.11980915,18.11848638,20.07999563,0.799200044,54.02065834,TRUE,FALSE,NORMAL
26,55,5,984.1645936,496.8163231,3.175290135,100,3.329161956,13.63722769,0.526150584,0.994738494,69.62927245,TRUE,FALSE,NORMAL
26,55,6,706.9683265,387.8436751,6.657936044,100,15.2316688,0.856535637,7.898335295,0.921016647,63.74200696,TRUE,FALSE,NORMAL
26,55,7,500.1921062,940.7441459,7.474392424,100,0,0,25.97296354,0.740270365,49.32353116,TRUE,FALSE,NORMAL
26,55,8,155.4540874,837.2129121,5.667403047,100,20.61750666,17.2321231,27.85083888,0.721491611,47.89455428,TRUE,FALSE,LINK_FAILURE
26,55,9,62.81548304,200.756137,8.303694126,100,13.6348509,4.504921199,1.521901307,0.984780987,68.83369222,TRUE,FALSE,NORMAL
26,55,10,692.0179523,597.1103442,8.370430654,100,17.60873757,3.221476715,15.27052001,0.8472948,57.85474148,TRUE,FALSE,NORMAL
26,56,1,951.5011778,90.30916006,1.90359133,100,7.27123606,6.804218071,0,0,0,TRUE,FALSE,NORMAL
26,56,2,184.4484907,882.6012067,3.548350071,100,9.317202833,13.40364332,31.09901941,0.689009806,45.30949137,TRUE,FALSE,LINK_FAILURE
26,56,3,274.5880319,403.367262,1.51531587,100,28.78405456,0,0.326313651,0.996736863,69.78894208,TRUE,FALSE,NORMAL
26,56,4,360.9344183,937.4107783,7.879330684,100,14.73999004,18.34369398,19.47664954,0.805233505,54.50178466,TRUE,FALSE,NORMAL
26,56,5,987.3070676,496.3609941,3.175290135,100,3.124483616,14.38060581,0.791933507,0.992080665,69.41691447,TRUE,FALSE,NORMAL
26,56,6,709.2599371,394.0948057,6.657936044,100,19.88217506,0,8.900768976,0.91099231,62.94203331,TRUE,FALSE,NORMAL
26,56,7,507.4660516,942.4635237,7.474392424,100,2.64291507,0,25.90225666,0.740977433,49.3798078,TRUE,FALSE,NORMAL
26,56,8,160.8197261,839.0375706,5.667403047,100,19.78132753,15.6471775,27.89390975,0.721060903,47.86669741,TRUE,FALSE,LINK_FAILURE
26,56,9,54.51303069,200.8997373,8.303694126,100,12.09533676,3.486817791,0.326313651,0.996736863,69.78894208,TRUE,FALSE,NORMAL
26,56,10,685.318888,592.0917141,8.370430654,100,20.14810136,6.010427306,17.00960444,0.829903956,56.46715215,TRUE,FALSE,NORMAL
26,57,1,953.2619028,91.03269815,1.90359133,100,6.660009324,4.371052059,0,0,0,TRUE,FALSE,NORMAL
26,57,2,184.2340147,879.0593445,3.548350071,100,7.699769,11.17344592,30.28377702,0.69716223,45.95809131,TRUE,FALSE,LINK_FAILURE
26,57,3,273.674759,404.5764414,1.51531587,100,24.36636049,1.293489626,1.216703175,0.987832968,69.07753362,TRUE,FALSE,NORMAL
26,57,4,368.7345106,938.5254138,7.879330684,100,16.75011354,20.21448625,18.26695625,0.817330438,55.46715271,TRUE,FALSE,NORMAL
26,57,5,989.6864018,494.2583205,3.175290135,100,2.264481824,14.66930502,1.08315365,0.989168463,69.18423571,TRUE,FALSE,NORMAL
26,57,6,714.3264413,389.7752401,6.657936044,100,15.71239323,1.615803796,8.199923502,0.918000765,63.50106576,TRUE,FALSE,NORMAL
26,57,7,514.9349825,942.7492042,7.474392424,100,5.471912878,2.469571496,25.96262,0.7403738,49.33176364,TRUE,FALSE,NORMAL
26,57,8,155.2222321,838.1501488,5.667403047,100,15.40099191,18.4652621,26.75411749,0.732458825,48.77498219,TRUE,FALSE,LINK_FAILURE
26,57,9,54.36008483,209.2020228,8.303694126,100,16.77408869,1.067546734,1.216703175,0.987832968,69.07753362,TRUE,FALSE,NORMAL
26,57,10,677.9837996,596.1241559,8.370430654,100,17.9513601,4.398011127,15.31669335,0.846833066,57.81789581,TRUE,FALSE,NORMAL
26,58,1,954.6270499,92.35936071,1.90359133,100,7.442032691,4.514423302,0,0,0,TRUE,FALSE,NORMAL
26,58,2,182.9558245,882.3694831,3.548350071,100,4.456408098,8.901142534,29.67649783,0.703235022,46.44430365,TRUE,FALSE,LINK_FAILURE
26,58,3,272.3248412,405.2648484,1.51531587,100,22.07821227,1.595189639,1.818732876,0.981812671,68.59653918,TRUE,FALSE,NORMAL
26,58,4,375.6617516,942.2800355,7.879330684,100,19.63258327,22.89311678,18.27491652,0.817250835,55.46222098,TRUE,FALSE,NORMAL
26,58,5,990.1843122,497.3943295,3.175290135,100,5.112705429,12.96177664,1.712969283,0.982870307,68.68103837,TRUE,FALSE,NORMAL
26,58,6,717.9174109,395.3817586,6.657936044,100,12.46317482,3.664395916,9.607434547,0.903925655,62.3777325,TRUE,FALSE,NORMAL
26,58,7,510.9452533,949.0696949,7.474392424,100,1.077389881,0,27.79079519,0.722092048,47.87729118,TRUE,FALSE,NORMAL
26,58,8,160.8889559,838.0624083,5.667403047,100,17.34881243,19.51073815,26.58092914,0.734190709,48.91506319,TRUE,FALSE,LINK_FAILURE
26,58,9,51.5686047,217.0224432,8.303694126,100,11.8353248,2.77117458,1.818732876,0.981812671,68.59653918,TRUE,FALSE,NORMAL
26,58,10,681.3360839,588.4543255,8.370430654,100,17.39512375,5.778736299,17.50189981,0.824981002,56.07442662,TRUE,FALSE,NORMAL
26,59,1,956.1012457,93.563689,1.90359133,100,7.251968085,2.588715561,0,0,0,TRUE,FALSE,NORMAL
26,59,2,184.1675703,879.0344479,3.548350071,100,3.724592519,11.36465585,29.45875339,0.705412466,46.62699655,TRUE,FALSE,LINK_FAILURE
26,59,3,272.8210873,406.6966033,1.51531587,100,26.07696712,0,2.250927532,0.977490725,68.25124488,TRUE,FALSE,NORMAL
26,59,4,383.0082505,939.4317368,7.879330684,100,20.70574499,22.83050314,17.84510642,0.821548936,55.80516078,TRUE,FALSE,NORMAL
26,59,5,991.6674203,500.2019723,3.175290135,100,4.563764919,11.46314425,1.957473719,0.980425263,68.48569374,TRUE,FALSE,NORMAL
26,59,6,719.6225229,401.8176506,6.657936044,100,16.23061945,2.497379064,10.23267893,0.897673211,61.87885379,TRUE,FALSE,NORMAL
26,59,7,518.3313893,950.2149186,7.474392424,100,0,0.717365863,27.74027744,0.722597226,47.91746559,TRUE,FALSE,NORMAL
26,59,8,166.2384094,836.1908302,5.667403047,100,13.16990754,20.3301783,26.75200487,0.732479951,48.78758521,TRUE,FALSE,LINK_FAILURE
26,59,9,49.85134383,225.1466263,8.303694126,100,7.900112725,5.117210792,2.250927532,0.977490725,68.25124488,TRUE,FALSE,NORMAL
26,59,10,673.1762482,586.5885304,8.370430654,100,19.46368076,8.212306386,18.50788414,0.814921159,55.27201385,TRUE,FALSE,NORMAL
26,60,1,956.658858,95.38377924,1.90359133,100,2.957320508,0.152080647,0,0,0,TRUE,FALSE,NORMAL
26,60,2,185.3809569,875.7000092,3.548350071,100,3.603694214,13.11454398,29.2663935,0.707336065,46.78574802,TRUE,FALSE,LINK_FAILURE
26,60,3,273.7120396,407.9223219,1.51531587,100,24.02846767,0.385080536,3.195364975,0.96804635,67.49673248,TRUE,FALSE,NORMAL
26,60,4,389.0291526,934.3491597,7.879330684,100,18.12287408,21.55654657,18.17719947,0.818228005,55.54193328,TRUE,FALSE,NORMAL
26,60,5,988.5119841,500.556499,3.175290135,100,5.822295891,8.661998203,1.775983799,0.982240162,68.63069324,TRUE,FALSE,NORMAL
26,60,6,717.8477488,395.4006194,6.657936044,100,15.6114295,3.914577095,10.3548343,0.896451657,61.78155832,TRUE,FALSE,NORMAL
26,60,7,512.8842647,955.3330604,7.474392424,100,0,3.1009248,29.45819641,0.705418036,46.55190746,TRUE,FALSE,NORMAL
26,60,8,171.0620411,833.2155934,5.667403047,100,14.25598313,22.72956043,26.88914486,0.731108551,48.68340666,TRUE,FALSE,LINK_FAILURE
26,60,9,52.70598948,232.9442114,8.303694126,100,10.27496375,7.366379847,3.195364975,0.96804635,67.49673248,TRUE,FALSE,NORMAL
26,60,10,675.6050168,578.5782126,8.370430654,100,19.51765268,9.288140232,18.93368481,0.810663152,54.9324234,TRUE,FALSE,NORMAL
26,61,1,954.8084812,95.83073107,1.90359133,100,1.301680767,0,0,0,0,TRUE,FALSE,NORMAL
26,61,2,182.3210791,873.9033635,3.548350071,100,0,11.17636511,29.95040492,0.700495951,46.26938699,TRUE,FALSE,NORMAL
26,61,3,275.056263,407.222861,1.51531587,100,26.05361644,1.843199417,2.022944576,0.979770554,68.43338682,TRUE,FALSE,NORMAL
26,61,4,387.9185987,926.5484853,7.879330684,100,17.06629261,21.10897283,18.24242766,0.817575723,55.48822953,TRUE,FALSE,NORMAL
26,61,5,990.6839429,502.8727594,3.175290135,100,3.992534425,9.657383983,2.174679051,0.978253209,68.31216166,TRUE,FALSE,NORMAL
26,61,6,724.2462771,393.5602531,6.657936044,100,15.33271972,2.388831916,10.91661569,0.890833843,61.33327219,TRUE,FALSE,NORMAL
26,61,7,519.201429,951.3380664,7.474392424,100,1.348124182,3.645939388,28.10433206,0.718956679,47.62797335,TRUE,FALSE,NORMAL
26,61,8,175.2630443,837.0196741,5.667403047,100,15.31248429,22.03558107,28.39916757,0.716008324,47.50756851,TRUE,FALSE,NORMAL
26,61,9,51.03032355,224.8113472,8.303694126,100,12.85545199,10.25491691,2.022944576,0.979770554,68.43338682,TRUE,FALSE,NORMAL
26,61,10,674.2956133,570.3108326,8.370430654,100,23.79585568,8.01257784,19.65855232,0.803414477,54.35438272,TRUE,FALSE,NORMAL
26,62,1,955.871646,97.40976265,1.90359133,100,0,2.211481202,0,0,0,TRUE,FALSE,NORMAL
26,62,2,184.7529432,871.3194081,3.548350071,100,0,11.86720323,31.10423289,0.688957671,45.38627894,TRUE,FALSE,NORMAL
26,62,3,276.0227652,408.3899323,1.51531587,100,30.11697602,1.225908863,0.999026019,0.99000974,69.25145156,TRUE,FALSE,NORMAL
26,62,4,382.0936924,931.8545496,7.879330684,100,14.20494005,23.34938985,18.63084017,0.813691598,55.17704346,TRUE,FALSE,NORMAL
26,62,5,990.6416944,499.6977503,3.175290135,100,6.758646329,7.228870874,3.204854731,0.967951453,67.48915131,TRUE,FALSE,NORMAL
26,62,6,730.5000005,391.2757278,6.657936044,100,19.77084587,1.45882237,10.40964004,0.8959036,61.736908,TRUE,FALSE,NORMAL
26,62,7,522.5787222,944.6702007,7.474392424,100,1.04794174,6.431407052,26.84054852,0.731594515,48.63314415,TRUE,FALSE,NORMAL
26,62,8,179.6368143,840.6237819,5.667403047,100,20.04156762,24.07721915,29.79194998,0.7020805,46.43356902,TRUE,FALSE,NORMAL
26,62,9,51.89164138,216.5524449,8.303694126,100,8.848894646,13.03294371,0.999026019,0.99000974,69.25145156,TRUE,FALSE,NORMAL
26,62,10,673.5415425,578.6472279,8.370430654,100,22.58484276,8.941161797,17.61442535,0.823855747,55.98466469,TRUE,FALSE,NORMAL
26,63,1,955.4244446,95.55944622,1.90359133,100,0.19988217,5.037577636,0,0,0,TRUE,FALSE,NORMAL
26,63,2,188.2514156,871.9122646,3.548350071,100,0,11.99335961,30.99499151,0.690050085,45.48215971,TRUE,FALSE,NORMAL
26,63,3,274.5610132,408.7892606,1.51531587,100,26.46688627,3.345808769,1.511391524,0.984886085,68.84208906,TRUE,FALSE,NORMAL
26,63,4,389.5127451,929.2009653,7.879330684,100,15.10634089,21.98403975,19.28446417,0.807155358,54.65780823,TRUE,FALSE,NORMAL
26,63,5,989.0394255,502.4391372,3.175290135,100,3.129866744,9.162584504,3.905989685,0.960940103,66.92904102,TRUE,FALSE,NORMAL
26,63,6,736.1744991,387.7931744,6.657936044,100,19.41964239,0.851218935,9.650901015,0.90349099,62.34190079,TRUE,FALSE,NORMAL
26,63,7,515.1064785,944.8494111,7.474392424,100,0,8.793423956,29.29781686,0.707021831,46.67933377,TRUE,FALSE,NORMAL
26,63,8,185.0951143,842.1490422,5.667403047,100,22.21486628,25.07356005,29.91099182,0.700890082,46.34729363,TRUE,FALSE,NORMAL
26,63,9,58.86041192,212.0371849,8.303694126,100,12.84544568,15.24107469,1.511391524,0.984886085,68.84208906,TRUE,FALSE,NORMAL
26,63,10,669.2927127,585.8591316,8.370430654,100,18.40032677,8.935055912,15.39581234,0.846041877,57.75476056,TRUE,FALSE,NORMAL
26,64,1,956.5030248,97.12798846,1.90359133,100,0.294808315,7.640251756,0,0,0,TRUE,FALSE,NORMAL
26,64,2,189.4643814,875.2468563,3.548350071,100,0,14.25718798,29.62995147,0.703700485,46.51881366,TRUE,FALSE,NORMAL
26,64,3,274.689555,410.2991147,1.51531587,100,27.06331262,4.452711426,2.191738553,0.978082614,68.29853239,TRUE,FALSE,NORMAL
26,64,4,397.3093068,928.0618967,7.879330684,100,11.70754605,19.50949842,18.53797783,0.814620222,55.25419101,TRUE,FALSE,NORMAL
26,64,5,989.2172194,499.2688286,3.175290135,100,0,6.58381956,3.007937613,0.969920624,67.6464652,TRUE,FALSE,NORMAL
26,64,6,730.8194915,383.8369127,6.657936044,100,17.62779572,2.575558759,9.540961216,0.904590388,62.43004426,TRUE,FALSE,NORMAL
26,64,7,520.7666833,939.967954,7.474392424,100,0.053951082,9.165420691,29.72821194,0.702717881,46.33740151,TRUE,FALSE,NORMAL
26,64,8,182.9854706,836.8889223,5.667403047,100,23.97756729,25.01275528,28.08246086,0.719175391,47.75405891,TRUE,FALSE,NORMAL
26,64,9,67.07963542,210.8557869,8.303694126,100,8.724535967,15.83072711,2.191738553,0.978082614,68.29853239,TRUE,FALSE,NORMAL
26,64,10,676.4423005,581.5062585,8.370430654,100,15.16293317,10.47382988,16.07398482,0.839260152,57.21362333,TRUE,FALSE,NORMAL
26,65,1,958.2118635,97.96675548,1.90359133,100,3.872812091,5.859781103,0,0,0,TRUE,FALSE,NORMAL
26,65,2,191.3899885,872.2664494,3.548350071,100,0,11.84600955,30.85505355,0.691449465,45.58568375,TRUE,FALSE,NORMAL
26,65,3,274.5436872,411.8073934,1.51531587,100,31.45362244,4.573983343,3.358710142,0.966412899,67.36624,TRUE,FALSE,NORMAL
26,65,4,391.7015409,933.5969498,7.879330684,100,14.21677761,21.47782788,18.6490325,0.813509675,55.16403973,TRUE,FALSE,NORMAL
26,65,5,991.1816737,496.7741569,3.175290135,100,0,8.899815833,2.002323409,0.979976766,68.44986176,TRUE,FALSE,NORMAL
26,65,6,727.7193135,377.9447986,6.657936044,100,16.85043391,4.876277056,8.049604643,0.919503954,63.6206124,TRUE,FALSE,NORMAL
26,65,7,522.6416563,947.2033543,7.474392424,100,0,12.0957742,28.43608558,0.715639144,47.36421519,TRUE,FALSE,NORMAL
26,65,8,182.4822246,842.5339379,5.667403047,100,26.37137278,27.652342,29.28805387,0.707119461,46.83637804,TRUE,FALSE,NORMAL
26,65,9,71.05944101,218.143618,8.303694126,100,13.47593875,16.39516991,3.358710142,0.966412899,67.36624,TRUE,FALSE,NORMAL
26,65,10,679.4801742,589.3059658,8.370430654,100,15.27998723,13.34398106,14.09688588,0.859031141,58.79136305,TRUE,FALSE,NORMAL
26,66,1,957.1872131,99.57104704,1.90359133,100,0,4.735528627,0,0,0,TRUE,FALSE,NORMAL
26,66,2,191.5195519,868.7204655,3.548350071,100,0,13.84248794,31.6973205,0.683026795,44.94196685,TRUE,FALSE,NORMAL
26,66,3,273.9975339,413.2208639,1.51531587,100,27.34024436,6.797989913,4.590714475,0.954092855,66.38206359,TRUE,FALSE,NORMAL
26,66,4,384.2230159,936.0779811,7.879330684,100,18.00067222,19.35892845,18.77113737,0.812288626,55.06572303,TRUE,FALSE,NORMAL
26,66,5,992.7465454,494.0112519,3.175290135,100,2.536943379,8.361979349,2.590593592,0.974094064,67.9798805,TRUE,FALSE,NORMAL
26,66,6,733.4414267,374.5410458,6.657936044,100,17.31388327,5.463865523,7.373602561,0.926263974,64.15999414,TRUE,FALSE,NORMAL
26,66,7,520.0486192,954.2135398,7.474392424,100,4.981061892,11.48204607,27.52373867,0.724762613,48.08968031,TRUE,FALSE,NORMAL
26,66,8,177.4359804,845.1136427,5.667403047,100,24.75099207,25.9004796,29.87114624,0.701288538,46.39939794,TRUE,FALSE,NORMAL
26,66,9,78.44269755,221.9434679,8.303694126,100,17.30435036,18.3676404,4.590714475,0.954092855,66.38206359,TRUE,FALSE,NORMAL
26,66,10,682.4304603,597.1392232,8.370430654,100,19.82781974,10.68119525,12.15661153,0.878433885,60.34010779,TRUE,FALSE,NORMAL
26,67,1,955.9850894,98.09505292,1.90359133,100,4.527686138,5.06740256,0,0,0,TRUE,FALSE,NORMAL
26,67,2,188.2085238,869.9963502,3.548350071,100,0,15.22127083,31.91383698,0.68086163,44.83669601,TRUE,FALSE,NORMAL
26,67,3,273.4192312,411.8202397,1.51531587,100,31.1901769,8.1024532,4.214903622,0.957850964,66.68226895,TRUE,FALSE,NORMAL
26,67,4,389.550691,930.2728342,7.879330684,100,15.17370039,18.80756011,19.02400549,0.809759945,54.86529356,TRUE,FALSE,NORMAL
26,67,5,995.0055395,496.2427118,3.175290135,100,5.457519039,8.152767615,3.025802012,0.96974198,67.63219354,TRUE,FALSE,NORMAL
26,67,6,740.0408339,373.6601729,6.657936044,100,20.43742798,5.818652592,6.901492858,0.930985071,64.53678901,TRUE,FALSE,NORMAL
26,67,7,516.9808802,947.3977112,7.474392424,100,2.086915062,10.76758171,28.95658891,0.710434111,46.95049131,TRUE,FALSE,NORMAL
26,67,8,180.621444,849.8011025,5.667403047,100,28.05939962,27.98848,30.76330519,0.692366948,45.75495474,TRUE,FALSE,NORMAL
26,67,9,70.66777275,224.8592664,8.303694126,100,14.43575651,16.9973858,4.214903622,0.957850964,66.68226895,TRUE,FALSE,NORMAL
26,67,10,675.0952914,601.1715187,8.370430654,100,16.72786597,7.71196487,10.7771837,0.892228163,61.44138447,TRUE,FALSE,NORMAL
26,68,1,954.708664,96.68282136,1.90359133,100,2.223224878,3.806097688,0,0,0,TRUE,FALSE,NORMAL
26,68,2,191.4821583,871.3653299,3.548350071,100,0,12.71861581,31.58863086,0.684113691,45.02394656,TRUE,FALSE,NORMAL
26,68,3,272.3465019,410.7499901,1.51531587,100,30.72710324,9.092659472,5.832955406,0.941670446,65.38978909,TRUE,FALSE,NORMAL
26,68,4,385.3912358,936.9648283,7.879330684,100,16.80903835,20.25621256,18.74813978,0.812518602,55.08446507,TRUE,FALSE,NORMAL
26,68,5,995.8081529,499.31489,3.175290135,100,3.883830631,9.226126293,2.712940493,0.972870595,67.88213698,TRUE,FALSE,NORMAL
26,68,6,737.3518881,379.7509597,6.657936044,100,18.65430951,8.503703956,6.791477381,0.932085226,64.62470228,TRUE,FALSE,NORMAL
26,68,7,518.927679,954.6141173,7.474392424,100,1.960915973,13.16791902,27.91884397,0.72081156,47.77546462,TRUE,FALSE,NORMAL
26,68,8,175.0730819,848.6456223,5.667403047,100,29.88369761,29.45480861,29.6258059,0.703741941,46.59048192,TRUE,FALSE,NORMAL
26,68,9,77.71196109,229.2559409,8.303694126,100,15.91549223,14.67175183,5.832955406,0.941670446,65.38978909,TRUE,FALSE,NORMAL
26,68,10,667.8284634,605.3257117,8.370430654,100,16.98713775,8.054280767,10.87001427,0.891299857,61.36726758,TRUE,FALSE,NORMAL
26,69,1,955.6487076,95.02753349,1.90359133,100,0,5.690518941,0,0,0,TRUE,FALSE,NORMAL
26,69,2,191.1164944,867.8358713,3.548350071,100,0,14.71761616,32.1497111,0.678502889,44.62134976,TRUE,FALSE,NORMAL
26,69,3,273.3779481,411.8600806,1.51531587,100,26.08491277,9.955307571,6.322236319,0.936777637,64.99898567,TRUE,FALSE,NORMAL
26,69,4,385.9330005,929.1041449,7.879330684,100,18.99637827,21.3901958,18.41591899,0.81584081,55.34842698,TRUE,FALSE,NORMAL
26,69,5,994.7398533,502.3050746,3.175290135,100,1.910371782,9.819268748,1.602576578,0.983974234,68.76923649,TRUE,FALSE,NORMAL
26,69,6,730.7484563,378.900783,6.657936044,100,16.4886185,9.275330593,6.42809623,0.935719038,64.91511992,TRUE,FALSE,NORMAL
26,69,7,525.4798382,958.210748,7.474392424,100,0,12.86890756,26.5899704,0.734100296,48.83251686,TRUE,FALSE,NORMAL
26,69,8,172.2801274,853.5770382,5.667403047,100,24.89854054,28.4670203,30.27223173,0.697277683,46.11973891,TRUE,FALSE,NORMAL
26,69,9,76.27186623,237.4338051,8.303694126,100,14.44431922,13.64993599,6.322236319,0.936777637,64.99898567,TRUE,FALSE,NORMAL
26,69,10,676.1539198,606.1922475,8.370430654,100,13.79197445,11.03519682,11.25361588,0.887463841,61.06100336,TRUE,FALSE,NORMAL
26,70,1,953.7463988,94.95766776,1.90359133,100,0,3.108833846,0,0,0,TRUE,FALSE,NORMAL
26,70,2,188.9262318,870.6275622,3.548350071,100,0,15.41901984,31.48868169,0.685113183,45.15948615,TRUE,FALSE,NORMAL
26,70,3,273.9223585,413.2742233,1.51531587,100,28.8492482,9.989881414,4.979503413,0.950204966,66.07149875,TRUE,FALSE,NORMAL
26,70,4,393.5580596,931.0896741,7.879330684,100,18.4443972,20.1554991,17.98892312,0.820110769,55.69083414,TRUE,FALSE,NORMAL
26,70,5,997.7970705,501.4472337,3.175290135,100,0,10.5452277,0.913183417,0.990868166,69.32003793,TRUE,FALSE,NORMAL
26,70,6,731.9511888,372.3523827,6.657936044,100,18.93766481,9.278168025,6.201018737,0.937989813,65.09661756,TRUE,FALSE,NORMAL
26,70,7,521.5845681,964.5898869,7.474392424,100,0,10.50312288,28.31884251,0.716811575,47.457423,TRUE,FALSE,NORMAL
26,70,8,169.6025891,858.5720603,5.667403047,100,20.78021739,31.34836677,29.64228684,0.703577132,46.63334237,TRUE,FALSE,NORMAL
26,70,9,67.9955263,236.7603561,8.303694126,100,11.00251118,14.44925607,4.979503413,0.950204966,66.07149875,TRUE,FALSE,NORMAL
26,70,10,680.2113766,598.8709666,8.370430654,100,17.56581437,8.102636023,11.48885406,0.885111459,60.87319719,TRUE,FALSE,NORMAL
26,71,1,951.9200826,94.42079796,1.90359133,100,3.64038065,5.58287982,0,0,0,TRUE,FALSE,NORMAL
26,71,2,185.3795125,870.5199965,3.548350071,100,0,14.9040025,31.41695239,0.685830476,45.18763138,TRUE,FALSE,NORMAL
26,71,3,274.8100792,412.0461622,1.51531587,100,27.23377619,9.188255128,4.893936846,0.951060632,66.13984869,TRUE,FALSE,NORMAL
26,71,4,386.2059941,933.9235733,7.879330684,100,15.02634648,22.44063082,18.11615218,0.818838478,55.58895294,TRUE,FALSE,NORMAL
26,71,5,996.5794472,504.3797857,3.175290135,100,2.21708234,8.207481423,0.308597164,0.996914028,69.80309763,TRUE,FALSE,NORMAL
26,71,6,726.3801751,375.998191,6.657936044,100,16.4433591,11.6942477,6.307970699,0.936920293,65.01143833,TRUE,FALSE,NORMAL
26,71,7,515.7397761,969.2487438,7.474392424,100,1.125411687,12.00358137,27.99228474,0.720077153,47.71706632,TRUE,FALSE,NORMAL
26,71,8,166.3443457,853.9348944,5.667403047,100,17.00413371,33.28756544,29.45831687,0.705416831,46.75101545,TRUE,FALSE,NORMAL
26,71,9,72.96846484,230.1104525,8.303694126,100,12.72538425,13.9152506,4.893936846,0.951060632,66.13984869,TRUE,FALSE,NORMAL
26,71,10,688.4615948,600.284476,8.370430654,100,16.08958353,6.987357241,12.30734423,0.876926558,60.21977903,TRUE,FALSE,NORMAL
26,72,1,950.9606993,96.06495231,1.90359133,100,0.749960489,4.501662211,0,0,0,TRUE,FALSE,NORMAL
26,72,2,182.0964835,871.8662909,3.548350071,100,0,17.17810197,30.43179432,0.695682057,45.9582399,TRUE,FALSE,NORMAL
26,72,3,274.7628906,410.5315812,1.51531587,100,30.29272601,7.432300547,6.273363856,0.937266361,65.03802096,TRUE,FALSE,NORMAL
26,72,4,391.5427464,939.7203765,7.879330684,100,13.65898269,24.39829327,17.20498756,0.827950124,56.31722189,TRUE,FALSE,NORMAL
26,72,5,996.107589,501.2397511,3.175290135,100,1.036979523,9.887563757,1.550674973,0.98449325,68.81070339,TRUE,FALSE,NORMAL
26,72,6,732.9959828,375.2503941,6.657936044,100,15.07360213,11.81942349,7.282926633,0.927170734,64.23272568,TRUE,FALSE,NORMAL
26,72,7,515.6061535,976.7219418,7.474392424,100,0,12.09141367,28.80596818,0.711940318,47.07019998,TRUE,FALSE,NORMAL
26,72,8,160.8903896,855.4756148,5.667403047,100,12.18410647,34.0309602,28.30411106,0.716958889,47.65689399,TRUE,FALSE,NORMAL
26,72,9,75.63071837,237.9758032,8.303694126,100,10.27941042,11.35012948,6.273363856,0.937266361,65.03802096,TRUE,FALSE,NORMAL
26,72,10,695.1622163,595.2679254,8.370430654,100,16.49966828,6.746040151,13.01517829,0.869848217,59.65474797,TRUE,FALSE,NORMAL
26,73,1,952.5746385,95.05556639,1.90359133,100,0,5.695930856,0,0,0,TRUE,FALSE,NORMAL
26,73,2,181.5149919,875.3666703,3.548350071,100,0,17.85235743,29.55138505,0.70448615,46.6342744,TRUE,FALSE,NORMAL
26,73,3,273.425646,411.2442938,1.51531587,100,33.42335407,4.906059894,5.313649984,0.9468635,65.80458864,TRUE,FALSE,NORMAL
26,73,4,396.8162578,945.5747705,7.879330684,100,10.25034088,23.46888156,17.27994199,0.82720058,56.26042718,TRUE,FALSE,NORMAL
26,73,5,997.0504398,498.2076727,3.175290135,100,5.866478669,8.381407272,1.621606097,0.983783939,68.75403284,TRUE,FALSE,NORMAL
26,73,6,735.8589822,369.2394585,6.657936044,100,20.03815694,11.60344539,6.083408436,0.939165916,65.19031496,TRUE,FALSE,NORMAL
26,73,7,508.4347442,978.8284629,7.474392424,100,0,11.11454323,31.01453416,0.689854658,45.31606843,TRUE,FALSE,NORMAL
26,73,8,164.2468213,850.9090161,5.667403047,100,14.83606356,35.82352983,27.48742729,0.725125727,48.28221801,TRUE,FALSE,NORMAL
26,73,9,74.57986547,229.7388715,8.303694126,100,9.908526069,8.907525911,5.313649984,0.9468635,65.80458864,TRUE,FALSE,NORMAL
26,73,10,692.7784523,603.291751,8.370430654,100,19.48582273,7.12546576,10.54521077,0.894547892,61.62659708,TRUE,FALSE,NORMAL
26,74,1,954.4475959,94.71543281,1.90359133,100,2.559326889,5.089801883,0,0,0,TRUE,FALSE,NORMAL
26,74,2,181.5491871,871.818485,3.548350071,100,0,17.70601214,30.42935617,0.695706438,45.96062899,TRUE,FALSE,NORMAL
26,74,3,272.3523024,410.1746604,1.51531587,100,30.52386594,3.211075252,5.626267943,0.943737321,65.55488065,TRUE,FALSE,NORMAL
26,74,4,390.8458767,940.4329419,7.879330684,100,10.21313731,24.47290689,17.56029032,0.824397097,56.0337295,TRUE,FALSE,NORMAL
26,74,5,1000,498.1763407,3.175290135,100,8.544736156,9.637747085,0,0,0,TRUE,FALSE,NORMAL
26,74,6,730.5574293,365.2118477,6.657936044,100,24.39547435,9.149382872,11.38110356,0.886188964,60.95922096,TRUE,FALSE,NORMAL
26,74,7,510.9840305,985.8546767,7.474392424,100,0,11.65504055,28.9799585,0.710200415,46.93191884,TRUE,FALSE,NORMAL
26,74,8,169.1688821,848.0996078,5.667403047,100,12.71393992,34.91640581,28.76329352,0.712367065,47.2906844,TRUE,FALSE,NORMAL
26,74,9,69.34932461,236.1881179,8.303694126,100,9.437982567,6.722672848,5.626267943,0.943737321,65.55488065,TRUE,FALSE,NORMAL
26,74,10,696.2254108,595.664,8.370430654,100,19.37226359,7.76827458,11.38110356,0.886188964,60.95922096,TRUE,FALSE,NORMAL
26,75,1,954.3349281,92.81517864,1.90359133,100,4.554519055,5.924609016,0,0,0,TRUE,FALSE,NORMAL
26,75,2,181.0674528,875.3339821,3.548350071,100,0,17.92244269,29.54278713,0.704572129,46.62301062,TRUE,FALSE,NORMAL
26,75,3,272.8478017,411.6066739,1.51531587,100,34.1064735,3.368231524,6.654343884,0.933456561,64.7337292,TRUE,FALSE,NORMAL
26,75,4,396.2849437,934.7320295,7.879330684,100,7.280401892,21.59104591,16.96223446,0.830377655,56.51135536,TRUE,FALSE,NORMAL
26,75,5,1000,495.1387396,3.175290135,100,7.130215352,11.41971999,0,0,0,TRUE,FALSE,NORMAL
26,75,6,730.2740464,358.5599453,6.657936044,100,26.82995296,10.46149626,11.50571971,0.884942803,60.8597324,TRUE,FALSE,NORMAL
26,75,7,515.8088218,980.1460927,7.474392424,100,3.709278738,14.20117751,29.07787536,0.709221246,46.85410435,TRUE,FALSE,NORMAL
26,75,8,163.5028609,847.9744642,5.667403047,100,17.23427329,34.53125699,27.43487225,0.725651278,48.30596906,TRUE,FALSE,NORMAL
26,75,9,77.37121589,238.3330179,8.303694126,100,7.900590314,8.873529159,6.654343884,0.933456561,64.7337292,TRUE,FALSE,NORMAL
26,75,10,693.247261,587.8412937,8.370430654,100,21.04212098,8.570276403,11.50571971,0.884942803,60.8597324,TRUE,FALSE,NORMAL
26,76,1,953.0997993,94.26366643,1.90359133,100,1.106119778,4.862118166,0,0,0,TRUE,FALSE,NORMAL
26,76,2,181.5816971,878.844871,3.548350071,100,0,17.23376338,28.67172369,0.713282763,47.28206101,TRUE,FALSE,NORMAL
26,76,3,273.6783681,412.8740892,1.51531587,100,32.4841742,1.324464458,6.678565398,0.933214346,64.71438357,TRUE,FALSE,NORMAL
26,76,4,401.446722,928.7788878,7.879330684,100,9.140756766,21.58609923,16.93237851,0.830676215,56.53759345,TRUE,FALSE,NORMAL
26,76,5,1000,497.4328894,3.175290135,100,11.87919138,8.906340613,0.55926713,0.994407329,69.60281249,TRUE,FALSE,NORMAL
26,76,6,733.8453871,364.1789877,6.657936044,100,26.75563777,10.79553566,7.147609907,0.928523901,64.3411241,TRUE,FALSE,NORMAL
26,76,7,509.541733,976.0729932,7.474392424,100,3.446691939,16.17380071,30.75547479,0.692445252,45.52168287,TRUE,FALSE,NORMAL
26,76,8,157.8492782,847.5789137,5.667403047,100,16.04073424,32.20357335,26.04910915,0.739508908,49.37612999,TRUE,FALSE,NORMAL
26,76,9,73.27085459,245.5537086,8.303694126,100,4.14997307,8.197518862,6.678565398,0.933214346,64.71438357,TRUE,FALSE,NORMAL
26,76,10,694.9016883,579.6359918,8.370430654,100,19.92084693,7.935258539,13.73595268,0.862640473,59.07943572,TRUE,FALSE,NORMAL
26,77,1,954.8248271,95.06861311,1.90359133,100,2.429866307,5.576426731,0,0,0,TRUE,FALSE,NORMAL
26,77,2,185.0691979,879.4991849,3.548350071,100,0,16.48732586,28.86210319,0.711378968,47.11442825,TRUE,FALSE,NORMAL
26,77,3,275.1239741,413.3284078,1.51531587,100,31.9160101,0.695419234,7.729573821,0.922704262,63.87498157,TRUE,FALSE,NORMAL
26,77,4,399.7744746,921.079054,7.879330684,100,8.795102639,20.17821288,16.6918869,0.833081131,56.72709186,TRUE,FALSE,NORMAL
26,77,5,1000,500.3886954,3.175290135,100,13.00498912,6.311312995,0,0,0,TRUE,FALSE,NORMAL
26,77,6,734.1843408,357.5296853,6.657936044,100,25.79490745,8.23931113,14.02864209,0.859713579,58.84582965,TRUE,FALSE,NORMAL
26,77,7,513.3159757,982.5244763,7.474392424,100,4.713261028,18.64296683,28.86738875,0.711326113,47.02138355,TRUE,FALSE,NORMAL
26,77,8,153.0566279,850.6038037,5.667403047,100,12.52306736,29.85504432,25.68771725,0.743122827,49.64891514,TRUE,FALSE,NORMAL
26,77,9,81.18051681,248.0812726,8.303694126,100,0,11.15792114,7.729573821,0.922704262,63.87498157,TRUE,FALSE,NORMAL
26,77,10,695.7967608,571.313555,8.370430654,100,18.53062906,10.6931971,14.02864209,0.859713579,58.84582965,TRUE,FALSE,NORMAL
26,78,1,954.3233166,96.90495382,1.90359133,100,0.669363432,7.173784623,0,0,0,TRUE,FALSE,NORMAL
26,78,2,182.0166908,881.3083252,3.548350071,100,0.910779997,18.19658799,29.54886586,0.704511341,46.58473084,TRUE,FALSE,NORMAL
26,78,3,274.6585239,414.7704683,1.51531587,100,30.37150867,1.203110421,6.250442329,0.937495577,65.05632884,TRUE,FALSE,NORMAL
26,78,4,395.1461779,914.7023211,7.879330684,100,10.58682175,20.00076576,17.52220009,0.824777999,56.06415825,TRUE,FALSE,NORMAL
26,78,5,998.1847035,497.7834764,3.175290135,100,15.2725132,4.760150784,0,0,0,TRUE,FALSE,NORMAL
26,78,6,732.0163987,351.2345968,6.657936044,100,25.95175343,8.571727276,13.26480592,0.867351941,59.45549294,TRUE,FALSE,NORMAL
26,78,7,506.5827496,979.2794479,7.474392424,100,3.794231356,19.10734236,28.91928232,0.710807177,46.98014044,TRUE,FALSE,NORMAL
26,78,8,158.7227461,850.483135,5.667403047,100,10.15918253,30.70737247,27.09678586,0.729032141,48.54227857,TRUE,FALSE,NORMAL
26,78,9,74.31057428,243.4170228,8.303694126,100,0,9.301053567,6.250442329,0.937495577,65.05632884,TRUE,FALSE,NORMAL
26,78,10,704.1668396,571.2368155,8.370430654,100,16.52782261,9.989219655,13.26480592,0.867351941,59.45549294,TRUE,FALSE,NORMAL
26,79,1,954.9468756,95.10638936,1.90359133,100,2.859239061,5.874731514,0,0,0,TRUE,FALSE,NORMAL
26,79,2,181.162527,877.8643169,3.548350071,100,1.417840649,15.39706929,29.65924749,0.703407525,46.4983206,TRUE,FALSE,NORMAL
26,79,3,276.0134686,414.0920089,1.51531587,100,27.42320872,2.548335634,7.374627656,0.926253723,64.15845648,TRUE,FALSE,NORMAL
26,79,4,391.4914715,921.682792,7.879330684,100,11.63648202,22.97686457,16.97642128,0.830235787,56.4985729,TRUE,FALSE,NORMAL
26,79,5,1000,498.9246084,3.175290135,100,16.83279054,4.57032567,0.440596828,0.995594032,69.69762967,TRUE,FALSE,NORMAL
26,79,6,735.2593226,357.0493673,6.657936044,100,30.6113302,9.952808432,15.4127135,0.845872865,57.74127389,TRUE,FALSE,NORMAL
26,79,7,513.8237362,981.1327304,7.474392424,100,7.731683943,19.67316679,27.69613166,0.723038683,47.9525735,TRUE,FALSE,NORMAL
26,79,8,153.1956507,851.7364001,5.667403047,100,5.956909666,33.18349374,26.8516462,0.731483538,48.73973275,TRUE,FALSE,NORMAL
26,79,9,82.42302438,245.1888833,8.303694126,100,2.206048372,8.307733894,7.374627656,0.926253723,64.15845648,TRUE,FALSE,NORMAL
26,79,10,708.8992879,564.3326108,8.370430654,100,14.70139208,11.45109598,7.926655163,0.920733448,63.71945178,TRUE,FALSE,NORMAL
26,80,1,954.7857984,93.20962525,1.90359133,100,0.38827955,6.790830713,0,0,0,TRUE,FALSE,NORMAL
26,80,2,180.9891729,874.320204,3.548350071,100,5.627190574,17.53282903,29.18402514,0.708159749,46.88998426,TRUE,FALSE,NORMAL
26,80,3,275.3897529,412.7110089,1.51531587,100,30.75914981,0.228529292,7.676784239,0.923232158,63.91714104,TRUE,FALSE,NORMAL
26,80,4,399.3702467,921.7763512,7.879330684,100,6.981907831,22.20290847,16.7735796,0.832264204,56.66346888,TRUE,FALSE,NORMAL
26,80,5,1000,502.0543826,3.175290135,100,17.99966614,1.660646439,0.792868567,0.992071314,69.4161736,TRUE,FALSE,NORMAL
26,80,6,740.3178131,352.7204199,6.657936044,100,28.91304058,8.523058833,8.087079167,0.919129208,63.59154926,TRUE,FALSE,NORMAL
26,80,7,506.5185308,979.5514282,7.474392424,100,5.968779899,16.79910475,30.11870098,0.69881299,46.02725659,TRUE,FALSE,NORMAL
26,80,8,149.9893216,856.4096122,5.667403047,100,5.095723249,32.18479088,26.30862448,0.736913755,49.18587323,TRUE,FALSE,NORMAL
26,80,9,88.27868098,239.3013862,8.303694126,100,5.815494219,10.15758022,7.676784239,0.923232158,63.91714104,TRUE,FALSE,NORMAL
26,80,10,712.1837389,556.633488,8.370430654,100,11.20484639,13.33994204,8.640056471,0.913599435,63.14972883,TRUE,FALSE,NORMAL
26,81,1,955.6813282,91.52983769,1.90359133,100,0,7.266403913,0,0,0,TRUE,FALSE,NORMAL
26,81,2,180.7446524,877.860119,3.548350071,100,3.423438524,19.08761739,28.56058184,0.714394182,47.38646687,TRUE,FALSE,NORMAL
26,81,3,276.1939613,413.9953107,1.51531587,100,32.98743777,1.010412819,8.722315197,0.912776848,63.08217984,TRUE,FALSE,NORMAL
26,81,4,407.2406791,921.4019895,7.879330684,100,4.147886126,20.44369067,15.95678435,0.840432156,57.31574405,TRUE,FALSE,NORMAL
26,81,5,996.9328274,502.8759174,3.175290135,100,18.97798496,2.012786617,2.31692053,0.976830795,68.19854085,TRUE,FALSE,NORMAL
26,81,6,746.747551,350.9922468,6.657936044,100,31.12602792,7.475304655,8.802851942,0.911971481,63.01981155,TRUE,FALSE,NORMAL
26,81,7,510.0016591,986.1646241,7.474392424,100,4.975080947,14.40557709,30.16392317,0.698360768,45.99134432,TRUE,FALSE,NORMAL
26,81,8,148.4619345,861.8673174,5.667403047,100,2.171048001,32.5219841,25.63850231,0.743614977,49.71989163,TRUE,FALSE,NORMAL
26,81,9,91.8644866,246.7909345,8.303694126,100,4.525071066,7.430020258,8.722315197,0.912776848,63.08217984,TRUE,FALSE,NORMAL
26,81,10,719.8999181,553.3893104,8.370430654,100,14.37966643,11.11972253,9.729444706,0.902705553,62.27953853,TRUE,FALSE,NORMAL
26,82,1,957.3955731,92.35749964,1.90359133,100,4.0659716,5.071526455,0,0,0,TRUE,FALSE,NORMAL
26,82,2,180.731663,874.3117927,3.548350071,100,0,17.18503795,28.81348968,0.711865103,47.16829894,TRUE,FALSE,NORMAL
26,82,3,274.7134879,414.3183906,1.51531587,100,31.8450017,0.330701414,8.367640437,0.916323596,63.36541507,TRUE,FALSE,NORMAL
26,82,4,399.3627114,921.2554399,7.879330684,100,4.209192204,18.07049375,16.53366635,0.834663337,56.8553217,TRUE,FALSE,NORMAL
26,82,5,994.8057761,505.233484,3.175290135,100,22.93205027,3.85733013,2.257371839,0.977426282,68.24609639,TRUE,FALSE,NORMAL
26,82,6,753.170296,349.2382628,6.657936044,100,26.46606385,8.543450744,8.855953065,0.911440469,62.9770088,TRUE,FALSE,NORMAL
26,82,7,503.3903714,982.6778753,7.474392424,100,4.043795434,11.51965852,30.27588806,0.697241119,45.9024346,TRUE,FALSE,NORMAL
26,82,8,142.9491316,863.1820268,5.667403047,100,0,29.75046873,25.52244867,0.744775513,49.79616017,TRUE,FALSE,NORMAL
26,82,9,95.00876071,239.1055669,8.303694126,100,8.934423152,10.19892515,8.367640437,0.916323596,63.36541507,TRUE,FALSE,NORMAL
26,82,10,711.5328038,553.6249133,8.370430654,100,14.96724352,10.88351353,8.875866488,0.911241335,62.96109952,TRUE,FALSE,NORMAL
26,83,1,958.9272384,93.48783644,1.90359133,100,0,4.663635767,0,0,0,TRUE,FALSE,NORMAL
26,83,2,177.4686233,872.9177483,3.548350071,100,0,17.35124035,28.05982444,0.719401756,47.77028216,TRUE,FALSE,NORMAL
26,83,3,276.1729176,414.7261246,1.51531587,100,31.68492754,2.764765942,6.771672695,0.932283273,64.64001947,TRUE,FALSE,NORMAL
26,83,4,405.9606697,916.9483762,7.879330684,100,5.728551197,16.64711093,15.74123176,0.842587682,57.48913377,TRUE,FALSE,NORMAL
26,83,5,996.3887059,507.9860829,3.175290135,100,21.29736462,5.496388328,1.264857798,0.987351422,69.03906078,TRUE,FALSE,NORMAL
26,83,6,748.3295882,353.8094399,6.657936044,100,29.39395671,8.0678566,9.189869649,0.908101304,62.7109778,TRUE,FALSE,NORMAL
26,83,7,506.8281759,976.0410054,7.474392424,100,8.280477195,13.67686054,30.94033058,0.690596694,45.37495931,TRUE,FALSE,NORMAL
26,83,8,138.6278624,866.8489178,5.667403047,100,4.403834319,28.15543577,24.77017818,0.752298218,50.39738002,TRUE,FALSE,NORMAL
26,83,9,90.03954414,232.4528815,8.303694126,100,11.60904861,12.2760604,6.771672695,0.932283273,64.64001947,TRUE,FALSE,NORMAL
26,83,10,704.4805681,549.1160243,8.370430654,100,15.36139577,11.28585451,8.962131889,0.910378681,62.89293238,TRUE,FALSE,NORMAL
26,84,1,959.5314687,91.68268666,1.90359133,100,0.749512688,1.718930539,0,0,0,TRUE,FALSE,NORMAL
26,84,2,175.232685,870.1625045,3.548350071,100,4.71579702,17.99932234,27.78872077,0.722112792,48.0168834,TRUE,FALSE,NORMAL
26,84,3,277.3046797,415.733744,1.51531587,100,33.26378495,2.810020836,7.13553903,0.92864461,64.34940712,TRUE,FALSE,NORMAL
26,84,4,412.7810569,920.893775,7.879330684,100,9.310100407,19.32618152,15.50820608,0.844917939,57.67809262,TRUE,FALSE,NORMAL
26,84,5,994.4310004,505.4861116,3.175290135,100,20.95015249,4.342262888,1.893797817,0.981062022,68.53656855,TRUE,FALSE,NORMAL
26,84,6,749.731592,347.300792,6.657936044,100,29.89025685,5.78379108,8.334642608,0.916653574,63.39330703,TRUE,FALSE,NORMAL
26,84,7,508.9937187,968.8871976,7.474392424,100,12.64114192,14.96658521,32.54098737,0.674590126,44.10543528,TRUE,FALSE,NORMAL
26,84,8,141.7188218,871.5992259,5.667403047,100,4.466480081,28.08566433,25.05972288,0.749402771,50.19645603,TRUE,FALSE,NORMAL
26,84,9,97.91700111,229.826666,8.303694126,100,8.535725367,11.65956205,7.13553903,0.92864461,64.34940712,TRUE,FALSE,NORMAL
26,84,10,710.7073375,554.7099006,8.370430654,100,18.8870798,11.98836698,8.620215658,0.913797843,63.16515173,TRUE,FALSE,NORMAL
26,85,1,960.8134682,93.08986021,1.90359133,100,2.659012421,3.108798211,0,0,0,TRUE,FALSE,NORMAL
26,85,2,177.7803395,872.6323718,3.548350071,100,2.206227861,15.89426605,27.91032711,0.720896729,47.88771155,TRUE,FALSE,NORMAL
26,85,3,277.9108259,414.3449427,1.51531587,100,31.44466477,1.515415211,8.204262072,0.917957379,63.49588816,TRUE,FALSE,NORMAL
26,85,4,407.9371713,914.6792256,7.879330684,100,7.971379773,19.69717519,15.79719889,0.842028011,57.44558461,TRUE,FALSE,NORMAL
26,85,5,996.123348,502.7993985,3.175290135,100,16.82041121,2.784280946,2.971650338,0.970283497,67.67545617,TRUE,FALSE,NORMAL
26,85,6,755.6385434,350.3726053,6.657936044,100,31.57169995,3.17516467,9.293678089,0.907063219,62.6274948,TRUE,FALSE,NORMAL
26,85,7,510.7221976,961.6154094,7.474392424,100,7.788471626,15.82623653,31.60619347,0.683938065,44.84663047,TRUE,FALSE,NORMAL
26,85,8,138.4353236,866.9799082,5.667403047,100,8.657823706,27.1849113,24.58457101,0.75415429,50.54370038,TRUE,FALSE,NORMAL
26,85,9,97.82123337,238.1298078,8.303694126,100,8.447403365,10.88489161,8.204262072,0.917957379,63.49588816,TRUE,FALSE,NORMAL
26,85,10,718.9643688,553.3367495,8.370430654,100,21.96549183,14.06765026,9.544073627,0.904559264,62.4274563,TRUE,FALSE,NORMAL
26,86,1,959.0187307,92.45537021,1.90359133,100,7.127435175,5.398302368,0,0,0,TRUE,FALSE,NORMAL
26,86,2,180.9006433,870.9428474,3.548350071,100,0.763024315,16.82836454,27.99110063,0.720088994,47.79631914,TRUE,FALSE,NORMAL
26,86,3,278.5786099,415.7051805,1.51531587,100,35.53570875,3.888246848,6.786923564,0.932130764,64.62783876,TRUE,FALSE,NORMAL
26,86,4,402.1850245,909.2943709,7.879330684,100,6.165357432,18.6652825,16.42135706,0.835786429,56.94704584,TRUE,FALSE,NORMAL
26,86,5,994.1514911,500.310574,3.175290135,100,17.82775887,1.83131851,2.328736722,0.976712633,68.18908215,TRUE,FALSE,NORMAL
26,86,6,751.2657323,345.3519843,6.657936044,100,32.86401427,1.577963847,8.965632548,0.910343675,62.88953059,TRUE,FALSE,NORMAL
26,86,7,503.2525374,961.3494806,7.474392424,100,3.580250461,13.39740976,31.4884038,0.685115962,44.94006951,TRUE,FALSE,NORMAL
26,86,8,133.8140142,870.2606028,5.667403047,100,3.794875949,26.2538448,24.08782106,0.759121789,50.91324943,TRUE,FALSE,NORMAL
26,86,9,89.69675854,236.4139277,8.303694126,100,8.854473005,9.494706459,6.786923564,0.932130764,64.62783876,TRUE,FALSE,NORMAL
26,86,10,712.1944384,548.4141331,8.370430654,100,20.5038417,16.29778367,9.139259996,0.9086074,62.75081627,TRUE,FALSE,NORMAL
26,87,1,957.7165013,93.84384367,1.90359133,100,10.33789967,2.710791956,0,0,0,TRUE,FALSE,NORMAL
26,87,2,180.7909884,874.4895027,3.548350071,100,5.586410519,15.91720882,27.02879061,0.729712094,48.54898704,TRUE,FALSE,NORMAL
26,87,3,279.0342028,414.2599756,1.51531587,100,33.66024437,3.462093729,5.865323965,0.94134676,65.36393493,TRUE,FALSE,NORMAL
26,87,4,408.5778626,904.6883452,7.879330684,100,2.140991669,18.27488559,16.08267742,0.839173226,57.22103396,TRUE,FALSE,NORMAL
26,87,5,991.4236068,501.9357246,3.175290135,100,17.69762755,1.053149838,2.089987084,0.979100129,68.37982584,TRUE,FALSE,NORMAL
26,87,6,754.7132537,339.6561341,6.657936044,100,34.83591295,4.144018262,8.686447682,0.913135523,63.11222421,TRUE,FALSE,NORMAL
26,87,7,495.8697052,960.1831483,7.474392424,100,8.24691008,13.39374992,33.23898768,0.667610123,43.55243495,TRUE,FALSE,NORMAL
26,87,8,128.3469228,868.767161,5.667403047,100,8.328605061,24.4309727,22.61331636,0.773866836,52.07532076,TRUE,FALSE,NORMAL
26,87,9,81.39345666,236.3332176,8.303694126,100,9.989005959,9.978298835,5.865323965,0.94134676,65.36393493,TRUE,FALSE,NORMAL
26,87,10,704.6195999,544.8524017,8.370430654,100,22.9921829,16.64206542,8.435415861,0.915645841,63.31278105,TRUE,FALSE,NORMAL
26,88,1,959.6194017,93.89513024,1.90359133,100,9.592555429,3.372455014,0,0,0,TRUE,FALSE,NORMAL
26,88,2,183.3552122,872.036842,3.548350071,100,2.311599321,18.25290522,26.74985054,0.732501495,48.76455309,TRUE,FALSE,NORMAL
26,88,3,279.2119048,415.7648358,1.51531587,100,29.86573237,4.852468014,4.561135299,0.954388647,66.40569178,TRUE,FALSE,NORMAL
26,88,4,409.4910058,912.5145845,7.879330684,100,0,16.05967514,15.78983921,0.842101608,57.4541332,TRUE,FALSE,NORMAL
26,88,5,991.3958576,498.7605558,3.175290135,100,14.3409032,2.097118345,3.159304632,0.968406954,67.52554038,TRUE,FALSE,NORMAL
26,88,6,760.5953336,336.5369598,6.657936044,100,38.792807,2.223426257,9.029995978,0.90970004,62.83770617,TRUE,FALSE,NORMAL
26,88,7,500.6156818,965.957423,7.474392424,100,9.817566643,15.93147416,32.86217306,0.671378269,43.85092151,TRUE,FALSE,NORMAL
26,88,8,128.2255067,863.1010587,5.667403047,100,5.836552149,22.04550858,22.07514239,0.779248576,52.49798541,TRUE,FALSE,NORMAL
26,88,9,79.88022062,228.1685711,8.303694126,100,14.31052369,9.218205982,4.561135299,0.954388647,66.40569178,TRUE,FALSE,NORMAL
26,88,10,712.7998596,543.0782937,8.370430654,100,20.66230517,16.60740653,9.030823967,0.90969176,62.83704471,TRUE,FALSE,NORMAL
26,89,1,958.6845542,92.23690219,1.90359133,100,13.98006258,5.060640511,0,0,0,TRUE,FALSE,NORMAL
26,89,2,186.8975866,871.8309969,3.548350071,100,0,17.06177594,26.55350344,0.734464966,48.92560305,TRUE,FALSE,NORMAL
26,89,3,277.7584635,416.1934273,1.51531587,100,29.68709948,7.497341174,3.858459976,0.9614154,66.96700996,TRUE,FALSE,NORMAL
26,89,4,417.2928303,913.6170304,7.879330684,100,0,15.44136126,16.16353381,0.838364662,57.16130093,TRUE,FALSE,NORMAL
26,89,5,990.7732822,495.6468976,3.175290135,100,11.1154265,0,3.097016978,0.96902983,67.57531059,TRUE,FALSE,NORMAL
26,89,6,754.4185794,334.05184,6.657936044,100,41.38850357,3.630641135,9.284312359,0.907156876,62.63510142,TRUE,FALSE,NORMAL
26,89,7,497.6522465,959.0956016,7.474392424,100,10.17869821,13.57769036,35.14636628,0.648536337,42.04361667,TRUE,FALSE,NORMAL
26,89,8,133.8223338,862.2094403,5.667403047,100,5.268862538,24.80608985,22.03864145,0.779613585,52.53154174,TRUE,FALSE,NORMAL
26,89,9,80.97046893,219.9367611,8.303694126,100,18.79856859,8.658780417,3.858459976,0.9614154,66.96700996,TRUE,FALSE,NORMAL
26,89,10,714.9264218,534.982502,8.370430654,100,23.72732983,19.2675671,9.926537848,0.900734622,62.12203777,TRUE,FALSE,NORMAL
25,0,1,109.7579445,943.1437826,4.596466295,100,1.341507056,0.726669848,11.33610028,0.886638997,60.99515141,TRUE,FALSE,NORMAL
25,0,2,327.9623192,863.7431747,9.106736104,100,3.888675156,0,6.752596927,0.932474031,64.65593771,TRUE,FALSE,NORMAL
25,0,3,406.0543192,444.2314709,1.979052292,100,4.093483157,0.160923165,29.37849355,0.706215065,46.6254032,TRUE,FALSE,NORMAL
25,0,4,578.9209787,0,8.258896091,100,0,0,0,0,0,TRUE,FALSE,NORMAL
25,0,5,430.1903613,366.3410364,2.783384907,100,2.18276361,0,30.68696729,0.693130327,45.60662988,TRUE,FALSE,NORMAL
25,0,6,241.0944444,449.500506,5.266203523,100,2.131301854,2.247118545,18.57530312,0.814246969,55.2189853,TRUE,FALSE,NORMAL
25,0,7,141.3246304,99.60582769,3.316586455,100,0,2.521655458,0,0,0,TRUE,FALSE,NORMAL
25,0,8,82.9212783,710.3592012,6.132628058,100,0,1.829857223,6.574565269,0.934254347,64.79807265,TRUE,FALSE,NORMAL
25,0,9,386.0349993,313.4642643,3.854989156,100,0,1.386977855,28.22695418,0.717730458,47.55251849,TRUE,FALSE,NORMAL
25,0,10,952.0199974,705.1279873,4.32285895,100,2.453008261,0,0,0,0,TRUE,FALSE,NORMAL
25,1,1,105.8293045,940.7577209,4.596466295,100,3.904387377,3.541919189,11.95020017,0.880497998,60.50488775,TRUE,FALSE,NORMAL
25,1,2,324.6446993,872.2240969,9.106736104,100,0.075186786,0,6.550366548,0.934496335,64.81766127,TRUE,FALSE,NORMAL
25,1,3,405.7663602,442.2734802,1.979052292,100,5.408879615,0,29.32562488,0.706743751,46.66786506,TRUE,FALSE,NORMAL
25,1,4,577.4706383,0,8.258896091,100,3.058664631,2.667064382,0,0,0,TRUE,FALSE,NORMAL
25,1,5,427.9087329,364.7468585,2.783384907,100,0,0.506291147,30.63893808,0.693610619,45.64465653,TRUE,FALSE,NORMAL
25,1,6,241.1143575,454.7666719,5.266203523,100,1.236472929,2.639326967,18.23522654,0.817647735,55.4903049,TRUE,FALSE,NORMAL
25,1,7,143.5482695,102.0665542,3.316586455,100,0,4.942462047,0,0,0,TRUE,FALSE,NORMAL
25,1,8,77.22893435,712.6409433,6.132628058,100,0,2.029621278,6.499593353,0.935004066,64.85819438,TRUE,FALSE,NORMAL
25,1,9,384.6897363,309.8516186,3.854989156,100,0,2.015621461,27.77590499,0.72224095,47.91123439,TRUE,FALSE,NORMAL
25,1,10,954.6822053,708.5338291,4.32285895,100,5.558659776,2.469430341,0,0,0,TRUE,FALSE,NORMAL
25,2,1,104.0008066,944.9748405,4.596466295,100,5.177711584,2.97358886,11.52907751,0.884709225,60.84115763,TRUE,FALSE,NORMAL
25,2,2,318.221382,878.6796091,9.106736104,100,1.564427545,0.11641599,6.813482554,0.931865174,64.60773523,TRUE,FALSE,NORMAL
25,2,3,404.3252493,443.6298899,1.979052292,100,8.466147419,0,29.3547552,0.706452448,46.64286556,TRUE,FALSE,NORMAL
25,2,4,577.9520124,0,8.258896091,100,1.351438434,0.440704765,0,0,0,TRUE,FALSE,NORMAL
25,2,5,426.5114562,362.3396092,2.783384907,100,0.224827518,3.14012652,30.7774072,0.692225928,45.53822592,TRUE,FALSE,NORMAL
25,2,6,242.8416305,459.7415515,5.266203523,100,1.713551379,2.60843023,13.79894327,0.862010567,59.03235736,TRUE,FALSE,NORMAL
25,2,7,141.4346712,99.51068882,3.316586455,100,0.560356711,4.048215618,0,0,0,TRUE,FALSE,NORMAL
25,2,8,77.03179174,706.5114848,6.132628058,100,0,4.394632619,3.868864781,0.961311352,66.9592341,TRUE,FALSE,NORMAL
25,2,9,387.9007179,311.9848178,3.854989156,100,1.917271188,0.643883347,28.06446446,0.719355355,47.68744147,TRUE,FALSE,NORMAL
25,2,10,954.4877611,712.8523127,4.32285895,100,9.297657091,1.178668407,0,0,0,TRUE,FALSE,NORMAL
25,3,1,104.4976731,949.5443729,4.596466295,100,5.334973054,2.473412958,10.44441316,0.895555868,61.70709987,TRUE,FALSE,NORMAL
25,3,2,326.0096167,873.9598587,9.106736104,100,5.004381988,0,6.141277883,0.938587221,65.14426243,TRUE,FALSE,NORMAL
25,3,3,402.354024,443.8057266,1.979052292,100,9.137358004,0.233275857,29.0163801,0.709836199,46.91064517,TRUE,FALSE,NORMAL
25,3,4,574.0290128,7.267698299,8.258896091,100,0,1.133703452,0,0,0,TRUE,FALSE,NORMAL
25,3,5,426.28759,359.5652416,2.783384907,100,1.170329353,0.345666104,30.45130653,0.695486935,45.79508623,TRUE,FALSE,NORMAL
25,3,6,240.6192814,454.9672386,5.266203523,100,5.944918981,1.742371284,13.85064002,0.8614936,58.99112795,TRUE,FALSE,NORMAL
25,3,7,143.4669643,102.1316677,3.316586455,100,2.832520271,3.353929472,0,0,0,TRUE,FALSE,NORMAL
25,3,8,83.10435925,707.3676686,6.132628058,100,2.188166174,4.713602642,3.781535302,0.962184647,67.0289209,TRUE,FALSE,NORMAL
25,3,9,384.9611216,309.4908821,3.854989156,100,0,2.824233338,27.93946862,0.720605314,47.78519508,TRUE,FALSE,NORMAL
25,3,10,958.7183611,711.9639811,4.32285895,100,6.737526692,0,0,0,0,TRUE,FALSE,NORMAL
25,4,1,100.1786173,947.971713,4.596466295,100,0.507147067,0.513382828,10.71917781,0.892808222,61.48773924,TRUE,FALSE,NORMAL
25,4,2,317.5858821,870.4996075,9.106736104,100,8.084324159,0,7.440281134,0.925597189,64.10660717,TRUE,FALSE,NORMAL
25,4,3,400.3752476,443.838775,1.979052292,100,13.44538714,2.776882189,28.63329145,0.713667085,47.214184,TRUE,FALSE,NORMAL
25,4,4,565.7916316,6.671950122,8.258896091,100,3.198332066,0.912521969,0,0,0,TRUE,FALSE,NORMAL
25,4,5,427.3328113,356.9855625,2.783384907,100,0,0,30.1095115,0.698904885,46.06570122,TRUE,FALSE,NORMAL
25,4,6,238.1826474,450.2986505,5.266203523,100,1.018948291,0,13.75535019,0.862446498,59.06706167,TRUE,FALSE,NORMAL
25,4,7,141.6810534,104.9263534,3.316586455,100,7.459142785,3.552841452,0,0,0,TRUE,FALSE,NORMAL
25,4,8,88.81902561,705.1424236,6.132628058,100,0,6.105242907,4.585804923,0.954141951,66.38636051,TRUE,FALSE,NORMAL
25,4,9,386.4826333,305.9488568,3.854989156,100,1.147652232,4.610656999,27.62213473,0.723778653,48.03748887,TRUE,FALSE,NORMAL
25,4,10,958.1736822,707.6755741,4.32285895,100,6.166011495,1.607941728,0,0,0,TRUE,FALSE,NORMAL
25,5,1,102.6808631,951.827393,4.596466295,100,2.946081993,0,10.57489595,0.894251041,61.60307875,TRUE,FALSE,NORMAL
25,5,2,310.2080276,865.1610772,9.106736104,100,5.551999058,0,8.184409425,0.918155906,63.51243159,TRUE,FALSE,NORMAL
25,5,3,401.2930238,442.0853969,1.979052292,100,13.9817418,2.002931221,29.21583917,0.707841608,46.75120778,TRUE,FALSE,NORMAL
25,5,4,569.2761702,0,8.258896091,100,2.021099801,0,0,0,0,TRUE,FALSE,NORMAL
25,5,5,424.6723328,356.1675858,2.783384907,100,3.286188354,0,30.77244033,0.692275597,45.54064274,TRUE,FALSE,NORMAL
25,5,6,243.4288938,449.8406133,5.266203523,100,0,0.528272623,14.43176577,0.855682342,58.52772706,TRUE,FALSE,NORMAL
25,5,7,138.5490973,106.0174979,3.316586455,100,5.953454396,6.053621337,0,0,0,TRUE,FALSE,NORMAL
25,5,8,83.66074148,701.8256132,6.132628058,100,1.592901283,5.695610742,4.160292415,0.958397076,66.72616979,TRUE,FALSE,NORMAL
25,5,9,383.8552127,308.769779,3.854989156,100,3.71937476,2.356430819,28.46578376,0.715342162,47.36795786,TRUE,FALSE,NORMAL
25,5,10,960.3561778,703.9441103,4.32285895,100,9.131234843,2.039924661,0,0,0,TRUE,FALSE,NORMAL
25,6,1,103.3094904,956.3806699,4.596466295,100,1.713099962,2.845820415,10.72297274,0.892770273,61.48494312,TRUE,FALSE,NORMAL
25,6,2,308.6349581,874.1309209,9.106736104,100,3.472370232,0,7.956585757,0.920434142,63.69464373,TRUE,FALSE,NORMAL
25,6,3,402.0791004,443.9016379,1.979052292,100,16.25546941,3.275749616,29.40753699,0.70592463,46.59908731,TRUE,FALSE,NORMAL
25,6,4,563.1380592,5.525663629,8.258896091,100,6.447375786,0,0,0,0,TRUE,FALSE,NORMAL
25,6,5,422.9366428,358.3435021,2.783384907,100,2.796362087,0,31.0757229,0.689242771,45.3023913,TRUE,FALSE,NORMAL
25,6,6,244.8585115,454.9090542,5.266203523,100,3.326321859,2.560621375,19.18282894,0.808171711,54.73477383,TRUE,FALSE,NORMAL
25,6,7,140.5694216,108.6477137,3.316586455,100,2.645244105,6.702035857,0,0,0,TRUE,FALSE,NORMAL
25,6,8,78.37959826,704.9430886,6.132628058,100,0.940521502,2.77109508,5.318977323,0.946810227,65.80054101,TRUE,FALSE,NORMAL
25,6,9,384.4895982,312.572212,3.854989156,100,2.169972499,0.746477825,28.72286238,0.712771376,47.16638309,TRUE,FALSE,NORMAL
25,6,10,957.3400003,700.8473728,4.32285895,100,6.453846979,4.117802265,0,0,0,TRUE,FALSE,NORMAL
25,7,1,107.883729,955.9291795,4.596466295,100,2.416912506,3.581432523,11.61478685,0.883852131,60.7732572,TRUE,FALSE,NORMAL
25,7,2,303.5005729,881.6522725,9.106736104,100,0.326653883,0,9.202029739,0.907979703,62.70047466,TRUE,FALSE,NORMAL
25,7,3,403.7412168,444.9758898,1.979052292,100,19.48876747,1.605099585,28.77906937,0.712209306,47.09835779,TRUE,FALSE,NORMAL
25,7,4,570.2298927,9.758306059,8.258896091,100,4.018670688,2.450894255,0,0,0,TRUE,FALSE,NORMAL
25,7,5,425.032158,356.5115503,2.783384907,100,0,0,30.56117968,0.694388203,45.71363827,TRUE,FALSE,NORMAL
25,7,6,240.2476156,457.4531727,5.266203523,100,2.174163939,3.188068371,13.85041813,0.861495819,58.99092691,TRUE,FALSE,NORMAL
25,7,7,142.8849923,106.273292,3.316586455,100,6.826505991,5.392154582,0,0,0,TRUE,FALSE,NORMAL
25,7,8,84.21351617,703.0524462,6.132628058,100,3.34460252,3.532628101,4.193869026,0.95806131,66.6992559,TRUE,FALSE,NORMAL
25,7,9,388.2100565,311.5626915,3.854989156,100,0,0.93998151,28.25106524,0.717489348,47.54464057,TRUE,FALSE,NORMAL
25,7,10,955.1617894,697.1134062,4.32285895,100,10.01031108,6.029216923,0,0,0,TRUE,FALSE,NORMAL
25,8,1,107.1038992,960.4590104,4.596466295,100,1.611441599,4.218339705,10.24158521,0.897584148,61.86942117,TRUE,FALSE,NORMAL
25,8,2,311.3107175,876.9688674,9.106736104,100,0,0,8.324019187,0.916759808,63.40113723,TRUE,FALSE,NORMAL
25,8,3,401.779794,445.2394585,1.979052292,100,18.58835438,0.965165689,29.44334319,0.705566568,46.5703164,TRUE,FALSE,NORMAL
25,8,4,575.7941675,15.86143735,8.258896091,100,0.428453208,2.457634906,0,0,0,TRUE,FALSE,NORMAL
25,8,5,424.5820704,359.2583034,2.783384907,100,3.015109056,2.206222612,30.93053578,0.690694642,45.41968506,TRUE,FALSE,NORMAL
25,8,6,244.9460498,459.8317469,5.266203523,100,3.620448041,4.301037338,14.69001932,0.853099807,58.321197,TRUE,FALSE,NORMAL
25,8,7,139.6926426,107.1725412,3.316586455,100,10.26392075,7.871242009,0,0,0,TRUE,FALSE,NORMAL
25,8,8,90.25759109,702.0140411,6.132628058,100,0.684760374,0.901354047,4.165649811,0.958343502,66.72172374,TRUE,FALSE,NORMAL
25,8,9,386.6024728,315.0664917,3.854989156,100,0,0.608542171,28.71889449,0.712811055,47.1716724,TRUE,FALSE,NORMAL
25,8,10,953.7336241,701.1935353,4.32285895,100,9.923951272,3.848469955,0,0,0,TRUE,FALSE,NORMAL
25,9,1,111.699579,960.373987,4.596466295,100,0,3.195961829,9.595579964,0.9040442,62.38526295,TRUE,FALSE,NORMAL
25,9,2,315.7050384,868.9924906,9.106736104,100,0,1.296898207,8.20042797,0.91799572,63.49970648,TRUE,FALSE,NORMAL
25,9,3,403.3244711,444.002276,1.979052292,100,15.30736491,1.88819965,29.76930713,0.702306929,46.31143004,TRUE,FALSE,NORMAL
25,9,4,582.0300309,10.44633143,8.258896091,100,0,2.19025551,0,0,0,TRUE,FALSE,NORMAL
25,9,5,421.9041669,358.4993145,2.783384907,100,6.770384068,4.916456257,31.4372214,0.685627786,45.01656735,TRUE,FALSE,NORMAL
25,9,6,249.5471144,457.2698911,5.266203523,100,3.400436115,2.75253359,15.5291566,0.844708434,57.65185772,TRUE,FALSE,NORMAL
25,9,7,136.6821759,108.5642438,3.316586455,100,7.097452415,5.569273344,0,0,0,TRUE,FALSE,NORMAL
25,9,8,94.03284238,697.1811739,6.132628058,100,0,0,4.060770067,0.959392299,66.80545904,TRUE,FALSE,NORMAL
25,9,9,382.8024804,315.715336,3.854989156,100,0,2.679999808,29.25710684,0.707428932,46.74289643,TRUE,FALSE,NORMAL
25,9,10,950.5125391,698.3105298,4.32285895,100,8.803862966,4.213908863,0,0,0,TRUE,FALSE,NORMAL
25,10,1,108.2639759,957.3204425,4.596466295,100,0,4.027305869,9.838839291,0.901611607,62.19099909,TRUE,FALSE,NORMAL
25,10,2,316.4975758,878.0646749,9.106736104,100,1.775526037,2.497410244,8.052063314,0.919479367,63.61827209,TRUE,FALSE,NORMAL
25,10,3,403.8501736,442.0943229,1.979052292,100,16.03300692,2.27515105,30.0424883,0.699575117,46.09567952,TRUE,FALSE,NORMAL
25,10,4,590.267231,11.04457769,8.258896091,100,1.450099223,3.540470429,0,0,0,TRUE,FALSE,NORMAL
25,10,5,424.2803896,359.9487271,2.783384907,100,2.378895452,3.319653836,31.35931288,0.686406871,45.08177404,TRUE,FALSE,NORMAL
25,10,6,247.4394778,462.0959421,5.266203523,100,7.881208986,4.986382729,15.37580919,0.846241908,57.77356007,TRUE,FALSE,NORMAL
25,10,7,139.3957834,106.657393,3.316586455,100,8.756220699,6.676041,0,0,0,TRUE,FALSE,NORMAL
25,10,8,100.0170534,695.84015,6.132628058,100,0,0,4.57520846,0.954247915,66.39450832,TRUE,FALSE,NORMAL
25,10,9,385.0683946,318.8340816,3.854989156,100,1.249800347,0.675626466,29.38446231,0.706155377,46.64373748,TRUE,FALSE,NORMAL
25,10,10,954.6474898,697.0498583,4.32285895,100,10.90377977,4.641910529,0,0,0,TRUE,FALSE,NORMAL
25,11,1,112.6730833,956.0214911,4.596466295,100,0,1.851494844,10.73707638,0.892629236,61.47380528,TRUE,FALSE,NORMAL
25,11,2,319.3138225,886.7250095,9.106736104,100,2.720985795,5.048761873,7.848130185,0.921518698,63.78149929,TRUE,FALSE,NORMAL
25,11,3,403.8213632,440.1154803,1.979052292,100,20.25295184,0.126780594,30.12610682,0.698738932,46.02982286,TRUE,FALSE,NORMAL
25,11,4,597.5164524,15.00161629,8.258896091,100,2.238616277,5.32851651,0,0,0,TRUE,FALSE,NORMAL
25,11,5,421.6686826,358.9863251,2.783384907,100,0.207390691,3.963216525,31.38960728,0.686103927,45.0570186,TRUE,FALSE,NORMAL
25,11,6,248.618197,467.228536,5.266203523,100,4.733779797,3.406567883,15.20619903,0.84793801,57.90898698,TRUE,FALSE,NORMAL
25,11,7,141.6691636,104.2425455,3.316586455,100,4.956949612,3.883582304,0,0,0,TRUE,FALSE,NORMAL
25,11,8,96.40495227,700.7961416,6.132628058,100,0,0,4.359297724,0.956407023,66.56707328,TRUE,FALSE,NORMAL
25,11,9,381.5968621,317.1579539,3.854989156,100,1.160007927,0.596197452,29.1986557,0.708013443,46.79043926,TRUE,FALSE,NORMAL
25,11,10,953.2026303,701.1241056,4.32285895,100,8.596003759,3.250933719,0,0,0,TRUE,FALSE,NORMAL
25,12,1,115.3599979,959.7508331,4.596466295,100,0.445988126,3.423556193,10.72800899,0.89271991,61.48158271,TRUE,FALSE,NORMAL
25,12,2,310.2073884,886.7991709,9.106736104,100,0,2.534862946,8.864450058,0.911355499,62.97026313,TRUE,FALSE,NORMAL
25,12,3,405.80032,440.0960375,1.979052292,100,16.63093419,0,29.93780413,0.700621959,46.17980077,TRUE,FALSE,NORMAL
25,12,4,603.9201866,9.786105495,8.258896091,100,0,5.916917276,0,0,0,TRUE,FALSE,NORMAL
25,12,5,424.4023534,358.4626124,2.783384907,100,0,2.188590603,31.09072818,0.689092718,45.29822333,TRUE,FALSE,NORMAL
25,12,6,246.2484527,471.9314299,5.266203523,100,0.842441058,1.707487853,14.87220083,0.851277992,58.17482533,TRUE,FALSE,NORMAL
25,12,7,138.3831365,103.7933558,3.316586455,100,2.169204316,4.146656975,0,0,0,TRUE,FALSE,NORMAL
25,12,8,95.5554146,694.7226407,6.132628058,100,3.547159788,0,4.471913895,0.955280861,66.47703092,TRUE,FALSE,NORMAL
25,12,9,384.7146208,319.425226,3.854989156,100,3.929381301,0,29.1675754,0.708324246,46.81881349,TRUE,FALSE,NORMAL
25,12,10,949.0015168,702.1428081,4.32285895,100,5.432029033,1.233994986,0,0,0,TRUE,FALSE,NORMAL
25,13,1,112.6499261,963.4633812,4.596466295,100,2.579210275,2.565462372,10.36580276,0.896341972,61.77083402,TRUE,FALSE,NORMAL
25,13,2,310.4364878,895.9030248,9.106736104,100,0,1.149092578,7.915261957,0.92084738,63.72855026,TRUE,FALSE,NORMAL
25,13,3,407.6454727,440.8116208,1.979052292,100,11.82180347,0.599416251,30.18468864,0.698153114,45.98369154,TRUE,FALSE,NORMAL
25,13,4,597.4685947,14.94229853,8.258896091,100,0,2.961491626,0,0,0,TRUE,FALSE,NORMAL
25,13,5,426.9081798,359.67425,2.783384907,100,1.836280197,0.756232507,31.14084474,0.688591553,45.25956211,TRUE,FALSE,NORMAL
25,13,6,250.0030839,475.6240773,5.266203523,100,0,1.162731001,14.84777787,0.851522221,58.19449624,TRUE,FALSE,NORMAL
25,13,7,139.8742539,106.7558403,3.316586455,100,2.197799036,2.426732916,0,0,0,TRUE,FALSE,NORMAL
25,13,8,89.45219929,695.3225489,6.132628058,100,7.306336907,2.62630064,3.528772442,0.964712276,67.23049625,TRUE,FALSE,NORMAL
25,13,9,386.0241561,323.0509754,3.854989156,100,7.268781092,2.932601249,29.46073601,0.70539264,46.58663227,TRUE,FALSE,NORMAL
25,13,10,948.7663541,706.4592659,4.32285895,100,8.354031937,0.191787376,0,0,0,TRUE,FALSE,NORMAL
25,14,1,110.2040469,959.5717008,4.596466295,100,7.299465395,2.648742283,10.61946952,0.893805305,61.56806107,TRUE,FALSE,NORMAL
25,14,2,308.8547157,886.9347117,9.106736104,100,0,2.323424761,8.042675504,0.919573245,63.62654059,TRUE,FALSE,NORMAL
25,14,3,409.6132875,441.0222225,1.979052292,100,9.740806527,0,30.4502882,0.695497118,45.77337073,TRUE,FALSE,NORMAL
25,14,4,598.69085,23.11025155,8.258896091,100,3.281676778,4.549886558,0,0,0,TRUE,FALSE,NORMAL
25,14,5,425.110523,361.7992586,2.783384907,100,2.319433495,0,31.50076812,0.684992319,44.9701518,TRUE,FALSE,NORMAL
25,14,6,255.2212768,476.3335577,5.266203523,100,4.029756755,0,15.17022531,0.848297747,57.93768829,TRUE,FALSE,NORMAL
25,14,7,136.6106732,107.3464223,3.316586455,100,4.808703081,3.612907522,0,0,0,TRUE,FALSE,NORMAL
25,14,8,83.65214662,697.3146623,6.132628058,100,10.92397427,0,3.636324947,0.963636751,67.14457127,TRUE,FALSE,NORMAL
25,14,9,382.1823818,323.3698978,3.854989156,100,11.51390374,0.56375294,29.548308,0.70451692,46.51272877,TRUE,FALSE,NORMAL
25,14,10,952.8061664,704.9207516,4.32285895,100,5.392457932,2.359009173,0,0,0,TRUE,FALSE,NORMAL
25,15,1,111.6432262,955.2063525,4.596466295,100,6.052340896,3.215540465,11.32952982,0.886704702,61.00118557,TRUE,FALSE,NORMAL
25,15,2,304.491769,878.9411306,9.106736104,100,0.469570226,4.110610776,9.466571774,0.905334282,62.48928097,TRUE,FALSE,NORMAL
25,15,3,410.5615487,442.759303,1.979052292,100,5.033673539,0.11039918,29.94750586,0.700524941,46.17189175,TRUE,FALSE,NORMAL
25,15,4,601.468532,15.33247248,8.258896091,100,0,2.019358337,0,0,0,TRUE,FALSE,NORMAL
25,15,5,427.8761301,361.4851742,2.783384907,100,5.864836517,1.081064005,30.8404006,0.691595994,45.49020984,TRUE,FALSE,NORMAL
25,15,6,256.1770645,481.5122998,5.266203523,100,8.183108728,2.182570978,14.99090098,0.85009099,58.08041736,TRUE,FALSE,NORMAL
25,15,7,138.647524,109.9638609,3.316586455,100,8.672974293,3.593890996,0,0,0,TRUE,FALSE,NORMAL
25,15,8,89.76891796,696.873941,6.132628058,100,9.342185317,0,5.020675645,0.949793244,66.03867318,TRUE,FALSE,NORMAL
25,15,9,382.1953183,319.5149304,3.854989156,100,14.6210939,0.570488722,28.6014415,0.713985585,47.26163832,TRUE,FALSE,NORMAL
25,15,10,948.5015904,705.3179104,4.32285895,100,3.497007195,4.760804361,0,0,0,TRUE,FALSE,NORMAL
25,16,1,113.6745621,951.0831042,4.596466295,100,7.463583269,4.309298356,11.66749088,0.883325091,60.73166509,TRUE,FALSE,NORMAL
25,16,2,298.8183771,871.8175595,9.106736104,100,0,5.449764147,10.46368384,0.895363162,61.69322313,TRUE,FALSE,NORMAL
25,16,3,411.7309168,441.1626734,1.979052292,100,3.035653282,0,30.21496414,0.697850359,45.96140205,TRUE,FALSE,NORMAL
25,16,4,605.8400476,22.33955575,8.258896091,100,2.577998945,2.245950991,0,0,0,TRUE,FALSE,NORMAL
25,16,5,427.830332,364.2681823,2.783384907,100,10.62448451,3.904684753,31.07889103,0.68921109,45.29806109,TRUE,FALSE,NORMAL
25,16,6,255.888373,476.2540152,5.266203523,100,7.448570812,3.018866857,15.48638136,0.845136186,57.68499711,TRUE,FALSE,NORMAL
25,16,7,141.4886136,108.252734,3.316586455,100,13.38622124,0.726113003,0,0,0,TRUE,FALSE,NORMAL
25,16,8,90.947023,690.8555363,6.132628058,100,11.14721369,1.409741209,5.324756278,0.946752437,65.79574446,TRUE,FALSE,NORMAL
25,16,9,378.3543428,319.8433338,3.854989156,100,13.51400201,0,28.74117882,0.712588212,47.14560525,TRUE,FALSE,NORMAL
25,16,10,944.3824687,706.6293774,4.32285895,100,8.063910679,2.362034398,0,0,0,TRUE,FALSE,NORMAL
25,17,1,111.2637777,954.9966219,4.596466295,100,6.506917309,2.415758126,11.62840815,0.883715918,60.76279042,TRUE,FALSE,NORMAL
25,17,2,292.8103873,864.973825,9.106736104,100,0,5.188309194,11.13161589,0.888683841,61.15958734,TRUE,FALSE,NORMAL
25,17,3,409.8608561,440.514969,1.979052292,100,0,1.55786892,30.28137112,0.697186289,45.90733947,TRUE,FALSE,NORMAL
25,17,4,606.2080157,30.59025052,8.258896091,100,0,4.094136266,0,0,0,TRUE,FALSE,NORMAL
25,17,5,426.6051528,361.7689489,2.783384907,100,10.53806926,4.575712366,31.33395109,0.686660489,45.09637101,TRUE,FALSE,NORMAL
25,17,6,256.9833408,471.1029041,5.266203523,100,11.23547581,4.182979476,15.37356528,0.846264347,57.7756796,TRUE,FALSE,NORMAL
25,17,7,144.0686124,106.168663,3.316586455,100,11.00133319,0,0,0,0,TRUE,FALSE,NORMAL
25,17,8,87.15569844,695.6758044,6.132628058,100,12.48278265,0,5.275557667,0.947244423,65.83507464,TRUE,FALSE,NORMAL
25,17,9,381.2702152,317.3217015,3.854989156,100,18.05604468,0,28.93512393,0.710648761,46.9938197,TRUE,FALSE,NORMAL
25,17,10,946.7193566,702.9926117,4.32285895,100,5.303991046,0.256902887,0,0,0,TRUE,FALSE,NORMAL
25,18,1,107.8228001,951.9491351,4.596466295,100,7.280381981,5.047254422,11.90388622,0.880961138,60.54316569,TRUE,FALSE,NORMAL
25,18,2,288.8348152,873.1669605,9.106736104,100,2.749077244,7.622354268,11.23985318,0.887601468,61.07355936,TRUE,FALSE,NORMAL
25,18,3,408.0802818,439.6511386,1.979052292,100,0,3.736121438,29.93110604,0.70068894,46.18504587,TRUE,FALSE,NORMAL
25,18,4,598.8672372,34.37473678,8.258896091,100,0,1.946871653,0,0,0,TRUE,FALSE,NORMAL
25,18,5,428.6247047,359.853579,2.783384907,100,8.951348776,3.410137154,30.764552,0.69235448,45.54579266,TRUE,FALSE,NORMAL
25,18,6,252.975108,467.6872096,5.266203523,100,11.42696799,3.06662199,15.28910818,0.847108918,57.84271988,TRUE,FALSE,NORMAL
25,18,7,147.187629,105.0410632,3.316586455,100,7.452218986,0,0,0,0,TRUE,FALSE,NORMAL
25,18,8,89.86346724,690.17334,6.132628058,100,17.10764287,0.39042565,5.263257347,0.947367427,65.84486417,TRUE,FALSE,NORMAL
25,18,9,379.7336302,313.7861891,3.854989156,100,13.80308122,2.468175197,28.47943352,0.715205665,47.35320205,TRUE,FALSE,NORMAL
25,18,10,944.9357967,706.9303806,4.32285895,100,4.906122951,2.827740893,0,0,0,TRUE,FALSE,NORMAL
25,19,1,106.6446529,947.5062226,4.596466295,100,9.847660112,7.875755546,12.68228701,0.87317713,59.92228498,TRUE,FALSE,NORMAL
25,19,2,282.1331386,879.3330106,9.106736104,100,4.721179917,10.29063188,11.54656661,0.884534334,60.82946464,TRUE,FALSE,NORMAL
25,19,3,408.2809107,437.6822821,1.979052292,100,3.630636051,2.604355557,29.8437359,0.701562641,46.2562698,TRUE,FALSE,NORMAL
25,19,4,607.0744312,35.29741349,8.258896091,100,0,4.738415153,0,0,0,TRUE,FALSE,NORMAL
25,19,5,430.8779892,361.4875743,2.783384907,100,9.688581563,5.855740711,30.3485249,0.696514751,45.87435757,TRUE,FALSE,NORMAL
25,19,6,248.182402,465.5048097,5.266203523,100,8.694084373,5.655697699,15.00035833,0.849996417,58.07278904,TRUE,FALSE,NORMAL
25,19,7,148.645267,102.0619632,3.316586455,100,11.50856252,2.980360358,0,0,0,TRUE,FALSE,NORMAL
25,19,8,85.27327652,686.1064891,6.132628058,100,14.99456006,0.248364055,5.053453448,0.949465466,66.01245602,TRUE,FALSE,NORMAL
25,19,9,375.940934,313.095974,3.854989156,100,12.70494137,2.012170442,28.1698089,0.718301911,47.59509026,TRUE,FALSE,NORMAL
25,19,10,947.120524,710.6605383,4.32285895,100,7.551844139,4.517033015,0,0,0,TRUE,FALSE,NORMAL
25,20,1,108.965398,951.4737967,4.596466295,100,11.92955097,7.870349065,12.5545229,0.874454771,60.02410814,TRUE,FALSE,NORMAL
25,20,2,281.3277769,870.2619558,9.106736104,100,7.807622691,11.75171827,12.44107394,0.875589261,60.11472055,TRUE,FALSE,NORMAL
25,20,3,406.355454,437.2248276,1.979052292,100,6.612128592,0.996218944,30.50271346,0.694972865,45.73210407,TRUE,FALSE,NORMAL
25,20,4,609.1809646,43.28314336,8.258896091,100,3.486899874,5.623600615,0,0,0,TRUE,FALSE,NORMAL
25,20,5,428.103392,361.2665715,2.783384907,100,11.11088104,6.523845568,31.14483504,0.68855165,45.24452045,TRUE,FALSE,NORMAL
25,20,6,253.2715452,464.1507342,5.266203523,100,13.31704352,7.055824766,15.57343872,0.844265613,57.61617903,TRUE,FALSE,NORMAL
25,20,7,150.8211858,104.564986,3.316586455,100,10.54863832,2.438984431,0,0,0,TRUE,FALSE,NORMAL
25,20,8,89.34476649,690.6925655,6.132628058,100,15.72693237,1.720560679,5.518118997,0.94481881,65.64131657,TRUE,FALSE,NORMAL
25,20,9,378.7224661,315.7650601,3.854989156,100,16.13592463,4.122499605,29.01701332,0.709829867,46.92517986,TRUE,FALSE,NORMAL
25,20,10,943.2477041,712.5810527,4.32285895,100,3.791515441,6.343517366,0,0,0,TRUE,FALSE,NORMAL
25,21,1,108.7575519,946.8820321,4.596466295,100,16.56917691,7.060331837,13.41937334,0.865806267,59.33338183,TRUE,FALSE,NORMAL
25,21,2,279.2532658,861.3946537,9.106736104,100,9.588621584,13.02779598,13.50197486,0.864980251,59.2674176,TRUE,FALSE,NORMAL
25,21,3,404.7932939,438.43986,1.979052292,100,8.308825108,1.300032529,30.44975643,0.695502436,45.77334091,TRUE,FALSE,NORMAL
25,21,4,605.0643719,36.12332285,8.258896091,100,8.345669694,3.275125655,0,0,0,TRUE,FALSE,NORMAL
25,21,5,430.8846918,361.3742886,2.783384907,100,13.97219178,6.241777498,30.65179309,0.693482069,45.63681498,TRUE,FALSE,NORMAL
25,21,6,250.8623586,468.8335453,5.266203523,100,12.37661939,8.410015932,15.20049927,0.847995007,57.91357385,TRUE,FALSE,NORMAL
25,21,7,152.3382407,107.5142724,3.316586455,100,7.531529996,0.573206717,0,0,0,TRUE,FALSE,NORMAL
25,21,8,91.33981045,696.4916108,6.132628058,100,12.91168935,0.986669444,6.915087802,0.930849122,64.5256131,TRUE,FALSE,NORMAL
25,21,9,378.81448,319.6189509,3.854989156,100,21.10564486,1.151621777,29.08104988,0.709189501,46.87504921,TRUE,FALSE,NORMAL
25,21,10,939.2206856,714.1527498,4.32285895,100,1.663099484,4.488935433,0,0,0,TRUE,FALSE,NORMAL
25,22,1,108.4688172,942.2946434,4.596466295,100,16.30521992,9.263265627,13.61831185,0.863816882,59.17420386,TRUE,FALSE,NORMAL
25,22,2,287.4144723,865.4353655,9.106736104,100,11.91263065,10.24825985,12.1857718,0.878142282,60.31824662,TRUE,FALSE,NORMAL
25,22,3,406.1456974,436.9949888,1.979052292,100,8.505712945,2.915076842,30.01501789,0.699849821,46.11973066,TRUE,FALSE,NORMAL
25,22,4,600.8011182,43.19679669,8.258896091,100,5.971124692,0.742238177,0,0,0,TRUE,FALSE,NORMAL
25,22,5,428.6784442,359.6773199,2.783384907,100,13.86169769,3.437446109,30.58627809,0.694137219,45.68948871,TRUE,FALSE,NORMAL
25,22,6,246.1150375,466.5541064,5.266203523,100,8.148756517,10.42284441,14.53397491,0.854660251,58.44522172,TRUE,FALSE,NORMAL
25,22,7,151.606639,104.2793837,3.316586455,100,11.15415589,0,0,0,0,TRUE,FALSE,NORMAL
25,22,8,85.65031391,698.7804437,6.132628058,100,15.95560524,0,6.382050228,0.936179498,64.95140423,TRUE,FALSE,NORMAL
25,22,9,378.1957517,315.8139389,3.854989156,100,17.29511307,3.232206024,28.7024234,0.712975766,47.17643236,TRUE,FALSE,NORMAL
25,22,10,935.5960885,716.5084673,4.32285895,100,4.283805834,4.124229081,0,0,0,TRUE,FALSE,NORMAL
25,23,1,110.943123,938.4209742,4.596466295,100,11.93295559,11.3257952,13.63801217,0.863619878,59.15832567,TRUE,FALSE,NORMAL
25,23,2,295.482492,869.6590724,9.106736104,100,16.36860601,7.71048749,11.5421044,0.884578956,60.83217263,TRUE,FALSE,NORMAL
25,23,3,407.273367,438.6213372,1.979052292,100,8.275273703,4.824352735,30.05475056,0.699452494,46.08608937,TRUE,FALSE,NORMAL
25,23,4,594.5292745,37.82340476,8.258896091,100,6.306004739,1.767524515,0,0,0,TRUE,FALSE,NORMAL
25,23,5,428.4846096,356.9006925,2.783384907,100,12.75835492,2.434480316,30.89808216,0.691019178,45.44426326,TRUE,FALSE,NORMAL
25,23,6,251.2937176,465.597983,5.266203523,100,6.921871345,13.38554213,15.03575364,0.849642464,58.04505749,TRUE,FALSE,NORMAL
25,23,7,149.7231819,101.5494872,3.316586455,100,10.35484243,0.494120253,0,0,0,TRUE,FALSE,NORMAL
25,23,8,91.53107218,697.0409584,6.132628058,100,19.90915277,0,6.268420782,0.937315792,65.04218526,TRUE,FALSE,NORMAL
25,23,9,381.8005732,317.1800296,3.854989156,100,18.74123251,4.632406075,29.20606147,0.707939385,46.78055834,TRUE,FALSE,NORMAL
25,23,10,932.126571,713.9297936,4.32285895,100,0,5.070192065,0,0,0,TRUE,FALSE,NORMAL
25,24,1,112.5005921,934.0964173,4.596466295,100,8.675588169,14.06119366,14.11504256,0.858849574,58.77720583,TRUE,FALSE,NORMAL
25,24,2,300.7927343,862.2608314,9.106736104,100,15.43210703,10.03060155,11.53045738,0.884695426,60.84110455,TRUE,FALSE,NORMAL
25,24,3,408.3834027,440.2597721,1.979052292,100,4.931627475,6.36884367,29.42236884,0.705776312,46.58762394,TRUE,FALSE,NORMAL
25,24,4,602.6488008,39.33425127,8.258896091,100,8.945998145,1.380806211,0,0,0,TRUE,FALSE,NORMAL
25,24,5,427.5742756,354.2703839,2.783384907,100,10.78238097,3.306118175,30.76701298,0.69232987,45.54927066,TRUE,FALSE,NORMAL
25,24,6,248.4856262,461.1429271,5.266203523,100,7.321093414,11.42307355,14.48353862,0.855164614,58.48578931,TRUE,FALSE,NORMAL
25,24,7,152.4328053,99.63697917,3.316586455,100,14.13627675,1.032969827,0,0,0,TRUE,FALSE,NORMAL
25,24,8,91.71378576,703.170864,6.132628058,100,16.73003302,2.626571965,6.695220119,0.933047799,64.70153451,TRUE,FALSE,NORMAL
25,24,9,384.0125351,314.0227894,3.854989156,100,18.61843086,3.059015068,28.93755739,0.710624426,46.99632293,TRUE,FALSE,NORMAL
25,24,10,929.344038,717.2380589,4.32285895,100,0,3.835275876,0,0,0,TRUE,FALSE,NORMAL
25,25,1,114.8824771,938.027591,4.596466295,100,13.59089357,13.06900502,13.25173968,0.867482603,59.46645021,TRUE,FALSE,NORMAL
25,25,2,298.4700258,853.4552839,9.106736104,100,15.96805891,11.22153967,11.60316118,0.883968388,60.78299152,TRUE,FALSE,NORMAL
25,25,3,406.7679344,439.1165703,1.979052292,100,8.486145641,5.495258055,29.56702285,0.704329771,46.47316619,TRUE,FALSE,NORMAL
25,25,4,608.8728915,33.90561794,8.258896091,100,11.66083236,0,0,0,0,TRUE,FALSE,NORMAL
25,25,5,424.8339509,354.7580848,2.783384907,100,7.672442491,5.746046869,31.01007349,0.689899265,45.35408966,TRUE,FALSE,NORMAL
25,25,6,247.5334957,455.9635114,5.266203523,100,6.629522863,8.594814059,14.86998154,0.851300185,58.17758619,TRUE,FALSE,NORMAL
25,25,7,149.1553919,100.1452188,3.316586455,100,17.189034,0,0,0,0,TRUE,FALSE,NORMAL
25,25,8,88.57494294,697.9023924,6.132628058,100,16.32004511,0.959769755,6.17295791,0.938270421,65.11852511,TRUE,FALSE,NORMAL
25,25,9,380.3415423,312.846034,3.854989156,100,17.70147038,3.787960642,29.07165147,0.709283485,46.88710054,TRUE,FALSE,NORMAL
25,25,10,931.3586106,721.0627951,4.32285895,100,0.156935542,2.97992703,0,0,0,TRUE,FALSE,NORMAL
25,26,1,110.9037404,940.3291463,4.596466295,100,14.36294456,10.92629194,13.18323933,0.868167607,59.52138479,TRUE,FALSE,NORMAL
25,26,2,292.0459974,859.9100885,9.106736104,100,17.65343543,11.34672351,12.19175615,0.878082438,60.31318573,TRUE,FALSE,NORMAL
25,26,3,406.9702305,437.1478844,1.979052292,100,9.095432671,8.426415597,29.39086431,0.706091357,46.61425412,TRUE,FALSE,NORMAL
25,26,4,615.5233392,29.00858728,8.258896091,100,13.86569643,0.777128826,0,0,0,TRUE,FALSE,NORMAL
25,26,5,427.5374694,355.420066,2.783384907,100,2.908457708,3.902121919,30.44375472,0.695562453,45.80117083,TRUE,FALSE,NORMAL
25,26,6,245.3563998,460.758629,5.266203523,100,6.60591824,6.412528495,14.61386642,0.853861336,58.38128875,TRUE,FALSE,NORMAL
25,26,7,147.8769369,103.2054963,3.316586455,100,20.06500442,0,0,0,0,TRUE,FALSE,NORMAL
25,26,8,93.74165419,694.5987245,6.132628058,100,17.10649932,1.399522174,6.68069679,0.933193032,64.71282773,TRUE,FALSE,NORMAL
25,26,9,379.6367493,309.0560198,3.854989156,100,15.80105482,3.92292864,28.2191707,0.717808293,47.56100212,TRUE,FALSE,NORMAL
25,26,10,932.6456394,716.9359723,4.32285895,100,0,3.559994307,0,0,0,TRUE,FALSE,NORMAL
25,27,1,108.6684402,944.3454799,4.596466295,100,10.33822633,8.784368285,12.58000851,0.874199915,60.00256206,TRUE,FALSE,NORMAL
25,27,2,293.7162679,850.9578352,9.106736104,100,16.80456411,13.79257511,12.23908646,0.877609135,60.27480105,TRUE,FALSE,NORMAL
25,27,3,405.0983638,436.5054181,1.979052292,100,9.266563403,10.80835978,29.36675447,0.706332455,46.6340739,TRUE,FALSE,NORMAL
25,27,4,622.5463467,33.35447397,8.258896091,100,18.59441107,1.785242654,0,0,0,TRUE,FALSE,NORMAL
25,27,5,424.8836663,356.259447,2.783384907,100,2.800869458,5.221860247,30.47801918,0.695219808,45.774322,TRUE,FALSE,NORMAL
25,27,6,244.6373778,465.9755157,5.266203523,100,10.97358341,8.230397866,14.31629799,0.85683702,58.61868649,TRUE,FALSE,NORMAL
25,27,7,147.5768795,99.90251106,3.316586455,100,18.74043255,0,0,0,0,TRUE,FALSE,NORMAL
25,27,8,96.14357235,700.2414114,6.132628058,100,17.83543392,3.734236077,7.400933334,0.925990667,64.1376286,TRUE,FALSE,NORMAL
25,27,9,380.9986827,305.4496256,3.854989156,100,19.80620074,1.4944613,27.61324913,0.723867509,48.04365077,TRUE,FALSE,NORMAL
25,27,10,936.5877222,718.7099772,4.32285895,100,0,1.538890386,0,0,0,TRUE,FALSE,NORMAL
25,28,1,113.137139,943.2692675,4.596466295,100,10.82225054,6.127004063,13.22501708,0.867749829,59.48758392,TRUE,FALSE,NORMAL
25,28,2,292.8522485,841.8921795,9.106736104,100,20.11872539,14.11957361,13.04882128,0.869511787,59.62826603,TRUE,FALSE,NORMAL
25,28,3,406.8722692,435.6279744,1.979052292,100,10.11821501,10.85843348,29.21836165,0.707816383,46.75413932,TRUE,FALSE,NORMAL
25,28,4,614.4376405,31.78659371,8.258896091,100,21.45892974,2.05305471,0,0,0,TRUE,FALSE,NORMAL
25,28,5,426.2476732,358.6857027,2.783384907,100,1.340451054,5.014303394,30.09238505,0.699076149,46.0795186,TRUE,FALSE,NORMAL
25,28,6,241.4665632,470.1801363,5.266203523,100,9.159090714,5.749379238,13.73653177,0.862634682,59.08107668,TRUE,FALSE,NORMAL
25,28,7,146.9338832,96.64885137,3.316586455,100,21.38344712,0,0,0,0,TRUE,FALSE,NORMAL
25,28,8,95.11253383,706.2867474,6.132628058,100,18.68097156,5.410712285,8.241906659,0.917580933,63.46612585,TRUE,FALSE,NORMAL
25,28,9,377.1440456,305.5017258,3.854989156,100,21.00695098,2.451172468,27.13790003,0.728621,48.41831764,TRUE,FALSE,NORMAL
25,28,10,934.2363624,722.3374028,4.32285895,100,4.126588155,4.466823974,0,0,0,TRUE,FALSE,NORMAL
25,29,1,113.8015014,938.7210673,4.596466295,100,12.31933968,5.283431073,13.65664779,0.863433522,59.14298936,TRUE,FALSE,NORMAL
25,29,2,290.5268629,833.0873386,9.106736104,100,17.03069004,14.82697033,14.07784386,0.859221561,58.80673629,TRUE,FALSE,NORMAL
25,29,3,407.2913541,433.6938038,1.979052292,100,6.852352181,10.81144268,28.83867121,0.711613288,47.05626249,TRUE,FALSE,NORMAL
25,29,4,622.6903475,32.10626823,8.258896091,100,22.99143673,3.956015937,0,0,0,TRUE,FALSE,NORMAL
25,29,5,427.6873102,356.3035447,2.783384907,100,0,4.578780038,29.45463243,0.705453676,46.5857599,TRUE,FALSE,NORMAL
25,29,6,237.7734006,473.9342607,5.266203523,100,9.054365386,8.499704516,13.36180358,0.866381964,59.37967305,TRUE,FALSE,NORMAL
25,29,7,147.9256283,99.81368743,3.316586455,100,19.06337773,1.918470858,0,0,0,TRUE,FALSE,NORMAL
25,29,8,101.2422092,706.0964656,6.132628058,100,14.81573544,7.664935352,9.637178264,0.903628217,62.35196404,TRUE,FALSE,NORMAL
25,29,9,373.7485368,303.6764966,3.854989156,100,17.17038542,4.799249204,26.66619241,0.733338076,48.79233035,TRUE,FALSE,NORMAL
25,29,10,929.9225193,722.0583552,4.32285895,100,4.881811172,4.343030643,0,0,0,TRUE,FALSE,NORMAL
25,30,1,111.6051316,934.6833127,4.596466295,100,14.63708523,3.17955331,13.42636814,0.865736319,59.32676342,TRUE,FALSE,NORMAL
25,30,2,296.6276215,839.8485061,9.106736104,100,17.80433984,15.1381944,12.67064924,0.873293508,59.93015557,TRUE,FALSE,HIGH_PACKET_LOSS
25,30,3,405.7670557,432.4315984,1.979052292,100,3.831904159,8.974155884,29.23906257,0.707609374,46.73880147,TRUE,FALSE,NORMAL
25,30,4,625.8263195,24.46591194,8.258896091,100,25.71800308,5.402942588,0,0,0,TRUE,FALSE,NORMAL
25,30,5,429.9133358,357.9744851,2.783384907,100,2.959251421,5.324769398,29.59021595,0.704097841,46.47951649,TRUE,FALSE,NORMAL
25,30,6,235.5821837,469.1455795,5.266203523,100,9.624054189,8.558329327,13.43776027,0.865622397,59.31908842,TRUE,FALSE,NORMAL
25,30,7,148.7700434,96.60639746,3.316586455,100,21.07134835,1.547294871,0,0,0,TRUE,FALSE,NORMAL
25,30,8,97.25443065,701.4374154,6.132628058,100,13.29385172,5.104226965,8.714470785,0.912855292,63.08867045,TRUE,FALSE,HIGH_PACKET_LOSS
25,30,9,376.0437865,306.7737164,3.854989156,100,20.46452902,6.153673642,27.19659321,0.728034068,48.37071427,TRUE,FALSE,NORMAL
25,30,10,925.5998261,722.0962077,4.32285895,100,4.22750177,2.341033052,0,0,0,TRUE,FALSE,NORMAL
25,31,1,107.0093422,934.6044337,4.596466295,100,14.65057894,5.691076734,13.28131119,0.867186888,59.44265258,TRUE,FALSE,NORMAL
25,31,2,288.1436948,836.5385771,9.106736104,100,21.19002096,17.01987458,13.67764216,0.863223578,59.12622493,TRUE,FALSE,HIGH_PACKET_LOSS
25,31,3,404.4221154,433.8834193,1.979052292,100,3.347926667,7.889242766,29.57992506,0.704200749,46.46729781,TRUE,FALSE,NORMAL
25,31,4,619.8567431,18.75859013,8.258896091,100,23.36897845,3.286944053,0,0,0,TRUE,FALSE,NORMAL
25,31,5,427.6355946,359.5742121,2.783384907,100,1.865130452,3.245968563,29.98485691,0.700151431,46.16379862,TRUE,FALSE,NORMAL
25,31,6,239.9940093,466.2700458,5.266203523,100,6.144518777,9.860132328,14.44413012,0.855558699,58.51619096,TRUE,FALSE,NORMAL
25,31,7,146.7200818,99.21358043,3.316586455,100,23.52609218,4.102311776,0,0,0,TRUE,FALSE,NORMAL
25,31,8,101.7871999,697.3066612,6.132628058,100,8.533186225,6.087538819,9.136314639,0.908636854,62.75183071,TRUE,FALSE,HIGH_PACKET_LOSS
25,31,9,372.3576647,307.9021874,3.854989156,100,19.83116352,5.712096288,27.53249747,0.724675025,48.10149502,TRUE,FALSE,NORMAL
25,31,10,926.680812,717.9106875,4.32285895,100,7.681982001,2.925040883,0,0,0,TRUE,FALSE,NORMAL
25,32,1,104.7364122,938.5995922,4.596466295,100,15.09237726,4.770316538,12.96900179,0.870309982,59.69217638,TRUE,FALSE,NORMAL
25,32,2,284.6574992,844.9516076,9.106736104,100,24.54231018,14.02478561,13.93103585,0.860689641,58.9240517,TRUE,FALSE,HIGH_PACKET_LOSS
25,32,3,406.3845321,433.6273554,1.979052292,100,3.357552639,5.415848857,29.72012663,0.702798734,46.35507298,TRUE,FALSE,NORMAL
25,32,4,623.6708985,11.43318343,8.258896091,100,20.85352184,3.42151297,0,0,0,TRUE,FALSE,NORMAL
25,32,5,426.3391036,357.1112175,2.783384907,100,0,0.353306265,30.39851284,0.696014872,45.83789093,TRUE,FALSE,NORMAL
25,32,6,244.3807695,469.1836749,5.266203523,100,10.80372808,10.21014114,14.81156681,0.851884332,58.22287972,TRUE,FALSE,NORMAL
25,32,7,143.4044494,99.29312643,3.316586455,100,21.0781531,1.838160188,0,0,0,TRUE,FALSE,NORMAL
25,32,8,107.1755928,694.3784624,6.132628058,100,6.909593715,3.84093506,9.053183112,0.909468169,62.818122,TRUE,FALSE,HIGH_PACKET_LOSS
25,32,9,375.9390457,309.3285994,3.854989156,100,14.86222573,7.087523234,27.97631027,0.720236897,47.75272663,TRUE,FALSE,NORMAL
25,32,10,925.7817148,713.6823623,4.32285895,100,8.887836685,0.755173251,0,0,0,TRUE,FALSE,NORMAL
25,33,1,106.5489019,942.8236168,4.596466295,100,13.0647896,6.191720031,12.85173324,0.871482668,59.78633951,TRUE,FALSE,NORMAL
25,33,2,275.5574197,845.2997402,9.106736104,100,24.77291277,16.13539004,14.62912701,0.85370873,58.36710841,TRUE,FALSE,HIGH_PACKET_LOSS
25,33,3,408.1414092,432.7162952,1.979052292,100,7.244117069,5.892826672,29.61633793,0.703836621,46.43670932,TRUE,FALSE,NORMAL
25,33,4,615.9850572,14.45596508,8.258896091,100,24.07642352,2.923299446,0,0,0,TRUE,FALSE,NORMAL
25,33,5,426.5702662,354.3374483,2.783384907,100,0,3.153516742,30.22000411,0.697799959,45.97769672,TRUE,FALSE,NORMAL
25,33,6,248.7356218,472.144783,5.266203523,100,13.37526847,8.436517288,15.04813915,0.849518609,58.03411569,TRUE,FALSE,NORMAL
25,33,7,144.6306551,102.3747113,3.316586455,100,24.8621265,0.654075076,0,0,0,TRUE,FALSE,NORMAL
25,33,8,103.4838262,689.481526,6.132628058,100,11.05561365,5.607065934,8.705728299,0.912942717,63.09557531,TRUE,FALSE,HIGH_PACKET_LOSS
25,33,9,372.4198768,307.7549439,3.854989156,100,16.69791227,7.476447016,27.82026249,0.721797375,47.87518712,TRUE,FALSE,NORMAL
25,33,10,925.4087383,709.3756237,4.32285895,100,10.1492868,0,0,0,0,TRUE,FALSE,NORMAL
25,34,1,109.8159603,939.5903783,4.596466295,100,8.123969923,5.23715486,14.48506889,0.855149311,58.4831664,TRUE,FALSE,NORMAL
25,34,2,269.3277709,851.942339,9.106736104,100,24.47196775,13.51749747,16.22799457,0.837720054,57.0915946,TRUE,FALSE,HIGH_PACKET_LOSS
25,34,3,409.0282085,430.9470481,1.979052292,100,12.05569002,6.899705081,29.38725624,0.706127438,46.61875119,TRUE,FALSE,NORMAL
25,34,4,622.0487135,8.84869866,8.258896091,100,22.41712717,2.077739692,0,0,0,TRUE,FALSE,NORMAL
25,34,5,427.8119933,351.8463952,2.783384907,100,0,1.91949673,30.10913574,0.698908643,46.06647162,TRUE,FALSE,NORMAL
25,34,6,246.0834391,467.5951867,5.266203523,100,14.76715675,8.977976527,14.67218022,0.853278198,58.33405308,TRUE,FALSE,NORMAL
25,34,7,141.9508057,100.4207019,3.316586455,100,24.44284457,3.641505225,0,0,0,TRUE,FALSE,NORMAL
25,34,8,108.7816648,692.5705442,6.132628058,100,13.45171036,7.198176175,9.270041645,0.907299584,62.64503058,TRUE,FALSE,HIGH_PACKET_LOSS
25,34,9,375.1208888,305.0044029,3.854989156,100,19.00031992,8.232250693,27.7452674,0.722547326,47.93573058,TRUE,FALSE,NORMAL
25,34,10,921.5590748,711.3421436,4.32285895,100,7.433816673,2.65407471,0,0,0,TRUE,FALSE,NORMAL
25,35,1,107.0960422,935.8850378,4.596466295,100,11.82295242,5.858261982,14.38335837,0.856166416,58.56355568,TRUE,FALSE,NORMAL
25,35,2,276.4078612,846.2147773,9.106736104,100,28.03061316,10.91039592,15.34112602,0.84658874,57.79890944,TRUE,FALSE,HIGH_PACKET_LOSS
25,35,3,408.0318986,429.2370731,1.979052292,100,9.780359562,8.40727273,29.52252103,0.70477479,46.51090579,TRUE,FALSE,NORMAL
25,35,4,630.3049258,9.059232659,8.258896091,100,17.78613639,0.069837361,0,0,0,TRUE,FALSE,NORMAL
25,35,5,428.8158748,349.2503495,2.783384907,100,1.344236021,1.273506892,30.15620935,0.698437907,46.03247661,TRUE,FALSE,NORMAL
25,35,6,242.8726945,463.420978,5.266203523,100,14.49961952,11.51224958,14.23304124,0.857669588,58.68468006,TRUE,FALSE,NORMAL
25,35,7,139.784517,97.90933988,3.316586455,100,26.41992843,5.985910089,0,0,0,TRUE,FALSE,NORMAL
25,35,8,104.8506232,697.2775644,6.132628058,100,10.8723379,5.039415695,9.239588247,0.907604118,62.66945305,TRUE,FALSE,HIGH_PACKET_LOSS
25,35,9,377.57708,307.9756091,3.854989156,100,17.72691978,10.99715044,28.43390034,0.715660997,47.39160002,TRUE,FALSE,NORMAL
25,35,10,917.9685383,708.9348305,4.32285895,100,10.59009313,4.254744197,0,0,0,TRUE,FALSE,NORMAL
25,36,1,107.2694286,931.2918429,4.596466295,100,8.585697202,4.747152056,14.96423835,0.850357617,58.10030901,TRUE,FALSE,NORMAL
25,36,2,275.4819819,855.2743242,9.106736104,100,31.70074503,12.218126,14.96900932,0.850309907,58.09649966,TRUE,FALSE,HIGH_PACKET_LOSS
25,36,3,406.0592275,429.0782753,1.979052292,100,8.078487105,8.251680265,29.67593905,0.70324061,46.38726247,TRUE,FALSE,NORMAL
25,36,4,638.5315758,8.330128342,8.258896091,100,16.68528604,2.51751268,0,0,0,TRUE,FALSE,NORMAL
25,36,5,427.4840685,346.8062702,2.783384907,100,0,3.431857616,30.23783432,0.697621657,45.96484249,TRUE,FALSE,NORMAL
25,36,6,247.1625128,460.3664144,5.266203523,100,15.64799483,11.94159662,14.87360343,0.851263966,58.17398122,TRUE,FALSE,NORMAL
25,36,7,136.5561097,97.14964781,3.316586455,100,26.65841442,6.585718007,0,0,0,TRUE,FALSE,NORMAL
25,36,8,100.7986692,692.6742182,6.132628058,100,10.26430897,3.090427776,8.425954511,0.915740455,63.31910337,TRUE,FALSE,HIGH_PACKET_LOSS
25,36,9,373.9501435,306.669365,3.854989156,100,21.29589871,13.05711101,28.64250874,0.713574913,47.22379055,TRUE,FALSE,NORMAL
25,36,10,913.7876688,710.0336662,4.32285895,100,11.64511714,6.993702894,0,0,0,TRUE,FALSE,NORMAL
25,37,1,103.6491122,934.1239466,4.596466295,100,10.77889821,6.255942913,15.193534,0.84806466,57.9174323,TRUE,FALSE,NORMAL
25,37,2,271.7849874,863.5968763,9.106736104,100,33.29701583,11.66387542,14.78545524,0.852145448,58.24326964,TRUE,FALSE,HIGH_PACKET_LOSS
25,37,3,405.48287,430.9715423,1.979052292,100,11.57629985,9.810728982,29.5743104,0.704256896,46.46668654,TRUE,FALSE,NORMAL
25,37,4,639.9044248,0.186133596,8.258896091,100,19.68816162,4.446532384,0,0,0,TRUE,FALSE,NORMAL
25,37,5,424.8251441,345.983256,2.783384907,100,0.741027532,1.277526781,30.40365708,0.695963429,45.83072795,TRUE,FALSE,NORMAL
25,37,6,252.3981069,460.9333833,5.266203523,100,11.55992545,11.09478787,15.0689012,0.849310988,58.01879785,TRUE,FALSE,NORMAL
25,37,7,137.6341651,100.2861334,3.316586455,100,25.86371007,5.879783872,0,0,0,TRUE,FALSE,NORMAL
25,37,8,95.65827236,696.0186834,6.132628058,100,6.753658469,5.855883811,7.757999837,0.922420002,63.85261597,TRUE,FALSE,HIGH_PACKET_LOSS
25,37,9,372.6751088,303.0313398,3.854989156,100,21.86290862,12.46057178,28.33331558,0.716666844,47.46891022,TRUE,FALSE,NORMAL
25,37,10,916.7840776,706.9177965,4.32285895,100,10.07046427,8.987572439,0,0,0,TRUE,FALSE,NORMAL
25,38,1,101.563846,930.0277084,4.596466295,100,7.915265633,4.167585135,16.3027643,0.836972357,57.03268278,TRUE,FALSE,NORMAL
25,38,2,262.9901825,865.9599356,9.106736104,100,35.74373028,9.563252997,16.27608155,0.837239184,57.05398567,TRUE,FALSE,HIGH_PACKET_LOSS
25,38,3,403.6006392,430.3601054,1.979052292,100,11.39409192,11.44601156,29.73755118,0.702624488,46.33567219,TRUE,FALSE,NORMAL
25,38,4,636.8337433,0,8.258896091,100,20.28777237,2.131616497,0,0,0,TRUE,FALSE,NORMAL
25,38,5,426.6923038,343.9190501,2.783384907,100,4.392113251,4.1727026,30.31838438,0.696816156,45.8974284,TRUE,FALSE,NORMAL
25,38,6,257.5799023,461.8724767,5.266203523,100,11.78253657,10.81984218,15.37139062,0.846286094,57.7778537,TRUE,FALSE,NORMAL
25,38,7,138.2568754,103.5437365,3.316586455,100,28.47945113,3.618277153,0,0,0,TRUE,FALSE,NORMAL
25,38,8,101.7824452,696.3406051,6.132628058,100,9.761923915,2.977309942,8.578523171,0.914214768,63.19746096,TRUE,FALSE,HIGH_PACKET_LOSS
25,38,9,375.0932809,300.0291097,3.854989156,100,22.87852701,14.62096095,28.16272905,0.71837271,47.60462778,TRUE,FALSE,NORMAL
25,38,10,913.0955177,709.1720449,4.32285895,100,7.912901563,6.920168817,0,0,0,TRUE,FALSE,NORMAL
25,39,1,99.66439865,925.842066,4.596466295,100,10.12371321,2.872606994,17.10951726,0.828904827,56.3895796,TRUE,FALSE,NORMAL
25,39,2,256.1883325,872.0153034,9.106736104,100,37.95793928,7.29997514,16.49632563,0.835036744,56.87915466,TRUE,FALSE,HIGH_PACKET_LOSS
25,39,3,403.5930817,428.3810675,1.979052292,100,8.098483667,13.63730187,29.92351971,0.700764803,46.18769143,TRUE,FALSE,NORMAL
25,39,4,644.9596272,0,8.258896091,100,16.19292727,5.035388281,0,0,0,TRUE,FALSE,NORMAL
25,39,5,428.1903172,341.5731627,2.783384907,100,5.122276741,4.034024177,30.22609561,0.697739044,45.97484612,TRUE,FALSE,NORMAL
25,39,6,258.0694459,467.115877,5.266203523,100,14.1778343,13.6656788,15.09939751,0.849006025,57.99466251,TRUE,FALSE,NORMAL
25,39,7,135.525677,101.6621677,3.316586455,100,31.719411,3.608254883,0,0,0,TRUE,FALSE,NORMAL
25,39,8,96.28946976,693.6136384,6.132628058,100,7.726006597,3.576713123,8.524475496,0.914755245,63.24053858,TRUE,FALSE,HIGH_PACKET_LOSS
25,39,9,377.6944115,302.8742918,3.854989156,100,26.93026914,16.54234573,28.52644186,0.714735581,47.31942413,TRUE,FALSE,NORMAL
25,39,10,913.7544717,713.4443849,4.32285895,100,3.731118554,6.28493947,0,0,0,TRUE,FALSE,NORMAL
25,40,1,101.0659141,921.4644802,4.596466295,100,8.420867873,2.486331109,16.51934686,0.834806531,56.8599859,TRUE,FALSE,NORMAL
25,40,2,264.1083951,867.5202782,9.106736104,100,40.70217612,7.386752877,15.29021658,0.847097834,57.84139962,TRUE,FALSE,HIGH_PACKET_LOSS
25,40,3,405.1780601,427.195955,1.979052292,100,10.79412436,11.71355749,29.92356474,0.700764353,46.18726674,TRUE,FALSE,NORMAL
25,40,4,641.8106985,0,8.258896091,100,14.95511046,2.842882308,0,0,0,TRUE,FALSE,NORMAL
25,40,5,430.3249035,339.7868892,2.783384907,100,2.420358438,1.606803922,30.2821906,0.697178094,45.92918438,TRUE,FALSE,NORMAL
25,40,6,261.3325264,462.9824516,5.266203523,100,10.22561557,16.02118876,15.21964931,0.847803507,57.89901989,TRUE,FALSE,NORMAL
25,40,7,134.5675201,98.48700138,3.316586455,100,34.01195963,5.751736504,0,0,0,TRUE,FALSE,NORMAL
25,40,8,92.81689635,688.5589019,6.132628058,100,9.72004023,3.5346603,7.844521258,0.921554787,63.78354295,TRUE,FALSE,HIGH_PACKET_LOSS
25,40,9,380.1221495,299.8797919,3.854989156,100,30.15479194,17.40467497,28.48410997,0.7151589,47.35237568,TRUE,FALSE,NORMAL
25,40,10,914.7930809,717.6406214,4.32285895,100,6.430270825,8.85523342,0,0,0,TRUE,FALSE,NORMAL
25,41,1,104.9290948,923.9551303,4.596466295,100,7.977073628,4.786268664,16.83619779,0.831638022,56.60721789,TRUE,FALSE,NORMAL
25,41,2,261.9784917,858.6661179,9.106736104,100,38.0984505,8.502406611,16.59768113,0.834023189,56.79763916,TRUE,FALSE,HIGH_PACKET_LOSS
25,41,3,403.4121393,426.3025505,1.979052292,100,11.66843298,10.61559978,29.91554293,0.700844571,46.19343841,TRUE,FALSE,NORMAL
25,41,4,639.4229141,7.906190638,8.258896091,100,16.33652694,4.251865487,0,0,0,TRUE,FALSE,NORMAL
25,41,5,432.6888266,338.3175019,2.783384907,100,4.673328265,4.028264714,29.80278797,0.70197212,46.31225489,TRUE,FALSE,NORMAL
25,41,6,257.1781563,466.2188244,5.266203523,100,15.07525728,13.33456469,14.81323276,0.851867672,58.2229412,TRUE,FALSE,NORMAL
25,41,7,137.7096659,97.42555625,3.316586455,100,29.30018267,3.908390696,0,0,0,TRUE,FALSE,NORMAL
25,41,8,96.8678982,693.163086,6.132628058,100,7.43546851,6.169094508,8.948922382,0.910510776,62.90164716,TRUE,FALSE,HIGH_PACKET_LOSS
25,41,9,380.1237199,303.7347808,3.854989156,100,34.29749025,19.95741172,28.72810503,0.71271895,47.15991484,TRUE,FALSE,NORMAL
25,41,10,910.6468396,716.4175955,4.32285895,100,2.402014923,8.260490081,0,0,0,TRUE,FALSE,NORMAL
25,42,1,107.4227468,920.0938867,4.596466295,100,4.551077084,6.497283424,17.20681395,0.827931861,56.31216988,TRUE,FALSE,NORMAL
25,42,2,256.016255,851.7824869,9.106736104,100,41.53179741,8.050959551,17.63470601,0.82365294,55.97057073,TRUE,FALSE,HIGH_PACKET_LOSS
25,42,3,404.4592164,427.9819187,1.979052292,100,10.03593979,10.14647017,29.51722718,0.704827728,46.51016178,TRUE,FALSE,NORMAL
25,42,4,639.2408175,0,8.258896091,100,20.14987313,1.675745513,0,0,0,TRUE,FALSE,NORMAL
25,42,5,429.9094878,338.4675254,2.783384907,100,0.527324282,1.601306155,29.59807741,0.704019226,46.47404304,TRUE,FALSE,NORMAL
25,42,6,255.6748852,471.2659102,5.266203523,100,17.07333436,15.81154569,14.89789512,0.851021049,58.15477444,TRUE,FALSE,NORMAL
25,42,7,135.4273515,99.83196162,3.316586455,100,24.565147,4.194471718,0,0,0,TRUE,FALSE,NORMAL
25,42,8,98.27438992,687.1939229,6.132628058,100,7.549323714,6.273785599,9.747215682,0.902527843,62.26406659,TRUE,FALSE,HIGH_PACKET_LOSS
25,42,9,376.3406073,302.9938349,3.854989156,100,33.86052332,22.93542791,28.27428387,0.717257161,47.51995884,TRUE,FALSE,NORMAL
25,42,10,909.5939294,720.6102664,4.32285895,100,5.922208084,7.19334821,0,0,0,TRUE,FALSE,NORMAL
25,43,1,108.2506983,924.6151696,4.596466295,100,7.633367825,6.340243246,17.38398996,0.8261601,56.17082042,TRUE,FALSE,NORMAL
25,43,2,250.1723517,844.798116,9.106736104,100,45.74937359,8.02717165,18.9113236,0.810886764,54.95169155,TRUE,FALSE,HIGH_PACKET_LOSS
25,43,3,404.4015117,429.9601295,1.979052292,100,11.85903088,7.614132225,29.67090901,0.70329091,46.38650842,TRUE,FALSE,NORMAL
25,43,4,631.7719168,3.524895192,8.258896091,100,24.47378695,0,0,0,0,TRUE,FALSE,NORMAL
25,43,5,429.514109,335.7123653,2.783384907,100,3.095442396,0,29.80339819,0.701966018,46.31438732,TRUE,FALSE,NORMAL
25,43,6,260.9364826,471.4861181,5.266203523,100,17.32562801,13.72603642,15.14556251,0.848544375,57.95778194,TRUE,FALSE,NORMAL
25,43,7,133.7642152,96.96251507,3.316586455,100,21.68644191,3.211909601,0,0,0,TRUE,FALSE,NORMAL
25,43,8,100.0100859,693.0758007,6.132628058,100,6.56300847,9.114414826,10.26478507,0.897352149,61.85116477,TRUE,FALSE,HIGH_PACKET_LOSS
25,43,9,378.4407353,306.2265433,3.854989156,100,32.77889925,23.4663447,28.92508588,0.710749141,47.00707583,TRUE,FALSE,NORMAL
25,43,10,912.6792908,723.63808,4.32285895,100,7.593956381,7.753569379,0,0,0,TRUE,FALSE,NORMAL
25,44,1,103.6544986,924.6646729,4.596466295,100,5.651194721,5.325730997,17.28990097,0.82710099,56.24638936,TRUE,FALSE,NORMAL
25,44,2,241.1844045,843.3320166,9.106736104,100,41.14230921,9.733164306,19.76266188,0.802373381,54.27268355,TRUE,FALSE,HIGH_PACKET_LOSS
25,44,3,403.072324,428.493873,1.979052292,100,8.911898209,8.585091426,30.12199284,0.698780072,46.02871036,TRUE,FALSE,NORMAL
25,44,4,626.9059361,10.19809509,8.258896091,100,29.23735025,1.496971381,0,0,0,TRUE,FALSE,NORMAL
25,44,5,428.9542817,338.4388695,2.783384907,100,0,1.156684275,30.43582421,0.695641758,45.81300444,TRUE,FALSE,NORMAL
25,44,6,261.7411752,466.2817575,5.266203523,100,12.4121997,13.10784612,15.64271786,0.843572821,57.56126264,TRUE,FALSE,NORMAL
25,44,7,130.4942858,97.51686814,3.316586455,100,20.38553683,2.323952373,0,0,0,TRUE,FALSE,NORMAL
25,44,8,104.398219,688.7917122,6.132628058,100,1.787200929,9.703373093,10.50189163,0.894981084,61.66198531,TRUE,FALSE,HIGH_PACKET_LOSS
25,44,9,382.0535939,304.8818523,3.854989156,100,31.76011132,21.12154539,29.14478625,0.708552138,46.83367047,TRUE,FALSE,NORMAL
25,44,10,916.3149916,721.2995359,4.32285895,100,2.812719938,9.68705272,0,0,0,TRUE,FALSE,NORMAL
25,45,1,99.83987112,922.1002783,4.596466295,100,7.911094617,6.955480268,17.9971472,0.820028528,55.68188095,TRUE,FALSE,NORMAL
25,45,2,234.3309532,837.3351135,9.106736104,100,45.54475227,7.109968958,21.09676559,0.789032344,53.2084716,TRUE,FALSE,HIGH_PACKET_LOSS
25,45,3,401.8650952,426.9256745,1.979052292,100,5.266766122,6.584143298,30.12715688,0.698728431,46.02470279,TRUE,FALSE,NORMAL
25,45,4,626.3141292,1.960429817,8.258896091,100,28.23494746,0,0,0,0,TRUE,FALSE,NORMAL
25,45,5,427.2048756,336.2739653,2.783384907,100,0,0,30.72599447,0.692740055,45.59021836,TRUE,FALSE,NORMAL
25,45,6,257.8329219,462.7521037,5.266203523,100,16.72534186,11.03756433,15.3093343,0.846906657,57.82721809,TRUE,FALSE,NORMAL
25,45,7,129.7221552,94.29141313,3.316586455,100,15.57616622,3.393992848,0,0,0,TRUE,FALSE,NORMAL
25,45,8,107.6510363,693.9905878,6.132628058,100,0,7.418921977,11.59345639,0.884065436,60.79111519,TRUE,FALSE,HIGH_PACKET_LOSS
25,45,9,385.8937225,305.2200142,3.854989156,100,32.87844561,20.81136818,29.56343393,0.704365661,46.50907523,TRUE,FALSE,NORMAL
25,45,10,918.8751962,717.8163675,4.32285895,100,5.83522757,7.739581469,0,0,0,TRUE,FALSE,NORMAL
25,46,1,95.30540805,921.3478509,4.596466295,100,3.849851504,6.228025212,17.41341302,0.82586587,56.14628492,TRUE,FALSE,NORMAL
25,46,2,242.4634303,833.2368871,9.106736104,100,47.46028555,9.063488926,19.90479305,0.80095207,54.15831682,TRUE,FALSE,HIGH_PACKET_LOSS
25,46,3,399.8931343,427.0930606,1.979052292,100,6.678501379,3.932335044,30.24458945,0.697554106,45.93199271,TRUE,FALSE,NORMAL
25,46,4,626.2494696,0,8.258896091,100,32.74173159,0,0,0,0,TRUE,FALSE,NORMAL
25,46,5,428.8242636,338.5377705,2.783384907,100,0,0,30.49476738,0.695052326,45.77533051,TRUE,FALSE,NORMAL
25,46,6,253.7208944,466.0421081,5.266203523,100,19.104872,11.01534548,14.8131252,0.851868748,58.22300412,TRUE,FALSE,NORMAL
25,46,7,133.0383024,94.23743402,3.316586455,100,19.03439675,2.319677778,0,0,0,TRUE,FALSE,NORMAL
25,46,8,103.9997814,698.9178045,6.132628058,100,0,4.737919966,11.75594283,0.882440572,60.66138756,TRUE,FALSE,HIGH_PACKET_LOSS
25,46,9,386.5030618,309.0265411,3.854989156,100,31.29297213,23.07599661,29.64491496,0.70355085,46.44506048,TRUE,FALSE,NORMAL
25,46,10,914.6714257,718.8240496,4.32285895,100,9.117507112,4.952790738,0,0,0,TRUE,FALSE,NORMAL
25,47,1,96.44858071,925.7998907,4.596466295,100,1.694647682,8.569114809,17.39574094,0.826042591,56.16086289,TRUE,FALSE,NORMAL
25,47,2,241.3625655,842.2768395,9.106736104,100,44.4926581,10.11401403,19.417975,0.80582025,54.54696248,TRUE,FALSE,HIGH_PACKET_LOSS
25,47,3,399.4634544,429.0249051,1.979052292,100,9.788008364,3.449827726,29.75060464,0.702493954,46.32434152,TRUE,FALSE,NORMAL
25,47,4,619.483712,4.736442616,8.258896091,100,36.11241406,0,0,0,0,TRUE,FALSE,NORMAL
25,47,5,430.9661603,340.3152717,2.783384907,100,0,0,29.90427666,0.700957233,46.23997525,TRUE,FALSE,NORMAL
25,47,6,251.6254617,470.8734704,5.266203523,100,15.56589613,8.816113839,14.21381634,0.857861837,58.70103648,TRUE,FALSE,NORMAL
25,47,7,132.0211378,97.39419216,3.316586455,100,20.96173312,0.162597668,0,0,0,TRUE,FALSE,NORMAL
25,47,8,97.87048207,698.7157719,6.132628058,100,2.715022581,2.451350469,11.05217615,0.889478239,61.2228175,TRUE,FALSE,HIGH_PACKET_LOSS
25,47,9,387.7619779,305.3829067,3.854989156,100,34.12089176,22.41481608,28.61386704,0.71386133,47.26047099,TRUE,FALSE,NORMAL
25,47,10,910.3605695,719.1459636,4.32285895,100,6.211912935,7.42168057,0,0,0,TRUE,FALSE,NORMAL
25,48,1,92.04608886,927.1210901,4.596466295,100,4.860284306,8.959236601,16.06864396,0.83931356,57.21890469,TRUE,FALSE,NORMAL
25,48,2,248.5637804,836.7023308,9.106736104,100,39.97804761,9.91955478,17.73725683,0.822627432,55.8870926,TRUE,FALSE,HIGH_PACKET_LOSS
25,48,3,399.7886812,430.9770515,1.979052292,100,11.91888209,3.40019434,29.63562927,0.703643707,46.41623969,TRUE,FALSE,NORMAL
25,48,4,611.2588904,5.485891495,8.258896091,100,35.12457142,0,0,0,0,TRUE,FALSE,NORMAL
25,48,5,428.692434,341.9207,2.783384907,100,4.252856616,1.061816744,30.04335236,0.699566476,46.13176935,TRUE,FALSE,NORMAL
25,48,6,246.8098225,468.7421518,5.266203523,100,20.01335656,7.835925033,14.0762246,0.859237754,58.81061762,TRUE,FALSE,NORMAL
25,48,7,132.3368643,100.6957164,3.316586455,100,20.81009396,0.632291624,0,0,0,TRUE,FALSE,NORMAL
25,48,8,91.814405,697.7498229,6.132628058,100,0,3.165911337,10.46874434,0.895312557,61.688481,TRUE,FALSE,HIGH_PACKET_LOSS
25,48,9,386.1663663,308.8921752,3.854989156,100,32.60783482,24.06598394,28.91919817,0.710808018,47.01964715,TRUE,FALSE,NORMAL
25,48,10,912.9822559,715.7088325,4.32285895,100,3.741120321,9.746314923,0,0,0,TRUE,FALSE,NORMAL
25,49,1,87.5169212,927.9047627,4.596466295,100,4.398222354,8.547622892,16.04365794,0.839563421,57.23874923,TRUE,FALSE,NORMAL
25,49,2,249.8831081,845.7129921,9.106736104,100,41.45236333,11.65338057,17.50941688,0.824905831,56.06883806,TRUE,FALSE,HIGH_PACKET_LOSS
25,49,3,397.9666886,431.7497034,1.979052292,100,7.668115499,4.755257643,29.34658714,0.706534129,46.64602931,TRUE,FALSE,NORMAL
25,49,4,618.7892744,8.877451705,8.258896091,100,34.43465858,0,0,0,0,TRUE,FALSE,NORMAL
25,49,5,425.9190664,342.1566312,2.783384907,100,0,0,30.18006395,0.69819936,46.02641089,TRUE,FALSE,NORMAL
25,49,6,242.2040054,466.1888504,5.266203523,100,21.97787177,8.110428738,13.86607484,0.861339252,58.97814372,TRUE,FALSE,NORMAL
25,49,7,131.1435261,97.6012553,3.316586455,100,17.73022348,2.069469844,0,0,0,TRUE,FALSE,NORMAL
25,49,8,97.63205785,699.6899369,6.132628058,100,2.784280838,4.100429671,10.54338173,0.894566183,61.62881654,TRUE,FALSE,HIGH_PACKET_LOSS
25,49,9,389.0074909,306.2866133,3.854989156,100,34.85639594,26.0321798,28.61866444,0.713813356,47.26272755,TRUE,FALSE,NORMAL
25,49,10,914.9057977,719.5801496,4.32285895,100,7.861158804,9.082650413,0,0,0,TRUE,FALSE,NORMAL
25,50,1,91.52591418,930.1532017,4.596466295,100,8.621339572,5.861876165,15.09686683,0.849031332,57.99435526,TRUE,FALSE,NORMAL
25,50,2,258.252378,849.3029731,9.106736104,100,40.70190547,10.79274215,16.07407827,0.839259217,57.21421788,TRUE,FALSE,HIGH_PACKET_LOSS
25,50,3,397.9484231,429.7707354,1.979052292,100,4.552759862,5.552387855,29.34498449,0.706550155,46.64701226,TRUE,FALSE,NORMAL
25,50,4,623.2801698,1.946274101,8.258896091,100,39.41292751,2.805870081,0,0,0,TRUE,FALSE,NORMAL
25,50,5,425.0950176,339.4980272,2.783384907,100,2.223691281,0,30.40035651,0.695996435,45.85258985,TRUE,FALSE,NORMAL
25,50,6,243.2921149,461.0362862,5.266203523,100,18.65109268,8.884069345,14.06460208,0.859353979,58.8198307,TRUE,FALSE,NORMAL
25,50,7,128.3761061,99.42913171,3.316586455,100,18.25760928,2.824761703,0,0,0,TRUE,FALSE,NORMAL
25,50,8,95.99604828,693.7795562,6.132628058,100,0,5.100356124,9.281673902,0.907183261,62.63595621,TRUE,FALSE,HIGH_PACKET_LOSS
25,50,9,390.7634974,302.8547942,3.854989156,100,31.56614838,25.08545118,28.66588233,0.713341177,47.22696482,TRUE,FALSE,NORMAL
25,50,10,917.1750902,723.2594731,4.32285895,100,7.248178161,7.266224706,0,0,0,TRUE,FALSE,NORMAL
25,51,1,95.55623597,932.363181,4.596466295,100,5.722208706,7.282347559,13.8959958,0.861040042,58.95268955,TRUE,FALSE,NORMAL
25,51,2,266.4815202,845.402478,9.106736104,100,40.80151838,11.53634547,14.78043928,0.852195607,58.24651052,TRUE,FALSE,HIGH_PACKET_LOSS
25,51,3,397.642872,427.8154128,1.979052292,100,5.732795253,2.736720142,29.8617096,0.701382904,46.2365637,TRUE,FALSE,NORMAL
25,51,4,620.3706368,0,8.258896091,100,43.87497564,2.39740823,0,0,0,TRUE,FALSE,NORMAL
25,51,5,422.3155472,339.3504602,2.783384907,100,2.784074131,0,31.14493469,0.688550653,45.26756297,TRUE,FALSE,NORMAL
25,51,6,248.5252186,461.625799,5.266203523,100,21.90852576,8.765339598,14.58612853,0.854138715,58.40392838,TRUE,FALSE,NORMAL
25,51,7,128.7139534,96.1297977,3.316586455,100,21.42474012,3.983432859,0,0,0,TRUE,FALSE,NORMAL
25,51,8,93.63865879,688.1181216,6.132628058,100,2.615741678,2.354567227,8.403125716,0.915968743,63.3373471,TRUE,FALSE,HIGH_PACKET_LOSS
25,51,9,394.6064851,302.5508421,3.854989156,100,35.56509874,27.91125497,29.04399568,0.709560043,46.93367116,TRUE,FALSE,NORMAL
25,51,10,916.6887282,727.5548847,4.32285895,100,12.05727439,6.885205695,0,0,0,TRUE,FALSE,NORMAL
25,52,1,90.98042864,931.9278769,4.596466295,100,0.843875377,7.688134688,12.78496451,0.872150355,59.83929872,TRUE,FALSE,NORMAL
25,52,2,266.8219819,836.3021083,9.106736104,100,44.80371499,9.75020959,14.07348122,0.859265188,58.81045064,TRUE,FALSE,HIGH_PACKET_LOSS
25,52,3,396.8320524,426.0100819,1.979052292,100,2.348595946,4.366533205,30.20876423,0.697912358,45.96069256,TRUE,FALSE,NORMAL
25,52,4,628.4669654,1.630591253,8.258896091,100,46.89519199,1.994153277,0,0,0,TRUE,FALSE,NORMAL
25,52,5,420.0066992,337.7959659,2.783384907,100,0,1.2259916,31.5221461,0.684778539,44.96807431,TRUE,FALSE,NORMAL
25,52,6,250.558176,456.7678175,5.266203523,100,23.64602159,6.056563421,15.18083917,0.848191608,57.92969708,TRUE,FALSE,NORMAL
25,52,7,125.4254942,96.56082134,3.316586455,100,18.44807861,3.680891249,0,0,0,TRUE,FALSE,NORMAL
25,52,8,90.55306454,682.8182881,6.132628058,100,0,2.443661616,7.987339385,0.920126606,63.66941004,TRUE,FALSE,HIGH_PACKET_LOSS
25,52,9,390.7706735,302.9348871,3.854989156,100,36.43653221,28.40671617,29.63526779,0.703647322,46.46347466,TRUE,FALSE,NORMAL
25,52,10,921.0078205,727.7353037,4.32285895,100,10.56885491,8.353557938,0,0,0,TRUE,FALSE,NORMAL
25,53,1,93.43510738,935.8140131,4.596466295,100,4.71305337,6.034531735,12.32276251,0.876772375,60.20798244,TRUE,FALSE,NORMAL
25,53,2,275.856182,837.4492228,9.106736104,100,47.6676048,10.98259411,12.96097116,0.870390288,59.69837013,TRUE,FALSE,HIGH_PACKET_LOSS
25,53,3,395.2538926,424.8159045,1.979052292,100,0.351770359,5.348542808,30.67969255,0.693203074,45.5858647,TRUE,FALSE,NORMAL
25,53,4,620.3002592,2.861149824,8.258896091,100,51.03342307,2.304131461,0,0,0,TRUE,FALSE,NORMAL
25,53,5,422.5381939,336.6389153,2.783384907,100,0,1.425674839,31.41044051,0.685895595,45.05427856,TRUE,FALSE,NORMAL
25,53,6,255.5736877,458.3732901,5.266203523,100,18.68538458,8.733829518,15.37335078,0.846266492,57.77688942,TRUE,FALSE,NORMAL
25,53,7,123.9224839,99.51728984,3.316586455,100,14.54491497,3.725904852,0,0,0,TRUE,FALSE,NORMAL
25,53,8,87.91052686,688.3523754,6.132628058,100,4.39472365,3.015379871,7.303847858,0.926961521,64.21530235,TRUE,FALSE,HIGH_PACKET_LOSS
25,53,9,387.8566506,305.4586565,3.854989156,100,33.32895015,28.36827716,30.10257774,0.698974223,46.08896939,TRUE,FALSE,NORMAL
25,53,10,924.184768,724.8037317,4.32285895,100,6.421188324,10.91832241,0,0,0,TRUE,FALSE,NORMAL
25,54,1,91.47366628,939.9709652,4.596466295,100,5.668862576,5.027463793,12.71918864,0.872808114,59.89167824,TRUE,FALSE,NORMAL
25,54,2,266.8322259,838.6743179,9.106736104,100,51.67032399,9.626219035,14.39301009,0.856069899,58.55525909,TRUE,FALSE,HIGH_PACKET_LOSS
25,54,3,397.2221744,424.609714,1.979052292,100,0,2.898611538,31.10583337,0.688941666,45.24805984,TRUE,FALSE,NORMAL
25,54,4,627.6510221,0,8.258896091,100,46.9932559,4.528536976,0,0,0,TRUE,FALSE,NORMAL
25,54,5,423.1797639,339.3473502,2.783384907,100,4.078400651,0,31.61823628,0.683817637,44.88312163,TRUE,FALSE,NORMAL
25,54,6,260.6799173,459.6614354,5.266203523,100,17.78733657,8.71132922,15.81304806,0.841869519,57.4264508,TRUE,FALSE,NORMAL
25,54,7,120.8509095,100.7683599,3.316586455,100,13.35184048,2.835798294,0,0,0,TRUE,FALSE,NORMAL
25,54,8,92.48630956,692.4354305,6.132628058,100,5.546790903,3.508205406,7.849164535,0.921508355,63.78001262,TRUE,FALSE,HIGH_PACKET_LOSS
25,54,9,384.4896524,307.335959,3.854989156,100,31.14281941,30.3268003,30.30141422,0.696985858,45.92386684,TRUE,FALSE,NORMAL
25,54,10,923.2553837,720.5819603,4.32285895,100,3.48946641,9.064730169,0,0,0,TRUE,FALSE,NORMAL
25,55,1,89.7995648,944.2517229,4.596466295,100,9.778204035,7.956373967,11.92871342,0.880712866,60.52298276,TRUE,FALSE,NORMAL
25,55,2,267.3734293,847.7649582,9.106736104,100,49.98855416,8.67751968,13.7487215,0.862512785,59.06964171,TRUE,FALSE,HIGH_PACKET_LOSS
25,55,3,397.5863363,426.5549734,1.979052292,100,2.892109636,4.629857426,31.13068162,0.688693184,45.22805958,TRUE,FALSE,NORMAL
25,55,4,619.5485028,1.599545244,8.258896091,100,51.02090291,6.213369772,0,0,0,TRUE,FALSE,NORMAL
25,55,5,420.3992207,339.4730934,2.783384907,100,0.179208181,0,32.2040558,0.677959442,44.4271782,TRUE,FALSE,NORMAL
25,55,6,259.9429949,454.4470472,5.266203523,100,18.00885913,8.391964898,16.27870406,0.837212959,57.05491978,TRUE,FALSE,NORMAL
25,55,7,117.6624141,99.85553867,3.316586455,100,8.9054028,0.427969282,0,0,0,TRUE,FALSE,NORMAL
25,55,8,95.1429032,686.908077,6.132628058,100,8.464348549,3.866114076,6.970098074,0.930299019,64.48188381,TRUE,FALSE,HIGH_PACKET_LOSS
25,55,9,387.4074025,309.8554185,3.854989156,100,26.77863755,29.05130885,30.91516458,0.690848354,45.44628406,TRUE,FALSE,NORMAL
25,55,10,927.0191307,718.4556211,4.32285895,100,6.674403504,8.896578699,0,0,0,TRUE,FALSE,NORMAL
25,56,1,88.65404105,939.8002875,4.596466295,100,13.78410574,6.070701685,12.69656233,0.873034377,59.91047313,TRUE,FALSE,NORMAL
25,56,2,258.3019388,848.5653975,9.106736104,100,47.43611744,6.685685864,15.00620933,0.849937907,58.06621401,TRUE,FALSE,HIGH_PACKET_LOSS
25,56,3,399.5636557,426.6377743,1.979052292,100,7.002244395,3.491862137,30.4495028,0.695504972,45.76911272,TRUE,FALSE,NORMAL
25,56,4,622.186286,0,8.258896091,100,55.31027641,6.624457773,0,0,0,TRUE,FALSE,NORMAL
25,56,5,422.736626,337.9618792,2.783384907,100,0,0.086890908,31.41029123,0.685897088,45.05126248,TRUE,FALSE,NORMAL
25,56,6,256.2164877,458.1680744,5.266203523,100,17.81924632,9.020196258,15.8408993,0.841591007,57.40313088,TRUE,FALSE,NORMAL
25,56,7,119.2083608,96.92129354,3.316586455,100,5.269107097,1.542377345,0,0,0,TRUE,FALSE,NORMAL
25,56,8,99.17760103,682.2895988,6.132628058,100,5.649992263,3.043336523,7.889576995,0.92110423,63.74749914,TRUE,FALSE,HIGH_PACKET_LOSS
25,56,9,386.3078856,306.1605567,3.854989156,100,22.06886656,31.18340786,30.02160602,0.69978394,46.14979984,TRUE,FALSE,NORMAL
25,56,10,926.2026631,722.7006759,4.32285895,100,9.169611681,8.70449236,0,0,0,TRUE,FALSE,NORMAL
25,57,1,93.13635921,938.7822863,4.596466295,100,11.94837164,3.573992429,13.41194152,0.865880585,59.33935323,TRUE,FALSE,NORMAL
25,57,2,264.2370891,855.4723964,9.106736104,100,45.55805001,5.336222967,14.53029713,0.854697029,58.44632725,TRUE,FALSE,HIGH_PACKET_LOSS
25,57,3,399.8343044,424.6773159,1.979052292,100,2.092394217,0.659128211,30.63363298,0.69366367,45.6224187,TRUE,FALSE,NORMAL
25,57,4,618.2742218,0,8.258896091,100,52.36496266,5.828579393,0,0,0,TRUE,FALSE,NORMAL
25,57,5,423.7139181,335.3557074,2.783384907,100,0,1.069462204,31.19161467,0.688083853,45.22110783,TRUE,FALSE,NORMAL
25,57,6,260.6473345,461.0142114,5.266203523,100,14.10752052,7.951173392,15.79564658,0.842043534,57.43975871,TRUE,FALSE,NORMAL
25,57,7,119.4137221,100.231516,3.316586455,100,8.711786385,0.027700202,0,0,0,TRUE,FALSE,NORMAL
25,57,8,95.62248614,687.2866265,6.132628058,100,0.827274546,4.225379367,7.432781563,0.925672184,64.11227307,TRUE,FALSE,HIGH_PACKET_LOSS
25,57,9,382.4618882,305.8974117,3.854989156,100,17.46410216,29.520518,30.10170664,0.698982934,46.08189491,TRUE,FALSE,NORMAL
25,57,10,925.6971668,718.407474,4.32285895,100,4.249219537,10.02886579,0,0,0,TRUE,FALSE,NORMAL
25,58,1,89.75992698,941.9011335,4.596466295,100,9.487137763,3.301318787,12.81880129,0.871811987,59.81323351,TRUE,FALSE,NORMAL
25,58,2,261.4052267,864.1276374,9.106736104,100,45.47448909,3.612248843,14.10266598,0.85897334,58.78792896,TRUE,FALSE,HIGH_PACKET_LOSS
25,58,3,398.7799694,423.0024948,1.979052292,100,0,2.831620415,31.01519441,0.689848056,45.32005915,TRUE,FALSE,NORMAL
25,58,4,610.4012729,0,8.258896091,100,55.74393806,8.003670435,0,0,0,TRUE,FALSE,NORMAL
25,58,5,421.0680843,336.2198805,2.783384907,100,0.826660312,0,31.94830833,0.680516917,44.62788354,TRUE,FALSE,NORMAL
25,58,6,260.0062307,455.7871773,5.266203523,100,11.53570645,5.569775746,16.21787096,0.83782129,57.10291927,TRUE,FALSE,NORMAL
25,58,7,119.1121544,103.5343636,3.316586455,100,10.92299085,2.547133083,0,0,0,TRUE,FALSE,NORMAL
25,58,8,97.82687711,681.5638835,6.132628058,100,0,4.028913104,6.659121515,0.933408785,64.73006263,TRUE,FALSE,HIGH_PACKET_LOSS
25,58,9,386.3049674,306.2002042,3.854989156,100,14.5639292,28.57488171,30.62651612,0.693734839,45.67294233,TRUE,FALSE,NORMAL
25,58,10,929.9961011,717.9533007,4.32285895,100,6.317947465,10.01495184,0,0,0,TRUE,FALSE,NORMAL
25,59,1,87.43178334,937.9378963,4.596466295,100,11.31997307,1.377565051,12.48232311,0.875176769,60.08133241,TRUE,FALSE,NORMAL
25,59,2,269.8447255,867.5492601,9.106736104,100,50.10165811,6.559195294,13.13500544,0.868649946,59.56008963,TRUE,FALSE,HIGH_PACKET_LOSS
25,59,3,398.658471,421.0271755,1.979052292,100,1.724145524,3.202646811,30.99624623,0.690037538,45.33552305,TRUE,FALSE,NORMAL
25,59,4,613.7816702,7.535401677,8.258896091,100,55.94752203,8.612856616,0,0,0,TRUE,FALSE,NORMAL
25,59,5,419.5355767,333.8963806,2.783384907,100,3.26063064,0.612811997,32.07340597,0.67926594,44.54284289,TRUE,FALSE,NORMAL
25,59,6,258.1766228,460.7253384,5.266203523,100,15.68030703,6.171725942,15.96853307,0.840314669,57.30117478,TRUE,FALSE,NORMAL
25,59,7,119.7613787,106.7867863,3.316586455,100,13.15394177,5.185819332,0,0,0,TRUE,FALSE,NORMAL
25,59,8,103.9412202,681.0906651,6.132628058,100,0.579833236,6.425986637,7.085139863,0.929148601,64.38971326,TRUE,FALSE,HIGH_PACKET_LOSS
25,59,9,390.0941307,306.9095582,3.854989156,100,15.23775421,26.13436028,30.79925252,0.692007475,45.55059893,TRUE,FALSE,NORMAL
25,59,10,927.4956264,714.4270087,4.32285895,100,5.957611197,8.68219897,0,0,0,TRUE,FALSE,NORMAL
25,60,1,83.828862,940.7920967,4.596466295,100,14.32245711,0.56373472,10.88727102,0.89112729,61.35450952,TRUE,FALSE,NORMAL
25,60,2,277.947857,871.705208,9.106736104,100,51.7146948,4.282530711,11.40407426,0.885959257,60.94173256,TRUE,FALSE,HIGH_PACKET_LOSS
25,60,3,400.1460169,422.3324936,1.979052292,100,2.824688415,0.506987498,30.35743185,0.696425681,45.84230138,TRUE,FALSE,NORMAL
25,60,4,608.2244304,1.42586403,8.258896091,100,55.44572739,10.89779294,0,0,0,TRUE,FALSE,NORMAL
25,60,5,421.8892911,332.4106956,2.783384907,100,4.536940967,2.182120631,31.37675916,0.686232408,45.09088838,TRUE,FALSE,NORMAL
25,60,6,257.352887,465.9267189,5.266203523,100,14.12069965,8.593984814,15.66531266,0.843346873,57.54250056,TRUE,FALSE,NORMAL
25,60,7,116.8808037,108.4305727,3.316586455,100,9.46025145,6.408147878,0,0,0,TRUE,FALSE,NORMAL
25,60,8,107.2844844,675.9494871,6.132628058,100,0.983666445,4.704859433,6.65116856,0.933488314,64.73627452,TRUE,FALSE,HIGH_PACKET_LOSS
25,60,9,391.2081369,303.219039,3.854989156,100,19.43302605,28.57783488,29.90770486,0.700922951,46.25430834,TRUE,FALSE,NORMAL
25,60,10,923.4910135,712.7990697,4.32285895,100,1.049302196,7.826076324,0,0,0,TRUE,FALSE,NORMAL
25,61,1,86.86493546,944.2431488,4.596466295,100,13.25123951,0.523280427,10.68113525,0.893188647,61.5196978,TRUE,FALSE,NORMAL
25,61,2,270.4206512,866.5794091,9.106736104,100,55.32054875,3.871042342,12.41083714,0.875891629,60.13813428,TRUE,FALSE,NORMAL
25,61,3,398.3004847,423.0470977,1.979052292,100,1.954221844,0,30.49539421,0.695046058,45.73274342,TRUE,FALSE,NORMAL
25,61,4,602.196029,0,8.258896091,100,55.07535363,13.61401356,0,0,0,TRUE,FALSE,NORMAL
25,61,5,421.4994586,335.1666459,2.783384907,100,3.512335415,5.178414107,31.67764365,0.683223563,44.84774905,TRUE,FALSE,NORMAL
25,61,6,257.6426084,460.6684909,5.266203523,100,18.14055357,7.690657017,16.12407941,0.838759206,57.17669168,TRUE,FALSE,NORMAL
25,61,7,120.1669935,108.8785709,3.316586455,100,11.45753711,5.757134976,0,0,0,TRUE,FALSE,NORMAL
25,61,8,108.8612482,670.0230259,6.132628058,100,3.594701716,4.368062616,6.503016411,0.934969836,64.85466294,TRUE,FALSE,NORMAL
25,61,9,394.1956711,300.7827342,3.854989156,100,21.88012373,26.59005443,29.66841466,0.703315853,46.44081943,TRUE,FALSE,NORMAL
25,61,10,923.0456094,708.499218,4.32285895,100,4.811785296,7.575737725,0,0,0,TRUE,FALSE,NORMAL
25,62,1,83.88381713,940.7445154,4.596466295,100,14.0619091,0,10.84332721,0.891566728,61.38957796,TRUE,FALSE,NORMAL
25,62,2,273.0160419,857.8503433,9.106736104,100,57.04116843,5.397633197,12.46593041,0.875340696,60.09369513,TRUE,FALSE,NORMAL
25,62,3,399.0208965,421.2038249,1.979052292,100,1.692329139,2.077028223,30.66885614,0.693311439,45.59513031,TRUE,FALSE,NORMAL
25,62,4,609.4567114,0,8.258896091,100,59.29735969,14.98220612,0,0,0,TRUE,FALSE,NORMAL
25,62,5,423.5430111,333.2769039,2.783384907,100,7.685815606,6.501077743,31.67565369,0.683243463,44.85283782,TRUE,FALSE,NORMAL
25,62,6,255.7235776,455.7643885,5.266203523,100,16.06926908,4.831138388,15.87540232,0.841245977,57.37524844,TRUE,FALSE,NORMAL
25,62,7,118.9150851,111.9498037,3.316586455,100,16.24574611,7.94732404,0,0,0,TRUE,FALSE,NORMAL
25,62,8,106.7477584,675.7799598,6.132628058,100,6.860884557,4.415599424,6.957637087,0.930423629,64.49156423,TRUE,FALSE,NORMAL
25,62,9,392.6059573,304.2946783,3.854989156,100,18.83734185,25.61553538,30.40462439,0.695953756,45.85824346,TRUE,FALSE,NORMAL
25,62,10,925.5510604,712.0219761,4.32285895,100,5.836459769,6.082475289,0,0,0,TRUE,FALSE,NORMAL
25,63,1,83.8229445,936.1484522,4.596466295,100,12.52610162,0,11.58089722,0.884191028,60.80125419,TRUE,FALSE,NORMAL
25,63,2,263.9267079,858.4130599,9.106736104,100,53.73020731,2.942980615,13.42893714,0.865710629,59.3253246,TRUE,FALSE,NORMAL
25,63,3,397.5262302,419.9066662,1.979052292,100,0,2.646871953,31.49483549,0.685051645,44.93975623,TRUE,FALSE,NORMAL
25,63,4,613.9311561,6.941808776,8.258896091,100,64.17477553,13.40201611,0,0,0,TRUE,FALSE,NORMAL
25,63,5,423.077085,336.0210148,2.783384907,100,9.832788859,9.078099859,32.41409028,0.675859097,44.27132255,TRUE,FALSE,NORMAL
25,63,6,260.7970375,454.3526859,5.266203523,100,11.56736131,6.386728548,16.70390299,0.83296097,56.71474191,TRUE,FALSE,NORMAL
25,63,7,122.1303902,111.1364409,3.316586455,100,12.47496361,9.814589559,0,0,0,TRUE,FALSE,NORMAL
25,63,8,107.0650865,669.6555472,6.132628058,100,2.135601676,5.904985774,6.998762876,0.930012371,64.45872981,TRUE,FALSE,NORMAL
25,63,9,394.8914052,307.3991379,3.854989156,100,18.83830761,22.82611504,31.09901095,0.689009891,45.31128396,TRUE,FALSE,NORMAL
25,63,10,922.1768364,714.724146,4.32285895,100,8.980054816,5.349496781,0,0,0,TRUE,FALSE,NORMAL
25,64,1,85.48811296,931.8642117,4.596466295,100,9.937634828,0,12.72270584,0.872772942,59.89011794,TRUE,FALSE,NORMAL
25,64,2,255.7945972,854.3141067,9.106736104,100,49.42300636,0.652286796,14.54188457,0.854581154,58.4373243,TRUE,FALSE,NORMAL
25,64,3,399.4795152,420.224983,1.979052292,100,0.902270286,1.156543594,30.92158331,0.690784167,45.39507141,TRUE,FALSE,NORMAL
25,64,4,612.9370917,0,8.258896091,100,63.46613105,15.50666515,0,0,0,TRUE,FALSE,NORMAL
25,64,5,425.626418,334.903816,2.783384907,100,9.461187345,10.42393102,31.66999376,0.683300062,44.85241367,TRUE,FALSE,NORMAL
25,64,6,255.6460806,453.2569932,5.266203523,100,10.41513457,7.607906203,16.05580996,0.8394419,57.23129983,TRUE,FALSE,NORMAL
25,64,7,120.3935693,113.9618964,3.316586455,100,15.97719763,9.888412259,0,0,0,TRUE,FALSE,NORMAL
25,64,8,100.9381445,669.3915229,6.132628058,100,1.376302158,2.957599126,7.420873259,0.925791267,64.12163097,TRUE,FALSE,NORMAL
25,64,9,391.3069414,305.9804905,3.854989156,100,15.17034016,24.48949592,30.60956149,0.693904385,45.68944915,TRUE,FALSE,NORMAL
25,64,10,920.6659548,718.774374,4.32285895,100,13.36056685,7.770629686,0,0,0,TRUE,FALSE,NORMAL
25,65,1,81.88223007,934.7146697,4.596466295,100,10.34058805,1.312057003,11.66710337,0.883328966,60.73286189,TRUE,FALSE,NORMAL
25,65,2,251.4641417,846.3028772,9.106736104,100,50.01214936,2.109214614,14.78682182,0.852131782,58.24144987,TRUE,FALSE,NORMAL
25,65,3,399.8701926,422.165091,1.979052292,100,2.633670484,1.420985636,30.28969626,0.697103037,45.89584684,TRUE,FALSE,NORMAL
25,65,4,621.1958096,0,8.258896091,100,58.99263379,16.5648278,0,0,0,TRUE,FALSE,NORMAL
25,65,5,427.4255732,332.7800759,2.783384907,100,9.382462063,12.50578202,31.03676608,0.689632339,45.35422992,TRUE,FALSE,NORMAL
25,65,6,255.1456889,458.4993694,5.266203523,100,11.6604501,7.314421067,15.83911694,0.841608831,57.40373438,TRUE,FALSE,NORMAL
25,65,7,118.8889991,111.0062215,3.316586455,100,15.03762272,8.082117204,0,0,0,TRUE,FALSE,NORMAL
25,65,8,104.2435271,664.2259084,6.132628058,100,1.498554514,4.430062186,7.936137315,0.920638627,63.71022862,TRUE,FALSE,NORMAL
25,65,9,393.2615658,302.6577831,3.854989156,100,11.58820073,25.35407962,29.82726604,0.70172734,46.31093026,TRUE,FALSE,NORMAL
25,65,10,924.7365431,720.22951,4.32285895,100,8.752300449,5.461605244,0,0,0,TRUE,FALSE,NORMAL
25,66,1,83.00289215,939.1724291,4.596466295,100,14.17763513,2.513212828,12.35780667,0.876421933,60.18183615,TRUE,FALSE,NORMAL
25,66,2,247.1491818,854.3224635,9.106736104,100,53.81194778,4.731451135,15.37893793,0.846210621,57.76919389,TRUE,FALSE,NORMAL
25,66,3,400.2976732,424.0974234,1.979052292,100,5.301550957,0.921910951,29.79080193,0.702091981,46.29186774,TRUE,FALSE,NORMAL
25,66,4,629.4404487,0.485067369,8.258896091,100,55.49158262,16.99835716,0,0,0,TRUE,FALSE,NORMAL
25,66,5,430.077465,333.6254764,2.783384907,100,6.222150975,9.615754917,30.48859473,0.695114053,45.77922409,TRUE,FALSE,NORMAL
25,66,6,252.4973789,453.9475177,5.266203523,100,7.381347665,6.361802662,15.40889945,0.845911006,57.7471417,TRUE,FALSE,NORMAL
25,66,7,121.59258,112.9272618,3.316586455,100,15.28751332,9.09171607,0,0,0,TRUE,FALSE,NORMAL
25,66,8,103.3252951,670.2894038,6.132628058,100,0.491213819,6.227625354,7.640143678,0.923598563,63.9466298,TRUE,FALSE,NORMAL
25,66,9,391.5612449,299.198036,3.854989156,100,15.61589027,27.94609332,29.14396194,0.708560381,46.84331488,TRUE,FALSE,NORMAL
25,66,10,925.7603074,724.4293929,4.32285895,100,8.454745947,3.880114335,0,0,0,TRUE,FALSE,NORMAL
25,67,1,82.68517518,943.7579017,4.596466295,100,10.60710002,3.026166256,11.41165777,0.885883422,60.93751221,TRUE,FALSE,NORMAL
25,67,2,250.0675905,862.9489073,9.106736104,100,56.48728089,3.396677136,14.07619834,0.859238017,58.80929372,TRUE,FALSE,NORMAL
25,67,3,398.3535831,424.467777,1.979052292,100,8.433823229,1.046244068,29.67289409,0.703271059,46.38484142,TRUE,FALSE,NORMAL
25,67,4,633.3707271,7.748832017,8.258896091,100,51.57627993,19.81808193,0,0,0,TRUE,FALSE,NORMAL
25,67,5,432.0518421,331.6635725,2.783384907,100,4.736289917,10.40854117,29.82245303,0.70177547,46.30664553,TRUE,FALSE,NORMAL
25,67,6,251.5642326,459.1303873,5.266203523,100,3.885261146,7.84830925,15.44822706,0.845517729,57.7155563,TRUE,FALSE,NORMAL
25,67,7,118.3824072,112.0938734,3.316586455,100,14.43211972,10.49188593,0,0,0,TRUE,FALSE,NORMAL
25,67,8,101.2730357,664.5103591,6.132628058,100,2.68506018,4.641237662,6.725422474,0.932745775,64.67711199,TRUE,FALSE,NORMAL
25,67,9,388.2449357,301.1634963,3.854989156,100,14.77212084,29.44594595,29.0758072,0.709241928,46.89521421,TRUE,FALSE,NORMAL
25,67,10,930.0010851,725.2677921,4.32285895,100,9.279910245,6.477347026,0,0,0,TRUE,FALSE,NORMAL
25,68,1,86.87753705,941.8733316,4.596466295,100,14.03462665,3.994003147,12.41384726,0.875861527,60.13872215,TRUE,FALSE,NORMAL
25,68,2,241.1519824,864.804864,9.106736104,100,58.23780827,3.033534339,15.5282083,0.844717917,57.65126475,TRUE,FALSE,NORMAL
25,68,3,397.1569797,422.8914559,1.979052292,100,7.013921467,3.586741517,29.77386164,0.702261384,46.30443458,TRUE,FALSE,NORMAL
25,68,4,625.9332217,4.158166564,8.258896091,100,51.24649985,17.02251,0,0,0,TRUE,FALSE,NORMAL
25,68,5,429.7263828,330.1340397,2.783384907,100,8.413760957,9.779497664,30.25571033,0.697442897,45.96477533,TRUE,FALSE,NORMAL
25,68,6,252.5605636,453.9592923,5.266203523,100,0,5.42325603,15.84495244,0.841550476,57.39915597,TRUE,FALSE,NORMAL
25,68,7,119.7502026,115.1152773,3.316586455,100,16.64252037,8.155736534,0,0,0,TRUE,FALSE,NORMAL
25,68,8,106.4229137,661.1805117,6.132628058,100,0,2.07870354,6.909024056,0.930909759,64.53052369,TRUE,FALSE,NORMAL
25,68,9,390.1485669,297.8113135,3.854989156,100,19.23532447,30.00941944,29.17087642,0.708291236,46.82277478,TRUE,FALSE,NORMAL
25,68,10,929.961025,720.9451188,4.32285895,100,11.72611734,6.141732938,0,0,0,TRUE,FALSE,NORMAL
25,69,1,84.13357362,938.1857623,4.596466295,100,18.71254661,5.767023452,11.99119234,0.880088077,60.47514817,TRUE,FALSE,NORMAL
25,69,2,245.9923044,857.0909852,9.106736104,100,63.21017481,2.396989497,15.44730281,0.845526972,57.7149362,TRUE,FALSE,NORMAL
25,69,3,395.4939655,421.8185944,1.979052292,100,7.581800172,1.459629427,30.23353539,0.697664646,45.93911693,TRUE,FALSE,NORMAL
25,69,4,621.3370263,0,8.258896091,100,48.69587471,18.39337389,0,0,0,TRUE,FALSE,NORMAL
25,69,5,431.4670075,332.3060105,2.783384907,100,12.09327235,10.76322052,30.52008126,0.694799187,45.75288909,TRUE,FALSE,NORMAL
25,69,6,257.8145536,454.3177454,5.266203523,100,0,7.788554226,16.28096827,0.837190317,57.05179126,TRUE,FALSE,NORMAL
25,69,7,121.1686702,118.1132258,3.316586455,100,14.50353516,8.440878753,0,0,0,TRUE,FALSE,NORMAL
25,69,8,112.5191465,661.8476497,6.132628058,100,0,4.070515643,7.549115854,0.924508841,64.01935292,TRUE,FALSE,NORMAL
25,69,9,393.7403988,296.4114259,3.854989156,100,18.90406421,27.96320612,29.08964924,0.709103508,46.8859226,TRUE,FALSE,NORMAL
25,69,10,931.2552936,716.8205609,4.32285895,100,9.74571626,7.922589518,0,0,0,TRUE,FALSE,NORMAL
25,70,1,84.7646719,942.7386974,4.596466295,100,17.63948355,8.09162446,11.30402909,0.886959709,61.02292973,TRUE,FALSE,NORMAL
25,70,2,251.4882405,849.8296266,9.106736104,100,59.92094629,0.628776945,15.24588763,0.847541124,57.8749813,TRUE,FALSE,NORMAL
25,70,3,396.742901,423.3537843,1.979052292,100,7.435569241,3.96659751,29.83431124,0.701656888,46.25625289,TRUE,FALSE,NORMAL
25,70,4,629.5887404,0.344353981,8.258896091,100,47.00588408,15.59503691,0,0,0,TRUE,FALSE,NORMAL
25,70,5,428.8013129,331.5051962,2.783384907,100,15.26952423,11.06578259,30.62042365,0.693795763,45.67087918,TRUE,FALSE,NORMAL
25,70,6,256.6613212,449.1793648,5.266203523,100,0,6.487675691,16.07301133,0.839269887,57.21789104,TRUE,FALSE,NORMAL
25,70,7,117.9688395,118.9854811,3.316586455,100,11.98259893,7.515394388,0,0,0,TRUE,FALSE,NORMAL
25,70,8,112.2265431,667.9732933,6.132628058,100,0,4.40013195,7.565017766,0.924349822,64.0067609,TRUE,FALSE,NORMAL
25,70,9,392.5615932,292.741091,3.854989156,100,22.57098231,25.17093999,28.79435497,0.71205645,47.11897957,TRUE,FALSE,NORMAL
25,70,10,933.868515,720.2641322,4.32285895,100,13.83206005,9.894860519,0,0,0,TRUE,FALSE,NORMAL
25,71,1,81.85416298,939.1811083,4.596466295,100,17.50695135,10.06954549,11.27415495,0.88725845,61.04671282,TRUE,FALSE,NORMAL
25,71,2,255.4609869,858.0241326,9.106736104,100,61.07415337,0,13.94888512,0.860511149,58.91046736,TRUE,FALSE,NORMAL
25,71,3,398.2222643,424.6683687,1.979052292,100,2.797041258,3.978716769,29.83525765,0.701647423,46.2552667,TRUE,FALSE,NORMAL
25,71,4,621.5231285,2.120661938,8.258896091,100,42.76297188,17.97934623,0,0,0,TRUE,FALSE,NORMAL
25,71,5,431.5626302,331.8549931,2.783384907,100,16.46874402,10.1420775,30.63338376,0.693666162,45.66194499,TRUE,FALSE,NORMAL
25,71,6,256.0835,443.9449573,5.266203523,100,0,6.287620042,16.10288112,0.838971189,57.19411092,TRUE,FALSE,NORMAL
25,71,7,118.777024,115.7688706,3.316586455,100,14.02957419,10.18113599,0,0,0,TRUE,FALSE,NORMAL
25,71,8,107.0877541,664.6263582,6.132628058,100,2.706609542,3.574125503,6.53851122,0.934614888,64.82639645,TRUE,FALSE,NORMAL
25,71,9,393.6622381,296.4356169,3.854989156,100,21.07545351,24.97274275,29.30974048,0.706902595,46.71010243,TRUE,FALSE,NORMAL
25,71,10,932.9948258,716.030484,4.32285895,100,17.51007061,10.98358248,0,0,0,TRUE,FALSE,NORMAL
25,72,1,81.33197063,934.6144007,4.596466295,100,19.15119491,7.623196928,11.41852267,0.885814773,60.93080609,TRUE,FALSE,NORMAL
25,72,2,264.4215516,859.6492239,9.106736104,100,65.61196651,0,13.36112188,0.866388781,59.37936392,TRUE,FALSE,NORMAL
25,72,3,400.1720346,425.0075501,1.979052292,100,4.642908773,1.085317515,30.113717,0.69886283,46.03415998,TRUE,FALSE,NORMAL
25,72,4,622.1132735,0,8.258896091,100,47.74816834,17.95107237,0,0,0,TRUE,FALSE,NORMAL
25,72,5,428.8461212,332.4614668,2.783384907,100,18.60166378,9.830727573,31.38718497,0.68612815,45.06884984,TRUE,FALSE,NORMAL
25,72,6,261.3496516,443.9683351,5.266203523,100,4.219355561,8.817313223,16.43083846,0.835691615,56.93288776,TRUE,FALSE,NORMAL
25,72,7,121.8860562,116.9237145,3.316586455,100,16.19732905,12.52584421,0,0,0,TRUE,FALSE,NORMAL
25,72,8,111.7678494,668.589417,6.132628058,100,6.030517917,4.547283666,6.736737214,0.932632628,64.66803532,TRUE,FALSE,NORMAL
25,72,9,397.5148275,296.5716185,3.854989156,100,23.89440913,22.38591258,29.62230797,0.70377692,46.46836054,TRUE,FALSE,NORMAL
25,72,10,936.146132,713.0713662,4.32285895,100,19.77716899,8.04566396,0,0,0,TRUE,FALSE,NORMAL
25,73,1,78.3120612,931.1491952,4.596466295,100,21.93977013,9.235450447,11.7560804,0.882439196,60.66182397,TRUE,FALSE,NORMAL
25,73,2,257.6441792,865.7319753,9.106736104,100,69.20769613,0,13.45303924,0.865469608,59.30648277,TRUE,FALSE,NORMAL
25,73,3,402.0052691,424.2619636,1.979052292,100,2.813970123,3.969063571,30.45302095,0.695469791,45.76452524,TRUE,FALSE,NORMAL
25,73,4,625.6907407,7.443862744,8.258896091,100,49.68996395,15.09910933,0,0,0,TRUE,FALSE,NORMAL
25,73,5,426.4942111,330.9729272,2.783384907,100,21.61467683,11.40025948,32.17616532,0.678238347,44.45435157,TRUE,FALSE,NORMAL
25,73,6,265.2573492,440.4380661,5.266203523,100,2.533629936,8.567696661,16.99317612,0.830068239,56.48452909,TRUE,FALSE,NORMAL
25,73,7,124.7198179,118.64695,3.316586455,100,20.15001854,11.63736365,0,0,0,TRUE,FALSE,NORMAL
25,73,8,111.3587683,662.4704482,6.132628058,100,6.845095101,6.588860745,6.228741775,0.937712582,65.07373504,TRUE,FALSE,NORMAL
25,73,9,400.5412386,298.959458,3.854989156,100,28.73486433,20.65422484,30.48523785,0.695147621,45.79525761,TRUE,FALSE,NORMAL
25,73,10,932.3979978,710.9176254,4.32285895,100,18.66982629,7.44448576,0,0,0,TRUE,FALSE,NORMAL
25,74,1,81.59363067,927.9306856,4.596466295,100,19.81588158,11.06765697,12.09449989,0.879055001,60.39140281,TRUE,FALSE,NORMAL
25,74,2,259.922374,856.9148062,9.106736104,100,65.75949203,0,13.59189648,0.864081035,59.19550888,TRUE,FALSE,NORMAL
25,74,3,402.2043359,422.2929486,1.979052292,100,0,1.97689396,30.38536549,0.696146345,45.81841819,TRUE,FALSE,NORMAL
25,74,4,623.2471847,0,8.258896091,100,50.70356885,15.48263307,0,0,0,TRUE,FALSE,NORMAL
25,74,5,427.0145429,328.2386108,2.783384907,100,21.11982969,11.37923506,32.26706904,0.67732931,44.39826848,TRUE,FALSE,NORMAL
25,74,6,260.8615884,437.5380339,5.266203523,100,0,5.822087229,16.38790882,0.836120912,56.96713472,TRUE,FALSE,NORMAL
25,74,7,121.6920638,117.2932695,3.316586455,100,17.16288385,10.38027004,0,0,0,TRUE,FALSE,NORMAL
25,74,8,105.2959664,663.3932484,6.132628058,100,2.528866969,7.35630572,6.437125542,0.935628745,64.90732377,TRUE,FALSE,NORMAL
25,74,9,403.7664441,301.0710903,3.854989156,100,25.36801233,22.6858891,30.97443558,0.690255644,45.42256312,TRUE,FALSE,NORMAL
25,74,10,933.9829917,706.8958219,4.32285895,100,17.98798555,6.687244528,0,0,0,TRUE,FALSE,NORMAL
25,75,1,77.88140215,925.2201761,4.596466295,100,15.40177701,9.135279826,11.70737251,0.882926275,60.69967648,TRUE,FALSE,NORMAL
25,75,2,267.4936528,851.8543339,9.106736104,100,65.83331384,0.427583453,12.55368995,0.874463101,60.02379109,TRUE,FALSE,NORMAL
25,75,3,400.8573636,420.8430129,1.979052292,100,0,0,31.04443428,0.689555657,45.29531909,TRUE,FALSE,NORMAL
25,75,4,620.1869101,0,8.258896091,100,48.52559197,15.41691906,0,0,0,TRUE,FALSE,NORMAL
25,75,5,426.9512758,331.0212766,2.783384907,100,19.05399872,10.67723908,32.88443182,0.671155682,43.90871128,TRUE,FALSE,NORMAL
25,75,6,265.7690402,435.6275846,5.266203523,100,4.745839646,7.5076876,16.60127893,0.833987211,56.79802242,TRUE,FALSE,NORMAL
25,75,7,119.0788039,119.3354786,3.316586455,100,20.77652756,10.80498099,0,0,0,TRUE,FALSE,NORMAL
25,75,8,100.653543,667.4003711,6.132628058,100,0.398841449,6.56938401,6.183088313,0.938169117,65.11030471,TRUE,FALSE,NORMAL
25,75,9,407.6063697,301.4115491,3.854989156,100,27.25584124,23.3630177,31.22221487,0.687777851,45.22663454,TRUE,FALSE,NORMAL
25,75,10,938.0265761,705.3672489,4.32285895,100,14.35761968,9.36335711,0,0,0,TRUE,FALSE,NORMAL
25,76,1,82.30891815,923.9854273,4.596466295,100,15.68804894,11.97388757,12.77452067,0.872254793,59.84826518,TRUE,FALSE,NORMAL
25,76,2,258.947023,848.7098527,9.106736104,100,62.49745824,0,14.53031487,0.854696851,58.44619266,TRUE,FALSE,NORMAL
25,76,3,398.8838159,420.9905178,1.979052292,100,2.932562246,2.226119364,31.23961551,0.687603845,45.13974586,TRUE,FALSE,NORMAL
25,76,4,614.0941676,0,8.258896091,100,46.05508724,15.76801096,0,0,0,TRUE,FALSE,NORMAL
25,76,5,429.5601889,330.0513262,2.783384907,100,23.85955503,11.19057748,32.87450597,0.67125494,43.92287173,TRUE,FALSE,NORMAL
25,76,6,265.6625186,430.3624586,5.266203523,100,4.250865051,8.277916045,16.92568319,0.830743168,56.53957398,TRUE,FALSE,NORMAL
25,76,7,122.1260704,120.6446434,3.316586455,100,20.71253266,11.0694234,0,0,0,TRUE,FALSE,NORMAL
25,76,8,106.7768224,667.7388626,6.132628058,100,0,4.088196352,6.887239562,0.931127604,64.54805806,TRUE,FALSE,NORMAL
25,76,9,407.0960422,305.2326101,3.854989156,100,26.52959724,24.07600499,31.91554701,0.68084453,44.68164812,TRUE,FALSE,NORMAL
25,76,10,941.4651137,702.7474077,4.32285895,100,19.313209,11.56212286,0,0,0,TRUE,FALSE,NORMAL
25,77,1,86.61405527,925.595799,4.596466295,100,17.47100828,13.09684392,13.36654545,0.866334546,59.37612504,TRUE,FALSE,NORMAL
25,77,2,251.9636393,842.8647697,9.106736104,100,64.65065803,0,16.30180279,0.836981972,57.03246943,TRUE,FALSE,NORMAL
25,77,3,400.0859228,419.4183897,1.979052292,100,0.890043008,0.285436503,31.09805147,0.689019485,45.25354723,TRUE,FALSE,NORMAL
25,77,4,609.4741146,0,8.258896091,100,43.09235281,13.07640597,0,0,0,TRUE,FALSE,NORMAL
25,77,5,429.2298613,332.8150402,2.783384907,100,22.25554216,8.26372515,32.89428245,0.671057176,43.89985516,TRUE,FALSE,NORMAL
25,77,6,260.8507882,428.22233,5.266203523,100,1.667312004,6.287993095,16.46653654,0.835334635,56.90507501,TRUE,FALSE,NORMAL
25,77,7,125.3611528,119.9138991,3.316586455,100,22.04846477,8.741060175,0,0,0,TRUE,FALSE,NORMAL
25,77,8,112.670712,669.433322,6.132628058,100,4.809342225,4.630666038,7.807860504,0.921921395,63.81303222,TRUE,FALSE,NORMAL
25,77,9,409.876373,302.5622726,3.854989156,100,28.64753992,23.07199511,31.33790125,0.686620987,45.132927,TRUE,FALSE,NORMAL
25,77,10,937.7827956,700.4829778,4.32285895,100,14.99946925,12.09670794,0,0,0,TRUE,FALSE,NORMAL
25,78,1,86.11793274,921.0261858,4.596466295,100,21.90787427,13.46735571,13.78685535,0.862131446,59.04021384,TRUE,FALSE,NORMAL
25,78,2,251.9307116,833.7580932,9.106736104,100,66.83401076,0.64660341,17.18344859,0.828165514,56.32869462,TRUE,FALSE,NORMAL
25,78,3,400.3973433,417.4639933,1.979052292,100,0,0.099302474,30.79293717,0.692070628,45.49640472,TRUE,FALSE,NORMAL
25,78,4,607.5000242,8.019496978,8.258896091,100,44.58830984,11.72488055,0,0,0,TRUE,FALSE,NORMAL
25,78,5,431.9134049,332.0762405,2.783384907,100,21.44237998,6.982480105,32.23604984,0.677639502,44.4105474,TRUE,FALSE,NORMAL
25,78,6,255.7408662,426.948911,5.266203523,100,4.991321373,5.050479222,15.89404261,0.841059574,57.36124775,TRUE,FALSE,NORMAL
25,78,7,122.0446408,119.8916733,3.316586455,100,25.55124036,10.95004627,0,0,0,TRUE,FALSE,NORMAL
25,78,8,117.6237338,673.0494943,6.132628058,100,2.530254852,6.756117466,9.003336472,0.909966635,62.85866793,TRUE,FALSE,NORMAL
25,78,9,406.9443839,300.059398,3.854989156,100,31.64983091,21.24513028,30.87068919,0.691293108,45.49100072,TRUE,FALSE,NORMAL
25,78,10,939.223029,696.407093,4.32285895,100,16.48771745,12.15686124,0,0,0,TRUE,FALSE,NORMAL
25,79,1,89.91082708,918.4297546,4.596466295,100,24.40187355,13.11910161,14.72213059,0.852778694,58.29394641,TRUE,FALSE,NORMAL
25,79,2,254.4444068,842.5110343,9.106736104,100,66.69625837,0,17.46399327,0.825360067,56.10513287,TRUE,FALSE,NORMAL
25,79,3,399.150191,419.0006322,1.979052292,100,0,1.219543766,30.27803699,0.69721963,45.90522005,TRUE,FALSE,NORMAL
25,79,4,615.2960066,10.74567076,8.258896091,100,46.24225651,10.78202475,0,0,0,TRUE,FALSE,NORMAL
25,79,5,434.2347039,333.6120799,2.783384907,100,18.61685672,6.244936773,31.5414569,0.684585431,44.95402377,TRUE,FALSE,NORMAL
25,79,6,251.8722161,430.5219274,5.266203523,100,5.224787838,6.390698059,15.35486023,0.846451398,57.79097828,TRUE,FALSE,NORMAL
25,79,7,120.6754863,122.9124615,3.316586455,100,26.04104681,12.0199849,0,0,0,TRUE,FALSE,NORMAL
25,79,8,123.1543274,675.699336,6.132628058,100,2.320131004,7.029105558,9.417571811,0.905824282,62.52770262,TRUE,FALSE,NORMAL
25,79,9,408.9774252,296.7840836,3.854989156,100,30.40355668,23.77501752,29.82539707,0.701746029,46.31376182,TRUE,FALSE,NORMAL
25,79,10,935.3149385,698.2547775,4.32285895,100,12.63933151,10.39210953,0,0,0,TRUE,FALSE,NORMAL
25,80,1,89.16316252,922.9650054,4.596466295,100,27.56895067,12.89895752,14.90283534,0.850971647,58.14971595,TRUE,FALSE,NORMAL
25,80,2,247.6549369,836.4417888,9.106736104,100,70.81471102,0,18.65117744,0.813488226,55.15790759,TRUE,FALSE,NORMAL
25,80,3,398.2729366,420.7746312,1.979052292,100,0,0.629598784,30.28301315,0.697169868,45.90159254,TRUE,FALSE,NORMAL
25,80,4,619.1889153,18.02953144,8.258896091,100,44.97676895,10.02847773,0,0,0,TRUE,FALSE,NORMAL
25,80,5,432.5885652,335.8565083,2.783384907,100,23.03019392,7.829277282,31.88416747,0.681158325,44.68764839,TRUE,FALSE,NORMAL
25,80,6,249.2134154,425.9761954,5.266203523,100,1.447635501,3.801701752,15.05824545,0.849417546,58.0278791,TRUE,FALSE,NORMAL
25,80,7,117.4604462,122.0980522,3.316586455,100,24.76597236,14.84868937,0,0,0,TRUE,FALSE,NORMAL
25,80,8,122.7519859,681.8187517,6.132628058,100,3.725766519,9.39917702,9.785695307,0.902143047,62.2343834,TRUE,FALSE,NORMAL
25,80,9,411.5510639,299.6541577,3.854989156,100,27.65330814,24.47633496,30.08212226,0.699178777,46.11582241,TRUE,FALSE,NORMAL
25,80,10,932.9837236,694.6143727,4.32285895,100,14.98935378,8.82799299,0,0,0,TRUE,FALSE,NORMAL
25,81,1,91.60238631,919.06915,4.596466295,100,30.33717069,15.0098647,16.03004948,0.839699505,57.25036026,TRUE,FALSE,NORMAL
25,81,2,249.4318149,845.3734934,9.106736104,100,70.52290373,2.620205898,18.35193599,0.81648064,55.39702241,TRUE,FALSE,NORMAL
25,81,3,397.5798094,422.6283364,1.979052292,100,2.479147404,3.420091501,29.78271448,0.702172855,46.29950789,TRUE,FALSE,NORMAL
25,81,4,626.3038689,22.22319329,8.258896091,100,42.73801502,7.944771425,0,0,0,TRUE,FALSE,NORMAL
25,81,5,430.1401387,337.1803054,2.783384907,100,23.5627489,5.190504145,31.54799001,0.6845201,44.94712231,TRUE,FALSE,NORMAL
25,81,6,243.9487587,425.8485669,5.266203523,100,0,4.362145744,14.53326008,0.854667399,58.44654032,TRUE,FALSE,NORMAL
25,81,7,119.6004811,119.5642811,3.316586455,100,28.07274006,12.38502582,0,0,0,TRUE,FALSE,NORMAL
25,81,8,117.0248564,684.011721,6.132628058,100,3.207430873,6.725249616,9.494212025,0.90505788,62.46684969,TRUE,FALSE,NORMAL
25,81,9,408.9635671,296.796571,3.854989156,100,30.12493169,26.79421531,29.37712277,0.706228772,46.6686174,TRUE,FALSE,NORMAL
25,81,10,932.3256572,690.3418959,4.32285895,100,14.32988722,9.377707282,0,0,0,TRUE,FALSE,NORMAL
25,82,1,89.54493502,923.1794293,4.596466295,100,34.35153884,13.53914802,15.48557849,0.845144215,57.68557073,TRUE,FALSE,NORMAL
25,82,2,240.4262136,844.0200583,9.106736104,100,65.82337908,2.042538661,18.79479947,0.812052005,55.04393271,TRUE,FALSE,NORMAL
25,82,3,399.4587495,423.2498122,1.979052292,100,4.831226609,4.124427989,29.68316942,0.703168306,46.37766369,TRUE,FALSE,NORMAL
25,82,4,621.176952,28.6980746,8.258896091,100,41.28026032,10.04558394,0,0,0,TRUE,FALSE,NORMAL
25,82,5,431.8869097,335.0132747,2.783384907,100,20.97696966,3.409092923,31.40045988,0.685995401,45.05871339,TRUE,FALSE,NORMAL
25,82,6,248.9341932,424.1519991,5.266203523,100,0,6.765631673,15.10143767,0.848985623,57.99334999,TRUE,FALSE,NORMAL
25,82,7,119.7077623,122.879132,3.316586455,100,27.22394416,10.9868154,0,0,0,TRUE,FALSE,NORMAL
25,82,8,116.4692918,677.9043095,6.132628058,100,1.744270037,7.975285664,9.079622712,0.909203773,62.79789783,TRUE,FALSE,NORMAL
25,82,9,405.6784516,294.7794053,3.854989156,100,28.43452027,26.00449321,29.44592938,0.705540706,46.60831676,TRUE,FALSE,NORMAL
25,82,10,930.0951415,694.0448554,4.32285895,100,11.60805724,11.96780446,0,0,0,TRUE,FALSE,NORMAL
25,83,1,84.99347007,922.5378148,4.596466295,100,38.86336749,12.40509101,14.07800723,0.859219928,58.80810661,TRUE,FALSE,NORMAL
25,83,2,248.3259837,839.4894652,9.106736104,100,61.4323116,4.378903159,17.65533896,0.82344661,55.95232897,TRUE,FALSE,NORMAL
25,83,3,401.0447701,422.066095,1.979052292,100,7.519458487,6.808052377,29.88308103,0.70116919,46.21919375,TRUE,FALSE,NORMAL
25,83,4,618.5127541,36.51545358,8.258896091,100,37.15736726,10.82258512,0,0,0,TRUE,FALSE,NORMAL
25,83,5,434.096698,336.7056302,2.783384907,100,17.708035,4.520635605,31.40619729,0.685938027,45.04552901,TRUE,FALSE,NORMAL
25,83,6,254.1559013,423.468871,5.266203523,100,0,6.85425531,15.57539142,0.844246086,57.61538691,TRUE,FALSE,NORMAL
25,83,7,116.4632485,123.5667914,3.316586455,100,32.09945246,9.186413183,0,0,0,TRUE,FALSE,NORMAL
25,83,8,121.6212141,674.5776259,6.132628058,100,0,10.88040853,8.951385579,0.910486144,62.90023528,TRUE,FALSE,NORMAL
25,83,9,406.1451451,290.9527699,3.854989156,100,33.19393743,26.2925902,29.0426769,0.709573231,46.91989915,TRUE,FALSE,NORMAL
25,83,10,927.4079548,697.4310239,4.32285895,100,7.479444333,13.38687487,0,0,0,TRUE,FALSE,NORMAL
25,84,1,80.42206807,922.0584547,4.596466295,100,36.23699982,13.07980621,12.68038436,0.873196156,59.92322142,TRUE,FALSE,NORMAL
25,84,2,252.746481,831.5275656,9.106736104,100,58.57453096,5.580339469,16.48395906,0.835160409,56.88662824,TRUE,FALSE,NORMAL
25,84,3,401.4663094,420.1324579,1.979052292,100,5.706284729,7.178272933,30.45197137,0.695480286,45.76672679,TRUE,FALSE,NORMAL
25,84,4,623.8579111,42.81137777,8.258896091,100,34.12413321,12.64442086,0,0,0,TRUE,FALSE,NORMAL
25,84,5,436.5148839,335.3273675,2.783384907,100,18.3216871,6.314371836,31.61328891,0.683867111,44.8829468,TRUE,FALSE,NORMAL
25,84,6,259.4164342,423.2245485,5.266203523,100,0.509552542,8.289756392,16.21689849,0.837831015,57.10398645,TRUE,FALSE,NORMAL
25,84,7,114.3893571,120.9786029,3.316586455,100,33.7916747,10.37245295,0,0,0,TRUE,FALSE,NORMAL
25,84,8,118.8888496,669.0873335,6.132628058,100,0,11.65507248,8.560349987,0.9143965,63.21242043,TRUE,FALSE,NORMAL
25,84,9,404.529325,294.4527794,3.854989156,100,35.54064773,24.92722913,29.88598491,0.701140151,46.25082433,TRUE,FALSE,NORMAL
25,84,10,926.0864166,693.3151223,4.32285895,100,7.437544177,14.82788873,0,0,0,TRUE,FALSE,NORMAL
25,85,1,83.03319224,918.2756604,4.596466295,100,41.17013437,14.98690314,12.48578807,0.875142119,60.0783683,TRUE,FALSE,NORMAL
25,85,2,256.8872882,823.4166866,9.106736104,100,63.38535173,3.622724933,16.6653143,0.833346857,56.74184765,TRUE,FALSE,NORMAL
25,85,3,402.8624094,418.7297631,1.979052292,100,4.60743348,6.957584647,30.65486117,0.693451388,45.60688487,TRUE,FALSE,NORMAL
25,85,4,629.1985869,49.11110365,8.258896091,100,38.60886959,14.19523226,0,0,0,TRUE,FALSE,NORMAL
25,85,5,435.6921312,337.9863729,2.783384907,100,19.67361719,6.537563421,32.04839803,0.67951602,44.53472655,TRUE,FALSE,NORMAL
25,85,6,260.8448321,418.1557637,5.266203523,100,0,6.570316178,16.4510752,0.835489248,56.91721632,TRUE,FALSE,NORMAL
25,85,7,111.6969862,122.9153229,3.316586455,100,36.82369498,11.0558553,0,0,0,TRUE,FALSE,NORMAL
25,85,8,124.614324,666.8900467,6.132628058,100,0,8.748835742,8.90855171,0.910914483,62.9345537,TRUE,FALSE,NORMAL
25,85,9,407.4484315,291.9348917,3.854989156,100,37.41588849,22.65282404,29.72149905,0.702785009,46.37848535,TRUE,FALSE,NORMAL
25,85,10,929.9539411,695.2462784,4.32285895,100,10.93547967,13.6656161,0,0,0,TRUE,FALSE,NORMAL
25,86,1,86.49040595,921.3047156,4.596466295,100,36.75970534,14.56566174,13.17059203,0.86829408,59.5323012,TRUE,FALSE,NORMAL
25,86,2,247.8621196,824.6328174,9.106736104,100,61.74198824,4.224717406,18.30921555,0.816907844,55.43049495,TRUE,FALSE,NORMAL
25,86,3,401.4759114,417.3175764,1.979052292,100,6.590573874,6.479661357,30.84472157,0.691552784,45.45532888,TRUE,FALSE,NORMAL
25,86,4,626.6902131,41.24234103,8.258896091,100,36.91819541,11.34993995,0,0,0,TRUE,FALSE,NORMAL
25,86,5,435.6068149,335.2042959,2.783384907,100,20.40687105,7.219463204,32.1406062,0.678593938,44.46204602,TRUE,FALSE,NORMAL
25,86,6,262.1594872,413.056295,5.266203523,100,0,5.447175748,16.82629832,0.831737017,56.61839127,TRUE,FALSE,NORMAL
25,86,7,112.8616732,126.0206812,3.316586455,100,39.94833072,8.663035921,0,0,0,TRUE,FALSE,NORMAL
25,86,8,130.5263246,668.5201927,6.132628058,100,2.907921813,10.408216,9.137051931,0.908629481,62.75257938,TRUE,FALSE,NORMAL
25,86,9,403.7385291,292.9825394,3.854989156,100,34.33372664,23.63477979,30.37066614,0.696293339,45.86290986,TRUE,FALSE,NORMAL
25,86,10,926.7296063,692.3669079,4.32285895,100,7.390369968,11.22776606,0,0,0,TRUE,FALSE,NORMAL
25,87,1,83.8761924,925.0853756,4.596466295,100,38.71573978,15.57684805,12.49068045,0.875093195,60.07552327,TRUE,FALSE,NORMAL
25,87,2,246.2580693,833.5971726,9.106736104,100,65.10471924,5.780103497,17.44966725,0.825503327,56.11630349,TRUE,FALSE,NORMAL
25,87,3,399.4979163,417.3822542,1.979052292,100,4.968748368,6.861172598,30.70552671,0.692944733,45.5665975,TRUE,FALSE,NORMAL
25,87,4,629.565614,48.98452639,8.258896091,100,34.43810888,12.72284032,0,0,0,TRUE,FALSE,NORMAL
25,87,5,434.1529666,337.5778073,2.783384907,100,23.78562086,4.470658429,32.02010435,0.679798957,44.55204828,TRUE,FALSE,NORMAL
25,87,6,259.1738557,408.7182189,5.266203523,100,0,7.850364725,16.92866423,0.830713358,56.53651931,TRUE,FALSE,NORMAL
25,87,7,113.3833511,122.74538,3.316586455,100,44.28751226,7.126828624,0,0,0,TRUE,FALSE,NORMAL
25,87,8,129.2449449,662.5229272,6.132628058,100,3.605064627,12.03651843,8.042468761,0.919575312,63.62620246,TRUE,FALSE,NORMAL
25,87,9,401.5170171,289.8320115,3.854989156,100,30.18683429,24.74255846,29.8989453,0.701010547,46.23153453,TRUE,FALSE,NORMAL
25,87,10,926.3906578,688.0573576,4.32285895,100,3.475959915,13.11969706,0,0,0,TRUE,FALSE,NORMAL
25,88,1,82.23538593,929.3790053,4.596466295,100,34.39335336,18.23648445,12.51585922,0.874841408,60.0555439,TRUE,FALSE,NORMAL
25,88,2,245.8737676,842.6957964,9.106736104,100,66.55886674,8.017224288,16.8687631,0.831312369,56.57993237,TRUE,FALSE,NORMAL
25,88,3,398.1788771,415.9068615,1.979052292,100,4.933464214,7.111796325,30.81175933,0.691882407,45.48317711,TRUE,FALSE,NORMAL
25,88,4,634.4190082,42.30216684,8.258896091,100,31.3645034,10.42336342,0,0,0,TRUE,FALSE,NORMAL
25,88,5,431.4250963,338.1309394,2.783384907,100,25.04779357,6.558331173,32.23852018,0.677614798,44.38373564,TRUE,FALSE,NORMAL
25,88,6,255.2922405,412.2771461,5.266203523,100,0,10.63442883,16.40325782,0.835967422,56.95536542,TRUE,FALSE,NORMAL
25,88,7,115.4715033,125.3220768,3.316586455,100,48.00747356,5.86344558,0,0,0,TRUE,FALSE,NORMAL
25,88,8,123.7589436,665.2638973,6.132628058,100,5.606763102,12.88292306,7.536842007,0.92463158,64.02973837,TRUE,FALSE,NORMAL
25,88,9,405.345399,290.2841552,3.854989156,100,28.88536418,25.58372584,29.75604712,0.702439529,46.35040986,TRUE,FALSE,NORMAL
25,88,10,922.4220288,689.7711526,4.32285895,100,0,15.98524164,0,0,0,TRUE,FALSE,NORMAL
25,89,1,82.53511749,924.7923221,4.596466295,100,34.94054668,19.14028569,12.54260014,0.874573999,60.0341189,TRUE,FALSE,NORMAL
25,89,2,252.2373658,849.2101851,9.106736104,100,64.77557064,7.437637377,15.55950131,0.844404987,57.62496389,TRUE,FALSE,NORMAL
25,89,3,400.0190212,416.6352279,1.979052292,100,1.639277454,9.10675021,30.86795368,0.691320463,45.43758744,TRUE,FALSE,NORMAL
25,89,4,639.5712224,48.75693665,8.258896091,100,30.49391564,7.746629103,0,0,0,TRUE,FALSE,NORMAL
25,89,5,431.9519977,335.3978813,2.783384907,100,23.52795337,8.242975755,32.54638663,0.674536134,44.14521479,TRUE,FALSE,NORMAL
25,89,6,257.9117596,407.708665,5.266203523,100,4.485387325,9.74062789,16.71216805,0.832878319,56.70923775,TRUE,FALSE,NORMAL
25,89,7,114.298979,128.4244843,3.316586455,100,46.85860447,2.969343264,0,0,0,TRUE,FALSE,NORMAL
25,89,8,119.4343094,660.9157176,6.132628058,100,6.554157702,12.40699697,6.5552449,0.934447551,64.81337092,TRUE,FALSE,NORMAL
25,89,9,404.9097151,294.1144451,3.854989156,100,30.38561983,28.44578342,30.6803726,0.693196274,45.62222046,TRUE,FALSE,NORMAL
25,89,10,923.4104856,685.5628201,4.32285895,100,0,14.36786561,0,0,0,TRUE,FALSE,NORMAL
24,0,1,941.1235639,528.8574451,3.529194971,100,0.780965997,0,8.486040946,0.915139591,63.27086217,TRUE,FALSE,NORMAL
24,0,2,36.44777263,86.38671585,1.031972645,100,2.421078601,0,25.72469153,0.742753085,49.52114155,TRUE,FALSE,NORMAL
24,0,3,882.2464721,855.187051,9.344973809,100,0,1.3915595,20.27275925,0.797272407,53.86954691,TRUE,FALSE,NORMAL
24,0,4,183.3091759,101.8166284,2.54853462,100,1.627202272,2.486416591,25.72469153,0.742753085,49.52114155,TRUE,FALSE,NORMAL
24,0,5,484.4718755,905.7008869,2.076820352,100,0,1.806429584,0,0,0,TRUE,FALSE,NORMAL
24,0,6,573.3165039,501.0424171,2.254479842,100,0,0,8.995689721,0.910043103,62.86387498,TRUE,FALSE,NORMAL
24,0,7,680.0592979,3.340708026,5.546585352,100,0,2.869148004,4.874944759,0.951250552,66.15501949,TRUE,FALSE,NORMAL
24,0,8,742.585979,681.2442256,4.361932703,100,0,0,10.17539684,0.898246032,61.92203733,TRUE,FALSE,NORMAL
24,0,9,980.8306903,950.5567512,6.534909191,100,0.482635185,2.608516861,27.50105864,0.724989414,48.10771896,TRUE,FALSE,NORMAL
24,0,10,913.2947319,142.9958776,3.488964328,100,4.836762438,0,4.874944759,0.951250552,66.15501949,TRUE,FALSE,NORMAL
24,1,1,942.1354623,525.4764277,3.529194971,100,1.914591852,0.481256218,7.600174794,0.923998252,63.97832414,TRUE,FALSE,NORMAL
24,1,2,35.4270156,86.23498375,1.031972645,100,0,1.080187673,25.65354314,0.743464569,49.57777522,TRUE,FALSE,NORMAL
24,1,3,873.0260665,856.7077929,9.344973809,100,2.773044774,0.425090916,19.31641219,0.806835878,54.63036545,TRUE,FALSE,NORMAL
24,1,4,182.9409662,99.29483335,2.54853462,100,0,0,25.65354314,0.743464569,49.57777522,TRUE,FALSE,NORMAL
24,1,5,483.766731,907.6543336,2.076820352,100,2.385178409,0.174474183,0,0,0,TRUE,FALSE,NORMAL
24,1,6,571.215322,501.8595548,2.254479842,100,0,0,9.499148611,0.905008514,62.46184856,TRUE,FALSE,NORMAL
24,1,7,675.6394083,6.691705663,5.546585352,100,0,0.574104875,3.937331813,0.960626682,66.90400353,TRUE,FALSE,NORMAL
24,1,8,738.4548977,679.8440027,4.361932703,100,0,2.389545388,10.09448508,0.899055149,61.9866866,TRUE,FALSE,NORMAL
24,1,9,984.6585405,955.8532218,6.534909191,100,1.245937309,1.861164016,25.44869256,0.745513074,49.74084383,TRUE,FALSE,NORMAL
24,1,10,916.4044743,144.577767,3.488964328,100,5.127374297,0,3.937331813,0.960626682,66.90400353,TRUE,FALSE,NORMAL
24,2,1,939.321486,523.3464619,3.529194971,100,0,3.200799079,7.458297862,0.925417021,64.09163323,TRUE,FALSE,NORMAL
24,2,2,34.86430655,85.36992533,1.031972645,100,0,3.429283927,25.12781403,0.74872186,49.99630062,TRUE,FALSE,NORMAL
24,2,3,863.6812348,856.6562439,9.344973809,100,5.645909443,2.526088222,19.20443409,0.807955659,54.71923229,TRUE,FALSE,NORMAL
24,2,4,185.4607279,98.91295642,2.54853462,100,0,0,25.12781403,0.74872186,49.99630062,TRUE,FALSE,NORMAL
24,2,5,485.6459519,908.5384781,2.076820352,100,6.863977878,2.039893007,0,0,0,TRUE,FALSE,NORMAL
24,2,6,569.9095699,503.6974043,2.254479842,100,0,0,10.26699574,0.897330043,61.84873597,TRUE,FALSE,NORMAL
24,2,7,680.4022424,3.849167945,5.546585352,100,1.395594331,0,3.870846722,0.961291533,66.95711484,TRUE,FALSE,NORMAL
24,2,8,734.6189458,677.767484,4.361932703,100,0,2.073633442,10.39552536,0.896044746,61.74634566,TRUE,FALSE,NORMAL
24,2,9,978.2232353,956.9898332,6.534909191,100,0,3.835529183,24.94758569,0.750524143,50.13979681,TRUE,FALSE,NORMAL
24,2,10,919.890249,144.7269225,3.488964328,100,9.992740793,0,3.870846722,0.961291533,66.95711484,TRUE,FALSE,NORMAL
24,3,1,936.647924,525.6502161,3.529194971,100,0,3.369423174,8.168386236,0.918316138,63.52453865,TRUE,FALSE,NORMAL
24,3,2,35.18428156,86.35103875,1.031972645,100,0,1.180780774,25.49711356,0.745028864,49.70229776,TRUE,FALSE,NORMAL
24,3,3,855.7802296,861.6464995,9.344973809,100,8.926416603,1.207763478,18.58049671,0.814195033,55.21670717,TRUE,FALSE,NORMAL
24,3,4,183.5217478,100.5668564,2.54853462,100,0.658760829,1.899615531,25.49711356,0.745028864,49.70229776,TRUE,FALSE,NORMAL
24,3,5,483.569134,908.5352445,2.076820352,100,10.57753033,3.991831594,0,0,0,TRUE,FALSE,NORMAL
24,3,6,568.6258376,505.5507016,2.254479842,100,0,1.252403695,11.04152084,0.889584792,61.23033674,TRUE,FALSE,NORMAL
24,3,7,676.9015426,0,5.546585352,100,2.211296607,1.367049494,2.470348122,0.975296519,68.07594584,TRUE,FALSE,NORMAL
24,3,8,732.6388246,673.8808947,4.361932703,100,0,4.116623808,10.6692326,0.893307674,61.52771629,TRUE,FALSE,NORMAL
24,3,9,974.5416929,962.389026,6.534909191,100,0,1.112751654,24.36320269,0.756367973,50.60514088,TRUE,FALSE,NORMAL
24,3,10,923.2155609,145.7829398,3.488964328,100,7.223261461,0.913283014,2.470348122,0.975296519,68.07594584,TRUE,FALSE,NORMAL
24,4,1,933.1499853,525.1815567,3.529194971,100,0,4.919378439,8.385881401,0.916141186,63.35084805,TRUE,FALSE,NORMAL
24,4,2,36.15916168,86.68952993,1.031972645,100,2.472701968,0,25.55421418,0.744457858,49.65684311,TRUE,FALSE,NORMAL
24,4,3,850.3239767,869.2331879,9.344973809,100,5.687087545,0.847655816,17.7904458,0.822095542,55.84711294,TRUE,FALSE,NORMAL
24,4,4,184.3940866,98.17226795,2.54853462,100,3.027530837,1.501678492,25.55421418,0.744457858,49.65684311,TRUE,FALSE,NORMAL
24,4,5,482.0460411,909.9471124,2.076820352,100,11.42971293,6.504725722,0,0,0,TRUE,FALSE,NORMAL
24,4,6,566.4477657,504.9687378,2.254479842,100,0,3.73924486,11.43998524,0.885600148,60.91221202,TRUE,FALSE,NORMAL
24,4,7,676.6543247,5.541073212,5.546585352,100,6.841719666,3.683151094,3.48139612,0.965186039,67.26822999,TRUE,FALSE,NORMAL
24,4,8,729.1714885,671.2343804,4.361932703,100,0,4.664482252,10.45101563,0.895489844,61.70188645,TRUE,FALSE,NORMAL
24,4,9,972.591121,968.6260371,6.534909191,100,3.947049937,2.538761638,24.05371135,0.759462887,50.85162658,TRUE,FALSE,NORMAL
24,4,10,920.3379754,143.8100299,3.488964328,100,9.248544145,2.825548516,3.48139612,0.965186039,67.26822999,TRUE,FALSE,NORMAL
24,5,1,934.3698232,528.4932349,3.529194971,100,0.590121251,3.353688138,8.066197874,0.919338021,63.60614687,TRUE,FALSE,NORMAL
24,5,2,35.56257085,87.53157916,1.031972645,100,2.152986094,0,25.46365005,0.7453635,49.72893668,TRUE,FALSE,NORMAL
24,5,3,846.6577939,860.637396,9.344973809,100,2.908315638,3.594134603,18.38001109,0.816199889,55.37568978,TRUE,FALSE,NORMAL
24,5,4,184.1944549,100.7129718,2.54853462,100,7.858091937,3.129889951,25.46365005,0.7453635,49.72893668,TRUE,FALSE,NORMAL
24,5,5,480.3990906,911.2123146,2.076820352,100,12.68079413,8.275576859,0,0,0,TRUE,FALSE,NORMAL
24,5,6,565.8305883,502.8003809,2.254479842,100,0,3.349533598,10.62644062,0.893735594,61.56174079,TRUE,FALSE,NORMAL
24,5,7,680.5436572,1.586619862,5.546585352,100,4.546848372,2.849266954,4.252014903,0.957479851,66.65262338,TRUE,FALSE,NORMAL
24,5,8,728.7828547,675.5789656,4.361932703,100,0.229110846,2.099807669,10.7836705,0.892163295,61.43641466,TRUE,FALSE,NORMAL
24,5,9,966.6291891,971.3019306,6.534909191,100,6.025094792,1.83170134,23.10164917,0.768983508,51.61002324,TRUE,FALSE,NORMAL
24,5,10,918.2339762,141.0268556,3.488964328,100,13.60632448,4.605991595,4.252014903,0.957479851,66.65262338,TRUE,FALSE,NORMAL
24,6,1,932.5520278,531.5182699,3.529194971,100,3.525814892,5.234325361,9.261177287,0.907388227,62.65187328,TRUE,FALSE,NORMAL
24,6,2,35.19115183,86.56876275,1.031972645,100,0.060081871,0,25.0607311,0.749392689,50.04971034,TRUE,FALSE,NORMAL
24,6,3,855.9881122,861.1605554,9.344973809,100,3.503758698,5.566682733,18.87359742,0.811264026,54.98374776,TRUE,FALSE,NORMAL
24,6,4,186.2634575,99.22493382,2.54853462,100,10.25722773,2.930514864,25.0607311,0.749392689,50.04971034,TRUE,FALSE,NORMAL
24,6,5,479.1959937,912.9051645,2.076820352,100,15.28125628,7.729592861,0,0,0,TRUE,FALSE,NORMAL
24,6,6,567.9079924,501.9245548,2.254479842,100,3.327111744,1.020159162,10.98635924,0.890136408,61.2743775,TRUE,FALSE,NORMAL
24,6,7,682.6192833,6.730196951,5.546585352,100,3.447757131,4.743865057,5.468292921,0.945317071,65.68106475,TRUE,FALSE,NORMAL
24,6,8,730.8568198,671.7416325,4.361932703,100,0,0.349841586,10.87680388,0.891231961,61.36191162,TRUE,FALSE,NORMAL
24,6,9,960.9831789,968.0113977,6.534909191,100,5.689766329,3.883067983,25.36431974,0.746356803,49.80801145,TRUE,FALSE,NORMAL
24,6,10,914.7534727,141.2696888,3.488964328,100,9.066987191,6.301619481,5.468292921,0.945317071,65.68106475,TRUE,FALSE,NORMAL
24,7,1,930.1058948,534.0622138,3.529194971,100,0,4.417225809,10.11915081,0.898808492,61.96678416,TRUE,FALSE,NORMAL
24,7,2,35.9523887,85.87199452,1.031972645,100,0,0,24.8300651,0.751699349,50.23337072,TRUE,FALSE,NORMAL
24,7,3,865.2696755,862.2473479,9.344973809,100,6.711709653,4.880481364,18.71605841,0.812839416,55.11123523,TRUE,FALSE,NORMAL
24,7,4,188.179995,100.9047888,2.54853462,100,11.184728,2.967695792,24.8300651,0.751699349,50.23337072,TRUE,FALSE,NORMAL
24,7,5,480.6299552,911.4028538,2.076820352,100,11.95818076,7.496873562,0,0,0,TRUE,FALSE,NORMAL
24,7,6,569.4422995,503.5763965,2.254479842,100,3.341598734,0.854014918,11.98165436,0.880183456,60.47977726,TRUE,FALSE,NORMAL
24,7,7,688.1392099,7.273354354,5.546585352,100,1.144931781,2.392539939,6.350589656,0.936494103,64.97633942,TRUE,FALSE,NORMAL
24,7,8,729.9675811,667.4713033,4.361932703,100,4.893381894,0.733420014,10.92808616,0.890719138,61.32092731,TRUE,FALSE,NORMAL
24,7,9,964.9590372,962.8251092,6.534909191,100,8.852904029,4.398397075,26.74866351,0.732513365,48.70624995,TRUE,FALSE,NORMAL
24,7,10,916.3037374,138.1440606,3.488964328,100,10.92512922,5.506142391,6.350589656,0.936494103,64.97633942,TRUE,FALSE,NORMAL
24,8,1,927.9678083,536.8700249,3.529194971,100,0,2.625938403,10.13464991,0.898653501,61.95440868,TRUE,FALSE,NORMAL
24,8,2,35.83708137,86.897505,1.031972645,100,1.577817844,0.93597615,24.4096876,0.755903124,50.56812149,TRUE,FALSE,NORMAL
24,8,3,867.2697651,871.3757748,9.344973809,100,10.98323859,2.63269427,19.1485268,0.808514732,54.76883413,TRUE,FALSE,NORMAL
24,8,4,190.5856263,101.7461966,2.54853462,100,6.537109465,1.50261643,24.4096876,0.755903124,50.56812149,TRUE,FALSE,NORMAL
24,8,5,482.5846306,910.7011226,2.076820352,100,7.278065166,7.830238684,0,0,0,TRUE,FALSE,NORMAL
24,8,6,569.2046948,501.3344725,2.254479842,100,3.064963585,0.662863496,11.29546651,0.887045335,61.02759091,TRUE,FALSE,NORMAL
24,8,7,688.7907341,12.78154147,5.546585352,100,0,5.084526161,6.595933925,0.934040661,64.78038114,TRUE,FALSE,NORMAL
24,8,8,728.8952633,671.6993751,4.361932703,100,8.871562877,1.68638297,10.38188758,0.896181124,61.75701798,TRUE,FALSE,NORMAL
24,8,9,966.5701808,956.4919225,6.534909191,100,8.769362661,7.12431796,28.58150727,0.714184927,47.24861391,TRUE,FALSE,NORMAL
24,8,10,919.3136265,136.3795664,3.488964328,100,11.80315866,8.100040867,6.595933925,0.934040661,64.78038114,TRUE,FALSE,NORMAL
24,9,1,925.5476971,539.4387365,3.529194971,100,2.266927435,3.429776564,10.28405042,0.897159496,61.83511861,TRUE,FALSE,NORMAL
24,9,2,35.02365922,87.53257346,1.031972645,100,1.120609301,1.799561046,23.96619319,0.760338068,50.92133254,TRUE,FALSE,NORMAL
24,9,3,858.808458,867.4090611,9.344973809,100,13.59219703,2.77245228,19.07385639,0.809261436,54.82522679,TRUE,FALSE,NORMAL
24,9,4,192.6046358,100.1910023,2.54853462,100,7.37945447,3.738473187,23.96619319,0.760338068,50.92133254,TRUE,FALSE,NORMAL
24,9,5,480.6155848,911.3614568,2.076820352,100,9.381197148,5.466951475,0,0,0,TRUE,FALSE,NORMAL
24,9,6,568.5925482,503.5042549,2.254479842,100,2.937202469,2.917763514,10.96962627,0.890303737,61.28773708,TRUE,FALSE,NORMAL
24,9,7,693.5544575,9.940494414,5.546585352,100,0,3.931717842,6.482737049,0.93517263,64.87079189,TRUE,FALSE,NORMAL
24,9,8,728.7852987,676.0599215,4.361932703,100,6.004247458,4.554990934,10.97045723,0.890295428,61.28708628,TRUE,FALSE,NORMAL
24,9,9,972.672098,954.1527677,6.534909191,100,8.365062918,8.250061188,26.49001778,0.735099822,48.91205041,TRUE,FALSE,NORMAL
24,9,10,922.3268435,138.1383715,3.488964328,100,11.68649798,6.951445865,6.482737049,0.93517263,64.87079189,TRUE,FALSE,NORMAL
24,10,1,922.0544997,538.935955,3.529194971,100,6.902830555,1.094128136,9.992649261,0.900073507,62.06779183,TRUE,FALSE,NORMAL
24,10,2,34.53770626,88.44296747,1.031972645,100,0,0.559642697,23.49969537,0.765003046,51.29291905,TRUE,FALSE,NORMAL
24,10,3,849.6501574,865.5505494,9.344973809,100,13.79624234,4.676384248,19.29687089,0.807031291,54.64648621,TRUE,FALSE,NORMAL
24,10,4,194.8743731,101.3500196,2.54853462,100,10.01624906,5.75113961,23.49969537,0.765003046,51.29291905,TRUE,FALSE,NORMAL
24,10,5,478.8214359,912.407503,2.076820352,100,10.87622714,8.272478496,0,0,0,TRUE,FALSE,NORMAL
24,10,6,570.67644,502.6439791,2.254479842,100,2.479343009,3.932109324,11.29446708,0.887055329,61.02838883,TRUE,FALSE,NORMAL
24,10,7,689.0706721,6.675486408,5.546585352,100,3.338471003,6.574238379,5.015856577,0.949841434,66.04246022,TRUE,FALSE,NORMAL
24,10,8,724.8785996,678.0000655,4.361932703,100,5.477175136,4.330920274,11.321458,0.88678542,61.00688975,TRUE,FALSE,NORMAL
24,10,9,966.1435819,954.441758,6.534909191,100,7.452570549,10.59047918,25.91648411,0.740835159,49.36848384,TRUE,FALSE,NORMAL
24,10,10,924.5419255,140.8339761,3.488964328,100,6.888050038,9.130784666,5.015856577,0.949841434,66.04246022,TRUE,FALSE,NORMAL
24,11,1,919.8012797,541.6522423,3.529194971,100,8.609403241,0.037608709,10.02776769,0.899722323,62.0397507,TRUE,FALSE,NORMAL
24,11,2,35.55581956,88.27440635,1.031972645,100,0.831624206,2.500726932,23.9300895,0.760699105,50.95008878,TRUE,FALSE,NORMAL
24,11,3,847.6454748,856.4231301,9.344973809,100,10.55436932,6.204112445,19.69532585,0.803046741,54.32726246,TRUE,FALSE,NORMAL
24,11,4,193.4798456,99.21687129,2.54853462,100,13.94909738,4.159819664,23.9300895,0.760699105,50.95008878,TRUE,FALSE,NORMAL
24,11,5,479.9204675,910.6453134,2.076820352,100,7.561864024,10.08004715,0,0,0,TRUE,FALSE,NORMAL
24,11,6,569.0234827,501.110874,2.254479842,100,4.337382239,1.528538129,10.47611145,0.895238885,61.6817684,TRUE,FALSE,NORMAL
24,11,7,694.6160421,6.791592303,5.546585352,100,6.638310807,6.372777053,6.153698657,0.938463013,65.13360024,TRUE,FALSE,NORMAL
24,11,8,723.9885501,682.2702258,4.361932703,100,4.436067274,2.656914753,11.71290427,0.882870957,60.69451774,TRUE,FALSE,NORMAL
24,11,9,969.8996858,949.0941678,6.534909191,100,8.150175539,11.79185781,24.75581803,0.75244182,50.2924908,TRUE,FALSE,NORMAL
24,11,10,924.3119601,137.3525988,3.488964328,100,6.28368368,10.11444926,6.153698657,0.938463013,65.13360024,TRUE,FALSE,NORMAL
24,12,1,923.3184614,541.9431891,3.529194971,100,12.58686913,1.700508125,9.842541184,0.901574588,62.18765016,TRUE,FALSE,NORMAL
24,12,2,34.5438502,88.07220455,1.031972645,100,1.858324283,0,23.91760782,0.760823922,50.96003039,TRUE,FALSE,NORMAL
24,12,3,839.1311907,852.5714419,9.344973809,100,10.61753239,5.95094306,19.45434365,0.805456563,54.5186608,TRUE,FALSE,NORMAL
24,12,4,192.3501641,101.5013512,2.54853462,100,13.41719926,1.260383267,23.91760782,0.760823922,50.96003039,TRUE,FALSE,NORMAL
24,12,5,481.7929443,909.7469741,2.076820352,100,3.268169959,9.393123061,0,0,0,TRUE,FALSE,NORMAL
24,12,6,567.8621483,499.1785226,2.254479842,100,2.165535277,0.388656549,10.75217874,0.892478213,61.46134881,TRUE,FALSE,NORMAL
24,12,7,697.0200927,1.793077543,5.546585352,100,10.94983128,7.42931234,6.165027156,0.938349728,65.12455188,TRUE,FALSE,NORMAL
24,12,8,722.9881267,678.024568,4.361932703,100,1.287821367,4.596658142,11.96311112,0.880368889,60.49483807,TRUE,FALSE,NORMAL
24,12,9,964.319105,952.4944849,6.534909191,100,5.762401448,9.988746517,23.61407388,0.763859261,51.20180636,TRUE,FALSE,NORMAL
24,12,10,922.0918502,140.0440638,3.488964328,100,8.533124059,10.27152977,6.165027156,0.938349728,65.12455188,TRUE,FALSE,NORMAL
24,13,1,924.4377772,538.596198,3.529194971,100,13.00930748,2.438976371,9.150893456,0.908491065,62.73993842,TRUE,FALSE,NORMAL
24,13,2,34.80598756,87.07408054,1.031972645,100,2.698238599,0,23.84146173,0.761585383,51.02068136,TRUE,FALSE,NORMAL
24,13,3,833.7547504,844.9279856,9.344973809,100,7.317304397,8.285526239,20.38097864,0.796190214,53.77909112,TRUE,FALSE,NORMAL
24,13,4,192.7274423,104.0218055,2.54853462,100,18.21800282,1.783955791,23.84146173,0.761585383,51.02068136,TRUE,FALSE,NORMAL
24,13,5,483.8397295,910.0989015,2.076820352,100,6.24524241,8.986516783,0,0,0,TRUE,FALSE,NORMAL
24,13,6,565.8291251,500.1529435,2.254479842,100,5.966433787,0,9.981014649,0.900189854,62.07708178,TRUE,FALSE,NORMAL
24,13,7,699.073127,6.945713699,5.546585352,100,11.80471217,5.081978898,6.614341553,0.933856584,64.76567898,TRUE,FALSE,NORMAL
24,13,8,724.3107077,682.1811575,4.361932703,100,0,6.473410339,12.23275428,0.877672457,60.28001025,TRUE,FALSE,NORMAL
24,13,9,958.9255244,948.8047252,6.534909191,100,9.456594279,10.01722219,23.19560254,0.768043975,51.5351717,TRUE,FALSE,NORMAL
24,13,10,925.126251,138.3220639,3.488964328,100,10.16425844,10.58042562,6.614341553,0.933856584,64.76567898,TRUE,FALSE,NORMAL
24,14,1,924.5405851,535.0685008,3.529194971,100,16.91805519,0,9.266535097,0.907334649,62.64759492,TRUE,FALSE,NORMAL
24,14,2,34.95554301,86.05300233,1.031972645,100,6.306261904,0,24.05443003,0.7594557,50.85105418,TRUE,FALSE,NORMAL
24,14,3,841.713504,840.030356,9.344973809,100,3.64564359,10.49603789,20.36993857,0.796300614,53.7876758,TRUE,FALSE,NORMAL
24,14,4,191.7450602,101.6702201,2.54853462,100,15.92298601,0,24.05443003,0.7594557,50.85105418,TRUE,FALSE,NORMAL
24,14,5,485.8425944,910.6481877,2.076820352,100,6.234655875,11.86315806,0,0,0,TRUE,FALSE,NORMAL
24,14,6,567.9155679,501.0070137,2.254479842,100,9.894160184,0,9.729263001,0.90270737,62.27810165,TRUE,FALSE,NORMAL
24,14,7,704.5780245,6.26695605,5.546585352,100,7.211192592,5.064208241,6.867763857,0.931322361,64.56327271,TRUE,FALSE,NORMAL
24,14,8,728.5679306,683.1311628,4.361932703,100,4.42283115,3.476904827,12.33761363,0.876623864,60.19640224,TRUE,FALSE,NORMAL
24,14,9,960.592999,955.1233142,6.534909191,100,6.344227826,10.39491746,22.72283436,0.772771656,51.91184145,TRUE,FALSE,NORMAL
24,14,10,926.5776672,141.4948014,3.488964328,100,5.41602728,8.946404452,6.867763857,0.931322361,64.56327271,TRUE,FALSE,NORMAL
24,15,1,926.9130847,537.6812509,3.529194971,100,16.69779046,2.065081157,8.84964231,0.911503577,62.98050137,TRUE,FALSE,NORMAL
24,15,2,34.19899067,86.75485424,1.031972645,100,5.265270194,1.195814095,23.64492429,0.763550757,51.17723181,TRUE,FALSE,NORMAL
24,15,3,849.6692395,844.9328868,9.344973809,100,4.309237297,8.906950957,19.94761664,0.800523834,54.12531239,TRUE,FALSE,NORMAL
24,15,4,193.6459432,99.97267117,2.54853462,100,14.49957877,2.323877517,23.64492429,0.763550757,51.17723181,TRUE,FALSE,NORMAL
24,15,5,487.2274442,912.1958871,2.076820352,100,10.70137657,9.435134013,0,0,0,TRUE,FALSE,NORMAL
24,15,6,569.73509,499.6758418,2.254479842,100,12.20525864,2.632428352,10.4262433,0.895737567,61.72158512,TRUE,FALSE,NORMAL
24,15,7,709.0327371,9.571520311,5.546585352,100,3.432221932,4.24038138,7.406590571,0.925934094,64.13292923,TRUE,FALSE,NORMAL
24,15,8,724.6055572,681.3074155,4.361932703,100,3.997734542,4.654450651,11.73099063,0.882690094,60.68029991,TRUE,FALSE,NORMAL
24,15,9,966.1601845,951.7011097,6.534909191,100,3.109315158,12.74830221,23.97814699,0.76021853,50.91181153,TRUE,FALSE,NORMAL
24,15,10,927.1721476,144.9327463,3.488964328,100,8.66823212,7.624416989,7.406590571,0.925934094,64.13292923,TRUE,FALSE,NORMAL
24,16,1,924.9766426,534.7307579,3.529194971,100,17.77310959,1.516545678,8.412729965,0.9158727,63.32940713,TRUE,FALSE,NORMAL
24,16,2,34.835568,85.94261237,1.031972645,100,5.396517752,3.967030355,23.8245296,0.761754704,51.03416814,TRUE,FALSE,NORMAL
24,16,3,858.9131831,843.5624696,9.344973809,100,0,9.107208475,20.04365552,0.799563445,54.05007052,TRUE,FALSE,NORMAL
24,16,4,192.9085616,102.4121992,2.54853462,100,15.78730973,0,23.8245296,0.761754704,51.03416814,TRUE,FALSE,NORMAL
24,16,5,487.0734061,914.2669871,2.076820352,100,12.74348271,9.136882635,0,0,0,TRUE,FALSE,NORMAL
24,16,6,571.939946,500.1462555,2.254479842,100,9.075647329,4.750842052,11.35714888,0.886428511,60.97834557,TRUE,FALSE,NORMAL
24,16,7,703.9329206,7.390584434,5.546585352,100,5.072992377,6.66757115,7.01969998,0.929803,64.44192445,TRUE,FALSE,NORMAL
24,16,8,720.5061244,679.8170775,4.361932703,100,0,3.277606802,11.42266797,0.88577332,60.92629642,TRUE,FALSE,NORMAL
24,16,9,959.6869956,952.5971364,6.534909191,100,0.182332818,12.14059127,25.58918598,0.74410814,49.62900449,TRUE,FALSE,NORMAL
24,16,10,925.2225638,142.0393063,3.488964328,100,13.19827537,6.031200745,7.01969998,0.929803,64.44192445,TRUE,FALSE,NORMAL
24,17,1,928.3100069,533.5714912,3.529194971,100,19.77137961,2.375820368,7.146010878,0.928539891,64.34104359,TRUE,FALSE,NORMAL
24,17,2,33.84354757,86.2269766,1.031972645,100,1.806480577,3.348146608,24.08714235,0.759128576,50.82500017,TRUE,FALSE,NORMAL
24,17,3,852.5434824,850.4002652,9.344973809,100,0,9.387095149,19.54953573,0.804504643,54.44391148,TRUE,FALSE,NORMAL
24,17,4,190.3646018,102.5648346,2.54853462,100,20.31684909,0,24.08714235,0.759128576,50.82500017,TRUE,FALSE,NORMAL
24,17,5,489.1274276,913.9601021,2.076820352,100,10.99639114,7.882962565,0,0,0,TRUE,FALSE,NORMAL
24,17,6,570.651205,501.9960734,2.254479842,100,7.450140019,2.698733532,11.72457866,0.882754213,60.68500732,TRUE,FALSE,NORMAL
24,17,7,705.9183651,2.211528612,5.546585352,100,9.243105332,5.62302828,6.294825048,0.93705175,65.02087952,TRUE,FALSE,NORMAL
24,17,8,716.3606628,681.1741351,4.361932703,100,1.58596108,2.347710712,10.96562628,0.890343737,61.29125279,TRUE,FALSE,NORMAL
24,17,9,965.98662,950.8593877,6.534909191,100,3.698849881,11.76677739,25.07278216,0.749272178,50.0401155,TRUE,FALSE,NORMAL
24,17,10,927.3358023,144.8154718,3.488964328,100,9.957544898,3.594413746,6.294825048,0.93705175,65.02087952,TRUE,FALSE,NORMAL
24,18,1,925.8511204,536.1031101,3.529194971,100,18.20288826,1.787209244,7.005763051,0.929942369,64.45305553,TRUE,FALSE,NORMAL
24,18,2,34.64042718,86.88268265,1.031972645,100,5.535820746,4.402120571,23.92886614,0.760711339,50.95106318,TRUE,FALSE,NORMAL
24,18,3,849.7307458,841.4886409,9.344973809,100,0,7.052819045,18.99532345,0.810046766,54.88435876,TRUE,FALSE,NORMAL
24,18,4,192.3252906,100.9367289,2.54853462,100,16.66722466,1.720893344,23.92886614,0.760711339,50.95106318,TRUE,FALSE,NORMAL
24,18,5,490.9986919,914.8609643,2.076820352,100,12.4699431,7.790081847,0,0,0,TRUE,FALSE,NORMAL
24,18,6,572.243313,500.399868,2.254479842,100,11.01859876,0.205659395,11.84759323,0.881524068,60.58680095,TRUE,FALSE,NORMAL
24,18,7,707.8834129,7.398357732,5.546585352,100,7.43222226,8.117375643,7.421008568,0.925789914,64.12141429,TRUE,FALSE,NORMAL
24,18,8,712.4096161,683.0222928,4.361932703,100,5.775192094,2.1094381,11.38094218,0.886190578,60.9598253,TRUE,FALSE,NORMAL
24,18,9,972.1676223,952.9807668,6.534909191,100,0,11.67314256,22.70117663,0.772988234,51.9290981,TRUE,FALSE,NORMAL
24,18,10,926.7770901,141.3715333,3.488964328,100,11.11636946,4.171732846,7.421008568,0.925789914,64.12141429,TRUE,FALSE,NORMAL
24,19,1,922.6843952,537.6610153,3.529194971,100,18.77430978,2.849291468,6.930478958,0.93069521,64.51318328,TRUE,FALSE,NORMAL
24,19,2,33.66005981,87.20493621,1.031972645,100,5.940561196,5.879622212,23.61688055,0.763831195,51.19957064,TRUE,FALSE,NORMAL
24,19,3,841.8426785,836.4779593,9.344973809,100,2.52639561,9.41226628,19.32043824,0.806795618,54.62469207,TRUE,FALSE,NORMAL
24,19,4,193.4121418,98.63156442,2.54853462,100,17.99160586,2.426236887,23.61688055,0.763831195,51.19957064,TRUE,FALSE,NORMAL
24,19,5,491.1926282,916.9287098,2.076820352,100,11.76310448,8.330566877,0,0,0,TRUE,FALSE,NORMAL
24,19,6,571.0835923,498.4665478,2.254479842,100,11.88105707,1.330209969,11.8142437,0.881857563,60.6134248,TRUE,FALSE,NORMAL
24,19,7,707.8680784,1.851793578,5.546585352,100,12.3089106,8.221519404,7.255986537,0.927440135,64.25321001,TRUE,FALSE,NORMAL
24,19,8,708.1022186,683.7098852,4.361932703,100,6.559709312,0.818949909,11.71667997,0.8828332,60.69195662,TRUE,FALSE,NORMAL
24,19,9,968.0481356,947.9078122,6.534909191,100,0,9.464693992,22.23555923,0.777644408,52.30012237,TRUE,FALSE,NORMAL
24,19,10,926.6491305,137.8849162,3.488964328,100,9.348700356,2.917027537,7.255986537,0.927440135,64.25321001,TRUE,FALSE,NORMAL
24,20,1,924.4997558,540.6875122,3.529194971,100,16.83878111,5.507803931,7.36841851,0.926315815,64.16341543,TRUE,FALSE,NORMAL
24,20,2,34.09716949,88.13976383,1.031972645,100,8.878495158,5.072476683,23.38716401,0.76612836,51.38256348,TRUE,FALSE,NORMAL
24,20,3,832.5589108,835.4101617,9.344973809,100,5.14907666,7.840077038,19.01502095,0.80984979,54.8676115,TRUE,FALSE,NORMAL
24,20,4,195.1465489,100.4988781,2.54853462,100,18.56818817,0.622437745,23.38716401,0.76612836,51.38256348,TRUE,FALSE,NORMAL
24,20,5,489.1755791,917.4233768,2.076820352,100,13.55471282,7.509685014,0,0,0,TRUE,FALSE,NORMAL
24,20,6,569.3949585,496.9728291,2.254479842,100,12.53599566,0.747463708,10.81782293,0.891821771,61.40893761,TRUE,FALSE,NORMAL
24,20,7,711.5751817,5.977565522,5.546585352,100,8.983022749,8.208564696,8.111146885,0.918888531,63.57025024,TRUE,FALSE,NORMAL
24,20,8,712.1419417,685.3552102,4.361932703,100,5.619012265,0,12.12618462,0.878738154,60.36535455,TRUE,FALSE,NORMAL
24,20,9,972.6258196,952.5714854,6.534909191,100,0,10.32279582,19.83772949,0.801622705,54.2115124,TRUE,FALSE,NORMAL
24,20,10,928.6327481,135.0147013,3.488964328,100,9.278419372,0.211383054,8.111146885,0.918888531,63.57025024,TRUE,FALSE,NORMAL
24,21,1,922.128724,543.3015943,3.529194971,100,19.25790862,4.752874379,7.937001442,0.920629986,63.70932486,TRUE,FALSE,NORMAL
24,21,2,33.48559305,88.97099291,1.031972645,100,7.757800128,3.957280109,22.8671024,0.771328976,51.79689293,TRUE,FALSE,NORMAL
24,21,3,829.8494247,844.3537192,9.344973809,100,4.862988666,9.372608945,19.76275141,0.802372486,54.27155619,TRUE,FALSE,NORMAL
24,21,4,197.6603371,100.9182797,2.54853462,100,18.31235933,2.263932737,22.8671024,0.771328976,51.79689293,TRUE,FALSE,NORMAL
24,21,5,488.9447658,919.4873313,2.076820352,100,8.73214326,8.699699111,0,0,0,TRUE,FALSE,NORMAL
24,21,6,571.1455068,498.393484,2.254479842,100,12.56380321,2.263409416,10.45465978,0.895453402,61.69889624,TRUE,FALSE,NORMAL
24,21,7,709.3772486,11.07007953,5.546585352,100,10.42484009,10.98803582,7.678183629,0.923218164,63.91602344,TRUE,FALSE,NORMAL
24,21,8,714.5889577,688.9661061,4.361932703,100,1.613844425,0,12.13464152,0.878653585,60.35851451,TRUE,FALSE,NORMAL
24,21,9,967.0753123,949.1222961,6.534909191,100,0.465916201,13.00432863,21.51323948,0.784867605,52.87578996,TRUE,FALSE,NORMAL
24,21,10,930.8067298,137.7435611,3.488964328,100,6.250932186,1.351390783,7.678183629,0.923218164,63.91602344,TRUE,FALSE,NORMAL
24,22,1,918.7060766,542.4409539,3.529194971,100,24.17033054,4.023075232,7.945811198,0.920541888,63.70228924,TRUE,FALSE,NORMAL
24,22,2,34.06988677,88.12036468,1.031972645,100,7.592289572,1.579115677,23.10568671,0.768943133,51.60680654,TRUE,FALSE,NORMAL
24,22,3,828.218874,835.1520976,9.344973809,100,6.076711049,6.691010135,19.48470597,0.80515294,54.49305045,TRUE,FALSE,NORMAL
24,22,4,196.9340237,98.47543349,2.54853462,100,17.18199566,0.982374159,23.10568671,0.768943133,51.60680654,TRUE,FALSE,NORMAL
24,22,5,486.8718355,919.6143855,2.076820352,100,7.055469677,10.35673526,0,0,0,TRUE,FALSE,NORMAL
24,22,6,573.3512792,498.8595822,2.254479842,100,15.84382718,5.163855,11.37275811,0.886272419,60.96588368,TRUE,FALSE,NORMAL
24,22,7,706.3758983,6.405692588,5.546585352,100,13.77187281,12.52595003,6.277868013,0.93722132,65.03442341,TRUE,FALSE,NORMAL
24,22,8,710.5994961,687.2024018,4.361932703,100,6.019298296,0,12.69354888,0.873064511,59.91248525,TRUE,FALSE,NORMAL
24,22,9,971.7053755,944.5106203,6.534909191,100,0.723671542,14.77050124,20.20733462,0.797926654,53.91681807,TRUE,FALSE,NORMAL
24,22,10,933.4450445,140.0265783,3.488964328,100,3.688983803,0,6.277868013,0.93722132,65.03442341,TRUE,FALSE,NORMAL
24,23,1,915.2071972,542.9025385,3.529194971,100,24.89052332,5.493611998,8.542980355,0.914570196,63.22539152,TRUE,FALSE,NORMAL
24,23,2,33.47565129,88.96407774,1.031972645,100,5.461217514,0,22.91201293,0.770879871,51.76111052,TRUE,FALSE,NORMAL
24,23,3,826.5481382,844.3465077,9.344973809,100,2.763000049,9.061010716,18.78888123,0.812111188,55.04815874,TRUE,FALSE,NORMAL
24,23,4,197.6658385,96.03422973,2.54853462,100,18.38191951,2.799282749,22.91201293,0.770879871,51.76111052,TRUE,FALSE,NORMAL
24,23,5,485.0897386,920.6808345,2.076820352,100,9.925170977,7.929976956,0,0,0,TRUE,FALSE,NORMAL
24,23,6,573.4594545,496.6076991,2.254479842,100,11.40080277,6.564363969,11.80353979,0.881964602,60.62197004,TRUE,FALSE,NORMAL
24,23,7,704.8708931,11.7441913,5.546585352,100,17.23912927,13.83827395,7.087305158,0.929126948,64.38793003,TRUE,FALSE,NORMAL
24,23,8,708.4871102,683.3860839,4.361932703,100,6.776952001,0.475441336,12.44212333,0.875578767,60.11275043,TRUE,FALSE,NORMAL
24,23,9,969.4366121,950.6390582,6.534909191,100,2.291313743,16.33547093,20.59791262,0.794020874,53.60542776,TRUE,FALSE,NORMAL
24,23,10,930.2886446,138.5399673,3.488964328,100,7.802923063,1.193133046,7.087305158,0.929126948,64.38793003,TRUE,FALSE,NORMAL
24,24,1,912.5397404,540.591718,3.529194971,100,26.46286871,6.753534691,8.091501867,0.919084981,63.58593889,TRUE,FALSE,NORMAL
24,24,2,33.0116642,88.04229495,1.031972645,100,8.253541583,2.413663229,23.21639297,0.76783607,51.51860849,TRUE,FALSE,NORMAL
24,24,3,825.3128916,853.6094825,9.344973809,100,7.414115199,6.748663775,18.02896273,0.819710373,55.65449769,TRUE,FALSE,NORMAL
24,24,4,195.3015319,96.9855882,2.54853462,100,23.28874633,2.366392012,23.21639297,0.76783607,51.51860849,TRUE,FALSE,NORMAL
24,24,5,483.5748926,922.1015471,2.076820352,100,14.68916573,5.783872033,0,0,0,TRUE,FALSE,NORMAL
24,24,6,575.3893842,497.7730534,2.254479842,100,8.087349285,8.258263825,12.57393526,0.874260647,60.00696643,TRUE,FALSE,NORMAL
24,24,7,703.0270168,6.51306051,5.546585352,100,15.34335961,15.6545104,6.468309694,0.935316903,64.88231512,TRUE,FALSE,NORMAL
24,24,8,704.1251903,683.3755071,4.361932703,100,7.814829198,0,12.02539829,0.879746017,60.44524662,TRUE,FALSE,NORMAL
24,24,9,969.8397025,957.1615237,6.534909191,100,4.24244664,18.86968904,20.64716772,0.793528323,53.56616084,TRUE,FALSE,NORMAL
24,24,10,928.1043711,141.2605962,3.488964328,100,11.41545213,2.698481022,6.468309694,0.935316903,64.88231512,TRUE,FALSE,NORMAL
24,25,1,915.9198938,541.6064989,3.529194971,100,26.33209927,6.194669748,7.320210348,0.926797897,64.20191712,TRUE,FALSE,NORMAL
24,25,2,33.834203,87.41907953,1.031972645,100,4.349562777,4.368978967,23.48673333,0.765132667,51.30324468,TRUE,FALSE,NORMAL
24,25,3,832.6358651,859.4148761,9.344973809,100,6.363937766,8.559626153,18.0194207,0.819805793,55.66251237,TRUE,FALSE,NORMAL
24,25,4,194.3243554,99.33934155,2.54853462,100,26.13606259,4.600603131,23.48673333,0.765132667,51.30324468,TRUE,FALSE,NORMAL
24,25,5,483.3964488,920.0324071,2.076820352,100,16.05246535,6.830439417,0,0,0,TRUE,FALSE,NORMAL
24,25,6,573.7926704,499.3646515,2.254479842,100,4.336142822,8.599262721,12.03129034,0.879687097,60.44015226,TRUE,FALSE,NORMAL
24,25,7,706.6509255,2.314025522,5.546585352,100,12.21873459,17.91011151,6.161192,0.93838808,65.12761512,TRUE,FALSE,NORMAL
24,25,8,704.2156908,687.7365008,4.361932703,100,5.98159517,1.431661466,11.28371213,0.887162879,61.03733344,TRUE,FALSE,NORMAL
24,25,9,976.0789248,955.2180363,6.534909191,100,0,17.77788719,21.5392057,0.784607943,52.85509379,TRUE,FALSE,NORMAL
24,25,10,929.2487817,144.5565325,3.488964328,100,11.19171562,2.472455511,6.161192,0.93838808,65.12761512,TRUE,FALSE,NORMAL
24,26,1,917.1352118,538.2931593,3.529194971,100,23.2245967,6.180517435,6.22044094,0.937795591,65.08029158,TRUE,FALSE,NORMAL
24,26,2,34.71117343,87.96303761,1.031972645,100,4.019386588,5.19704601,23.25492688,0.767450731,51.48790978,TRUE,FALSE,NORMAL
24,26,3,827.4574743,851.6358784,9.344973809,100,6.299200166,9.393157659,17.52561966,0.824743803,56.05574884,TRUE,FALSE,NORMAL
24,26,4,196.6842046,98.37697949,2.54853462,100,26.78460592,4.862145565,23.25492688,0.767450731,51.48790978,TRUE,FALSE,NORMAL
24,26,5,481.4459859,920.7457634,2.076820352,100,19.60249989,9.747902296,0,0,0,TRUE,FALSE,NORMAL
24,26,6,575.7041174,500.56008,2.254479842,100,3.220800064,7.641183381,12.76215539,0.872378446,59.85671912,TRUE,FALSE,NORMAL
24,26,7,703.3116454,0,5.546585352,100,8.00313935,17.7786014,5.795565478,0.942044345,65.41965411,TRUE,FALSE,NORMAL
24,26,8,699.8573403,687.9132443,4.361932703,100,1.23003379,0.702310085,11.54222706,0.884577729,60.83121994,TRUE,FALSE,NORMAL
24,26,9,976.3287719,961.7481676,6.534909191,100,1.426866563,19.33435275,19.40715447,0.805928455,54.55484858,TRUE,FALSE,NORMAL
24,26,10,926.0754458,146.0066399,3.488964328,100,8.699927822,0.604363986,5.795565478,0.942044345,65.41965411,TRUE,FALSE,NORMAL
24,27,1,914.6034948,540.7519449,3.529194971,100,19.72814789,4.674134849,7.493742069,0.925062579,64.06332583,TRUE,FALSE,NORMAL
24,27,2,33.71531352,87.69242614,1.031972645,100,7.86019049,6.422982961,23.29934833,0.767006517,51.45252109,TRUE,FALSE,NORMAL
24,27,3,836.7270054,850.4508346,9.344973809,100,8.614729248,10.99834511,17.8125644,0.821874356,55.82732495,TRUE,FALSE,NORMAL
24,27,4,195.5409998,96.09923683,2.54853462,100,29.41536281,4.502701675,23.29934833,0.767006517,51.45252109,TRUE,FALSE,NORMAL
24,27,5,481.594786,918.6742806,2.076820352,100,16.29770623,7.081246843,0,0,0,TRUE,FALSE,NORMAL
24,27,6,577.9525439,500.3949809,2.254479842,100,4.110962705,5.027281325,13.19105521,0.868089448,59.5143608,TRUE,FALSE,NORMAL
24,27,7,708.4398451,0,5.546585352,100,10.67325162,16.93420905,6.041911735,0.939580883,65.2228877,TRUE,FALSE,NORMAL
24,27,8,702.4736654,684.4230724,4.361932703,100,5.027004896,0,11.77728096,0.88222719,60.64332498,TRUE,FALSE,NORMAL
24,27,9,977.8108022,955.383529,6.534909191,100,0,17.23610483,20.97808321,0.790219168,53.3023616,TRUE,FALSE,NORMAL
24,27,10,927.2312704,149.298591,3.488964328,100,9.528086189,2.601315026,6.041911735,0.939580883,65.2228877,TRUE,FALSE,NORMAL
24,28,1,912.1431156,538.2217767,3.529194971,100,23.2731563,7.417539845,6.863068619,0.931369314,64.56702272,TRUE,FALSE,NORMAL
24,28,2,32.89478395,87.06656772,1.031972645,100,7.615338354,5.31652883,23.09025567,0.769097443,51.61910045,TRUE,FALSE,NORMAL
24,28,3,835.2437482,859.6773444,9.344973809,100,5.734949894,9.406616481,17.06178405,0.829382159,56.42634601,TRUE,FALSE,NORMAL
24,28,4,196.0485176,93.60174721,2.54853462,100,27.78775905,2.622398382,23.09025567,0.769097443,51.61910045,TRUE,FALSE,NORMAL
24,28,5,483.1288909,917.2743859,2.076820352,100,14.04876847,5.117412389,0,0,0,TRUE,FALSE,NORMAL
24,28,6,580.1295609,500.9808788,2.254479842,100,0,2.913060142,13.4499587,0.865500413,59.30770617,TRUE,FALSE,NORMAL
24,28,7,703.41166,2.341359268,5.546585352,100,14.36532497,16.08096748,6.090214553,0.939097854,65.18430675,TRUE,FALSE,NORMAL
24,28,8,698.9087929,686.9366637,4.361932703,100,10.02524446,2.032778048,11.28749431,0.887125057,61.03433972,TRUE,FALSE,NORMAL
24,28,9,982.9472303,959.4235964,6.534909191,100,1.455695337,15.66528801,20.57411248,0.794258875,53.62440175,TRUE,FALSE,NORMAL
24,28,10,923.7810562,148.7800408,3.488964328,100,10.21119009,4.297100199,6.090214553,0.939097854,65.18430675,TRUE,FALSE,NORMAL
24,29,1,909.2701187,540.2714367,3.529194971,100,26.31846383,6.908919719,6.784247524,0.932157525,64.62997608,TRUE,FALSE,NORMAL
24,29,2,32.16033708,86.34161575,1.031972645,100,3.280460138,5.92231683,23.25735862,0.767426414,51.4859725,TRUE,FALSE,NORMAL
24,29,3,842.2422376,853.4846325,9.344973809,100,5.688509954,11.7289064,16.6589536,0.833410464,56.7476526,TRUE,FALSE,NORMAL
24,29,4,194.3652811,91.68817896,2.54853462,100,27.86289532,1.15819904,23.25735862,0.767426414,51.4859725,TRUE,FALSE,NORMAL
24,29,5,483.2357975,919.3484528,2.076820352,100,12.31346213,5.140160587,0,0,0,TRUE,FALSE,NORMAL
24,29,6,579.5534044,498.8012635,2.254479842,100,2.398938642,0.456919745,13.3481259,0.866518741,59.3889875,TRUE,FALSE,NORMAL
24,29,7,708.184085,5.167764828,5.546585352,100,14.19961349,13.4321225,6.485735627,0.935142644,64.8683969,TRUE,FALSE,NORMAL
24,29,8,694.6296474,687.7824594,4.361932703,100,5.069055957,5.032173346,11.12356075,0.888764392,61.16520215,TRUE,FALSE,NORMAL
24,29,9,989.4718997,959.0579084,6.534909191,100,4.422858311,16.47303055,20.07959836,0.799204016,54.01866233,TRUE,FALSE,NORMAL
24,29,10,927.2265364,149.3291656,3.488964328,100,14.04327154,2.198077351,6.485735627,0.935142644,64.8683969,TRUE,FALSE,NORMAL
24,30,1,905.9328935,541.4195416,3.529194971,100,28.59236418,4.255407504,7.665215191,0.923347848,63.92638048,TRUE,FALSE,NORMAL
24,30,2,31.33964827,86.96726534,1.031972645,100,0,4.624726521,22.90583999,0.7709416,51.76602877,TRUE,FALSE,HIGH_LATENCY
24,30,3,837.2616984,845.5774987,9.344973809,100,7.147261952,12.08536095,16.53199843,0.834680016,56.84825978,TRUE,FALSE,NORMAL
24,30,4,195.5709465,93.93348507,2.54853462,100,30.16556958,2.918845572,22.90583999,0.7709416,51.76602877,TRUE,FALSE,HIGH_LATENCY
24,30,5,484.2642819,921.1527263,2.076820352,100,16.98988958,2.434745655,0,0,0,TRUE,FALSE,NORMAL
24,30,6,578.2976276,500.673616,2.254479842,100,0.737094363,0.059888109,12.86122379,0.871387762,59.77763878,TRUE,FALSE,NORMAL
24,30,7,703.0125043,3.162930075,5.546585352,100,15.99216411,14.71181742,5.162709047,0.94837291,65.92515673,TRUE,FALSE,NORMAL
24,30,8,698.4237759,689.934446,4.361932703,100,7.683634581,6.514534022,12.00121474,0.879987853,60.46461026,TRUE,FALSE,NORMAL
24,30,9,993.0373641,964.5344495,6.534909191,100,4.815182522,13.54568767,17.58679162,0.824132084,56.00670803,TRUE,FALSE,NORMAL
24,30,10,927.9486398,152.742586,3.488964328,100,18.02194015,0,5.162709047,0.94837291,65.92515673,TRUE,FALSE,NORMAL
24,31,1,908.1993768,538.7143114,3.529194971,100,31.29657729,4.425907488,6.362890385,0.936371096,64.96651466,TRUE,FALSE,NORMAL
24,31,2,31.09583693,85.96450736,1.031972645,100,0,7.037024985,22.49782222,0.775021778,52.09113388,TRUE,FALSE,HIGH_LATENCY
24,31,3,834.9732995,854.6379494,9.344973809,100,5.887481879,12.31773391,16.45326504,0.83546735,56.91124603,TRUE,FALSE,NORMAL
24,31,4,197.7633409,92.63408683,2.54853462,100,31.31113891,2.820596987,22.49782222,0.775021778,52.09113388,TRUE,FALSE,HIGH_LATENCY
24,31,5,485.5016934,922.8206578,2.076820352,100,14.89148373,3.167819363,0,0,0,TRUE,FALSE,NORMAL
24,31,6,576.7507205,499.0335679,2.254479842,100,0.541436351,0,12.46070743,0.875392926,60.09735244,TRUE,FALSE,NORMAL
24,31,7,708.1312268,5.299115697,5.546585352,100,16.05074373,12.31687682,6.656710784,0.933432892,64.73183876,TRUE,FALSE,NORMAL
24,31,8,694.8187026,692.3900322,4.361932703,100,5.378984222,8.298123764,11.10741956,0.888925804,61.17819201,TRUE,FALSE,NORMAL
24,31,9,988.1714419,968.8965406,6.534909191,100,8.500256326,14.22829177,18.40786923,0.815921308,55.35178311,TRUE,FALSE,NORMAL
24,31,10,925.1663896,150.6373649,3.488964328,100,18.2625676,0,6.656710784,0.933432892,64.73183876,TRUE,FALSE,NORMAL
24,32,1,911.6750063,539.3268607,3.529194971,100,34.31041111,5.427901653,6.651006842,0.933489932,64.73639448,TRUE,FALSE,NORMAL
24,32,2,31.13139452,84.93314748,1.031972645,100,0,5.635791239,22.16339287,0.778366071,52.35763192,TRUE,FALSE,HIGH_LATENCY
24,32,3,833.0971913,845.4832373,9.344973809,100,4.26261602,12.75712575,16.6080662,0.833919338,56.78754832,TRUE,FALSE,NORMAL
24,32,4,199.8049491,91.10868042,2.54853462,100,30.71659039,3.301096169,22.16339287,0.778366071,52.35763192,TRUE,FALSE,HIGH_LATENCY
24,32,5,483.7751595,923.974895,2.076820352,100,18.78302559,4.951047979,0,0,0,TRUE,FALSE,NORMAL
24,32,6,575.1156272,500.5857113,2.254479842,100,0,0,12.76973494,0.872302651,59.85066879,TRUE,FALSE,NORMAL
24,32,7,703.9736981,1.627663125,5.546585352,100,20.57449162,11.45760353,5.153207337,0.948467927,65.93274652,TRUE,FALSE,NORMAL
24,32,8,697.5662204,689.002171,4.361932703,100,1.446611222,6.077253735,11.71956906,0.882804309,60.68960045,TRUE,FALSE,NORMAL
24,32,9,990.8255324,962.9248707,6.534909191,100,8.597404694,14.79667018,17.478167,0.82521833,56.09335857,TRUE,FALSE,NORMAL
24,32,10,928.1529849,152.4410059,3.488964328,100,14.28716301,0,5.153207337,0.948467927,65.93274652,TRUE,FALSE,NORMAL
24,33,1,910.0399501,536.1992725,3.529194971,100,31.69655649,4.42185313,6.934338432,0.930656616,64.5101008,TRUE,FALSE,NORMAL
24,33,2,31.49619233,85.89849203,1.031972645,100,3.585326888,7.026892047,22.6510164,0.773489836,51.96906565,TRUE,FALSE,HIGH_LATENCY
24,33,3,825.2178566,840.4588349,9.344973809,100,6.85551409,10.61994491,15.73296954,0.842670305,57.48577207,TRUE,FALSE,NORMAL
24,33,4,197.3230062,90.52989871,2.54853462,100,28.71203551,3.633263945,22.6510164,0.773489836,51.96906565,TRUE,FALSE,HIGH_LATENCY
24,33,5,481.8286198,923.2509019,2.076820352,100,14.41254284,3.445197573,0,0,0,TRUE,FALSE,NORMAL
24,33,6,573.8977738,498.6884732,2.254479842,100,0,0.707583023,13.03885182,0.869611482,59.63585129,TRUE,FALSE,NORMAL
24,33,7,698.456587,1.056616639,5.546585352,100,25.07196166,10.33032895,4.558427023,0.95441573,66.40785518,TRUE,FALSE,NORMAL
24,33,8,697.1476797,684.6603649,4.361932703,100,4.502927265,8.608993294,12.20214058,0.877978594,60.3044583,TRUE,FALSE,NORMAL
24,33,9,995.3269228,967.6622247,6.534909191,100,11.35262429,13.32656432,14.83270758,0.851672924,58.20412134,TRUE,FALSE,NORMAL
24,33,10,925.2414249,154.3634237,3.488964328,100,17.70194252,2.548612937,4.558427023,0.95441573,66.40785518,TRUE,FALSE,NORMAL
24,34,1,911.4929574,532.9830655,3.529194971,100,27.27145041,1.704242885,6.108226296,0.938917737,65.16992025,TRUE,FALSE,NORMAL
24,34,2,32.47741955,85.57886618,1.031972645,100,5.195410438,5.966030543,23.1479465,0.768520535,51.57313844,TRUE,FALSE,HIGH_LATENCY
24,34,3,831.1373961,833.2278192,9.344973809,100,7.066557214,9.520440845,16.06765101,0.83932349,57.21867826,TRUE,FALSE,NORMAL
24,34,4,195.2904159,92.06730089,2.54853462,100,30.13169096,5.564671844,23.1479465,0.768520535,51.57313844,TRUE,FALSE,HIGH_LATENCY
24,34,5,480.9542935,925.1347108,2.076820352,100,19.25185368,3.712456382,0,0,0,TRUE,FALSE,NORMAL
24,34,6,575.7606086,497.4186205,2.254479842,100,0,3.273410314,13.67809106,0.863219089,59.1256182,TRUE,FALSE,NORMAL
24,34,7,702.0550103,0,5.546585352,100,20.74206881,10.59851754,4.42839491,0.955716051,66.51172688,TRUE,FALSE,NORMAL
24,34,8,693.3458847,682.5219515,4.361932703,100,7.900053298,9.497846451,11.99872959,0.880012704,60.46691325,TRUE,FALSE,NORMAL
24,34,9,991.5085204,962.3589388,6.534909191,100,7.354766597,15.84269064,15.92543062,0.840745694,57.33215521,TRUE,FALSE,NORMAL
24,34,10,926.9727743,157.3924997,3.488964328,100,21.99005826,1.606525606,4.42839491,0.955716051,66.51172688,TRUE,FALSE,NORMAL
24,35,1,909.6289064,535.979819,3.529194971,100,29.72439226,0,7.354262872,0.926457371,64.17472089,TRUE,FALSE,NORMAL
24,35,2,33.42463127,85.98844827,1.031972645,100,2.773147129,8.202628862,23.38876053,0.766112395,51.38129163,TRUE,FALSE,HIGH_LATENCY
24,35,3,840.4447352,832.3899802,9.344973809,100,10.05478537,8.056357669,15.74367964,0.842563204,57.47718087,TRUE,FALSE,NORMAL
24,35,4,194.7110405,94.54910524,2.54853462,100,27.05478354,6.307880812,23.38876053,0.766112395,51.38129163,TRUE,FALSE,HIGH_LATENCY
24,35,5,482.9409876,924.5295422,2.076820352,100,17.82117755,2.116012407,0,0,0,TRUE,FALSE,NORMAL
24,35,6,575.2341345,499.6107666,2.254479842,100,4.786364116,5.960608094,13.76248443,0.862375156,59.05825941,TRUE,FALSE,NORMAL
24,35,7,700.4587968,5.31194048,5.546585352,100,15.98956469,8.611018952,4.268536457,0.957314635,66.63942551,TRUE,FALSE,NORMAL
24,35,8,697.46118,681.075991,4.361932703,100,9.344989596,6.784913121,12.21952735,0.877804726,60.29040666,TRUE,FALSE,NORMAL
24,35,9,996.8903981,966.0657474,6.534909191,100,3.711187913,13.2805244,15.94552453,0.840544755,57.31612205,TRUE,FALSE,NORMAL
24,35,10,927.8824328,160.760792,3.488964328,100,21.52443029,0.816262028,4.268536457,0.957314635,66.63942551,TRUE,FALSE,NORMAL
24,36,1,906.6637076,537.8936667,3.529194971,100,24.81311959,0,8.642218115,0.913577819,63.14614281,TRUE,FALSE,NORMAL
24,36,2,32.84183856,85.13679095,1.031972645,100,6.055397984,5.808031949,23.57513807,0.764248619,51.23282185,TRUE,FALSE,HIGH_LATENCY
24,36,3,837.2990996,841.1896116,9.344973809,100,6.244604693,7.382690648,16.24958685,0.837504131,57.07359538,TRUE,FALSE,NORMAL
24,36,4,193.0762227,92.59400951,2.54853462,100,29.74919517,6.341255756,23.57513807,0.764248619,51.23282185,TRUE,FALSE,HIGH_LATENCY
24,36,5,484.3040326,922.9626052,2.076820352,100,19.58315723,0,0,0,0,TRUE,FALSE,NORMAL
24,36,6,575.1689199,501.864303,2.254479842,100,1.657512201,5.143980747,13.847437,0.86152563,58.99045501,TRUE,FALSE,NORMAL
24,36,7,704.6093268,1.632577814,5.546585352,100,16.23354534,7.803092128,4.666639747,0.953333603,66.32141382,TRUE,FALSE,NORMAL
24,36,8,701.6277453,679.785181,4.361932703,100,6.704413331,3.978167031,12.52795056,0.874720494,60.04401503,TRUE,FALSE,NORMAL
24,36,9,994.5815982,959.9522802,6.534909191,100,3.227415812,12.49616346,17.40497713,0.825950229,56.1517435,TRUE,FALSE,NORMAL
24,36,10,925.0639057,162.8171911,3.488964328,100,23.51262082,0,4.666639747,0.953333603,66.32141382,TRUE,FALSE,NORMAL
24,37,1,903.9867044,540.1934212,3.529194971,100,29.59182788,0,9.755499502,0.902445005,62.25715198,TRUE,FALSE,NORMAL
24,37,2,32.64049549,84.12465039,1.031972645,100,8.042806293,2.825226184,23.24402783,0.767559722,51.49659266,TRUE,FALSE,HIGH_LATENCY
24,37,3,837.3295116,850.5345359,9.344973809,100,5.603393469,6.074700215,15.78643046,0.842135695,57.44340244,TRUE,FALSE,NORMAL
24,37,4,194.6757864,94.578052,2.54853462,100,30.1065743,7.685269131,23.24402783,0.767559722,51.49659266,TRUE,FALSE,HIGH_LATENCY
24,37,5,485.4317494,924.706577,2.076820352,100,21.51132994,0,0,0,0,TRUE,FALSE,NORMAL
24,37,6,575.8436998,504.0154309,2.254479842,100,0,7.595611042,14.69869311,0.853013069,58.31107079,TRUE,FALSE,NORMAL
24,37,7,710.1538868,1.482700415,5.546585352,100,12.97663565,9.545587561,5.852490735,0.941475093,65.37418537,TRUE,FALSE,NORMAL
24,37,8,702.5158351,675.5146128,4.361932703,100,7.087166352,4.737083411,12.61969962,0.873803004,59.97062966,TRUE,FALSE,NORMAL
24,37,9,991.5872572,965.760805,6.534909191,100,7.696479029,11.2524407,18.16795469,0.818320453,55.54313868,TRUE,FALSE,NORMAL
24,37,10,924.1865101,159.440351,3.488964328,100,20.48369974,0,5.852490735,0.941475093,65.37418537,TRUE,FALSE,NORMAL
24,38,1,902.0387595,543.1363327,3.529194971,100,29.50317508,0,9.640701917,0.903592981,62.34881744,TRUE,FALSE,NORMAL
24,38,2,32.12663884,85.0195911,1.031972645,100,8.40096843,5.774960467,23.4345265,0.765654735,51.34483332,TRUE,FALSE,HIGH_LATENCY
24,38,3,844.6095181,856.3937203,9.344973809,100,5.147822247,6.332740069,16.32812652,0.836718735,57.01195054,TRUE,FALSE,NORMAL
24,38,4,192.9618992,96.46421728,2.54853462,100,31.00954656,8.233798551,23.4345265,0.765654735,51.34483332,TRUE,FALSE,HIGH_LATENCY
24,38,5,487.4813047,925.0419962,2.076820352,100,17.63003744,2.518004766,0,0,0,TRUE,FALSE,NORMAL
24,38,6,573.8684012,502.9287503,2.254479842,100,3.005773266,8.211484517,14.06846451,0.859315355,58.8140466,TRUE,FALSE,NORMAL
24,38,7,711.6820258,0,5.546585352,100,12.79640638,8.267671812,5.890512653,0.941094873,65.34381568,TRUE,FALSE,NORMAL
24,38,8,700.2831951,679.2618485,4.361932703,100,6.952325579,6.085431265,11.94868946,0.880513105,60.50623533,TRUE,FALSE,NORMAL
24,38,9,985.1049346,966.5881689,6.534909191,100,3.16190834,11.7299951,20.51935111,0.794806489,53.66805912,TRUE,FALSE,NORMAL
24,38,10,926.3522925,156.7049792,3.488964328,100,17.17857638,1.768931983,5.890512653,0.941094873,65.34381568,TRUE,FALSE,NORMAL
24,39,1,904.7925653,540.929124,3.529194971,100,32.55112095,2.499763486,9.681119684,0.903188803,62.31654389,TRUE,FALSE,NORMAL
24,39,2,33.06523178,85.44855595,1.031972645,100,11.82465704,8.709833806,23.9706562,0.760293438,50.91777782,TRUE,FALSE,HIGH_LATENCY
24,39,3,848.9358812,864.6769031,9.344973809,100,9.711478396,5.635594087,16.58205849,0.834179415,56.81084413,TRUE,FALSE,NORMAL
24,39,4,190.6624164,97.56303819,2.54853462,100,32.20209774,5.280895584,23.9706562,0.760293438,50.91777782,TRUE,FALSE,HIGH_LATENCY
24,39,5,487.0834041,927.080343,2.076820352,100,21.14948753,0.705872886,0,0,0,TRUE,FALSE,NORMAL
24,39,6,573.6920921,505.1763255,2.254479842,100,6.07265904,8.711888404,14.69768626,0.853023137,58.31187431,TRUE,FALSE,NORMAL
24,39,7,706.1991834,0,5.546585352,100,17.56175029,9.916210377,4.776093475,0.952239065,66.23398175,TRUE,FALSE,NORMAL
24,39,8,702.1743175,675.3311853,4.361932703,100,5.250078357,7.708113572,11.55312363,0.884468764,60.8221066,TRUE,FALSE,NORMAL
24,39,9,982.6304874,960.539851,6.534909191,100,4.536544348,14.59779315,22.88355203,0.77116448,51.78378666,TRUE,FALSE,NORMAL
24,39,10,926.5715356,160.1870482,3.488964328,100,18.37281444,0,4.776093475,0.952239065,66.23398175,TRUE,FALSE,NORMAL
24,40,1,901.8153396,542.8242081,3.529194971,100,34.7290343,3.218041231,9.802587919,0.901974121,62.21955233,TRUE,FALSE,NORMAL
24,40,2,32.45244632,84.61821775,1.031972645,100,12.03504593,6.061076425,24.06165989,0.759383401,50.84529587,TRUE,FALSE,HIGH_LATENCY
24,40,3,855.22654,857.7663208,9.344973809,100,7.965912982,3.243390367,16.90990911,0.830900909,56.54900721,TRUE,FALSE,NORMAL
24,40,4,189.6165067,95.23901114,2.54853462,100,32.40564448,4.528463466,24.06165989,0.759383401,50.84529587,TRUE,FALSE,HIGH_LATENCY
24,40,5,488.7821618,928.2750837,2.076820352,100,20.34366846,3.33195244,0,0,0,TRUE,FALSE,NORMAL
24,40,6,575.4308397,506.6113991,2.254479842,100,7.059598003,7.022591821,14.52629856,0.854737014,58.44865209,TRUE,FALSE,NORMAL
24,40,7,708.7594618,0,5.546585352,100,17.82788897,11.66789158,5.537157038,0.94462843,65.62605869,TRUE,FALSE,NORMAL
24,40,8,701.7167257,679.6690496,4.361932703,100,3.527988301,7.528991873,11.78436349,0.882156365,60.63745561,TRUE,FALSE,NORMAL
24,40,9,987.6102615,956.3081979,6.534909191,100,4.299679037,14.96610458,22.79561424,0.772043858,51.853852,TRUE,FALSE,NORMAL
24,40,10,926.0104687,156.7434925,3.488964328,100,17.30700233,2.37894216,5.537157038,0.94462843,65.62605869,TRUE,FALSE,NORMAL
24,41,1,898.2861466,542.8279126,3.529194971,100,36.46984821,0.235556901,10.74634341,0.892536566,61.46600784,TRUE,FALSE,NORMAL
24,41,2,32.33576914,85.64357329,1.031972645,100,13.00914088,4.40989601,24.47887013,0.755211299,50.51302739,TRUE,FALSE,HIGH_LATENCY
24,41,3,864.4314283,856.1543138,9.344973809,100,11.09403299,2.42326681,16.79854504,0.83201455,56.63892352,TRUE,FALSE,NORMAL
24,41,4,187.0755324,95.43516949,2.54853462,100,32.69827476,5.526722232,24.47887013,0.755211299,50.51302739,TRUE,FALSE,HIGH_LATENCY
24,41,5,490.70249,929.0659834,2.076820352,100,16.10256444,3.26160276,0,0,0,TRUE,FALSE,NORMAL
24,41,6,573.7609157,505.0967924,2.254479842,100,7.273463348,5.927053958,14.70917431,0.852908257,58.30270626,TRUE,FALSE,NORMAL
24,41,7,711.6902834,4.709022648,5.546585352,100,21.08688156,14.21587415,6.476277968,0.93523722,64.8759508,TRUE,FALSE,NORMAL
24,41,8,702.0399979,675.3191126,4.361932703,100,0.589098975,6.304166681,11.71746327,0.882825367,60.69089324,TRUE,FALSE,NORMAL
24,41,9,983.1764793,961.1088867,6.534909191,100,4.22022023,15.57368257,23.90021799,0.76099782,50.9738814,TRUE,FALSE,NORMAL
24,41,10,923.5974784,159.2634825,3.488964328,100,22.0868277,1.986229446,6.476277968,0.93523722,64.8759508,TRUE,FALSE,NORMAL
24,42,1,895.4139044,540.7771952,3.529194971,100,40.17465175,1.892498932,10.79982502,0.89200175,61.42330735,TRUE,FALSE,NORMAL
24,42,2,31.32755986,85.86375861,1.031972645,100,17.32340249,6.473891665,24.69170157,0.753082984,50.34354553,TRUE,FALSE,HIGH_LATENCY
24,42,3,868.435692,864.5979153,9.344973809,100,9.43132171,0,17.66657782,0.823334222,55.94880784,TRUE,FALSE,NORMAL
24,42,4,184.7489408,96.47536202,2.54853462,100,31.61561758,6.624768606,24.69170157,0.753082984,50.34354553,TRUE,FALSE,HIGH_LATENCY
24,42,5,491.0979169,931.1048116,2.076820352,100,16.19614574,3.799041416,0,0,0,TRUE,FALSE,NORMAL
24,42,6,573.1668194,507.2715864,2.254479842,100,12.13776591,3.109629525,14.2286525,0.857713475,58.68619908,TRUE,FALSE,NORMAL
24,42,7,716.8120263,2.580089013,5.546585352,100,24.40848203,12.84867691,7.310224684,0.926897753,64.20989224,TRUE,FALSE,NORMAL
24,42,8,703.7838995,679.3172702,4.361932703,100,0,8.336707563,11.30595211,0.886940479,61.01942533,TRUE,FALSE,NORMAL
24,42,9,977.8921608,957.264278,6.534909191,100,0,18.26738281,26.44377681,0.735562232,48.9488461,TRUE,FALSE,NORMAL
24,42,10,923.5356,155.7750669,3.488964328,100,23.70558823,2.394951999,7.310224684,0.926897753,64.20989224,TRUE,FALSE,NORMAL
24,43,1,891.9154756,540.312208,3.529194971,100,42.92548925,3.151098025,11.02394674,0.889760533,61.24436779,TRUE,FALSE,NORMAL
24,43,2,31.38728697,86.89400141,1.031972645,100,21.1923314,4.966653017,24.44165333,0.755583467,50.54266515,TRUE,FALSE,HIGH_LATENCY
24,43,3,874.6627121,871.5658961,9.344973809,100,11.87920286,0.482013853,17.8563062,0.821436938,55.80180397,TRUE,FALSE,NORMAL
24,43,4,186.4661676,94.59223675,2.54853462,100,32.10129575,6.030448543,24.44165333,0.755583467,50.54266515,TRUE,FALSE,HIGH_LATENCY
24,43,5,489.0215615,931.1487561,2.076820352,100,17.77838467,5.456618548,0,0,0,TRUE,FALSE,NORMAL
24,43,6,572.7242729,509.4822044,2.254479842,100,13.05898059,2.823450997,15.18620292,0.848137971,57.92202592,TRUE,FALSE,NORMAL
24,43,7,711.3834786,1.441897641,5.546585352,100,26.06142762,10.86269776,6.415549478,0.935844505,64.92445519,TRUE,FALSE,NORMAL
24,43,8,700.3425853,676.6370066,4.361932703,100,0,5.561830652,10.93882774,0.890611723,61.31282289,TRUE,FALSE,NORMAL
24,43,9,973.4706541,952.4522808,6.534909191,100,0,21.15417069,29.10627885,0.708937212,46.83153297,TRUE,FALSE,NORMAL
24,43,10,921.709411,158.7479285,3.488964328,100,28.2984797,4.420077939,6.415549478,0.935844505,64.92445519,TRUE,FALSE,NORMAL
24,44,1,895.1097377,538.8115725,3.529194971,100,45.35977584,1.00932943,11.02229447,0.889777055,61.24568695,TRUE,FALSE,NORMAL
24,44,2,32.0364069,87.69625501,1.031972645,100,20.96010139,4.502760779,24.60595288,0.753940471,50.41182739,TRUE,FALSE,HIGH_LATENCY
24,44,3,883.9172885,870.2692264,9.344973809,100,13.01846167,0,18.28194443,0.817180556,55.46668781,TRUE,FALSE,NORMAL
24,44,4,186.045303,97.10578039,2.54853462,100,28.39542805,8.434657851,24.60595288,0.753940471,50.41182739,TRUE,FALSE,HIGH_LATENCY
24,44,5,488.1514387,929.2630019,2.076820352,100,14.5976006,2.769810024,0,0,0,TRUE,FALSE,NORMAL
24,44,6,570.5643116,508.8362581,2.254479842,100,8.403487076,0.05185946,15.29073567,0.847092643,57.83860964,TRUE,FALSE,NORMAL
24,44,7,711.3521463,0,5.546585352,100,22.02024264,11.53865426,6.756326858,0.932436731,64.65227604,TRUE,FALSE,NORMAL
24,44,8,701.6615305,672.4792619,4.361932703,100,0,8.10351352,10.55734243,0.894426576,61.61755441,TRUE,FALSE,NORMAL
24,44,9,970.2535124,946.764132,6.534909191,100,4.189196257,20.67991619,31.20489173,0.687951083,45.16500898,TRUE,FALSE,NORMAL
24,44,10,920.5051115,155.4734004,3.488964328,100,31.92311729,2.458761558,6.756326858,0.932436731,64.65227604,TRUE,FALSE,NORMAL
24,45,1,894.7825089,535.2975807,3.529194971,100,46.44015064,1.343857695,10.46536498,0.89534635,61.69034879,TRUE,FALSE,NORMAL
24,45,2,32.20711028,88.71401132,1.031972645,100,20.52164096,2.318488862,24.68475136,0.753152486,50.34907991,TRUE,FALSE,HIGH_LATENCY
24,45,3,876.9526154,876.4999458,9.344973809,100,12.67149549,0,18.13089831,0.818691017,55.58497061,TRUE,FALSE,NORMAL
24,45,4,185.648901,99.62329786,2.54853462,100,31.26366954,8.78256383,24.68475136,0.753152486,50.34907991,TRUE,FALSE,HIGH_LATENCY
24,45,5,489.1495713,931.0842416,2.076820352,100,17.82725296,0.832313357,0,0,0,TRUE,FALSE,NORMAL
24,45,6,572.4798387,507.6473783,2.254479842,100,3.970338048,1.126432304,14.66109558,0.853389044,58.34107563,TRUE,FALSE,NORMAL
24,45,7,706.1700667,0,5.546585352,100,19.89990945,9.903873539,6.094663202,0.939053368,65.18075349,TRUE,FALSE,NORMAL
24,45,8,702.7687174,676.6983369,4.361932703,100,0,9.902008246,10.37882903,0.89621171,61.75992664,TRUE,FALSE,NORMAL
24,45,9,970.3918199,953.2975775,6.534909191,100,6.349827665,22.25406318,30.25177011,0.697482299,45.92158573,TRUE,FALSE,NORMAL
24,45,10,922.3486947,152.5112942,3.488964328,100,32.63688783,5.084149867,6.094663202,0.939053368,65.18075349,TRUE,FALSE,NORMAL
24,46,1,898.1040071,536.4904207,3.529194971,100,43.55726185,0,9.956244776,0.900437552,62.09685994,TRUE,FALSE,NORMAL
24,46,2,32.76350239,89.58314615,1.031972645,100,17.47140857,1.198075755,25.18398519,0.748160148,49.95157959,TRUE,FALSE,HIGH_LATENCY
24,46,3,869.3339903,881.9115156,9.344973809,100,11.24279493,0,17.04587258,0.829541274,56.44826442,TRUE,FALSE,NORMAL
24,46,4,183.2422343,100.4617393,2.54853462,100,26.69932365,6.110609354,25.18398519,0.748160148,49.95157959,TRUE,FALSE,HIGH_LATENCY
24,46,5,490.0025079,929.1906519,2.076820352,100,18.45137947,0.33445404,0,0,0,TRUE,FALSE,NORMAL
24,46,6,572.3831405,505.3949731,2.254479842,100,5.04582087,2.25531912,15.06704557,0.849329544,58.01711401,TRUE,FALSE,NORMAL
24,46,7,710.5849657,0,5.546585352,100,23.88279412,7.734235962,6.11988465,0.938801154,65.1606084,TRUE,FALSE,NORMAL
24,46,8,699.4693101,673.8452038,4.361932703,100,0,11.09417472,10.14739863,0.898526014,61.94482921,TRUE,FALSE,NORMAL
24,46,9,975.9733121,956.6963982,6.534909191,100,1.590991017,22.83167628,28.67283963,0.713271604,47.17601515,TRUE,FALSE,NORMAL
24,46,10,924.8162353,154.9778942,3.488964328,100,35.97137153,6.18367963,6.11988465,0.938801154,65.1606084,TRUE,FALSE,NORMAL
24,47,1,896.1783226,539.4479462,3.529194971,100,47.11641711,0.885977475,10.12702555,0.898729745,61.96049646,TRUE,FALSE,NORMAL
24,47,2,32.43801011,88.60384931,1.031972645,100,21.76595665,0.573984582,25.47846688,0.745215331,49.71714157,TRUE,FALSE,HIGH_LATENCY
24,47,3,866.5695854,890.8382507,9.344973809,100,10.56995009,0,16.93014473,0.830698553,56.5434784,TRUE,FALSE,NORMAL
24,47,4,181.2077928,98.92678757,2.54853462,100,30.43961436,4.851006696,25.47846688,0.745215331,49.71714157,TRUE,FALSE,HIGH_LATENCY
24,47,5,492.0567089,928.8849706,2.076820352,100,13.79372468,0,0,0,0,TRUE,FALSE,NORMAL
24,47,6,572.6718509,507.6308903,2.254479842,100,7.117532773,5.240241901,16.04288431,0.839571157,57.2384383,TRUE,FALSE,NORMAL
24,47,7,713.5013819,0,5.546585352,100,28.67151271,9.659179517,6.427890448,0.935721096,64.91459833,TRUE,FALSE,NORMAL
24,47,8,695.5213706,671.9904179,4.361932703,100,1.445121365,11.43249783,10.01852213,0.899814779,62.04807294,TRUE,FALSE,NORMAL
24,47,9,973.5874993,950.6125725,6.534909191,100,3.47325936,25.02202513,29.97463293,0.700253671,46.14167273,TRUE,FALSE,NORMAL
24,47,10,923.1724608,158.0553733,3.488964328,100,40.14975047,3.753594011,6.427890448,0.935721096,64.91459833,TRUE,FALSE,NORMAL
24,48,1,895.3149074,536.0259977,3.529194971,100,47.54473964,3.724837606,9.197303124,0.908026969,62.70287872,TRUE,FALSE,NORMAL
24,48,2,32.76904266,87.62641133,1.031972645,100,18.40275165,0,25.71562436,0.742843756,49.52835887,TRUE,FALSE,HIGH_LATENCY
24,48,3,867.2557543,900.157999,9.344973809,100,13.30513395,0.426815923,16.31113632,0.836888637,57.03823741,TRUE,FALSE,NORMAL
24,48,4,179.8767206,101.1000973,2.54853462,100,32.38678098,4.572263109,25.71562436,0.742843756,49.52835887,TRUE,FALSE,HIGH_LATENCY
24,48,5,490.4918559,927.5195338,2.076820352,100,10.13171416,0.253481292,0,0,0,TRUE,FALSE,NORMAL
24,48,6,573.1206573,505.4215347,2.254479842,100,4.670969596,5.756646198,15.80443421,0.841955658,57.42870058,TRUE,FALSE,NORMAL
24,48,7,718.9962353,0.755774836,5.546585352,100,27.48048738,11.7580167,6.713444231,0.932865558,64.68652605,TRUE,FALSE,NORMAL
24,48,8,691.9292481,674.4649104,4.361932703,100,0.551102556,13.09157951,9.181390461,0.908186095,62.71664496,TRUE,FALSE,NORMAL
24,48,9,979.5072921,947.8447049,6.534909191,100,5.038351673,27.75325198,30.07983859,0.699201614,46.05811925,TRUE,FALSE,NORMAL
24,48,10,924.6869246,161.1985041,3.488964328,100,40.61729282,2.928634936,6.713444231,0.932865558,64.68652605,TRUE,FALSE,NORMAL
24,49,1,897.8516887,533.5724376,3.529194971,100,49.57594131,6.696013753,9.342538406,0.906574616,62.58690439,TRUE,FALSE,NORMAL
24,49,2,32.62857465,88.64877931,1.031972645,100,19.1250999,0,25.87828029,0.741217197,49.39889131,TRUE,FALSE,HIGH_LATENCY
24,49,3,876.5838317,899.5962982,9.344973809,100,13.0819411,2.889753005,16.6294652,0.833705348,56.78758381,TRUE,FALSE,NORMAL
24,49,4,178.6525013,103.3353413,2.54853462,100,35.37774521,3.712599662,25.87828029,0.741217197,49.39889131,TRUE,FALSE,HIGH_LATENCY
24,49,5,488.7767796,928.6907282,2.076820352,100,6.448311029,3.111521261,0,0,0,TRUE,FALSE,NORMAL
24,49,6,570.925164,505.9338709,2.254479842,100,1.252916903,5.87660569,15.57418234,0.844258177,57.61242776,TRUE,FALSE,NORMAL
24,49,7,724.3336806,0,5.546585352,100,27.63027463,11.61338931,6.874469666,0.931255303,64.55791689,TRUE,FALSE,NORMAL
24,49,8,695.7274532,672.3201271,4.361932703,100,4.103486787,14.67030869,8.893095161,0.911069048,62.94691549,TRUE,FALSE,NORMAL
24,49,9,982.0799861,941.8375189,6.534909191,100,3.348909881,28.22329224,31.49636567,0.685036343,44.93375331,TRUE,FALSE,NORMAL
24,49,10,928.1756531,161.2390697,3.488964328,100,43.72020492,3.877073305,6.874469666,0.931255303,64.55791689,TRUE,FALSE,NORMAL
24,50,1,901.3782568,533.4362954,3.529194971,100,52.78755908,8.714508057,8.12796886,0.918720311,63.55681612,TRUE,FALSE,NORMAL
24,50,2,33.51465364,89.1777704,1.031972645,100,21.52393391,2.760023562,26.32572968,0.736742703,49.04278399,TRUE,FALSE,HIGH_LATENCY
24,50,3,881.0051461,907.8291905,9.344973809,100,11.96714739,0.499904629,32.79165452,0.672083455,43.90679463,TRUE,FALSE,NORMAL
24,50,4,177.1167614,101.3014948,2.54853462,100,35.76520635,4.410423779,26.32572968,0.736742703,49.04278399,TRUE,FALSE,HIGH_LATENCY
24,50,5,490.8434607,928.8956971,2.076820352,100,10.3089276,0.537482196,0,0,0,TRUE,FALSE,NORMAL
24,50,6,570.8022864,503.6827421,2.254479842,100,3.225741475,2.965680294,15.4408385,0.845591615,57.71883097,TRUE,FALSE,NORMAL
24,50,7,719.2322718,2.177208504,5.546585352,100,26.49484254,9.355496952,5.846957754,0.941530422,65.3786048,TRUE,FALSE,NORMAL
24,50,8,691.6709342,673.9235953,4.361932703,100,7.615905592,14.99130718,11.78440368,0.882155963,60.63782355,TRUE,FALSE,NORMAL
24,50,9,983.4009478,935.4375112,6.534909191,100,0,28.74557423,32.79165452,0.672083455,43.90679463,TRUE,FALSE,NORMAL
24,50,10,931.2585435,162.8726727,3.488964328,100,40.73685581,3.763933715,5.846957754,0.941530422,65.3786048,TRUE,FALSE,NORMAL
24,51,1,898.1264274,534.8077263,3.529194971,100,57.74300742,6.169178358,9.368141387,0.906318586,62.56645987,TRUE,FALSE,NORMAL
24,51,2,33.57945609,88.14783439,1.031972645,100,21.18412569,1.918839603,26.0316675,0.739683325,49.27680906,TRUE,FALSE,HIGH_LATENCY
24,51,3,887.4567122,901.0685817,9.344973809,100,10.01391446,0,33.2353379,0.667646621,43.55532547,TRUE,FALSE,NORMAL
24,51,4,178.9845605,99.56761036,2.54853462,100,33.02063656,3.979805077,26.0316675,0.739683325,49.27680906,TRUE,FALSE,HIGH_LATENCY
24,51,5,488.7676342,928.9599408,2.076820352,100,14.66948159,1.382693362,0,0,0,TRUE,FALSE,NORMAL
24,51,6,568.6301833,503.0788818,2.254479842,100,0,3.620512395,15.43021563,0.845697844,57.7273077,TRUE,FALSE,NORMAL
24,51,7,718.9826184,0,5.546585352,100,29.43533689,7.726280944,5.591936558,0.944080634,65.58230307,TRUE,FALSE,NORMAL
24,51,8,693.909412,670.179844,4.361932703,100,5.626343046,17.36413168,12.39917851,0.876008215,60.14688379,TRUE,FALSE,NORMAL
24,51,9,986.8262211,929.8722133,6.534909191,100,0,27.09161583,33.2353379,0.667646621,43.55532547,TRUE,FALSE,NORMAL
24,51,10,933.3682898,160.0938523,3.488964328,100,40.00010773,3.016947054,5.591936558,0.944080634,65.58230307,TRUE,FALSE,NORMAL
24,52,1,895.7018316,532.2432473,3.529194971,100,52.79056245,4.721716472,10.16189393,0.898381061,61.93265534,TRUE,FALSE,NORMAL
24,52,2,32.61855899,87.77147779,1.031972645,100,17.77842976,0.192270415,26.03202011,0.739679799,49.27652843,TRUE,FALSE,HIGH_LATENCY
24,52,3,878.1227179,901.5214455,9.344973809,100,13.18468196,0,16.75919186,0.832408081,56.6879613,TRUE,FALSE,NORMAL
24,52,4,178.167249,97.15368603,2.54853462,100,36.10828735,3.856674489,26.03202011,0.739679799,49.27652843,TRUE,FALSE,HIGH_LATENCY
24,52,5,490.8068011,929.3536172,2.076820352,100,13.18785378,0.880879345,0,0,0,TRUE,FALSE,NORMAL
24,52,6,567.2325106,501.3099301,2.254479842,100,4.83963649,5.871013182,15.23261597,0.84767384,57.88498854,TRUE,FALSE,NORMAL
24,52,7,724.5291704,0,5.546585352,100,28.99700178,6.553521183,6.849536012,0.93150464,64.57783101,TRUE,FALSE,NORMAL
24,52,8,696.6108956,666.7551625,4.361932703,100,2.069561076,20.25257493,8.701256097,0.912987439,63.10020489,TRUE,FALSE,NORMAL
24,52,9,980.9715178,926.9691998,6.534909191,100,0.425642276,28.97896054,32.80912532,0.671908747,43.89295182,TRUE,FALSE,NORMAL
24,52,10,931.8914207,156.9328826,3.488964328,100,40.61272911,5.55792505,6.849536012,0.93150464,64.57783101,TRUE,FALSE,NORMAL
24,53,1,893.1978778,534.7303002,3.529194971,100,56.65593137,3.672854783,10.4228696,0.895771304,61.72427882,TRUE,FALSE,NORMAL
24,53,2,32.14315959,86.85552858,1.031972645,100,13.30860389,3.117867156,26.09774784,0.739022522,49.22421749,TRUE,FALSE,HIGH_LATENCY
24,53,3,868.7828708,901.2119436,9.344973809,100,9.560979058,0,16.55880885,0.834411911,56.8458019,TRUE,FALSE,NORMAL
24,53,4,177.058855,99.44856982,2.54853462,100,39.77146677,0.890721712,26.09774784,0.739022522,49.22421749,TRUE,FALSE,HIGH_LATENCY
24,53,5,488.8177198,929.9508929,2.076820352,100,10.38694942,0.480168468,0,0,0,TRUE,FALSE,NORMAL
24,53,6,569.4869051,501.3295386,2.254479842,100,3.61684826,3.387043631,16.14552637,0.838544736,57.15654104,TRUE,FALSE,NORMAL
24,53,7,721.7960532,0,5.546585352,100,30.11131535,8.188320492,5.926357101,0.940736429,65.31518529,TRUE,FALSE,NORMAL
24,53,8,692.8580679,664.531935,4.361932703,100,5.732788511,20.7067591,9.195700609,0.908042994,62.7055159,TRUE,FALSE,NORMAL
24,53,9,976.9430719,921.8236521,6.534909191,100,1.295112592,29.38945732,32.09891185,0.679010881,44.45587595,TRUE,FALSE,NORMAL
24,53,10,933.9327198,159.7623648,3.488964328,100,40.31213008,8.424398862,5.926357101,0.940736429,65.31518529,TRUE,FALSE,NORMAL
24,54,1,893.5400921,538.2428643,3.529194971,100,55.49685812,1.749444513,10.0135613,0.899864387,62.05109412,TRUE,FALSE,NORMAL
24,54,2,32.94161227,87.50931819,1.031972645,100,14.09321939,5.598963131,26.45171717,0.735482828,48.9425276,TRUE,FALSE,HIGH_LATENCY
24,54,3,861.1750734,895.7851623,9.344973809,100,8.666136927,0,16.42078906,0.835792109,56.95071573,TRUE,FALSE,NORMAL
24,54,4,175.619944,101.5520345,2.54853462,100,38.18051329,0,26.45171717,0.735482828,48.9425276,TRUE,FALSE,HIGH_LATENCY
24,54,5,490.2774784,931.4281496,2.076820352,100,10.86576657,2.0649323,0,0,0,TRUE,FALSE,NORMAL
24,54,6,568.4949937,499.3049915,2.254479842,100,5.285146114,5.842031119,15.54839754,0.844516025,57.63300287,TRUE,FALSE,NORMAL
24,54,7,721.77457,5.546543747,5.546585352,100,28.39555822,10.36319467,7.026881128,0.929731189,64.43618905,TRUE,FALSE,NORMAL
24,54,8,690.3154636,668.0761726,4.361932703,100,1.613852249,20.4250484,9.429939091,0.905700609,62.51810533,TRUE,FALSE,NORMAL
24,54,9,978.5544962,928.1567674,6.534909191,100,0,32.36718053,30.11371968,0.698862803,46.03121245,TRUE,FALSE,NORMAL
24,54,10,931.9411999,156.8976275,3.488964328,100,36.44843302,10.23999229,7.026881128,0.929731189,64.43618905,TRUE,FALSE,NORMAL
24,55,1,891.3236341,540.9892312,3.529194971,100,59.12978186,1.628390905,10.93841093,0.890615891,61.31265941,TRUE,FALSE,NORMAL
24,55,2,33.68898274,88.22093952,1.031972645,100,11.66765256,5.651082783,26.1588078,0.738411922,49.17562279,TRUE,FALSE,HIGH_LATENCY
24,55,3,862.1356797,886.4896918,9.344973809,100,3.957904823,2.905775855,16.97313832,0.830268617,56.51082206,TRUE,FALSE,NORMAL
24,55,4,178.1664828,101.6528752,2.54853462,100,40.67857565,0,26.1588078,0.738411922,49.17562279,TRUE,FALSE,HIGH_LATENCY
24,55,5,489.4440158,933.3303911,2.076820352,100,7.737850289,0,0,0,0,TRUE,FALSE,NORMAL
24,55,6,566.7232876,500.6991712,2.254479842,100,0.796441555,5.832483885,16.16265533,0.838373447,57.14287411,TRUE,FALSE,NORMAL
24,55,7,725.415047,9.731222484,5.546585352,100,26.93945854,12.50947162,7.563687512,0.924363125,64.00746435,TRUE,FALSE,NORMAL
24,55,8,690.1696878,663.7166765,4.361932703,100,3.416516423,22.8366246,10.12463718,0.898753628,61.96345623,TRUE,FALSE,NORMAL
24,55,9,972.3030238,930.0604827,6.534909191,100,0.788299028,31.77481833,30.67343135,0.693265686,45.58680893,TRUE,FALSE,NORMAL
24,55,10,932.1299722,160.3814812,3.488964328,100,36.86368484,8.234615723,7.563687512,0.924363125,64.00746435,TRUE,FALSE,NORMAL
24,56,1,891.9747032,537.520611,3.529194971,100,58.75239385,3.02850421,11.14933106,0.888506689,61.14426229,TRUE,FALSE,NORMAL
24,56,2,32.84224717,87.63101884,1.031972645,100,15.55624263,8.367892626,25.83211299,0.74167887,49.43563776,TRUE,FALSE,HIGH_LATENCY
24,56,3,863.0296206,895.7918102,9.344973809,100,3.163753327,5.772099679,16.33162185,0.836683781,57.02234198,TRUE,FALSE,NORMAL
24,56,4,179.4024285,99.42409375,2.54853462,100,38.68900631,0,25.83211299,0.74167887,49.43563776,TRUE,FALSE,HIGH_LATENCY
24,56,5,487.3881177,933.0363402,2.076820352,100,3.656743938,0,0,0,0,TRUE,FALSE,NORMAL
24,56,6,568.1435082,502.4500717,2.254479842,100,1.378943725,4.770370375,16.08182847,0.839181715,57.20736492,TRUE,FALSE,NORMAL
24,56,7,728.9029872,5.418580334,5.546585352,100,30.27574514,9.769417289,7.19609158,0.928039084,64.30104586,TRUE,FALSE,NORMAL
24,56,8,694.5306112,663.8105083,4.361932703,100,0,23.0803724,9.87286633,0.901271337,62.16460334,TRUE,FALSE,NORMAL
24,56,9,977.7412827,933.6840691,6.534909191,100,1.429453687,29.11961717,30.27580425,0.697241958,45.90250116,TRUE,FALSE,NORMAL
24,56,10,932.5056932,163.8501562,3.488964328,100,40.76232271,7.904666189,7.19609158,0.928039084,64.30104586,TRUE,FALSE,NORMAL
24,57,1,890.488842,540.7217723,3.529194971,100,56.73453694,5.706638839,11.0787265,0.889212735,61.20063206,TRUE,FALSE,NORMAL
24,57,2,32.05417343,88.29728254,1.031972645,100,16.96211285,5.854777883,26.00892825,0.739910717,49.29490694,TRUE,FALSE,HIGH_LATENCY
24,57,3,861.5565961,886.5636611,9.344973809,100,4.194699133,7.983082662,16.6619438,0.833380562,56.75588551,TRUE,FALSE,NORMAL
24,57,4,177.7523938,97.48182333,2.54853462,100,38.27938635,1.963822835,26.00892825,0.739910717,49.29490694,TRUE,FALSE,HIGH_LATENCY
24,57,5,486.9466955,935.0657069,2.076820352,100,7.228054302,0,0,0,0,TRUE,FALSE,NORMAL
24,57,6,566.5156891,500.8903011,2.254479842,100,0,5.892320353,15.29996793,0.847000321,57.83124244,TRUE,FALSE,NORMAL
24,57,7,732.3220644,1.051141676,5.546585352,100,31.61089697,12.68795736,7.490284868,0.925097151,64.0660869,TRUE,FALSE,NORMAL
24,57,8,693.1441301,667.9462219,4.361932703,100,0,25.1370081,10.18838613,0.898116139,61.91228731,TRUE,FALSE,NORMAL
24,57,9,977.2370774,940.1994982,6.534909191,100,3.928135196,31.93247156,29.13742365,0.708625764,46.8067836,TRUE,FALSE,NORMAL
24,57,10,929.2163977,165.0135165,3.488964328,100,42.50632932,7.876502349,7.490284868,0.925097151,64.0660869,TRUE,FALSE,NORMAL
24,58,1,893.5832182,542.4188442,3.529194971,100,56.99575298,5.12753444,10.62330831,0.893766917,61.56424171,TRUE,FALSE,NORMAL
24,58,2,32.45537489,89.24807428,1.031972645,100,20.85917555,2.880508332,25.99753147,0.740024685,49.30397757,TRUE,FALSE,HIGH_LATENCY
24,58,3,855.1022201,893.3215872,9.344973809,100,4.946302081,7.215791043,15.4973167,0.845026833,57.68362742,TRUE,FALSE,NORMAL
24,58,4,178.1136064,100.0046301,2.54853462,100,33.47443164,4.197786877,25.99753147,0.740024685,49.30397757,TRUE,FALSE,HIGH_LATENCY
24,58,5,485.1622146,936.1281619,2.076820352,100,2.370015574,2.21460853,0,0,0,TRUE,FALSE,NORMAL
24,58,6,568.1820078,499.3717288,2.254479842,100,4.140284636,3.903080332,15.98763161,0.840123684,57.28252451,TRUE,FALSE,NORMAL
24,58,7,726.784209,0.740066869,5.546585352,100,29.90659954,10.80854898,7.320988756,0.926790112,64.20129544,TRUE,FALSE,NORMAL
24,58,8,690.0587415,664.8629065,4.361932703,100,0,25.58665453,9.93823388,0.900617661,62.11226357,TRUE,FALSE,NORMAL
24,58,9,979.8038749,946.209206,6.534909191,100,1.46470035,32.23397687,27.79087169,0.722091283,47.87723035,TRUE,FALSE,NORMAL
24,58,10,926.2670696,163.1495595,3.488964328,100,37.71535173,7.031029931,7.320988756,0.926790112,64.20129544,TRUE,FALSE,NORMAL
24,59,1,894.0743494,538.9239898,3.529194971,100,61.19340822,5.875052418,10.15164198,0.89848358,61.94084113,TRUE,FALSE,NORMAL
24,59,2,31.43509533,89.40298446,1.031972645,100,18.82588565,1.208821519,25.50742035,0.744925797,49.69409302,TRUE,FALSE,HIGH_LATENCY
24,59,3,863.2921425,888.8211755,9.344973809,100,2.440560737,6.055446189,14.94797152,0.850520285,58.12222472,TRUE,FALSE,NORMAL
24,59,4,179.8701026,101.8511809,2.54853462,100,35.23577525,2.108093115,25.50742035,0.744925797,49.69409302,TRUE,FALSE,HIGH_LATENCY
24,59,5,484.1770092,934.2998968,2.076820352,100,7.331467415,0,0,0,0,TRUE,FALSE,NORMAL
24,59,6,567.8850415,501.6065645,2.254479842,100,0,1.728111422,16.9909652,0.830090348,56.48202212,TRUE,FALSE,NORMAL
24,59,7,731.971251,0,5.546585352,100,26.11390296,12.0651759,8.29213645,0.917078636,63.42571194,TRUE,FALSE,NORMAL
24,59,8,687.3270645,661.4622598,4.361932703,100,0.587003813,27.45082432,9.799795313,0.902002047,62.22314449,TRUE,FALSE,NORMAL
24,59,9,985.1930266,949.9054315,6.534909191,100,0,30.28673137,27.63916428,0.723608357,47.99787924,TRUE,FALSE,NORMAL
24,59,10,922.8210782,163.6954674,3.488964328,100,35.16491052,9.400788091,8.29213645,0.917078636,63.42571194,TRUE,FALSE,NORMAL
24,60,1,896.5866484,536.4453671,3.529194971,100,60.47322451,3.973516123,9.056300054,0.909436999,62.81547494,TRUE,FALSE,NORMAL
24,60,2,31.23956233,90.41626349,1.031972645,100,20.29386183,1.929599972,25.16938846,0.748306115,49.96320078,TRUE,FALSE,HIGH_LATENCY
24,60,3,859.0173271,897.1310785,9.344973809,100,0,6.823231417,13.97639561,0.860236044,58.89723685,TRUE,FALSE,NORMAL
24,60,4,181.875006,100.2778434,2.54853462,100,34.1433772,0,25.16938846,0.748306115,49.96320078,TRUE,FALSE,HIGH_LATENCY
24,60,5,484.6145066,932.2696804,2.076820352,100,2.670466664,2.387811486,0,0,0,TRUE,FALSE,NORMAL
24,60,6,567.8886387,499.3520875,2.254479842,100,0,0,17.24800373,0.827519963,56.27696656,TRUE,FALSE,NORMAL
24,60,7,729.6069139,5.017421557,5.546585352,100,21.83333215,9.895094437,8.255546487,0.917444535,63.45493251,TRUE,FALSE,NORMAL
24,60,8,683.0941872,660.409071,4.361932703,100,0.096655994,26.27350796,9.105846079,0.908941539,62.77751362,TRUE,FALSE,NORMAL
24,60,9,986.4209963,956.3239304,6.534909191,100,0,29.05137361,26.93955677,0.730604432,48.55437435,TRUE,FALSE,NORMAL
24,60,10,922.1054983,167.1102613,3.488964328,100,33.81719759,6.700960536,8.255546487,0.917444535,63.45493251,TRUE,FALSE,NORMAL
24,61,1,898.4829871,533.4689402,3.529194971,100,63.94669829,6.129107418,9.128147503,0.908718525,62.75810189,TRUE,FALSE,NORMAL
24,61,2,30.2083151,90.45495041,1.031972645,100,19.75907039,4.551154576,24.82330476,0.751766952,50.23875365,TRUE,FALSE,NORMAL
24,61,3,851.4397949,902.6000401,9.344973809,100,0,6.00623728,13.67080153,0.863291985,59.13968692,TRUE,FALSE,NORMAL
24,61,4,182.7273041,102.6796379,2.54853462,100,35.28359337,0.654348215,24.82330476,0.751766952,50.23875365,TRUE,FALSE,NORMAL
24,61,5,486.3605084,931.1451091,2.076820352,100,2.600812577,3.978123282,0,0,0,TRUE,FALSE,NORMAL
24,61,6,569.0268657,501.2981396,2.254479842,100,0.712860082,2.145421433,17.15006287,0.828499371,56.35509902,TRUE,FALSE,NORMAL
24,61,7,727.2888107,0,5.546585352,100,17.96771344,7.332345323,7.003292335,0.929967077,64.45502883,TRUE,FALSE,NORMAL
24,61,8,687.4438552,660.7359424,4.361932703,100,0,27.93829183,9.248429423,0.907515706,62.66356487,TRUE,FALSE,NORMAL
24,61,9,985.3249381,962.7662665,6.534909191,100,0,30.47227648,25.87452516,0.741254748,49.40188014,TRUE,FALSE,NORMAL
24,61,10,925.582577,166.8225195,3.488964328,100,35.95134548,8.539758282,7.003292335,0.929967077,64.45502883,TRUE,FALSE,NORMAL
24,62,1,897.268866,530.1551619,3.529194971,100,62.41981745,6.420257363,8.307407132,0.916925929,63.41351686,TRUE,FALSE,NORMAL
24,62,2,31.2402812,90.45127612,1.031972645,100,15.98135146,2.078441907,25.15860895,0.74841391,49.97178293,TRUE,FALSE,NORMAL
24,62,3,855.0620656,893.9856515,9.344973809,100,0,3.446106177,13.7060083,0.862939917,59.11026136,TRUE,FALSE,NORMAL
24,62,4,181.9435087,100.2546238,2.54853462,100,35.73522391,2.149860592,25.15860895,0.74841391,49.97178293,TRUE,FALSE,NORMAL
24,62,5,486.2625204,933.2196165,2.076820352,100,0.790098946,6.461491302,0,0,0,TRUE,FALSE,NORMAL
24,62,6,571.2759469,501.4540669,2.254479842,100,0,1.361375635,17.24324643,0.827567536,56.28076168,TRUE,FALSE,NORMAL
24,62,7,726.5618547,0,5.546585352,100,14.61277008,6.917670563,7.178076079,0.928219239,64.3154342,TRUE,FALSE,NORMAL
24,62,8,684.49382,663.9490016,4.361932703,100,0.912716154,25.64463824,9.331849917,0.906681501,62.59685276,TRUE,FALSE,NORMAL
24,62,9,991.6342472,961.064016,6.534909191,100,0,32.85498805,24.9671204,0.750328796,50.12424299,TRUE,FALSE,NORMAL
24,62,10,922.3563378,168.1507713,3.488964328,100,38.8459512,10.30912665,7.178076079,0.928219239,64.3154342,TRUE,FALSE,NORMAL
24,63,1,899.8278137,527.7247291,3.529194971,100,58.26717342,6.100183079,7.968141211,0.920318588,63.68445613,TRUE,FALSE,NORMAL
24,63,2,30.94139147,91.43901721,1.031972645,100,20.34217466,0.724346567,25.12158114,0.748784189,50.00126304,TRUE,FALSE,NORMAL
24,63,3,856.0091487,884.6887935,9.344973809,100,3.967240262,4.012700106,14.11968197,0.85880318,58.77850217,TRUE,FALSE,NORMAL
24,63,4,181.7554361,102.7962094,2.54853462,100,32.40966959,3.077613739,25.12158114,0.748784189,50.00126304,TRUE,FALSE,NORMAL
24,63,5,485.6850867,935.2145484,2.076820352,100,0,6.753718116,0,0,0,TRUE,FALSE,NORMAL
24,63,6,571.0090549,499.2154405,2.254479842,100,0,2.958532924,16.20935699,0.83790643,57.10561176,TRUE,FALSE,NORMAL
24,63,7,729.0399639,4.962215611,5.546585352,100,15.55608651,4.013828789,7.809893152,0.921901068,63.81083628,TRUE,FALSE,NORMAL
24,63,8,687.9304538,666.6352639,4.361932703,100,0,25.91415074,9.490929288,0.905090707,62.46937407,TRUE,FALSE,NORMAL
24,63,9,996.7433219,956.9894125,6.534909191,100,3.853148342,34.09891454,23.94407428,0.760559257,50.93895,TRUE,FALSE,NORMAL
24,63,10,925.4429918,166.5242907,3.488964328,100,42.86855462,8.421216763,7.809893152,0.921901068,63.81083628,TRUE,FALSE,NORMAL
24,64,1,898.2701114,530.8915541,3.529194971,100,58.78752165,4.86167416,9.156018774,0.908439812,62.73584567,TRUE,FALSE,NORMAL
24,64,2,30.24317514,90.67910833,1.031972645,100,19.40312903,3.219946586,24.7982657,0.752017343,50.25869116,TRUE,FALSE,NORMAL
24,64,3,849.8626345,877.6496957,9.344973809,100,2.935136327,1.7991139,13.98119481,0.860188052,58.88741792,TRUE,FALSE,NORMAL
24,64,4,182.7137551,105.1577033,2.54853462,100,34.90714674,4.284514546,24.7982657,0.752017343,50.25869116,TRUE,FALSE,NORMAL
24,64,5,487.6380767,934.5081399,2.076820352,100,4.995869425,7.824085579,0,0,0,TRUE,FALSE,NORMAL
24,64,6,570.3164107,501.360883,2.254479842,100,3.407231901,0.968684462,16.66348337,0.833365166,56.74328717,TRUE,FALSE,NORMAL
24,64,7,723.5471911,5.732965657,5.546585352,100,20.39035382,1.983896722,7.559699126,0.924403009,64.01064964,TRUE,FALSE,NORMAL
24,64,8,690.490422,663.1035476,4.361932703,100,0,26.404329,10.48734678,0.895126532,61.67367251,TRUE,FALSE,NORMAL
24,64,9,994.3580776,963.0734611,6.534909191,100,5.162939467,35.35287778,22.31985141,0.776801486,52.23295115,TRUE,FALSE,NORMAL
24,64,10,925.2732826,163.0394562,3.488964328,100,47.20720413,9.867037858,7.559699126,0.924403009,64.01064964,TRUE,FALSE,NORMAL
24,65,1,898.6146475,527.379217,3.529194971,100,59.95356742,7.091417621,8.647186224,0.913528138,63.14217543,TRUE,FALSE,NORMAL
24,65,2,30.88818129,91.48467311,1.031972645,100,15.37128749,1.842449808,24.83218142,0.751678186,50.2316856,TRUE,FALSE,NORMAL
24,65,3,847.4181489,886.6692869,9.344973809,100,5.371530239,0,14.12528497,0.85874715,58.77287004,TRUE,FALSE,NORMAL
24,65,4,182.9826092,107.692017,2.54853462,100,38.56025102,6.566769934,24.83218142,0.751678186,50.2316856,TRUE,FALSE,NORMAL
24,65,5,485.6239044,934.0018862,2.076820352,100,4.836828615,5.53396586,0,0,0,TRUE,FALSE,NORMAL
24,65,6,568.2645383,500.4268062,2.254479842,100,2.329158803,2.974591546,15.62245114,0.843775489,57.57391165,TRUE,FALSE,NORMAL
24,65,7,723.9878541,11.26201848,5.546585352,100,23.45439407,3.611467739,8.112095922,0.918879041,63.56949234,TRUE,FALSE,NORMAL
24,65,8,692.1535155,667.1359881,4.361932703,100,0,23.61047495,9.87995112,0.901200489,62.15849747,TRUE,FALSE,NORMAL
24,65,9,990.3203235,968.2117079,6.534909191,100,2.628403132,32.70555173,22.88035394,0.771196461,51.78633473,TRUE,FALSE,NORMAL
24,65,10,923.4984437,166.043257,3.488964328,100,49.90068932,11.96866438,8.112095922,0.918879041,63.56949234,TRUE,FALSE,NORMAL
24,66,1,902.1425185,527.2825554,3.529194971,100,59.24273683,7.246068507,8.670367319,0.913296327,63.12366371,TRUE,FALSE,NORMAL
24,66,2,31.90477462,91.30717514,1.031972645,100,11.69473706,0,25.40254857,0.745974514,49.77757792,TRUE,FALSE,NORMAL
24,66,3,855.9853638,890.401761,9.344973809,100,3.126118724,0,14.21078606,0.857892139,58.70563928,TRUE,FALSE,NORMAL
24,66,4,180.7028273,106.5528843,2.54853462,100,41.01151316,3.841361728,25.40254857,0.745974514,49.77757792,TRUE,FALSE,NORMAL
24,66,5,483.6869347,933.2526658,2.076820352,100,9.387964245,5.269751119,0,0,0,TRUE,FALSE,NORMAL
24,66,6,570.4462352,500.9950299,2.254479842,100,1.477190115,4.111731731,15.38176204,0.84618238,57.76597235,TRUE,FALSE,NORMAL
24,66,7,718.5340865,10.25155926,5.546585352,100,20.65780404,5.053220263,6.801564948,0.931984351,64.61614486,TRUE,FALSE,NORMAL
24,66,8,696.4451532,667.9159262,4.361932703,100,0,22.1735609,9.534948583,0.904650514,62.43401765,TRUE,FALSE,NORMAL
24,66,9,990.3759073,974.7463807,6.534909191,100,0,29.74489134,23.86885572,0.761311443,50.99886166,TRUE,FALSE,NORMAL
24,66,10,926.9830866,166.2168542,3.488964328,100,50.34898449,14.612815,6.801564948,0.931984351,64.61614486,TRUE,FALSE,NORMAL
24,67,1,901.5217503,530.7567264,3.529194971,100,59.2694489,5.452428074,8.721287728,0.912787123,63.08300034,TRUE,FALSE,NORMAL
24,67,2,31.10774314,91.96269659,1.031972645,100,13.44473374,0.272011647,25.23170877,0.747682912,49.91358489,TRUE,FALSE,NORMAL
24,67,3,863.4715897,884.8084652,9.344973809,100,5.391144462,0,14.37440374,0.856255963,58.57614157,TRUE,FALSE,NORMAL
24,67,4,180.718064,109.1013733,2.54853462,100,45.5754594,3.365937406,25.23170877,0.747682912,49.91358489,TRUE,FALSE,NORMAL
24,67,5,485.6957183,932.7254362,2.076820352,100,10.23136247,5.932791676,0,0,0,TRUE,FALSE,NORMAL
24,67,6,571.5903314,502.9376372,2.254479842,100,0.351498562,3.899936871,16.41499913,0.835850009,56.94153706,TRUE,FALSE,NORMAL
24,67,7,716.6206683,5.045462856,5.546585352,100,21.78467071,5.453622167,5.981036094,0.940189639,65.27151115,TRUE,FALSE,NORMAL
24,67,8,692.5599182,665.9331487,4.361932703,100,0,23.42049922,9.677461305,0.903225387,62.3204937,TRUE,FALSE,NORMAL
24,67,9,991.4810709,968.3056003,6.534909191,100,0,28.15800648,24.85271041,0.751472896,50.21533944,TRUE,FALSE,NORMAL
24,67,10,925.0325449,169.1096485,3.488964328,100,54.17642375,17.12904772,5.981036094,0.940189639,65.27151115,TRUE,FALSE,NORMAL
24,68,1,898.68546,528.6565659,3.529194971,100,57.29541956,4.706979982,9.298094112,0.907019059,62.62239421,TRUE,FALSE,NORMAL
24,68,2,30.76521887,92.93616701,1.031972645,100,17.55262105,0,25.17928431,0.748207157,49.9553222,TRUE,FALSE,NORMAL
24,68,3,862.5924366,875.5049377,9.344973809,100,2.976508501,0,14.6743734,0.853256266,58.33491159,TRUE,FALSE,NORMAL
24,68,4,181.0469551,106.5741497,2.54853462,100,50.33057495,0.699045897,25.17928431,0.748207157,49.9553222,TRUE,FALSE,NORMAL
24,68,5,483.832996,931.8070418,2.076820352,100,11.65916262,6.30551224,0,0,0,TRUE,FALSE,NORMAL
24,68,6,572.8307837,501.0550971,2.254479842,100,2.123249777,3.963736777,15.64008977,0.843599102,57.55983696,TRUE,FALSE,NORMAL
24,68,7,714.7616797,10.27124229,5.546585352,100,26.17119138,8.056066343,6.830051747,0.931699483,64.59339282,TRUE,FALSE,NORMAL
24,68,8,696.5058617,667.7921772,4.361932703,100,1.939888014,20.8808694,10.26683472,0.897331653,61.84952176,TRUE,FALSE,NORMAL
24,68,9,996.7344675,964.4188456,6.534909191,100,3.4950076,27.93301001,23.48642653,0.765135735,51.30348908,TRUE,FALSE,NORMAL
24,68,10,922.9335405,166.3227052,3.488964328,100,56.23962701,15.2477268,6.830051747,0.931699483,64.59339282,TRUE,FALSE,NORMAL
24,69,1,896.3254344,526.032543,3.529194971,100,58.43531568,3.563156144,10.08806787,0.899119321,61.99160284,TRUE,FALSE,NORMAL
24,69,2,29.90887586,93.51205257,1.031972645,100,20.42235071,0,24.62075807,0.753792419,50.40003783,TRUE,FALSE,NORMAL
24,69,3,865.8439791,866.7438871,9.344973809,100,5.028447019,0,14.3453658,0.856546342,58.59636276,TRUE,FALSE,NORMAL
24,69,4,183.5836617,106.3288981,2.54853462,100,47.43497075,2.985656013,24.62075807,0.753792419,50.40003783,TRUE,FALSE,NORMAL
24,69,5,482.5940732,930.1402326,2.076820352,100,15.83599412,8.88459397,0,0,0,TRUE,FALSE,NORMAL
24,69,6,573.710441,498.9793123,2.254479842,100,1.442212007,6.060022949,15.56684628,0.844331537,57.6182816,TRUE,FALSE,NORMAL
24,69,7,716.695231,15.46989488,5.546585352,100,22.77366957,6.151996004,7.195558528,0.928044415,64.30147159,TRUE,FALSE,NORMAL
24,69,8,699.5322009,664.6508832,4.361932703,100,0,20.78825437,10.7413352,0.892586648,61.47056823,TRUE,FALSE,NORMAL
24,69,9,1000,969.5778629,6.534909191,100,2.161537226,30.10468014,22.12164014,0.778783599,52.39090527,TRUE,FALSE,NORMAL
24,69,10,923.4478616,169.7735524,3.488964328,100,51.78270179,14.17881342,7.195558528,0.928044415,64.30147159,TRUE,FALSE,NORMAL
24,70,1,899.6679676,527.1651014,3.529194971,100,61.56312182,1.885561772,10.32996642,0.896700336,61.79845694,TRUE,FALSE,NORMAL
24,70,2,30.89161157,93.82700981,1.031972645,100,23.99565574,0,25.13342238,0.748665776,49.99183546,TRUE,FALSE,NORMAL
24,70,3,858.2714621,861.2679834,9.344973809,100,7.885921888,2.367273257,15.09620414,0.849037959,57.99631597,TRUE,FALSE,NORMAL
24,70,4,181.675353,104.6397011,2.54853462,100,46.62396762,3.754882489,25.13342238,0.748665776,49.99183546,TRUE,FALSE,NORMAL
24,70,5,484.6188287,929.6781201,2.076820352,100,20.72661376,7.896560532,0,0,0,TRUE,FALSE,NORMAL
24,70,6,575.9464248,498.6911177,2.254479842,100,5.128265437,4.087935093,15.30223968,0.846977603,57.82942961,TRUE,FALSE,NORMAL
24,70,7,711.9837976,18.39683958,5.546585352,100,20.6497718,8.457075835,7.156631118,0.928433689,64.33256156,TRUE,FALSE,NORMAL
24,70,8,703.8935515,664.7221372,4.361932703,100,0,21.92242587,11.39240019,0.886075998,60.95055655,TRUE,FALSE,NORMAL
24,70,9,995.030647,965.3339768,6.534909191,100,1.133927699,28.29381957,21.64741382,0.783525862,52.76884883,TRUE,FALSE,NORMAL
24,70,10,923.6527198,166.2906075,3.488964328,100,52.3062763,15.72991283,7.156631118,0.928433689,64.33256156,TRUE,FALSE,NORMAL
24,71,1,897.0728761,524.7732994,3.529194971,100,65.62240235,1.056480757,10.45929102,0.89540709,61.69519848,TRUE,FALSE,NORMAL
24,71,2,30.66389973,92.82047374,1.031972645,100,20.06915756,0.203394221,25.32430268,0.746756973,49.83986903,TRUE,FALSE,NORMAL
24,71,3,857.7865847,851.9355973,9.344973809,100,8.656138294,3.493142467,14.33827635,0.856617237,58.60018155,TRUE,FALSE,NORMAL
24,71,4,180.395904,102.4356051,2.54853462,100,44.29074703,1.665320135,25.32430268,0.746756973,49.83986903,TRUE,FALSE,NORMAL
24,71,5,486.2887109,930.9128978,2.076820352,100,18.02378602,10.32579017,0,0,0,TRUE,FALSE,NORMAL
24,71,6,574.133126,500.0307545,2.254479842,100,2.431469787,2.846143077,16.02316605,0.839768339,57.25417149,TRUE,FALSE,NORMAL
24,71,7,710.0842466,23.60801169,5.546585352,100,21.82959943,6.428696939,7.750963166,0.922490368,63.85789939,TRUE,FALSE,NORMAL
24,71,8,701.406657,661.1385897,4.361932703,100,0,23.51818226,11.85618914,0.881438109,60.58034672,TRUE,FALSE,NORMAL
24,71,9,1000,968.8122773,6.534909191,100,2.496958682,25.46347451,19.59044233,0.804095577,54.40869292,TRUE,FALSE,NORMAL
24,71,10,923.3370185,162.8159557,3.488964328,100,55.69695619,16.46837375,7.750963166,0.922490368,63.85789939,TRUE,FALSE,NORMAL
24,72,1,897.3540524,528.2912756,3.529194971,100,69.31371913,0.878806943,10.32974824,0.896702518,61.79863115,TRUE,FALSE,NORMAL
24,72,2,31.67759876,92.62712994,1.031972645,100,20.61343001,0.24765042,25.69811924,0.743018808,49.54229274,TRUE,FALSE,NORMAL
24,72,3,862.2915855,843.7481983,9.344973809,100,13.36263848,4.084839752,14.30697753,0.856930225,58.62519134,TRUE,FALSE,NORMAL
24,72,4,179.3142225,100.1280103,2.54853462,100,49.03516289,2.465844315,25.69811924,0.743018808,49.54229274,TRUE,FALSE,NORMAL
24,72,5,488.3453923,930.6243772,2.076820352,100,19.1479334,12.32739596,0,0,0,TRUE,FALSE,NORMAL
24,72,6,575.8034137,498.516549,2.254479842,100,0,0.164452518,16.6172613,0.833827387,56.78016425,TRUE,FALSE,NORMAL
24,72,7,708.9433502,29.03599148,5.546585352,100,24.51657465,3.579569652,7.57934788,0.924206521,63.99495734,TRUE,FALSE,NORMAL
24,72,8,697.3281805,659.5918235,4.361932703,100,2.338010817,24.29519756,11.98071365,0.880192864,60.48103874,TRUE,FALSE,NORMAL
24,72,9,994.2261689,971.8729819,6.534909191,100,6.724968679,28.29118911,19.61882366,0.803811763,54.38606185,TRUE,FALSE,NORMAL
24,72,10,924.9001318,165.9351782,3.488964328,100,53.62235842,16.16508751,7.57934788,0.924206521,63.99495734,TRUE,FALSE,NORMAL
24,73,1,896.4241096,524.8868045,3.529194971,100,68.03731076,2.268608927,9.555455919,0.904445441,62.41688668,TRUE,FALSE,NORMAL
24,73,2,32.70598237,92.54113751,1.031972645,100,23.08580726,0,26.29988028,0.737001197,49.0633547,TRUE,FALSE,NORMAL
24,73,3,870.5001884,848.2144467,9.344973809,100,10.23872151,1.724479078,14.18534624,0.858146538,58.72289153,TRUE,FALSE,NORMAL
24,73,4,176.7904853,99.77335672,2.54853462,100,50.15327444,3.793679249,26.29988028,0.737001197,49.0633547,TRUE,FALSE,NORMAL
24,73,5,486.6284208,929.4559631,2.076820352,100,19.48633553,13.30507151,0,0,0,TRUE,FALSE,NORMAL
24,73,6,573.9517052,497.2305261,2.254479842,100,0,1.607402304,15.84673674,0.841532633,57.39494637,TRUE,FALSE,NORMAL
24,73,7,704.2026834,31.9153468,5.546585352,100,19.59384097,4.935359125,7.742172598,0.922578274,63.8649198,TRUE,FALSE,NORMAL
24,73,8,695.8976054,663.7124923,4.361932703,100,0,23.88827484,11.08710047,0.889128995,61.19445486,TRUE,FALSE,NORMAL
24,73,9,992.9053979,978.2730289,6.534909191,100,5.294272263,30.27271863,20.51158373,0.794884163,53.67425155,TRUE,FALSE,NORMAL
24,73,10,922.0313121,163.9495435,3.488964328,100,57.19644488,17.07446574,7.742172598,0.922578274,63.8649198,TRUE,FALSE,NORMAL
24,74,1,893.6509613,527.0696617,3.529194971,100,67.57125414,0.607327425,9.456875404,0.905431246,62.49560424,TRUE,FALSE,NORMAL
24,74,2,32.27403037,93.47835948,1.031972645,100,18.32399491,0,26.27134833,0.737286517,49.08606042,TRUE,FALSE,NORMAL
24,74,3,870.2142503,857.5550449,9.344973809,100,11.96800006,0,14.41257784,0.855874222,58.54295114,TRUE,FALSE,NORMAL
24,74,4,176.6600377,97.22816279,2.54853462,100,51.29363792,6.244462973,26.27134833,0.737286517,49.08606042,TRUE,FALSE,NORMAL
24,74,5,488.4608744,928.4785704,2.076820352,100,23.45817642,15.14438461,0,0,0,TRUE,FALSE,NORMAL
24,74,6,574.0696712,499.4819175,2.254479842,100,0,4.164746219,16.42570366,0.835742963,56.93299643,TRUE,FALSE,NORMAL
24,74,7,698.7931631,30.68990844,5.546585352,100,16.58235311,2.367754007,6.61706851,0.933829315,64.76350096,TRUE,FALSE,NORMAL
24,74,8,691.6831609,664.8371768,4.361932703,100,2.079423128,22.01642025,10.7627142,0.892372858,61.45367725,TRUE,FALSE,NORMAL
24,74,9,986.3811339,977.9001775,6.534909191,100,9.26281775,29.06660612,22.41959215,0.775804079,52.1534712,TRUE,FALSE,NORMAL
24,74,10,924.8929243,161.9535357,3.488964328,100,58.52297193,16.94339436,6.61706851,0.933829315,64.76350096,TRUE,FALSE,NORMAL
24,75,1,893.6728361,523.5405346,3.529194971,100,63.32720265,2.265636292,8.670715885,0.913292841,63.12338535,TRUE,FALSE,NORMAL
24,75,2,31.25858322,93.29441758,1.031972645,100,18.61883875,0,25.68196914,0.743180309,49.55514811,TRUE,FALSE,NORMAL
24,75,3,878.005467,852.3950568,9.344973809,100,15.47523814,1.247620656,14.61138051,0.853886195,58.38550962,TRUE,FALSE,NORMAL
24,75,4,179.1430785,96.65410958,2.54853462,100,51.48838889,5.35844845,25.68196914,0.743180309,49.55514811,TRUE,FALSE,NORMAL
24,75,5,486.3962728,928.2536191,2.076820352,100,24.79502167,17.54262725,0,0,0,TRUE,FALSE,NORMAL
24,75,6,574.7057985,497.3190441,2.254479842,100,0.732448286,7.14491933,16.76928517,0.832307148,56.65887696,TRUE,FALSE,NORMAL
24,75,7,693.4023742,29.3845336,5.546585352,100,15.56456582,3.545527302,5.823688156,0.941763118,65.39719125,TRUE,FALSE,NORMAL
24,75,8,687.5272734,663.5123917,4.361932703,100,1.664062038,24.55965684,10.30573333,0.896942667,61.81873775,TRUE,FALSE,NORMAL
24,75,9,983.0663334,972.2683807,6.534909191,100,9.105713751,26.59824446,23.74556208,0.762544379,51.0970683,TRUE,FALSE,NORMAL
24,75,10,926.0761606,158.6713376,3.488964328,100,54.99396859,17.93926305,5.823688156,0.941763118,65.39719125,TRUE,FALSE,NORMAL
24,76,1,892.1754985,526.7363439,3.529194971,100,66.20994223,1.255760044,9.463837471,0.905361625,62.49004494,TRUE,FALSE,NORMAL
24,76,2,30.57972638,92.51716541,1.031972645,100,19.05440758,1.050632562,25.70988554,0.742901145,49.5329269,TRUE,FALSE,NORMAL
24,76,3,883.0930424,860.2337501,9.344973809,100,13.30671222,3.391605756,14.87419413,0.851258059,58.17908843,TRUE,FALSE,NORMAL
24,76,4,178.1939844,99.01932608,2.54853462,100,54.04015882,7.710378324,25.70988554,0.742901145,49.5329269,TRUE,FALSE,NORMAL
24,76,5,486.7810135,930.2944908,2.076820352,100,26.67685501,19.00468474,0,0,0,TRUE,FALSE,NORMAL
24,76,6,576.2511002,495.6774833,2.254479842,100,3.414096,8.810282479,17.35632675,0.826436733,56.19055323,TRUE,FALSE,NORMAL
24,76,7,691.7409098,24.09263931,5.546585352,100,18.21513474,3.622553314,4.583336419,0.954166636,66.38795726,TRUE,FALSE,NORMAL
24,76,8,686.7523278,659.2198498,4.361932703,100,0,23.25198994,10.05518186,0.899448181,62.01916205,TRUE,FALSE,NORMAL
24,76,9,978.2376996,967.8650485,6.534909191,100,5.662208521,27.00399566,26.40300691,0.735969931,48.98128886,TRUE,FALSE,NORMAL
24,76,10,929.4573779,159.5317106,3.488964328,100,59.21778274,15.88095747,4.583336419,0.954166636,66.38795726,TRUE,FALSE,NORMAL
24,77,1,893.9621994,529.779848,3.529194971,100,70.17591218,0,10.20272221,0.897972778,61.90005558,TRUE,FALSE,NORMAL
24,77,2,31.23932252,91.72350272,1.031972645,100,20.23437548,0.912410112,25.46359805,0.745364019,49.72897807,TRUE,FALSE,NORMAL
24,77,3,886.2511006,851.4385694,9.344973809,100,15.77269352,2.216491489,14.51977202,0.85480228,58.46019701,TRUE,FALSE,NORMAL
24,77,4,180.1904056,100.6034129,2.54853462,100,54.37239479,6.105448586,25.46359805,0.745364019,49.72897807,TRUE,FALSE,NORMAL
24,77,5,488.6587463,931.1817914,2.076820352,100,24.12412185,21.81797914,0,0,0,TRUE,FALSE,NORMAL
24,77,6,577.0186345,497.7972877,2.254479842,100,5.378646731,8.074616339,17.82019122,0.821798088,55.82052924,TRUE,FALSE,NORMAL
24,77,7,695.7171099,27.95973661,5.546585352,100,23.02980883,6.460880901,6.020513055,0.939794869,65.23997953,TRUE,FALSE,NORMAL
24,77,8,689.9715309,656.2765203,4.361932703,100,1.330570815,24.88490724,10.69029298,0.89309707,61.51206987,TRUE,FALSE,NORMAL
24,77,9,984.7414243,967.2273941,6.534909191,100,9.75143157,26.54812472,24.99157854,0.750084215,50.10476923,TRUE,FALSE,NORMAL
24,77,10,925.9941901,159.1083874,3.488964328,100,54.23986631,13.18447073,6.020513055,0.939794869,65.23997953,TRUE,FALSE,NORMAL
24,78,1,893.6602407,526.2635946,3.529194971,100,71.60201377,1.144215339,10.60185782,0.893981422,61.58136836,TRUE,FALSE,NORMAL
24,78,2,30.92742698,90.73979102,1.031972645,100,19.14802322,1.240997661,25.21559552,0.747844045,49.92641324,TRUE,FALSE,NORMAL
24,78,3,878.3803597,846.4007154,9.344973809,100,16.9177842,4.913895957,14.9155618,0.850844382,58.1432985,TRUE,FALSE,NORMAL
24,78,4,181.418327,98.37020052,2.54853462,100,54.99319182,3.907643419,25.21559552,0.747844045,49.92641324,TRUE,FALSE,NORMAL
24,78,5,488.4172098,933.2445185,2.076820352,100,25.37880519,19.11586807,0,0,0,TRUE,FALSE,NORMAL
24,78,6,577.6860199,499.9507212,2.254479842,100,9.328781949,9.761496655,18.42506987,0.815749301,55.33806423,TRUE,FALSE,NORMAL
24,78,7,696.1008579,22.42644224,5.546585352,100,26.17823193,5.106337916,5.389921238,0.946100788,65.74366541,TRUE,FALSE,NORMAL
24,78,8,692.418967,652.6659091,4.361932703,100,1.503741433,26.68575693,11.48514158,0.885148584,60.8774283,TRUE,FALSE,NORMAL
24,78,9,978.4633457,965.4133469,6.534909191,100,7.913187355,26.12522426,24.40262657,0.755973734,50.57374468,TRUE,FALSE,NORMAL
24,78,10,925.453429,162.5551902,3.488964328,100,55.36162239,12.73404731,5.389921238,0.946100788,65.74366541,TRUE,FALSE,NORMAL
24,79,1,894.6304111,522.870368,3.529194971,100,75.60196834,1.588189804,9.863196298,0.901368037,62.17115736,TRUE,FALSE,NORMAL
24,79,2,31.65684881,91.46979878,1.031972645,100,21.22953257,1.873494675,25.1523773,0.748476227,49.9767443,TRUE,FALSE,NORMAL
24,79,3,873.4010246,854.3086075,9.344973809,100,19.10022659,5.621832415,15.29686013,0.847031399,57.83941481,TRUE,FALSE,NORMAL
24,79,4,182.6434383,96.13544528,2.54853462,100,53.24380592,6.697071416,25.1523773,0.748476227,49.9767443,TRUE,FALSE,NORMAL
24,79,5,486.6567119,932.1427789,2.076820352,100,28.97490751,21.92543913,0,0,0,TRUE,FALSE,NORMAL
24,79,6,575.4495663,500.2352462,2.254479842,100,6.463691058,11.43432924,17.58886709,0.824111329,56.00505243,TRUE,FALSE,NORMAL
24,79,7,693.1393022,17.73668782,5.546585352,100,29.1881637,4.331248046,4.345887607,0.956541124,66.57763546,TRUE,FALSE,NORMAL
24,79,8,693.1172826,656.9715812,4.361932703,100,2.169933352,24.82678986,11.03001249,0.889699875,61.24058003,TRUE,FALSE,NORMAL
24,79,9,973.1848044,969.2658838,6.534909191,100,12.88884806,23.80596148,24.95574617,0.750442538,50.13329931,TRUE,FALSE,NORMAL
24,79,10,928.2285697,160.4406061,3.488964328,100,50.42080223,14.39801184,4.345887607,0.956541124,66.57763546,TRUE,FALSE,NORMAL
24,80,1,891.3239126,524.1041769,3.529194971,100,78.52569331,3.326817011,9.924494385,0.900755056,62.12221194,TRUE,FALSE,NORMAL
24,80,2,30.72415787,91.91144925,1.031972645,100,24.69311852,0,24.5754385,0.754245615,50.43612655,TRUE,FALSE,NORMAL
24,80,3,881.9322622,858.1225977,9.344973809,100,19.56146916,8.007432279,15.08420105,0.84915799,58.01158038,TRUE,FALSE,NORMAL
24,80,4,185.1265519,96.7091834,2.54853462,100,49.56508727,4.707267059,24.5754385,0.754245615,50.43612655,TRUE,FALSE,NORMAL
24,80,5,485.2344133,930.6294219,2.076820352,100,27.86332255,22.80993581,0,0,0,TRUE,FALSE,NORMAL
24,80,6,574.6227124,502.3326236,2.254479842,100,3.468227791,11.5924545,18.33746359,0.816625364,55.40793769,TRUE,FALSE,NORMAL
24,80,7,694.3999648,12.33526774,5.546585352,100,26.96020077,4.271181112,4.164984802,0.958350152,66.72214566,TRUE,FALSE,NORMAL
24,80,8,688.8478484,656.078055,4.361932703,100,0,22.77107864,10.62062158,0.893793784,61.56790195,TRUE,FALSE,NORMAL
24,80,9,977.331762,964.2153609,6.534909191,100,8.93840989,21.03186424,26.56849533,0.734315047,48.84960455,TRUE,FALSE,NORMAL
24,80,10,925.7970453,162.9427174,3.488964328,100,53.93362539,15.06315868,4.164984802,0.958350152,66.72214566,TRUE,FALSE,NORMAL
24,81,1,890.9133963,520.5989389,3.529194971,100,78.11013541,1.825670652,10.36469105,0.896353089,61.77073114,TRUE,FALSE,NORMAL
24,81,2,31.71203424,92.20989154,1.031972645,100,22.04642975,0,25.0882753,0.749117247,50.02778019,TRUE,FALSE,NORMAL
24,81,3,890.8849406,860.8017925,9.344973809,100,16.91469225,10.89271624,14.87035729,0.851296427,58.18345315,TRUE,FALSE,NORMAL
24,81,4,183.1221341,95.13522731,2.54853462,100,44.68066326,1.769239439,25.0882753,0.749117247,50.02778019,TRUE,FALSE,NORMAL
24,81,5,486.911125,929.4039341,2.076820352,100,30.38045855,21.29557825,0,0,0,TRUE,FALSE,NORMAL
24,81,6,576.2842695,503.8564042,2.254479842,100,4.565560782,11.02034387,18.48435928,0.815156407,55.29077653,TRUE,FALSE,NORMAL
24,81,7,691.7318525,7.472574461,5.546585352,100,23.47590674,6.447735634,3.3085501,0.966914499,67.4063115,TRUE,FALSE,NORMAL
24,81,8,692.966462,654.6415734,4.361932703,100,0,23.3084376,10.46412019,0.895358798,61.69305442,TRUE,FALSE,NORMAL
24,81,9,976.0302483,970.6193519,6.534909191,100,12.95555841,20.45298944,27.19740435,0.728025957,48.34925072,TRUE,FALSE,NORMAL
24,81,10,927.8879971,160.1497275,3.488964328,100,51.07649006,12.80028844,3.3085501,0.966914499,67.4063115,TRUE,FALSE,NORMAL
24,82,1,894.4324809,520.3319921,3.529194971,100,82.18023653,3.837977089,9.767155833,0.902328442,62.2478445,TRUE,FALSE,NORMAL
24,82,2,32.55824722,91.61922145,1.031972645,100,17.35804667,0,25.57543992,0.744245601,49.63994673,TRUE,FALSE,NORMAL
24,82,3,889.4459397,870.0353082,9.344973809,100,15.03818993,10.86977054,15.03409974,0.849659003,58.05655572,TRUE,FALSE,NORMAL
24,82,4,181.0284494,96.58833191,2.54853462,100,47.42730226,1.723852089,25.57543992,0.744245601,49.63994673,TRUE,FALSE,NORMAL
24,82,5,488.941738,929.8395874,2.076820352,100,29.09661894,21.65480658,0,0,0,TRUE,FALSE,NORMAL
24,82,6,574.6299294,502.3247912,2.254479842,100,9.387495066,13.2160108,18.84320568,0.811567943,55.00458124,TRUE,FALSE,NORMAL
24,82,7,686.9109287,10.21543844,5.546585352,100,27.06085742,6.724661941,3.083285957,0.96916714,67.58627041,TRUE,FALSE,NORMAL
24,82,8,690.1790062,651.2864956,4.361932703,100,1.765514402,20.61536532,9.820555155,0.901794448,62.2073014,TRUE,FALSE,NORMAL
24,82,9,974.7024519,964.2207587,6.534909191,100,11.65564093,22.96817015,29.21689553,0.707831045,46.74363299,TRUE,FALSE,NORMAL
24,82,10,925.0903047,162.2343832,3.488964328,100,49.16635716,10.03366831,3.083285957,0.96916714,67.58627041,TRUE,FALSE,NORMAL
24,83,1,894.0368531,523.8389418,3.529194971,100,82.48871047,2.805650035,9.406812743,0.905931873,62.53558006,TRUE,FALSE,NORMAL
24,83,2,32.22638857,90.64206364,1.031972645,100,15.44432456,2.439368639,25.94170477,0.740582952,49.34841027,TRUE,FALSE,NORMAL
24,83,3,881.2695666,865.5103266,9.344973809,100,15.48895841,11.3511343,14.42947412,0.855705259,58.53476579,TRUE,FALSE,NORMAL
24,83,4,178.5048447,96.23273643,2.54853462,100,45.02301162,1.395405218,25.94170477,0.740582952,49.34841027,TRUE,FALSE,NORMAL
24,83,5,486.88862,929.526715,2.076820352,100,31.71155396,18.74047122,0,0,0,TRUE,FALSE,NORMAL
24,83,6,573.890501,500.1950201,2.254479842,100,6.509960678,14.04784371,18.53708585,0.814629141,55.24872361,TRUE,FALSE,NORMAL
24,83,7,691.967339,12.49520235,5.546585352,100,31.25996655,6.927676889,3.921527503,0.960784725,66.91662871,TRUE,FALSE,NORMAL
24,83,8,686.5116334,653.6480276,4.361932703,100,0.78839174,18.42541007,10.05133677,0.899486632,62.0227191,TRUE,FALSE,NORMAL
24,83,9,980.3447444,967.5176623,6.534909191,100,11.93425684,21.20863214,26.64883653,0.733511635,48.78567797,TRUE,FALSE,NORMAL
24,83,10,927.3431001,159.5702163,3.488964328,100,51.14612006,9.306372349,3.921527503,0.960784725,66.91662871,TRUE,FALSE,NORMAL
24,84,1,897.4903381,524.5660305,3.529194971,100,81.29557751,5.75772425,8.299233834,0.917007662,63.42004401,TRUE,FALSE,NORMAL
24,84,2,32.56464148,89.66710082,1.031972645,100,14.7087602,0.17742072,25.66979279,0.743302072,49.56484047,TRUE,FALSE,NORMAL
24,84,3,879.2206099,856.392744,9.344973809,100,16.316063,13.49088926,14.02887784,0.859711222,58.85156924,TRUE,FALSE,NORMAL
24,84,4,180.3235818,98.0180162,2.54853462,100,48.41455615,2.184561088,25.66979279,0.743302072,49.56484047,TRUE,FALSE,NORMAL
24,84,5,487.7930963,931.3962351,2.076820352,100,32.24327007,17.36572723,0,0,0,TRUE,FALSE,NORMAL
24,84,6,573.8989338,502.4494842,2.254479842,100,5.198005508,17.03363362,18.62734852,0.813726515,55.17673417,TRUE,FALSE,NORMAL
24,84,7,692.8797746,17.96622331,5.546585352,100,30.33808997,8.906602465,4.701783726,0.952982163,66.2933406,TRUE,FALSE,NORMAL
24,84,8,683.8938477,657.1371042,4.361932703,100,0,19.3577238,10.20028341,0.897997166,61.90364346,TRUE,FALSE,NORMAL
24,84,9,981.1168226,974.006802,6.534909191,100,14.88925791,21.4395938,24.3834878,0.756165122,50.58898627,TRUE,FALSE,NORMAL
24,84,10,928.1724378,156.1812532,3.488964328,100,51.65701364,8.349118013,4.701783726,0.952982163,66.2933406,TRUE,FALSE,NORMAL
24,85,1,900.9662216,525.1771369,3.529194971,100,83.68543686,3.476395329,8.511240119,0.914887599,63.2507386,TRUE,FALSE,NORMAL
24,85,2,31.91982307,88.86138576,1.031972645,100,12.97601061,0,25.26914336,0.747308566,49.88378216,TRUE,FALSE,NORMAL
24,85,3,873.1974366,863.5376666,9.344973809,100,14.11484125,13.8293636,14.19029401,0.85809706,58.72269321,TRUE,FALSE,NORMAL
24,85,4,182.1077999,96.19823745,2.54853462,100,51.05073724,0.075510548,25.26914336,0.747308566,49.88378216,TRUE,FALSE,NORMAL
24,85,5,488.9465032,933.1233238,2.076820352,100,34.84462733,20.13985519,0,0,0,TRUE,FALSE,NORMAL
24,85,6,574.9018109,500.4303465,2.254479842,100,8.267483166,18.83912328,18.07767701,0.81922323,55.61514623,TRUE,FALSE,NORMAL
24,85,7,691.4996321,23.33835654,5.546585352,100,29.19679218,10.66947276,4.778520793,0.952214792,66.2320428,TRUE,FALSE,NORMAL
24,85,8,688.2382235,656.7461361,4.361932703,100,0,20.55942004,10.17619376,0.898238062,61.92267506,TRUE,FALSE,NORMAL
24,85,9,976.9612035,979.0502004,6.534909191,100,13.02879797,20.5785255,24.44092386,0.755590761,50.54324607,TRUE,FALSE,NORMAL
24,85,10,927.4078757,159.5854149,3.488964328,100,55.64688236,8.609861222,4.778520793,0.952214792,66.2320428,TRUE,FALSE,NORMAL
24,86,1,904.4939013,525.2805466,3.529194971,100,87.4647559,3.735481378,8.335534784,0.916644652,63.39105434,TRUE,FALSE,NORMAL
24,86,2,32.44507217,89.74968803,1.031972645,100,9.37515169,0.344156859,25.58076566,0.744192343,49.63570729,TRUE,FALSE,NORMAL
24,86,3,881.7249646,867.3599439,9.344973809,100,16.38425594,15.29701356,13.5454467,0.864545533,59.23880705,TRUE,FALSE,NORMAL
24,86,4,180.7185401,98.33482021,2.54853462,100,54.04843454,0.29801723,25.58076566,0.744192343,49.63570729,TRUE,FALSE,NORMAL
24,86,5,490.1842692,934.7909923,2.076820352,100,35.7429563,22.63843315,0,0,0,TRUE,FALSE,NORMAL
24,86,6,574.2501986,498.2720878,2.254479842,100,11.06199474,19.69344084,18.34719025,0.816528097,55.4001798,TRUE,FALSE,NORMAL
24,86,7,693.0473434,28.66463092,5.546585352,100,25.16082597,12.80950065,6.018149775,0.939818502,65.24186716,TRUE,FALSE,NORMAL
24,86,8,687.8603559,652.4006013,4.361932703,100,3.16364736,22.0091835,9.53680056,0.904631994,62.43357795,TRUE,FALSE,NORMAL
24,86,9,983.4944981,978.9049467,6.534909191,100,13.91518027,22.68053801,25.16321676,0.748367832,49.9681144,TRUE,FALSE,NORMAL
24,86,10,924.7201375,157.3607946,3.488964328,100,56.18339689,9.122544379,6.018149775,0.939818502,65.24186716,TRUE,FALSE,NORMAL
24,87,1,907.8960761,524.3422379,3.529194971,100,83.83552117,6.565963948,8.205463571,0.917945364,63.49492865,TRUE,FALSE,NORMAL
24,87,2,33.21031263,90.44205684,1.031972645,100,9.2052474,0,26.13903525,0.738609647,49.19135868,TRUE,FALSE,NORMAL
24,87,3,874.0412294,872.6786607,9.344973809,100,11.79322493,15.29843742,13.84859587,0.861514041,58.99632209,TRUE,FALSE,NORMAL
24,87,4,178.2453655,97.71964868,2.54853462,100,58.31760008,1.977199895,26.13903525,0.738609647,49.19135868,TRUE,FALSE,NORMAL
24,87,5,490.9110892,936.7364782,2.076820352,100,40.09339926,20.24471697,0,0,0,TRUE,FALSE,NORMAL
24,87,6,576.1220843,497.0156153,2.254479842,100,9.426030687,21.35280184,17.73804055,0.822619595,55.88605853,TRUE,FALSE,NORMAL
24,87,7,691.4759439,33.98396478,5.546585352,100,22.69779216,13.71477807,6.395011398,0.936049886,64.94085919,TRUE,FALSE,NORMAL
24,87,8,691.8971728,654.0530436,4.361932703,100,3.88502872,24.04289805,9.564053346,0.904359467,62.41153035,TRUE,FALSE,NORMAL
24,87,9,978.6653291,983.3076919,6.534909191,100,10.98113181,24.75839687,24.94853581,0.750514642,50.13904031,TRUE,FALSE,NORMAL
24,87,10,925.2767875,153.9165221,3.488964328,100,56.2776039,7.52350436,6.395011398,0.936049886,64.94085919,TRUE,FALSE,NORMAL
24,88,1,904.7698888,522.7045046,3.529194971,100,84.96792638,3.705839132,8.849713978,0.91150286,62.98044414,TRUE,FALSE,NORMAL
24,88,2,32.20903469,90.69187684,1.031972645,100,6.823294359,0,26.31147588,0.736885241,49.054127,TRUE,FALSE,NORMAL
24,88,3,866.9356193,878.7481616,9.344973809,100,15.89004075,17.92309593,12.94658402,0.87053416,59.71548666,TRUE,FALSE,NORMAL
24,88,4,176.3061532,96.06602096,2.54853462,100,58.85158697,3.780123216,26.31147588,0.736885241,49.054127,TRUE,FALSE,NORMAL
24,88,5,488.993834,935.9381578,2.076820352,100,39.02941942,20.88525889,0,0,0,TRUE,FALSE,NORMAL
24,88,6,574.2720464,495.7271903,2.254479842,100,7.291158502,20.94936821,17.99062218,0.820093778,55.68458428,TRUE,FALSE,NORMAL
24,88,7,695.3336551,29.99865764,5.546585352,100,20.75414305,14.93480104,6.149177597,0.938508224,65.13721133,TRUE,FALSE,NORMAL
24,88,8,691.6293031,649.6993437,4.361932703,100,0.376645935,23.83436123,9.646773615,0.903532264,62.34562183,TRUE,FALSE,NORMAL
24,88,9,981.4496864,989.2197467,6.534909191,100,12.56427471,24.12442655,23.79318336,0.762068166,51.05913624,TRUE,FALSE,NORMAL
24,88,10,927.1107578,156.8845897,3.488964328,100,53.13799986,8.100647721,6.149177597,0.938508224,65.13721133,TRUE,FALSE,NORMAL
24,89,1,905.1451848,526.2136883,3.529194971,100,88.15586635,6.584322152,9.191381269,0.908086187,62.70760752,TRUE,FALSE,NORMAL
24,89,2,32.08817864,89.66700545,1.031972645,100,7.992612804,1.827305441,26.69022852,0.733097715,48.75274372,TRUE,FALSE,NORMAL
24,89,3,871.3911908,870.5337586,9.344973809,100,18.16454422,15.8326723,13.34473176,0.866552682,59.39677409,TRUE,FALSE,NORMAL
24,89,4,173.8659575,96.80119017,2.54853462,100,62.13291277,1.765958321,26.69022852,0.733097715,48.75274372,TRUE,FALSE,NORMAL
24,89,5,487.5393282,937.4205867,2.076820352,100,36.94641962,19.13419548,0,0,0,TRUE,FALSE,NORMAL
24,89,6,575.9068307,497.2796592,2.254479842,100,6.14401771,22.4766444,17.63186245,0.823681375,55.97075523,TRUE,FALSE,NORMAL
24,89,7,700.3622955,32.33903915,5.546585352,100,25.08264402,12.51485867,7.246298368,0.927537016,64.26094757,TRUE,FALSE,NORMAL
24,89,8,694.3315681,653.1234087,4.361932703,100,0,24.63294063,10.08987299,0.89910127,61.99152325,TRUE,FALSE,NORMAL
24,89,9,986.4947925,985.066201,6.534909191,100,12.39947318,25.50156233,23.24308827,0.767569117,51.49734118,TRUE,FALSE,NORMAL
24,89,10,927.8014322,153.4646714,3.488964328,100,56.43114222,6.921083374,7.246298368,0.927537016,64.26094757,TRUE,FALSE,NORMAL
23,0,1,401.3398467,848.6265449,1.464212491,100,0,0,4.34293134,0.956570687,66.57999699,TRUE,FALSE,NORMAL
23,0,2,14.20020654,737.9136308,3.48057737,100,0,0,26.10025183,0.738997482,49.2299884,TRUE,FALSE,NORMAL
23,0,3,128.4826172,883.1232477,4.961373013,100,0,0,15.34934056,0.846506594,57.79507555,TRUE,FALSE,NORMAL
23,0,4,118.1375392,715.0730498,4.401319047,100,0,1.6153346,27.48153536,0.725184646,48.128875,TRUE,FALSE,NORMAL
23,0,5,492.6757612,523.9532157,5.506643136,100,0,0,4.47952967,0.955204703,66.47087953,TRUE,FALSE,NORMAL
23,0,6,667.6157441,63.31398968,8.460067234,100,3.977728737,2.984857783,9.212941761,0.907870582,62.69099631,TRUE,FALSE,NORMAL
23,0,7,872.3747243,966.7538107,8.191905123,100,0,0,0,0,0,TRUE,FALSE,NORMAL
23,0,8,402.1553163,113.9056752,5.691867152,100,0,0,22.52329523,0.774767048,52.12243628,TRUE,FALSE,NORMAL
23,0,9,465.148285,130.4330568,4.758430866,100,0,0,19.3745487,0.806254513,54.61711089,TRUE,FALSE,NORMAL
23,0,10,673.2146182,317.559348,6.923007643,100,3.891220861,0,5.276560127,0.947234399,65.83430794,TRUE,FALSE,NORMAL
23,1,1,402.7605869,848.2724044,1.464212491,100,2.199133912,0.974936961,3.308107685,0.966918923,67.40666494,TRUE,FALSE,NORMAL
23,1,2,14.12276889,734.4339149,3.48057737,100,2.542215155,1.128638971,26.50629631,0.734937037,48.90796945,TRUE,FALSE,NORMAL
23,1,3,123.6033221,882.2245257,4.961373013,100,2.103827753,0,15.30312203,0.84696878,57.83257713,TRUE,FALSE,NORMAL
23,1,4,115.4007669,718.5200321,4.401319047,100,1.139986316,4.110611268,28.19055257,0.718094474,47.56548664,TRUE,FALSE,NORMAL
23,1,5,490.3881708,528.9622125,5.506643136,100,0,0,4.5168603,0.954831397,66.44105924,TRUE,FALSE,NORMAL
23,1,6,661.5043317,57.46391482,8.460067234,100,4.333078684,5.240374226,9.560379288,0.904396207,62.41379062,TRUE,FALSE,NORMAL
23,1,7,866.4978636,972.460808,8.191905123,100,3.556099577,0,0,0,0,TRUE,FALSE,NORMAL
23,1,8,404.0539217,119.2715534,5.691867152,100,3.426711042,0.001107977,22.82729887,0.771727011,51.87690849,TRUE,FALSE,NORMAL
23,1,9,469.8708985,131.0157966,4.758430866,100,1.131990678,2.359498744,20.15785107,0.798421489,53.98995894,TRUE,FALSE,NORMAL
23,1,10,666.448837,319.0263994,6.923007643,100,1.554286142,0,5.31780808,0.946821919,65.8012899,TRUE,FALSE,NORMAL
23,2,1,404.198105,848.5507206,1.464212491,100,4.558763378,3.732401731,2.891709891,0.971082901,67.73931848,TRUE,FALSE,NORMAL
23,2,2,16.63281851,732.0226767,3.48057737,100,0,0.683163789,26.21059711,0.737894029,49.14412598,TRUE,FALSE,NORMAL
23,2,3,123.1345974,887.1637078,4.961373013,100,4.756564904,0,14.85708995,0.8514291,58.18841614,TRUE,FALSE,NORMAL
23,2,4,117.9469454,722.1100996,4.401319047,100,2.781696372,4.206902643,28.14925827,0.718507417,47.59869606,TRUE,FALSE,NORMAL
23,2,5,495.0020899,531.9680184,5.506643136,100,0,0,3.523203961,0.96476796,67.23483117,TRUE,FALSE,NORMAL
23,2,6,669.9283546,58.24402685,8.460067234,100,8.016458249,7.745999757,8.990616936,0.910093831,62.86859853,TRUE,FALSE,NORMAL
23,2,7,872.6142665,977.9102965,8.191905123,100,0.636757829,0,0,0,0,TRUE,FALSE,NORMAL
23,2,8,403.3826359,113.6194099,5.691867152,100,0,1.233647458,21.75662626,0.782433737,52.72503297,TRUE,FALSE,NORMAL
23,2,9,471.930896,135.3052108,4.758430866,100,4.867469607,3.174874319,19.60351709,0.803964829,54.42769033,TRUE,FALSE,NORMAL
23,2,10,672.3244289,315.3650533,6.923007643,100,0,0,5.381864549,0.946181355,65.75016717,TRUE,FALSE,NORMAL
23,3,1,402.7488522,848.75949,1.464212491,100,5.25896532,5.583115854,3.546649582,0.964533504,67.21610132,TRUE,FALSE,NORMAL
23,3,2,14.0766343,734.3849513,3.48057737,100,0,0,26.29829072,0.737017093,49.07324065,TRUE,FALSE,NORMAL
23,3,3,125.010821,882.5707776,4.961373013,100,0.145883874,0.633510351,15.26330359,0.847366964,57.86417743,TRUE,FALSE,NORMAL
23,3,4,116.5510517,717.9360021,4.401319047,100,2.661457504,1.775749821,28.00280289,0.719971971,47.71455304,TRUE,FALSE,NORMAL
23,3,5,491.2385937,527.9481658,5.506643136,100,1.193501894,0,2.825084169,0.971749158,67.79254546,TRUE,FALSE,NORMAL
23,3,6,662.5876372,62.4495714,8.460067234,100,7.572489407,5.742199897,10.14840798,0.89851592,61.94405221,TRUE,FALSE,NORMAL
23,3,7,873.5212971,969.7687607,8.191905123,100,2.223929247,0,0,0,0,TRUE,FALSE,NORMAL
23,3,8,402.6236226,119.2604426,5.691867152,100,3.656656187,0.147065174,22.71587899,0.77284121,51.96590659,TRUE,FALSE,NORMAL
23,3,9,467.2743818,136.2847716,4.758430866,100,3.707884794,2.063697849,20.22629982,0.797737002,53.93511902,TRUE,FALSE,NORMAL
23,3,10,671.6426929,308.4756941,6.923007643,100,3.46774999,2.523351828,5.880660709,0.941193393,65.35187633,TRUE,FALSE,NORMAL
23,4,1,401.7164825,847.7211592,1.464212491,100,8.48563809,3.823806618,4.117232268,0.958827677,66.76029198,TRUE,FALSE,NORMAL
23,4,2,17.50845414,733.8044073,3.48057737,100,0,2.69455753,26.67245202,0.73327548,48.77885435,TRUE,FALSE,NORMAL
23,4,3,128.0691856,886.477391,4.961373013,100,1.585756413,0,14.98122167,0.850187783,58.08869413,TRUE,FALSE,NORMAL
23,4,4,112.1899643,717.3422629,4.401319047,100,7.036502402,0,28.23869024,0.717613098,47.53017692,TRUE,FALSE,NORMAL
23,4,5,488.825969,522.9981799,5.506643136,100,4.762972404,1.78962786,3.375050713,0.966249493,67.35318598,TRUE,FALSE,NORMAL
23,4,6,662.5531826,53.98957432,8.460067234,100,8.811390321,4.055650932,9.65270361,0.903472964,62.34002564,TRUE,FALSE,NORMAL
23,4,7,865.3294379,969.741321,8.191905123,100,0,0.315546461,0,0,0,TRUE,FALSE,NORMAL
23,4,8,397.8674441,116.1337642,5.691867152,100,5.46055156,1.07065218,21.40393503,0.78596065,53.00142064,TRUE,FALSE,NORMAL
23,4,9,471.7978324,134.8079307,4.758430866,100,1.002233465,0,20.28429968,0.797157003,53.88061127,TRUE,FALSE,NORMAL
23,4,10,665.7148008,304.8996445,6.923007643,100,5.949486335,0.152757327,6.318106585,0.936818934,65.00241291,TRUE,FALSE,NORMAL
23,5,1,403.1592681,847.4715834,1.464212491,100,4.662945723,2.013244161,3.443514647,0.965564854,67.29849224,TRUE,FALSE,NORMAL
23,5,2,20.91910518,734.4985818,3.48057737,100,0,2.628346326,27.61955676,0.723804432,48.02584302,TRUE,FALSE,NORMAL
23,5,3,124.9643395,882.6076168,4.961373013,100,0,0,15.16769714,0.848323029,57.94031494,TRUE,FALSE,NORMAL
23,5,4,110.8431024,713.1520872,4.401319047,100,2.191811618,0,28.54161036,0.714583896,47.29084044,TRUE,FALSE,NORMAL
23,5,5,483.6693267,524.9300595,5.506643136,100,9.693280151,3.923756422,1.438421056,0.985615789,68.90038929,TRUE,FALSE,NORMAL
23,5,6,664.735431,62.16334513,8.460067234,100,13.78808816,2.110880248,10.12767977,0.898723202,61.96091848,TRUE,FALSE,NORMAL
23,5,7,859.6221962,975.6179443,8.191905123,100,4.438016498,0,0,0,0,TRUE,FALSE,NORMAL
23,5,8,392.1869625,116.4935982,5.691867152,100,1.284710937,1.453270638,20.124198,0.79875802,54.01458289,TRUE,FALSE,NORMAL
23,5,9,474.3662139,138.8136867,4.758430866,100,0,0.236442449,20.06655655,0.799334434,54.04860133,TRUE,FALSE,NORMAL
23,5,10,671.0053049,300.4343784,6.923007643,100,2.883610309,0.826484184,6.564954083,0.934350459,64.80553516,TRUE,FALSE,NORMAL
23,6,1,402.8562773,846.0390629,1.464212491,100,0.703580857,0,2.817787322,0.971822127,67.79837489,TRUE,FALSE,NORMAL
23,6,2,21.06454751,737.9761191,3.48057737,100,1.508041365,0,28.04841592,0.719515841,47.68256487,TRUE,FALSE,NORMAL
23,6,3,120.7470187,879.9942993,4.961373013,100,0,0,15.75039733,0.842496027,57.4762762,TRUE,FALSE,NORMAL
23,6,4,113.4119406,716.7259758,4.401319047,100,0,2.817492272,28.89695373,0.711030463,47.00636844,TRUE,FALSE,NORMAL
23,6,5,487.2932543,520.7839448,5.506643136,100,4.933124124,3.39124466,1.421721703,0.985782783,68.91373138,TRUE,FALSE,NORMAL
23,6,6,656.8962379,65.34450652,8.460067234,100,11.18173861,0.817534353,11.82790943,0.881720906,60.60359372,TRUE,FALSE,NORMAL
23,6,7,866.8404048,971.7443448,8.191905123,100,0,0,0,0,0,TRUE,FALSE,NORMAL
23,6,8,397.7113215,115.1229016,5.691867152,100,5.211791256,3.370659259,21.31155749,0.786884425,53.06631225,TRUE,FALSE,NORMAL
23,6,9,479.0423439,139.6948635,4.758430866,100,1.034367022,1.075725078,20.77528747,0.792247125,53.48330673,TRUE,FALSE,NORMAL
23,6,10,677.7274284,298.7787544,6.923007643,100,1.883693029,3.710964416,6.782845278,0.932171547,64.6315714,TRUE,FALSE,NORMAL
23,7,1,404.1505223,846.7237878,1.464212491,100,0,0,3.401014075,0.965989859,67.33244462,TRUE,FALSE,NORMAL
23,7,2,23.62739794,735.6210784,3.48057737,100,0,0,28.12747692,0.718725231,47.62081891,TRUE,FALSE,NORMAL
23,7,3,125.2233762,877.8548027,4.961373013,100,0,0.712747362,16.21388319,0.837861168,57.10666072,TRUE,FALSE,NORMAL
23,7,4,115.0272439,720.8201673,4.401319047,100,4.149593516,0.85628206,29.59533482,0.704046652,46.45122735,TRUE,FALSE,NORMAL
23,7,5,490.6220711,516.3973633,5.506643136,100,5.172229253,4.341301303,2.138347286,0.978616527,68.34118809,TRUE,FALSE,NORMAL
23,7,6,648.6228771,67.11205853,8.460067234,100,7.390558296,0,12.43604206,0.875639579,60.11807368,TRUE,FALSE,NORMAL
23,7,7,866.1052263,979.9031941,8.191905123,100,2.76768147,0,0,0,0,TRUE,FALSE,NORMAL
23,7,8,400.9033823,119.8354486,5.691867152,100,7.807007652,0.720092978,22.82048175,0.771795182,51.8682045,TRUE,FALSE,NORMAL
23,7,9,475.3440478,142.6890696,4.758430866,100,5.560975891,3.654579279,20.95236018,0.790476398,53.3467951,TRUE,FALSE,NORMAL
23,7,10,683.6437544,302.3739068,6.923007643,100,3.745993514,1.133475917,6.383629488,0.936163705,64.95029616,TRUE,FALSE,NORMAL
23,8,1,405.4461687,846.0417184,1.464212491,100,0.290934101,2.291301479,3.945246415,0.960547536,66.897681,TRUE,FALSE,NORMAL
23,8,2,23.69392934,739.1010199,3.48057737,100,3.65680507,2.903649539,27.89210417,0.721078958,47.80575096,TRUE,FALSE,NORMAL
23,8,3,129.6132311,875.5430076,4.961373013,100,0,0,16.66887066,0.833311293,56.74378562,TRUE,FALSE,NORMAL
23,8,4,119.3997816,721.3226848,4.401319047,100,2.520997534,0,29.42315249,0.705768475,46.5859551,TRUE,FALSE,NORMAL
23,8,5,486.521818,520.0731004,5.506643136,100,4.060639665,4.455517191,0,0,0,TRUE,FALSE,NORMAL
23,8,6,644.8303639,74.67443783,8.460067234,100,12.10761764,0.843223986,13.931983,0.86068017,58.92401475,TRUE,FALSE,NORMAL
23,8,7,859.9980352,985.3630042,8.191905123,100,3.037687886,0,0,0,0,TRUE,FALSE,NORMAL
23,8,8,404.7610688,115.6502835,5.691867152,100,10.04135129,0,24.08337273,0.759166273,50.86566254,TRUE,FALSE,NORMAL
23,8,9,473.9508253,138.139169,4.758430866,100,7.589907118,2.64795028,21.32797413,0.786720259,53.05129042,TRUE,FALSE,NORMAL
23,8,10,688.9530799,297.9310364,6.923007643,100,0,1.910144134,8.914489902,0.910855101,62.92911362,TRUE,FALSE,NORMAL
23,9,1,404.049478,846.4812332,1.464212491,100,0,3.379457199,3.467831801,0.965321682,67.27906606,TRUE,FALSE,NORMAL
23,9,2,23.06387526,735.6779437,3.48057737,100,6.853133166,5.141663549,28.12109704,0.71878903,47.6240006,TRUE,FALSE,NORMAL
23,9,3,125.0946951,873.4940921,4.961373013,100,0.141084276,0,16.94775756,0.830522424,56.52211227,TRUE,FALSE,NORMAL
23,9,4,118.4421149,725.618553,4.401319047,100,1.508157565,2.104846107,30.09803961,0.699019604,46.049289,TRUE,FALSE,NORMAL
23,9,5,488.929601,525.0254432,5.506643136,100,1.013840522,5.685214285,0,0,0,TRUE,FALSE,NORMAL
23,9,6,636.6969105,77.00245709,8.460067234,100,15.88500731,1.703843135,15.11953705,0.848804629,57.97668235,TRUE,FALSE,NORMAL
23,9,7,851.9209162,983.9964542,8.191905123,100,0,0.66531145,0,0,0,TRUE,FALSE,NORMAL
23,9,8,399.2805923,114.1134915,5.691867152,100,10.3532801,0,23.45929924,0.765407008,51.35292414,TRUE,FALSE,NORMAL
23,9,9,477.8590657,140.8536342,4.758430866,100,9.168897928,4.187525573,21.98842799,0.78011572,52.51723437,TRUE,FALSE,NORMAL
23,9,10,684.7983474,292.3933264,6.923007643,100,0,0.751306231,10.44414344,0.895558566,61.70764239,TRUE,FALSE,NORMAL
23,10,1,403.1620803,845.3165686,1.464212491,100,3.865770122,5.856050601,3.297881571,0.967021184,67.41483432,TRUE,FALSE,NORMAL
23,10,2,19.82617757,736.9553365,3.48057737,100,8.355292626,7.687723825,28.34936604,0.71650634,47.44145727,TRUE,FALSE,NORMAL
23,10,3,122.8896272,869.0496689,4.961373013,100,0,0,17.58932624,0.824106738,56.01149261,TRUE,FALSE,NORMAL
23,10,4,116.6518005,729.6392972,4.401319047,100,4.223343387,1.610352291,30.71175383,0.692882462,45.56041011,TRUE,FALSE,NORMAL
23,10,5,485.8362514,529.5811327,5.506643136,100,5.849552537,4.458486572,0,0,0,TRUE,FALSE,NORMAL
23,10,6,645.0117334,75.44154152,8.460067234,100,18.28906103,2.314167588,14.66377985,0.853362201,58.33985944,TRUE,FALSE,NORMAL
23,10,7,859.2300511,987.6956239,8.191905123,100,0.281355342,3.39666729,0,0,0,TRUE,FALSE,NORMAL
23,10,8,404.4561182,111.7446766,5.691867152,100,10.59054803,1.951975222,23.61948635,0.763805136,51.22969345,TRUE,FALSE,NORMAL
23,10,9,475.3804599,144.9155521,4.758430866,100,8.579874369,4.339520481,21.91147981,0.780885202,52.58087161,TRUE,FALSE,NORMAL
23,10,10,682.599547,285.8287767,6.923007643,100,4.65001428,0,11.52326077,0.884767392,60.84613101,TRUE,FALSE,NORMAL
23,11,1,404.0929312,844.186332,1.464212491,100,5.867398226,4.369322654,3.467296907,0.965327031,67.27949337,TRUE,FALSE,NORMAL
23,11,2,21.92725981,734.1804722,3.48057737,100,6.229809199,4.918404312,28.31518619,0.716848138,47.46765051,TRUE,FALSE,NORMAL
23,11,3,124.558353,864.3773487,4.961373013,100,3.23012785,1.052794931,18.01792368,0.819820763,55.67026113,TRUE,FALSE,NORMAL
23,11,4,121.0524417,729.716538,4.401319047,100,0.241662383,0,30.9393179,0.690606821,45.37864318,TRUE,FALSE,NORMAL
23,11,5,486.5058043,524.1153466,5.506643136,100,7.363919709,1.603337723,0,0,0,TRUE,FALSE,NORMAL
23,11,6,651.997063,70.66892087,8.460067234,100,17.76061474,0,13.53240162,0.864675984,59.24275662,TRUE,FALSE,NORMAL
23,11,7,852.3215803,983.2933132,8.191905123,100,0.741971823,5.563571688,0,0,0,TRUE,FALSE,NORMAL
23,11,8,408.2507032,115.9871377,5.691867152,100,9.055829958,1.735892893,23.72308564,0.762769144,51.15345749,TRUE,FALSE,NORMAL
23,11,9,476.7220697,140.3501663,4.758430866,100,8.518979552,3.817202854,21.52566165,0.784743383,52.89300452,TRUE,FALSE,NORMAL
23,11,10,685.3995207,292.1602996,6.923007643,100,5.606519739,1.26508895,10.03667653,0.899633235,62.03294405,TRUE,FALSE,NORMAL
23,12,1,405.1141206,843.1370035,1.464212491,100,4.687319689,3.613669357,2.787180847,0.972128192,67.82282634,TRUE,FALSE,NORMAL
23,12,2,20.65932229,730.9390599,3.48057737,100,1.411268907,3.128568043,28.14331796,0.71856682,47.6029933,TRUE,FALSE,NORMAL
23,12,3,121.3235244,860.6155531,4.961373013,100,0.453665053,0.211760319,17.88488879,0.821151112,55.77674258,TRUE,FALSE,NORMAL
23,12,4,123.3629564,725.9704559,4.401319047,100,0,2.477536824,30.63471859,0.693652814,45.61974799,TRUE,FALSE,NORMAL
23,12,5,481.54411,521.7268936,5.506643136,100,6.63895778,2.178083708,0,0,0,TRUE,FALSE,NORMAL
23,12,6,644.6524519,74.8676617,8.460067234,100,22.28408461,0,14.35012412,0.856498759,58.59048597,TRUE,FALSE,NORMAL
23,12,7,854.6879924,991.1359787,8.191905123,100,0,7.833789988,0,0,0,TRUE,FALSE,NORMAL
23,12,8,407.7556126,121.6574319,5.691867152,100,9.652808045,0.162703347,24.32620138,0.756737986,50.67276446,TRUE,FALSE,NORMAL
23,12,9,478.3010997,135.861366,4.758430866,100,3.665853474,2.731996368,21.75775104,0.78242249,52.7091071,TRUE,FALSE,NORMAL
23,12,10,689.6102519,297.6555501,6.923007643,100,6.779502121,2.319600001,9.085115859,0.909148841,62.79283736,TRUE,FALSE,NORMAL
23,13,1,406.5673869,843.315708,1.464212491,100,1.625315634,5.975528805,2.743450672,0.972565493,67.85776236,TRUE,FALSE,NORMAL
23,13,2,20.81973802,734.4159386,3.48057737,100,4.440420509,4.918287058,28.35926455,0.716407354,47.43286386,TRUE,FALSE,NORMAL
23,13,3,122.8313144,865.3422635,4.961373013,100,0,0,17.48947514,0.825105249,56.0914327,TRUE,FALSE,NORMAL
23,13,4,118.9652795,725.7914377,4.401319047,100,0,1.15786484,30.58499045,0.694150095,45.6607077,TRUE,FALSE,NORMAL
23,13,5,479.5390333,526.8555178,5.506643136,100,2.442031452,3.085185423,0,0,0,TRUE,FALSE,NORMAL
23,13,6,651.9688973,70.62003134,8.460067234,100,17.49997324,0,13.50309813,0.864969019,59.26634942,TRUE,FALSE,NORMAL
23,13,7,846.5217969,990.4874724,8.191905123,100,0,8.19859918,0,0,0,TRUE,FALSE,NORMAL
23,13,8,409.8286593,116.3565047,5.691867152,100,9.255915947,2.321487731,23.62154009,0.763784599,51.23142081,TRUE,FALSE,NORMAL
23,13,9,481.4792517,139.4028367,4.758430866,100,7.308235647,5.430591027,21.16201627,0.788379837,53.18167819,TRUE,FALSE,NORMAL
23,13,10,696.5102688,297.0918114,6.923007643,100,6.928371941,0.939243397,8.745923597,0.912540764,63.06363645,TRUE,FALSE,NORMAL
23,14,1,407.5827265,842.2607181,1.464212491,100,2.591703785,6.868134048,3.00808139,0.969919186,67.64635034,TRUE,FALSE,NORMAL
23,14,2,22.91557853,737.1947642,3.48057737,100,2.955328127,6.330042912,28.82933098,0.71170669,47.05844366,TRUE,FALSE,NORMAL
23,14,3,125.1946657,860.9799484,4.961373013,100,3.129704802,1.211254027,17.8836406,0.821163594,55.77721019,TRUE,FALSE,NORMAL
23,14,4,120.0088184,721.5156178,4.401319047,100,0,0,30.60351016,0.693964898,45.64603947,TRUE,FALSE,NORMAL
23,14,5,474.8293081,529.7088679,5.506643136,100,3.594312764,2.70740817,0,0,0,TRUE,FALSE,NORMAL
23,14,6,650.0396161,62.38288308,8.460067234,100,20.0297481,2.549846744,12.25402701,0.87745973,60.26341434,TRUE,FALSE,NORMAL
23,14,7,840.2453761,985.2230778,8.191905123,100,0,8.653313821,0,0,0,TRUE,FALSE,NORMAL
23,14,8,405.4981604,112.6627084,5.691867152,100,4.969474646,4.097841108,23.30314283,0.766968572,51.48505313,TRUE,FALSE,NORMAL
23,14,9,477.1368683,137.4569767,4.758430866,100,3.520541244,4.761818021,20.49244316,0.795075568,53.71574909,TRUE,FALSE,NORMAL
23,14,10,694.2515536,303.6359875,6.923007643,100,4.828298689,0.011529286,6.969033467,0.930309665,64.48255865,TRUE,FALSE,NORMAL
23,15,1,406.2694677,842.9082282,1.464212491,100,1.7425031,8.206980037,3.879813462,0.961201865,66.94995179,TRUE,FALSE,NORMAL
23,15,2,22.91990115,740.6753389,3.48057737,100,3.564808048,7.884926695,28.9515873,0.710484127,46.96280195,TRUE,FALSE,NORMAL
23,15,3,129.2607238,863.8229035,4.961373013,100,0.134515797,1.732557113,17.99367358,0.820063264,55.68883938,TRUE,FALSE,NORMAL
23,15,4,116.2411933,723.7908343,4.401319047,100,0.61470713,0,30.81466548,0.691853345,45.47947858,TRUE,FALSE,NORMAL
23,15,5,479.2341295,533.0135112,5.506643136,100,0.711103799,4.783172752,0,0,0,TRUE,FALSE,NORMAL
23,15,6,658.4991172,62.28501043,8.460067234,100,22.58239222,0,12.36799092,0.876320091,60.17227355,TRUE,FALSE,NORMAL
23,15,7,832.0799902,985.8817003,8.191905123,100,0,8.781872567,0,0,0,TRUE,FALSE,NORMAL
23,15,8,410.926719,110.9515381,5.691867152,100,2.963012718,5.636003241,23.13648559,0.768635144,51.61887769,TRUE,FALSE,NORMAL
23,15,9,481.7297491,136.212746,4.758430866,100,3.862410585,2.403603791,20.68893001,0.7931107,53.55908123,TRUE,FALSE,NORMAL
23,15,10,695.5527955,296.8363695,6.923007643,100,0.664722744,1.271671714,8.123570574,0.918764294,63.5605353,TRUE,FALSE,NORMAL
23,16,1,404.8301138,843.1768892,1.464212491,100,2.729709631,7.074961426,3.333654879,0.966663451,67.38625596,TRUE,FALSE,NORMAL
23,16,2,19.69960258,739.3546966,3.48057737,100,3.883350893,10.45799892,28.90855094,0.710914491,46.9963538,TRUE,FALSE,NORMAL
23,16,3,124.4429927,862.6377077,4.961373013,100,0,2.555304185,18.19012071,0.818098793,55.53315066,TRUE,FALSE,NORMAL
23,16,4,115.2921099,728.088607,4.401319047,100,0,0,31.1815694,0.688184306,45.18706596,TRUE,FALSE,NORMAL
23,16,5,479.7079518,538.4997313,5.506643136,100,0,3.268661656,0,0,0,TRUE,FALSE,NORMAL
23,16,6,664.5075256,56.32919267,8.460067234,100,17.9407974,0,11.10052164,0.888994784,61.18382796,TRUE,FALSE,NORMAL
23,16,7,838.8605701,990.478552,8.191905123,100,0,9.648016971,0,0,0,TRUE,FALSE,NORMAL
23,16,8,414.9962874,114.9309808,5.691867152,100,5.131635721,5.680075062,23.59668312,0.764033169,51.26345713,TRUE,FALSE,NORMAL
23,16,9,477.1714148,137.5781225,4.758430866,100,4.72783858,4.094613925,20.03885121,0.799611488,54.08577666,TRUE,FALSE,NORMAL
23,16,10,702.4755139,296.8996534,6.923007643,100,1.799749164,2.300557167,6.901455797,0.930985442,64.53658542,TRUE,FALSE,NORMAL
23,17,1,406.1221052,842.4879214,1.464212491,100,0,6.338478309,3.850720787,0.961492792,66.97319239,TRUE,FALSE,NORMAL
23,17,2,23.12639568,739.9642111,3.48057737,100,2.822706614,10.18339716,29.72697059,0.702730294,46.34877873,TRUE,FALSE,NORMAL
23,17,3,128.7099529,860.106251,4.961373013,100,0,1.601337838,18.56642981,0.814335702,55.23314082,TRUE,FALSE,NORMAL
23,17,4,110.8933218,728.2378466,4.401319047,100,4.784542349,1.746637225,31.99787595,0.680021241,44.54139667,TRUE,FALSE,NORMAL
23,17,5,484.4483108,535.6975687,5.506643136,100,0.741679598,2.955179901,0,0,0,TRUE,FALSE,NORMAL
23,17,6,660.4805143,63.76934842,8.460067234,100,15.24605375,0,12.35858571,0.876414143,60.17968243,TRUE,FALSE,NORMAL
23,17,7,837.2596968,998.5125121,8.191905123,100,0,10.22707801,0,0,0,TRUE,FALSE,NORMAL
23,17,8,420.3747978,113.0684615,5.691867152,100,2.995899366,6.505478997,24.64456766,0.753554323,50.42859291,TRUE,FALSE,NORMAL
23,17,9,481.3616478,135.323214,4.758430866,100,2.399873385,2.694725864,20.51934005,0.7948066,53.70395842,TRUE,FALSE,NORMAL
23,17,10,705.5433554,303.1058103,6.923007643,100,0,4.056176641,6.561457469,0.934385425,64.80819259,TRUE,FALSE,NORMAL
23,18,1,404.9551214,843.3722669,1.464212491,100,0,3.740881902,4.797483829,0.952025162,66.21689512,TRUE,FALSE,NORMAL
23,18,2,21.09726406,737.1363066,3.48057737,100,3.779806878,7.22669141,29.13033972,0.708696603,46.82468118,TRUE,FALSE,NORMAL
23,18,3,133.2824301,862.0317832,4.961373013,100,0,2.177666891,18.07898738,0.819210126,55.6203246,TRUE,FALSE,NORMAL
23,18,4,107.9595207,724.9569289,4.401319047,100,5.181044076,2.223181366,31.53436036,0.684656396,44.91047597,TRUE,FALSE,NORMAL
23,18,5,485.1969039,541.1530913,5.506643136,100,0,1.058939199,0,0,0,TRUE,FALSE,NORMAL
23,18,6,662.3863157,72.0119608,8.460067234,100,18.17109041,0.979263306,12.91583421,0.870841658,59.73494326,TRUE,FALSE,NORMAL
23,18,7,833.4248402,991.2736458,8.191905123,100,0,10.05910106,0,0,0,TRUE,FALSE,NORMAL
23,18,8,421.3847266,107.4669085,5.691867152,100,4.087241709,5.886621558,24.66948684,0.753305132,50.40689684,TRUE,FALSE,NORMAL
23,18,9,483.153843,130.9151872,4.758430866,100,6.612513614,0.880732461,20.23946391,0.797605361,53.92663846,TRUE,FALSE,NORMAL
23,18,10,711.7470148,306.1786989,6.923007643,100,2.663213625,5.849019087,6.24373133,0.937562687,65.06217145,TRUE,FALSE,NORMAL
23,19,1,405.6149178,842.0651377,1.464212491,100,4.996806729,0.754944698,3.956940765,0.960430592,66.88833905,TRUE,FALSE,NORMAL
23,19,2,24.57541639,737.0064021,3.48057737,100,0.196206939,5.24288223,29.71037922,0.702896208,46.36547185,TRUE,FALSE,NORMAL
23,19,3,129.2185715,864.8778815,4.961373013,100,3.691017145,2.506322257,17.58277498,0.82417225,56.0158667,TRUE,FALSE,NORMAL
23,19,4,106.5803271,720.7772837,4.401319047,100,8.88722997,2.851440452,31.34379616,0.686562038,45.06468665,TRUE,FALSE,NORMAL
23,19,5,490.5824546,540.0046306,5.506643136,100,0,2.814338575,0,0,0,TRUE,FALSE,NORMAL
23,19,6,670.4273545,69.38243016,8.460067234,100,14.66454134,1.753922708,11.27137135,0.887286286,61.04773117,TRUE,FALSE,NORMAL
23,19,7,825.3448504,989.9241737,8.191905123,100,0,10.80348986,0,0,0,TRUE,FALSE,NORMAL
23,19,8,415.697802,107.7040588,5.691867152,100,8.625154711,8.178004088,23.2097308,0.767902692,51.56788262,TRUE,FALSE,NORMAL
23,19,9,482.4978051,126.2021968,4.758430866,100,9.052841718,0,19.21302245,0.807869776,54.74290347,TRUE,FALSE,NORMAL
23,19,10,711.1705419,313.0776636,6.923007643,100,1.98799398,4.395006939,4.985371689,0.950146283,66.06724563,TRUE,FALSE,NORMAL
23,20,1,406.8843255,841.3353965,1.464212491,100,8.083539402,3.159080627,3.246522363,0.967534776,67.45586395,TRUE,FALSE,NORMAL
23,20,2,24.22206459,733.5438075,3.48057737,100,0.153257022,7.590818361,29.64271435,0.703572856,46.42251794,TRUE,FALSE,NORMAL
23,20,3,126.6778916,869.1393563,4.961373013,100,1.14599663,1.304515783,17.00991862,0.829900814,56.47276139,TRUE,FALSE,NORMAL
23,20,4,103.435961,723.8569868,4.401319047,100,5.611437187,5.275782865,31.56701975,0.684329803,44.88983271,TRUE,FALSE,NORMAL
23,20,5,496.0079264,539.0626252,5.506643136,100,4.329276372,0.218451733,0,0,0,TRUE,FALSE,NORMAL
23,20,6,675.2869425,76.30753976,8.460067234,100,16.01363807,4.045332995,10.87388515,0.891261148,61.3648295,TRUE,FALSE,NORMAL
23,20,7,829.1507775,997.1782917,8.191905123,100,0,8.865037581,0,0,0,TRUE,FALSE,NORMAL
23,20,8,418.686485,102.8599773,5.691867152,100,7.643404533,9.051298083,23.69148181,0.763085182,51.19198516,TRUE,FALSE,NORMAL
23,20,9,477.7405248,126.3068325,4.758430866,100,9.815108136,0.248269483,28.23327563,0.717667244,47.56621474,TRUE,FALSE,NORMAL
23,20,10,711.4875877,319.9934077,6.923007643,100,0,7.324122625,9.14212117,0.908578788,62.74694341,TRUE,FALSE,NORMAL
23,21,1,406.2605378,842.6600878,1.464212491,100,5.852377574,2.850323473,2.700405333,0.972995947,67.89215134,TRUE,FALSE,NORMAL
23,21,2,27.09698095,731.5818506,3.48057737,100,0.272254224,8.836174323,30.23421085,0.697657891,45.95322761,TRUE,FALSE,NORMAL
23,21,3,122.4205567,866.5917454,4.961373013,100,4.943797568,0.624091372,17.51350145,0.824864986,56.07231735,TRUE,FALSE,NORMAL
23,21,4,104.5623674,728.1117275,4.401319047,100,5.433004153,4.910596133,32.39858689,0.676014131,44.22995216,TRUE,FALSE,NORMAL
23,21,5,493.6367898,544.0326181,5.506643136,100,7.988644018,2.431304684,0,0,0,TRUE,FALSE,NORMAL
23,21,6,680.3968539,83.05005732,8.460067234,100,13.08388233,4.100149645,11.01371602,0.88986284,61.25297779,TRUE,FALSE,NORMAL
23,21,7,837.2056414,998.6704305,8.191905123,100,0,10.17862971,0,0,0,TRUE,FALSE,NORMAL
23,21,8,421.9691202,98.21006785,5.691867152,100,11.92726577,7.667657468,24.14168634,0.758583137,50.84329383,TRUE,FALSE,NORMAL
23,21,9,473.5650759,124.0246644,4.758430866,100,11.40691889,0,28.16521219,0.718347878,47.63101496,TRUE,FALSE,NORMAL
23,21,10,704.9796657,317.6322668,6.923007643,100,0.6684599,5.226427874,10.89996276,0.891000372,61.34335653,TRUE,FALSE,NORMAL
23,22,1,406.851464,841.3204146,1.464212491,100,9.398923036,5.758081097,3.107770129,0.968922299,67.56671039,TRUE,FALSE,NORMAL
23,22,2,24.19201228,729.6646715,3.48057737,100,3.272382881,11.68297727,30.04350915,0.699564908,46.10461591,TRUE,FALSE,NORMAL
23,22,3,125.2353205,862.506121,4.961373013,100,6.894227529,3.383318493,17.53652022,0.824634798,56.05366591,TRUE,FALSE,NORMAL
23,22,4,102.1676111,724.4189302,4.401319047,100,1.693146447,7.360126074,32.31377477,0.676862252,44.29692599,TRUE,FALSE,NORMAL
23,22,5,492.6378122,549.4478893,5.506643136,100,11.98218651,3.871134011,0,0,0,TRUE,FALSE,NORMAL
23,22,6,685.9948882,89.393144,8.460067234,100,13.80571495,5.907521205,10.54459866,0.894554013,61.62761078,TRUE,FALSE,NORMAL
23,22,7,838.5136984,1000,8.191905123,100,2.385551737,9.522559147,0,0,0,TRUE,FALSE,NORMAL
23,22,8,416.3803034,97.13188488,5.691867152,100,8.244398093,8.010279781,23.00367346,0.769963265,51.74723875,TRUE,FALSE,NORMAL
23,22,9,469.2422725,126.0136426,4.758430866,100,15.56838397,1.868918427,27.18297834,0.728170217,48.41005516,TRUE,FALSE,NORMAL
23,22,10,709.7138121,312.5809411,6.923007643,100,2.820208687,5.917213784,12.81435003,0.8718565,59.81505517,TRUE,FALSE,NORMAL
23,23,1,407.9836327,842.2489146,1.464212491,100,8.598073474,4.813933793,1.209579358,0.987904206,69.08324316,TRUE,FALSE,NORMAL
23,23,2,25.23839735,726.3451087,3.48057737,100,2.163823837,12.16550695,30.66030189,0.693396981,45.61862379,TRUE,FALSE,NORMAL
23,23,3,120.3897036,861.4406547,4.961373013,100,7.171773785,6.175873825,17.31245199,0.82687548,56.23289532,TRUE,FALSE,NORMAL
23,23,4,97.88832936,723.3896796,4.401319047,100,6.101034932,7.573464135,32.80140189,0.671985981,43.9138681,TRUE,FALSE,NORMAL
23,23,5,490.9909722,554.7025098,5.506643136,100,11.3089317,4.693656931,0.285216417,0.997147836,69.82177896,TRUE,FALSE,NORMAL
23,23,6,685.6577002,80.93979899,8.460067234,100,12.3568718,6.448410861,9.428153205,0.905718468,62.51887984,TRUE,FALSE,NORMAL
23,23,7,830.3434948,999.4041119,8.191905123,100,0,9.315781299,0,0,0,TRUE,FALSE,NORMAL
23,23,8,416.3647822,91.44003889,5.691867152,100,9.45117856,9.694451641,23.18386879,0.768161312,51.60678545,TRUE,FALSE,NORMAL
23,23,9,464.9927568,123.8725492,4.758430866,100,11.96055766,2.624008798,26.92673658,0.730732634,48.61797938,TRUE,FALSE,NORMAL
23,23,10,709.0533531,319.4723726,6.923007643,100,1.719204199,6.037039509,10.26155237,0.897384476,61.85308226,TRUE,FALSE,NORMAL
23,24,1,406.6366786,841.6747781,1.464212491,100,8.221769725,2.701724716,2.823066725,0.971769333,67.79415719,TRUE,FALSE,NORMAL
23,24,2,28.54680654,725.2639762,3.48057737,100,1.281501734,11.64571051,30.5661675,0.694338325,45.69677066,TRUE,FALSE,NORMAL
23,24,3,123.5068802,865.3005034,4.961373013,100,3.983577793,8.958882769,16.83629054,0.831637095,56.61133634,TRUE,FALSE,NORMAL
23,24,4,98.2634757,719.0043775,4.401319047,100,4.376086535,7.027566022,32.31480255,0.676851975,44.30397736,TRUE,FALSE,NORMAL
23,24,5,494.5831053,550.5288186,5.506643136,100,9.231476643,7.046961432,0,0,0,TRUE,FALSE,NORMAL
23,24,6,693.9791517,79.41461629,8.460067234,100,11.09612015,9.023529991,8.7734297,0.912265703,63.04171737,TRUE,FALSE,NORMAL
23,24,7,828.1909662,991.5000667,8.191905123,100,4.424746625,9.680059675,0,0,0,TRUE,FALSE,NORMAL
23,24,8,418.6889089,86.24429189,5.691867152,100,12.1964983,11.74852352,22.50856714,0.774914329,52.14226069,TRUE,FALSE,NORMAL
23,24,9,468.4614257,120.6150963,4.758430866,100,8.772236917,3.32654647,26.37040409,0.736295959,49.05822732,TRUE,FALSE,NORMAL
23,24,10,715.9763393,319.489594,6.923007643,100,0,8.307925373,10.02643741,0.899735626,62.0408129,TRUE,FALSE,NORMAL
23,25,1,405.2068545,841.9902479,1.464212491,100,12.84740152,5.496408052,3.407473694,0.965925263,67.32728423,TRUE,FALSE,NORMAL
23,25,2,30.85920632,727.8653655,3.48057737,100,4.259044055,10.83357433,31.53004057,0.684699594,44.93515329,TRUE,FALSE,NORMAL
23,25,3,125.2068036,860.6394431,4.961373013,100,4.583046631,7.041658721,17.7997648,0.822002352,55.84363661,TRUE,FALSE,NORMAL
23,25,4,95.77407304,722.6340446,4.401319047,100,6.862283218,9.807783646,33.36779071,0.666322093,43.4719648,TRUE,FALSE,NORMAL
23,25,5,496.7145257,555.6062359,5.506643136,100,10.70798787,8.186432717,0,0,0,TRUE,FALSE,NORMAL
23,25,6,701.8220244,82.5866953,8.460067234,100,15.20207051,8.624763489,8.09591276,0.919040872,63.58278751,TRUE,FALSE,NORMAL
23,25,7,831.7077649,998.8986772,8.191905123,100,1.254594946,11.55130979,0,0,0,TRUE,FALSE,NORMAL
23,25,8,420.1698367,91.7401271,5.691867152,100,14.18874649,10.55695099,22.68611999,0.7731388,52.01749427,TRUE,FALSE,NORMAL
23,25,9,466.7797883,116.163719,4.758430866,100,12.54668583,1.637449395,26.40027488,0.735997251,49.05110591,TRUE,FALSE,NORMAL
23,25,10,709.2400626,321.086657,6.923007643,100,0.186457969,9.681452996,10.43945198,0.89560548,61.71103876,TRUE,FALSE,NORMAL
23,26,1,405.514556,843.4217639,1.464212491,100,12.69761406,8.23707082,1.984238956,0.98015761,68.46434281,TRUE,FALSE,NORMAL
23,26,2,34.33881427,727.9475074,3.48057737,100,5.665143857,12.61668416,32.74391261,0.672560874,43.97991353,TRUE,FALSE,NORMAL
23,26,3,123.9723533,855.8340967,4.961373013,100,3.134408722,8.356773497,18.48448999,0.8151551,55.29880659,TRUE,FALSE,NORMAL
23,26,4,92.17668598,725.1698711,4.401319047,100,4.20615656,12.11597613,34.57714168,0.654228583,42.52097122,TRUE,FALSE,NORMAL
23,26,5,495.6044792,560.9998354,5.506643136,100,12.6953326,9.154678376,0.760964437,0.992390356,69.44165831,TRUE,FALSE,NORMAL
23,26,6,708.9771417,78.07260247,8.460067234,100,11.22229204,10.5048486,6.990251772,0.930097482,64.46575735,TRUE,FALSE,NORMAL
23,26,7,835.6426085,1000,8.191905123,100,4.237272784,12.74304005,0,0,0,TRUE,FALSE,NORMAL
23,26,8,422.0499866,86.36775443,5.691867152,100,16.40143492,13.31321675,22.46137539,0.775386246,52.20312082,TRUE,FALSE,NORMAL
23,26,9,465.5956822,111.5549711,4.758430866,100,17.10462481,3.899234508,25.92370433,0.740762957,49.43762479,TRUE,FALSE,NORMAL
23,26,10,702.5644448,322.9208223,6.923007643,100,0.462794195,10.17550167,9.381277859,0.906187221,62.55597014,TRUE,FALSE,NORMAL
23,27,1,404.7340462,844.6606032,1.464212491,100,10.87897715,5.906729089,3.349359242,0.966506408,67.37371017,TRUE,FALSE,NORMAL
23,27,2,33.8534578,724.500937,3.48057737,100,10.43815561,10.8879738,32.16682688,0.678331731,44.44049092,TRUE,FALSE,NORMAL
23,27,3,124.2295301,860.7887997,4.961373013,100,6.5746899,7.232825157,17.59471963,0.824052804,56.00688708,TRUE,FALSE,NORMAL
23,27,4,91.16528657,720.8863351,4.401319047,100,7.449416116,9.418332929,33.83541066,0.661645893,43.11185077,TRUE,FALSE,NORMAL
23,27,5,493.403589,555.9521427,5.506643136,100,13.54922714,10.21719285,0,0,0,TRUE,FALSE,NORMAL
23,27,6,701.3634851,74.38411077,8.460067234,100,8.405495337,13.49893083,7.57353962,0.924264604,63.99985986,TRUE,FALSE,NORMAL
23,27,7,843.4342943,1000,8.191905123,100,0.670920838,14.03611344,0,0,0,TRUE,FALSE,NORMAL
23,27,8,420.7228956,80.83275838,5.691867152,100,18.23115774,10.88360976,22.9328276,0.770671724,51.82477749,TRUE,FALSE,NORMAL
23,27,9,460.876775,112.1669996,4.758430866,100,18.39935434,3.32634001,26.0528626,0.739471374,49.33280961,TRUE,FALSE,NORMAL
23,27,10,706.7041677,317.3718829,6.923007643,100,3.173572287,12.34130649,9.697136187,0.903028638,62.30375476,TRUE,FALSE,NORMAL
23,28,1,403.4424317,845.3502772,1.464212491,100,13.0109666,7.146418753,4.081942171,0.959180578,66.78848297,TRUE,FALSE,NORMAL
23,28,2,34.0588557,727.9754485,3.48057737,100,7.521900141,9.734919584,32.26580381,0.677341962,44.36740526,TRUE,FALSE,NORMAL
23,28,3,127.5173674,864.5043545,4.961373013,100,5.270529628,7.741236013,17.28501636,0.827149836,56.25278682,TRUE,FALSE,NORMAL
23,28,4,87.72474963,718.1414644,4.401319047,100,8.812552391,7.086094968,33.42744183,0.665725582,43.44216073,TRUE,FALSE,NORMAL
23,28,5,496.0683955,551.1332295,5.506643136,100,16.08768234,10.53301432,0,0,0,TRUE,FALSE,NORMAL
23,28,6,705.422544,66.96139033,8.460067234,100,9.835609007,15.19697181,6.220296384,0.937797036,65.08070908,TRUE,FALSE,NORMAL
23,28,7,835.2472952,1000,8.191905123,100,0,15.53061597,0,0,0,TRUE,FALSE,NORMAL
23,28,8,415.0363277,81.07831237,5.691867152,100,19.55084532,10.86998395,21.28917411,0.787108259,53.11779363,TRUE,FALSE,NORMAL
23,28,9,465.5610537,113.003778,4.758430866,100,22.54668321,3.333238436,25.17947117,0.748205288,50.01042943,TRUE,FALSE,NORMAL
23,28,10,703.3622724,323.4348665,6.923007643,100,0.371115501,12.968969,7.447229984,0.9255277,64.10047257,TRUE,FALSE,NORMAL
23,29,1,401.979728,845.2838249,1.464212491,100,12.02046016,6.251256004,4.380328364,0.956196716,66.55012341,TRUE,FALSE,NORMAL
23,29,2,36.30569526,730.633668,3.48057737,100,5.288828298,11.23667604,33.37176877,0.666282312,43.49845792,TRUE,FALSE,NORMAL
23,29,3,127.5441697,859.5430539,4.961373013,100,9.990461186,8.095113606,18.21326195,0.81786738,55.5133525,TRUE,FALSE,NORMAL
23,29,4,84.90109503,721.5176433,4.401319047,100,8.099613578,9.919895628,34.50866924,0.654913308,42.59330679,TRUE,FALSE,NORMAL
23,29,5,493.0774934,546.5096353,5.506643136,100,18.10918085,8.568376642,0,0,0,TRUE,FALSE,NORMAL
23,29,6,708.6289685,74.79028423,8.460067234,100,13.0736435,12.69531713,6.366882178,0.936331178,64.9635986,TRUE,FALSE,NORMAL
23,29,7,843.3669733,998.9145794,8.191905123,100,0,17.58490884,0,0,0,TRUE,FALSE,NORMAL
23,29,8,419.3933833,84.7407457,5.691867152,100,16.88404418,8.81824853,21.92910096,0.78070899,52.619063,TRUE,FALSE,NORMAL
23,29,9,462.7420153,116.8372734,4.758430866,100,27.18889657,4.617106446,25.27204944,0.747279506,49.94882373,TRUE,FALSE,NORMAL
23,29,10,696.5150105,324.4561595,6.923007643,100,0,15.76497661,8.539303384,0.914606966,63.22832787,TRUE,FALSE,NORMAL
23,30,1,403.3282166,845.8543479,1.464212491,100,12.9829665,8.519028413,4.914813896,0.950851861,66.12317222,TRUE,FALSE,NORMAL
23,30,2,36.97518215,734.0492508,3.48057737,100,0.49836706,12.64537371,33.12564788,0.668743521,43.69016268,TRUE,FALSE,NORMAL
23,30,3,132.1597476,861.3628513,4.961373013,100,9.57125158,5.474141976,17.92776971,0.820722303,55.74013367,TRUE,FALSE,NORMAL
23,30,4,85.25419132,717.1305107,4.401319047,100,4.099244506,11.31996578,33.74095447,0.662590455,43.2001575,TRUE,FALSE,NORMAL
23,30,5,487.5734983,546.3388815,5.506643136,100,19.32944883,8.467837896,0.480643091,0.995193569,69.66563278,TRUE,FALSE,NORMAL
23,30,6,716.6173302,77.57574904,8.460067234,100,11.30382962,14.30654956,5.217696654,0.947823033,65.8814783,TRUE,FALSE,NORMAL
23,30,7,842.8121304,1000,8.191905123,100,3.604933116,14.62147419,0,0,0,TRUE,FALSE,NORMAL
23,30,8,421.2816935,90.11025559,5.691867152,100,88.7407029,10.88695761,21.77376599,0.78226234,52.7533141,TRUE,TRUE,HIGH_CPU
23,30,9,460.5563707,121.0640478,4.758430866,100,30.84082937,2.251892441,24.77485239,0.752251476,50.35592418,TRUE,FALSE,NORMAL
23,30,10,693.3155004,330.595473,6.923007643,100,0.898726103,18.25719813,4.164121961,0.95835878,66.72317739,TRUE,FALSE,NORMAL
23,31,1,404.0596691,844.5859254,1.464212491,100,14.38259236,7.785002832,3.950366859,0.960496331,66.89359057,TRUE,FALSE,NORMAL
23,31,2,35.98050411,737.384672,3.48057737,100,3.740975353,14.84150758,32.92430875,0.670756913,43.83674354,TRUE,FALSE,NORMAL
23,31,3,127.2213151,861.8394078,4.961373013,100,13.71213266,6.973142752,17.92657736,0.820734226,55.74186953,TRUE,FALSE,NORMAL
23,31,4,89.51298392,716.0195225,4.401319047,100,4.65547185,12.00745057,33.23664036,0.667633596,43.58805692,TRUE,FALSE,NORMAL
23,31,5,483.6573578,550.2101812,5.506643136,100,23.88287421,10.9190869,0.714161347,0.992858387,69.47905338,TRUE,FALSE,NORMAL
23,31,6,724.9545708,76.1393799,8.460067234,100,9.937118756,14.21655465,5.690855593,0.943091444,65.50331288,TRUE,FALSE,NORMAL
23,31,7,841.6114242,1000,8.191905123,100,3.35874937,16.83642429,0,0,0,TRUE,FALSE,NORMAL
23,31,8,417.904508,94.69195508,5.691867152,100,98.5205608,12.80446558,43.49670433,0.565032957,35.52539158,TRUE,TRUE,HIGH_CPU
23,31,9,456.1228608,119.3358539,4.758430866,100,29.98970714,0,24.14982955,0.758501705,50.86895826,TRUE,FALSE,NORMAL
23,31,10,688.1529911,335.2081222,6.923007643,100,0.606006263,16.03872143,3.646458883,0.963535411,67.1365771,TRUE,FALSE,NORMAL
23,32,1,402.6316859,844.2622247,1.464212491,100,12.10080025,9.917490888,4.763473713,0.952365263,66.24406243,TRUE,FALSE,NORMAL
23,32,2,39.20848083,738.6864343,3.48057737,100,6.624647606,17.58853772,33.1269718,0.668730282,43.67265729,TRUE,FALSE,NORMAL
23,32,3,130.4665724,858.0866052,4.961373013,100,11.64575913,8.060844972,18.43886119,0.815611388,55.33327525,TRUE,FALSE,NORMAL
23,32,4,92.33022139,712.637987,4.401319047,100,7.296140368,9.054076844,33.11988361,0.668801164,43.67830034,TRUE,FALSE,NORMAL
23,32,5,478.1513433,550.2933857,5.506643136,100,21.78907729,7.922076352,0.30926093,0.996907391,69.80256727,TRUE,FALSE,NORMAL
23,32,6,726.5922481,84.43942513,8.460067234,100,14.31025339,11.58401472,5.521864239,0.944781358,65.63833718,TRUE,FALSE,NORMAL
23,32,7,844.2699419,1000,8.191905123,100,0,15.34704203,0,0,0,TRUE,FALSE,NORMAL
23,32,8,414.5142376,90.11992949,5.691867152,100,95.02307,13.54119725,42.80379402,0.57196206,36.05601798,TRUE,TRUE,HIGH_CPU
23,32,9,452.0734972,121.8349174,4.758430866,100,28.54127674,0,23.40396694,0.765960331,51.45332621,TRUE,FALSE,NORMAL
23,32,10,691.9103614,341.0227765,6.923007643,100,0.310946129,14.58927722,3.674424769,0.963255752,67.11430359,TRUE,FALSE,NORMAL
23,33,1,401.795224,843.0604553,1.464212491,100,9.891823245,9.104806595,2.448543451,0.975514565,68.09344864,TRUE,FALSE,NORMAL
23,33,2,38.83203911,735.2262739,3.48057737,100,3.432833582,15.20600156,32.62140773,0.673785923,44.07290976,TRUE,FALSE,NORMAL
23,33,3,127.5542471,862.1032684,4.961373013,100,9.071994295,9.927045448,17.64141194,0.823585881,55.96859967,TRUE,FALSE,NORMAL
23,33,4,93.0331636,708.2931646,4.401319047,100,8.499835018,6.475883429,32.38390048,0.676160995,44.26206117,TRUE,FALSE,NORMAL
23,33,5,479.6181358,555.6010818,5.506643136,100,20.17436237,8.23781876,0.532751301,0.994672487,69.6239985,TRUE,FALSE,NORMAL
23,33,6,734.0561379,80.45657596,8.460067234,100,15.59475242,13.9178157,4.10842995,0.9589157,66.76743832,TRUE,FALSE,NORMAL
23,33,7,837.5724328,995.2829373,8.191905123,100,3.202982111,13.48695517,0,0,0,TRUE,FALSE,NORMAL
23,33,8,415.2842043,95.7594776,5.691867152,100,100,11.74315229,44.4469719,0.555530281,34.80351931,TRUE,TRUE,HIGH_CPU
23,33,9,447.5833053,120.259849,4.758430866,100,27.78537952,0,23.20755949,0.767924405,51.64034286,TRUE,FALSE,NORMAL
23,33,10,698.7971985,341.7295359,6.923007643,100,0,15.24935795,6.248712815,0.937512872,65.05771024,TRUE,FALSE,NORMAL
23,34,1,402.266587,841.6741886,1.464212491,100,14.12268736,11.87307351,2.974610681,0.970253893,67.6731632,TRUE,FALSE,NORMAL
23,34,2,38.54920559,738.6953406,3.48057737,100,6.683484912,16.77109804,33.19615406,0.668038459,43.61898568,TRUE,FALSE,NORMAL
23,34,3,130.1561601,857.8789021,4.961373013,100,11.76266236,8.328210222,18.37129995,0.816287001,55.38707537,TRUE,FALSE,NORMAL
23,34,4,90.32345106,711.7614592,4.401319047,100,7.916072354,4.729185416,33.100932,0.66899068,43.6947966,TRUE,FALSE,NORMAL
23,34,5,483.6559815,559.3452667,5.506643136,100,24.62426507,11.08460031,1.198553011,0.98801447,69.09203502,TRUE,FALSE,NORMAL
23,34,6,729.7761706,73.1589998,8.460067234,100,18.35980557,11.67960739,3.829217085,0.961707829,66.99042044,TRUE,FALSE,NORMAL
23,34,7,839.1684877,987.2480186,8.191905123,100,0,13.74900868,0,0,0,TRUE,FALSE,NORMAL
23,34,8,413.1310646,101.0283808,5.691867152,100,100,12.55131215,45.29328479,0.547067152,34.16766611,TRUE,TRUE,HIGH_CPU
23,34,9,446.332676,115.6687064,4.758430866,100,26.45700928,0,23.84910752,0.761508925,51.14793762,TRUE,FALSE,NORMAL
23,34,10,692.0695097,340.096674,6.923007643,100,0,17.40499136,5.25350392,0.947464961,65.85263176,TRUE,FALSE,NORMAL
23,35,1,402.5841125,840.2448196,1.464212491,100,10.21063462,11.87340093,3.519478101,0.964805219,67.237897,TRUE,FALSE,NORMAL
23,35,2,39.29983054,735.2966672,3.48057737,100,6.010703149,17.78334982,33.36934914,0.666306509,43.49062763,TRUE,FALSE,NORMAL
23,35,3,134.5803654,855.6335446,4.961373013,100,13.71470065,9.951176686,18.30490087,0.816950991,55.43934775,TRUE,FALSE,NORMAL
23,35,4,86.37129055,709.8244417,4.401319047,100,8.191007429,4.050886782,33.36246133,0.666375387,43.49611224,TRUE,FALSE,NORMAL
23,35,5,488.6016605,561.766708,5.506643136,100,21.88966352,10.80701978,1.594255105,0.984057449,68.77588494,TRUE,FALSE,NORMAL
23,35,6,723.8264646,79.17346035,8.460067234,100,18.47873637,12.87949866,5.812591988,0.94187408,65.40611829,TRUE,FALSE,NORMAL
23,35,7,846.2772948,983.1771255,8.191905123,100,0.283500197,11.21910468,0,0,0,TRUE,FALSE,NORMAL
23,35,8,417.153226,105.0557335,5.691867152,100,100,11.90665742,45.41043466,0.545895653,34.08026435,TRUE,TRUE,HIGH_CPU
23,35,9,451.0508306,116.2865101,4.758430866,100,28.75656022,0.284293079,24.85496879,0.751450312,50.34747652,TRUE,FALSE,NORMAL
23,35,10,688.8137386,333.9870104,6.923007643,100,0,17.50795999,7.325681057,0.926743189,64.19754791,TRUE,FALSE,NORMAL
23,36,1,404.0452874,840.339085,1.464212491,100,12.54285325,9.503743078,3.821486481,0.961785135,66.99664657,TRUE,FALSE,NORMAL
23,36,2,35.83219633,735.5965535,3.48057737,100,7.13573629,15.3230812,32.26357415,0.677364258,44.35978091,TRUE,FALSE,NORMAL
23,36,3,138.5988706,858.5433276,4.961373013,100,9.708214192,8.839457085,17.61154903,0.82388451,55.99125908,TRUE,FALSE,NORMAL
23,36,4,87.05558342,705.4766431,4.401319047,100,5.554381504,3.648181457,32.15637286,0.678436271,44.44517791,TRUE,FALSE,NORMAL
23,36,5,493.5170896,564.2489801,5.506643136,100,26.33743795,9.703651049,1.800740317,0.981992597,68.61091419,TRUE,FALSE,NORMAL
23,36,6,724.1376909,70.7191197,8.460067234,100,18.29287956,14.90009146,4.562313808,0.954376862,66.40479497,TRUE,FALSE,NORMAL
23,36,7,839.4361094,987.6832871,8.191905123,100,0,13.1777113,0,0,0,TRUE,FALSE,NORMAL
23,36,8,411.8655319,107.1623049,5.691867152,100,96.4920754,10.7495222,45.31374977,0.546862502,34.15238624,TRUE,TRUE,HIGH_CPU
23,36,9,446.4947415,117.6593599,4.758430866,100,32.42788917,0.746576624,24.28009334,0.757199067,50.80415923,TRUE,FALSE,NORMAL
23,36,10,695.6555693,335.0440759,6.923007643,100,1.006927656,19.14457739,5.878190708,0.941218093,65.35365772,TRUE,FALSE,NORMAL
23,37,1,402.6121686,840.0389374,1.464212491,100,7.77530022,7.322781918,3.926593509,0.960734065,66.9127926,TRUE,FALSE,NORMAL
23,37,2,33.12631061,737.7857546,3.48057737,100,6.455363265,14.03956314,31.89304457,0.681069554,44.654986,TRUE,FALSE,NORMAL
23,37,3,143.295056,860.1436604,4.961373013,100,5.67726223,8.00421875,17.70750597,0.82292494,55.9141313,TRUE,FALSE,NORMAL
23,37,4,85.4051749,709.5568099,4.401319047,100,5.055430532,3.20209656,32.17246849,0.678275315,44.43237178,TRUE,FALSE,NORMAL
23,37,5,497.8912701,560.9038846,5.506643136,100,23.0899488,6.89974689,1.137018001,0.98862982,69.14119994,TRUE,FALSE,NORMAL
23,37,6,715.8723319,72.52371906,8.460067234,100,21.21191118,13.83526736,5.301914007,0.94698086,65.81396309,TRUE,FALSE,NORMAL
23,37,7,831.2985456,988.6252875,8.191905123,100,0,13.80691267,0,0,0,TRUE,FALSE,NORMAL
23,37,8,417.0040753,104.7143008,5.691867152,100,100,10.60251995,45.62546052,0.543745395,33.92027073,TRUE,TRUE,HIGH_CPU
23,37,9,450.2017167,114.6759056,4.758430866,100,28.23751081,0,25.48917215,0.745108279,49.84676026,TRUE,FALSE,NORMAL
23,37,10,692.288673,341.0932117,6.923007643,100,0,20.91343235,3.257038809,0.967429612,67.44755691,TRUE,FALSE,NORMAL
23,38,1,401.7998566,841.2571604,1.464212491,100,12.34154106,7.907940983,3.561568666,0.964384313,67.2044543,TRUE,FALSE,NORMAL
23,38,2,29.74632069,738.6164693,3.48057737,100,11.01551589,11.7562758,31.53493947,0.684650605,44.9420273,TRUE,FALSE,NORMAL
23,38,3,143.1795008,865.1036875,4.961373013,100,4.487305463,6.909827648,17.25098284,0.827490172,56.27784484,TRUE,FALSE,NORMAL
23,38,4,81.98118278,712.3222913,4.401319047,100,1.358485977,4.942725638,31.9827878,0.680172122,44.58515804,TRUE,FALSE,NORMAL
23,38,5,494.7867748,556.355783,5.506643136,100,19.79815088,7.029761101,0.840256926,0.991597431,69.37831275,TRUE,FALSE,NORMAL
23,38,6,723.0526902,68.0498848,8.460067234,100,24.29838753,15.20283255,4.555828614,0.954441714,66.40993743,TRUE,FALSE,NORMAL
23,38,7,828.3984514,996.2866688,8.191905123,100,3.411470673,15.56727595,0,0,0,TRUE,FALSE,NORMAL
23,38,8,420.030582,99.89376053,5.691867152,100,95.05459335,12.81576185,45.22353578,0.547764642,34.21977947,TRUE,TRUE,HIGH_CPU
23,38,9,451.0638498,119.3555841,4.758430866,100,25.51519828,0.212465776,24.63630841,0.753636916,50.51725657,TRUE,FALSE,NORMAL
23,38,10,687.2043196,336.3945539,6.923007643,100,0,22.31630044,3.262746145,0.967372539,67.44297999,TRUE,FALSE,NORMAL
23,39,1,403.1803791,840.7692304,1.464212491,100,7.821443506,6.244631012,6.725452074,0.932745479,64.67693547,TRUE,FALSE,NORMAL
23,39,2,32.02018681,741.2516072,3.48057737,100,7.418805114,11.01632327,31.14714033,0.688528597,45.24485821,TRUE,FALSE,NORMAL
23,39,3,144.0295423,869.9916985,4.961373013,100,8.59660259,7.019385386,16.87180766,0.831281923,56.58010449,TRUE,FALSE,NORMAL
23,39,4,86.06763109,710.6874978,4.401319047,100,5.385523498,7.618882272,31.24185301,0.68758147,45.16937634,TRUE,FALSE,NORMAL
23,39,5,500.213144,555.4189603,5.506643136,100,15.50347776,8.488056895,3.268970461,0.967310295,67.43793069,TRUE,FALSE,NORMAL
23,39,6,721.0095139,59.84024607,8.460067234,100,28.91897539,15.9218042,2.765336125,0.972346639,67.84035594,TRUE,FALSE,NORMAL
23,39,7,824.1804593,1000,8.191905123,100,6.191760274,17.73794891,0,0,0,TRUE,FALSE,NORMAL
23,39,8,425.3026709,102.039088,5.691867152,100,96.76675585,14.18906615,23.1012351,0.768987649,51.7600303,TRUE,TRUE,HIGH_CPU
23,39,9,455.3650137,117.3202332,4.758430866,100,24.86798293,2.232657759,25.35201009,0.746479899,49.96187898,TRUE,FALSE,NORMAL
23,39,10,681.2451326,339.9182062,6.923007643,100,2.458132603,22.14419364,3.148659123,0.968513409,67.53404522,TRUE,FALSE,NORMAL
23,40,1,402.3453301,839.5664788,1.464212491,100,11.58573564,8.846563482,6.576510416,0.934234896,64.79589472,TRUE,FALSE,NORMAL
23,40,2,29.99047777,738.4241172,3.48057737,100,10.59896176,12.44810296,30.80009956,0.691999004,45.52531761,TRUE,FALSE,NORMAL
23,40,3,143.0527467,874.8559654,4.961373013,100,3.721972691,5.946469803,16.42257388,0.835774261,56.93825793,TRUE,FALSE,NORMAL
23,40,4,85.02146802,714.9626765,4.401319047,100,2.885455592,5.958766552,31.39697651,0.686030235,45.04956083,TRUE,FALSE,NORMAL
23,40,5,505.5854772,554.2101783,5.506643136,100,18.12620991,6.052493558,3.417819418,0.965821806,67.31901935,TRUE,FALSE,NORMAL
23,40,6,729.4668829,59.62659721,8.460067234,100,30.30810165,13.87328379,4.023225676,0.959767743,66.83538962,TRUE,FALSE,NORMAL
23,40,7,816.0623637,1000,8.191905123,100,7.807492487,18.78277543,0,0,0,TRUE,FALSE,NORMAL
23,40,8,430.0244223,98.86065836,5.691867152,100,99.86279502,15.70581257,45.53823066,0.544617693,33.98510702,TRUE,TRUE,HIGH_CPU
23,40,9,460.1062582,116.9161722,4.758430866,100,27.82853363,1.592445772,24.91076671,0.750892333,50.30636841,TRUE,FALSE,NORMAL
23,40,10,678.743681,333.4629158,6.923007643,100,1.140131583,22.88977061,3.590484004,0.96409516,67.1810844,TRUE,FALSE,NORMAL
23,41,1,403.7833514,839.8421834,1.464212491,100,13.90837656,11.53493333,5.523046211,0.944769538,65.63732987,TRUE,FALSE,NORMAL
23,41,2,33.43324195,737.9124595,3.48057737,100,8.445553234,11.3473829,31.24841036,0.687515896,45.16866923,TRUE,FALSE,NORMAL
23,41,3,138.0921359,874.7689989,4.961373013,100,8.094733124,4.922800451,16.2393036,0.837606964,57.08490016,TRUE,FALSE,NORMAL
23,41,4,86.28791118,710.7474978,4.401319047,100,7.281026218,4.638587895,31.2719926,0.687280074,45.14987353,TRUE,FALSE,NORMAL
23,41,5,505.424108,548.7059001,5.506643136,100,20.83538762,7.722145741,3.201752322,0.967982477,67.49162976,TRUE,FALSE,NORMAL
23,41,6,735.5057534,65.55152599,8.460067234,100,30.9440106,14.12600782,4.311223219,0.956887768,66.6053734,TRUE,FALSE,NORMAL
23,41,7,819.5717144,992.5978539,8.191905123,100,7.915902486,17.55232092,0,0,0,TRUE,FALSE,NORMAL
23,41,8,435.6299092,97.87279804,5.691867152,100,95.3367848,16.65454085,46.20900559,0.537909944,33.48910795,TRUE,TRUE,HIGH_CPU
23,41,9,457.6011595,120.961805,4.758430866,100,23.10764872,0.021305423,24.57785048,0.754221495,50.59224947,TRUE,FALSE,NORMAL
23,41,10,678.8664471,326.5409967,6.923007643,100,0.794791207,22.47557617,4.438751693,0.955612483,66.50349278,TRUE,FALSE,NORMAL
23,42,1,402.9823981,841.0679044,1.464212491,100,15.58689701,12.08497146,6.215157523,0.937848425,65.08451157,TRUE,FALSE,NORMAL
23,42,2,30.84636755,740.2410856,3.48057737,100,5.041207948,10.28447937,30.72037232,0.692796277,45.58693772,TRUE,FALSE,NORMAL
23,42,3,141.7546261,878.1158463,4.961373013,100,9.242781772,5.195299978,16.20243441,0.837975656,57.1139118,TRUE,FALSE,NORMAL
23,42,4,86.37849401,715.1478846,4.401319047,100,9.956232296,4.280421537,31.1265583,0.688734417,45.26316417,TRUE,FALSE,NORMAL
23,42,5,507.5667456,553.7785939,5.506643136,100,20.96993889,5.574702804,3.836326084,0.961636739,66.98469157,TRUE,FALSE,NORMAL
23,42,6,729.8578943,71.85028976,8.460067234,100,34.04499227,13.94129733,3.696857159,0.963031428,67.09622427,TRUE,FALSE,NORMAL
23,42,7,824.4446901,986.0129152,8.191905123,100,7.001742704,19.79404396,0,0,0,TRUE,FALSE,NORMAL
23,42,8,434.0353594,92.40884686,5.691867152,100,97.28356609,19.41481875,22.4885582,0.775114418,52.2102333,TRUE,TRUE,HIGH_CPU
23,42,9,459.6093544,125.2757148,4.758430866,100,19.35161148,0,16.44344439,0.835565556,56.99741123,TRUE,FALSE,NORMAL
23,42,10,673.0884937,330.3545632,6.923007643,100,0.565227033,24.99229559,3.58155917,0.964184408,67.1883245,TRUE,FALSE,NORMAL
23,43,1,404.3613762,840.5756264,1.464212491,100,11.0938351,13.71930527,5.895414953,0.94104585,65.33990001,TRUE,FALSE,NORMAL
23,43,2,32.71097512,737.3020964,3.48057737,100,7.843464845,11.79174614,31.47532283,0.685246772,44.99496347,TRUE,FALSE,NORMAL
23,43,3,140.6297169,873.2836831,4.961373013,100,13.53221634,3.547503208,16.36396029,0.836360397,56.98533546,TRUE,FALSE,NORMAL
23,43,4,82.70148513,712.7289561,4.401319047,100,10.56279017,2.526391505,31.72075622,0.682792438,44.79934633,TRUE,FALSE,NORMAL
23,43,5,502.3624078,555.5780346,5.506643136,100,22.35507489,8.278624228,2.703573605,0.972964264,67.8896202,TRUE,FALSE,NORMAL
23,43,6,736.7416443,76.76828978,8.460067234,100,36.31733886,11.91474273,3.959939111,0.960400609,66.88613646,TRUE,FALSE,NORMAL
23,43,7,820.8413908,978.6560447,8.191905123,100,3.720048673,17.95792316,0,0,0,TRUE,FALSE,NORMAL
23,43,8,439.3658167,90.41295697,5.691867152,100,99.59024812,20.58081647,22.14944612,0.778505539,52.47161177,TRUE,TRUE,HIGH_CPU
23,43,9,464.0231833,127.0535728,4.758430866,100,23.92094442,0,16.80381954,0.831961805,56.703109,TRUE,FALSE,NORMAL
23,43,10,669.1290703,324.6755667,6.923007643,100,0,23.1299239,4.258400797,0.957415992,66.64764857,TRUE,FALSE,NORMAL
23,44,1,405.513992,841.4786186,1.464212491,100,10.46263034,11.62623263,6.141164506,0.938588355,65.1436116,TRUE,FALSE,NORMAL
23,44,2,29.67694642,735.5964913,3.48057737,100,6.566765559,14.20459269,31.11704167,0.688829583,45.27467385,TRUE,FALSE,NORMAL
23,44,3,142.6407532,868.7481617,4.961373013,100,12.00907253,2.336982042,16.34369806,0.836563019,57.00134736,TRUE,FALSE,NORMAL
23,44,4,81.7305111,708.4360761,4.401319047,100,12.00576521,3.721077913,31.37969194,0.686203081,45.06532633,TRUE,FALSE,NORMAL
23,44,5,507.4168075,557.763478,5.506643136,100,21.85464129,9.527391775,1.824976085,0.981750239,68.59155122,TRUE,FALSE,NORMAL
23,44,6,728.3140842,77.5092138,8.460067234,100,37.38889013,12.001058,5.466277149,0.945337229,65.68283619,TRUE,FALSE,NORMAL
23,44,7,827.7574436,974.2656549,8.191905123,100,4.360958604,18.79016114,0,0,0,TRUE,FALSE,NORMAL
23,44,8,444.8173534,92.04944697,5.691867152,100,100,19.8269206,23.44000914,0.765599909,51.44571259,TRUE,TRUE,HIGH_CPU
23,44,9,461.8323098,131.2776393,4.758430866,100,25.27014683,1.309207753,17.16986257,0.828301374,56.41415838,TRUE,FALSE,NORMAL
23,44,10,674.9784864,320.9725455,6.923007643,100,0,24.49493897,4.368084725,0.956319153,66.56015277,TRUE,FALSE,NORMAL
23,45,1,406.005832,842.8577529,1.464212491,100,7.551343829,10.24491956,6.150400042,0.938496,65.13623493,TRUE,FALSE,NORMAL
23,45,2,33.10183444,736.216621,3.48057737,100,7.859524965,12.4562384,30.94232268,0.690576773,45.4132928,TRUE,FALSE,NORMAL
23,45,3,143.5740683,873.6209581,4.961373013,100,8.461219949,2.189905294,15.77056035,0.842294397,57.45821606,TRUE,FALSE,NORMAL
23,45,4,82.70861508,704.144815,4.401319047,100,13.57860534,6.11533094,30.62542255,0.693745775,45.66593279,TRUE,FALSE,NORMAL
23,45,5,512.470335,559.9509373,5.506643136,100,22.88153088,9.035694528,2.148617782,0.978513822,68.33298271,TRUE,FALSE,NORMAL
23,45,6,734.2371523,83.54990924,8.460067234,100,41.20535477,12.64162439,5.437626322,0.945623737,65.70581973,TRUE,FALSE,NORMAL
23,45,7,819.7633,976.0547822,8.191905123,100,2.79864042,19.64062896,0,0,0,TRUE,FALSE,NORMAL
23,45,8,450.0456949,89.79960329,5.691867152,100,100,20.92210145,22.95030126,0.770496987,51.82048249,TRUE,TRUE,HIGH_CPU
23,45,9,461.3224666,136.0086776,4.758430866,100,22.08081328,1.352457942,17.0535612,0.829464388,56.49608969,TRUE,FALSE,NORMAL
23,45,10,668.7811215,317.8869818,6.923007643,100,3.675797897,23.97574714,5.333311546,0.946666885,65.78916641,TRUE,FALSE,NORMAL
23,46,1,407.3853495,843.3485174,1.464212491,100,12.08983637,8.926170556,3.416258461,0.965837415,67.32049314,TRUE,FALSE,NORMAL
23,46,2,32.13434164,739.5600289,3.48057737,100,4.189144088,9.999884942,30.1181733,0.698818267,46.05980724,TRUE,FALSE,NORMAL
23,46,3,147.3309862,876.8614504,4.961373013,100,11.13467586,2.733537799,15.29762409,0.847023759,57.83515045,TRUE,FALSE,NORMAL
23,46,4,84.45480924,700.1047141,4.401319047,100,15.31895315,5.719946432,29.41359639,0.705864036,46.62161959,TRUE,FALSE,NORMAL
23,46,5,515.4084851,564.6082319,5.506643136,100,21.41692981,9.787617063,0.910078708,0.990899213,69.32252511,TRUE,FALSE,NORMAL
23,46,6,728.5252557,89.79066038,8.460067234,100,46.11343017,10.7088087,6.00311504,0.93996885,65.25423365,TRUE,FALSE,NORMAL
23,46,7,825.3598047,982.0369595,8.191905123,100,0.992010021,17.70799582,0,0,0,TRUE,FALSE,NORMAL
23,46,8,444.4314779,88.86263009,5.691867152,100,97.77350047,19.51111137,23.05598374,0.769440163,51.73911898,TRUE,TRUE,HIGH_CPU
23,46,9,457.1756823,133.6748301,4.758430866,100,24.44561371,1.156055538,16.66659697,0.83333403,56.80727546,TRUE,FALSE,NORMAL
23,46,10,675.3387989,320.106194,6.923007643,100,5.204234357,22.68432956,4.878856941,0.951211431,66.1523963,TRUE,FALSE,NORMAL
23,47,1,405.9455622,843.6148457,1.464212491,100,17.06307305,8.684291493,3.721117216,0.962788828,67.07700863,TRUE,FALSE,NORMAL
23,47,2,31.0181766,736.2632738,3.48057737,100,1.706782568,9.989445404,29.38687748,0.706131225,46.64223137,TRUE,FALSE,NORMAL
23,47,3,150.1838034,880.9205951,4.961373013,100,7.25008111,1.414901565,14.98708528,0.850129147,58.08249939,TRUE,FALSE,NORMAL
23,47,4,87.92273513,702.8148985,4.401319047,100,11.11126234,2.92441222,29.28143989,0.707185601,46.72631813,TRUE,FALSE,NORMAL
23,47,5,510.0617134,563.2909804,5.506643136,100,22.9276148,7.89236546,0.738700885,0.992612991,69.45945002,TRUE,FALSE,NORMAL
23,47,6,720.4303159,92.24925487,8.460067234,100,49.46760016,11.43469596,7.345911711,0.926540883,64.18177854,TRUE,FALSE,NORMAL
23,47,7,833.2277639,979.7560545,8.191905123,100,0,17.54750096,0,0,0,TRUE,FALSE,NORMAL
23,47,8,440.6819102,84.58033008,5.691867152,100,99.91998379,19.63844207,22.88786827,0.771121317,51.8573887,TRUE,TRUE,HIGH_CPU
23,47,9,461.7436524,132.342046,4.758430866,100,20.18046125,2.291716674,17.57561653,0.824243835,56.07047234,TRUE,FALSE,NORMAL
23,47,10,669.6147524,316.2121823,6.923007643,100,2.844183284,20.70166596,5.672171237,0.943278288,65.51883466,TRUE,FALSE,NORMAL
23,48,1,406.4069496,842.2252271,1.464212491,100,20.5775215,8.040173482,4.458668638,0.955413314,66.48783429,TRUE,FALSE,NORMAL
23,48,2,33.36531143,733.693181,3.48057737,100,4.326166773,9.328913398,29.66655943,0.703334406,46.43002979,TRUE,FALSE,NORMAL
23,48,3,155.1433051,881.056851,4.961373013,100,8.436339283,3.486477104,14.78260487,0.852173951,58.24532594,TRUE,FALSE,NORMAL
23,48,4,83.58894805,702.0468497,4.401319047,100,11.4329109,5.691674831,29.53119939,0.704688006,46.5379933,TRUE,FALSE,NORMAL
23,48,5,513.1827036,567.8277787,5.506643136,100,20.48122202,10.62126798,0.674863351,0.993251366,69.51045562,TRUE,FALSE,NORMAL
23,48,6,712.2784778,94.51205694,8.460067234,100,53.43885599,12.84191169,8.55346956,0.914465304,63.21742181,TRUE,FALSE,NORMAL
23,48,7,839.4678577,985.0634586,8.191905123,100,0,20.00757127,0,0,0,TRUE,FALSE,NORMAL
23,48,8,436.4964869,88.43773645,5.691867152,100,100,19.43280109,23.2307241,0.767692759,51.58371634,TRUE,TRUE,HIGH_CPU
23,48,9,466.3511345,131.1530239,4.758430866,100,21.81930479,0,18.15208379,0.818479162,55.61026523,TRUE,FALSE,NORMAL
23,48,10,676.5117545,316.8116799,6.923007643,100,0,17.82564021,5.46304641,0.945369536,65.68607845,TRUE,FALSE,NORMAL
23,49,1,407.2684663,841.0412899,1.464212491,100,21.46167489,8.355566285,3.998809948,0.960011901,66.85521324,TRUE,FALSE,NORMAL
23,49,2,30.07915207,734.8401664,3.48057737,100,3.879190779,10.13838199,29.34370469,0.706562953,46.67679059,TRUE,FALSE,NORMAL
23,49,3,154.0399696,876.2197162,4.961373013,100,4.491933658,0.575210068,15.29729866,0.847027013,57.83492782,TRUE,FALSE,NORMAL
23,49,4,87.85925012,703.1127435,4.401319047,100,12.98968443,5.482099301,29.57073216,0.704292678,46.49574384,TRUE,FALSE,NORMAL
23,49,5,514.9116262,562.5995911,5.506643136,100,24.40487909,10.90822082,0.550613558,0.994493864,69.60972703,TRUE,FALSE,NORMAL
23,49,6,710.035535,102.6693816,8.460067234,100,55.33597486,14.37822958,9.707685645,0.902923144,62.29603409,TRUE,FALSE,NORMAL
23,49,7,833.9704228,991.1368036,8.191905123,100,0,17.28047175,0,0,0,TRUE,FALSE,NORMAL
23,49,8,435.2724911,82.87903283,5.691867152,100,97.54124757,19.83318718,22.37993337,0.776200666,52.24255762,TRUE,TRUE,HIGH_CPU
23,49,9,470.2777937,133.8407761,4.758430866,100,26.08286043,2.379939704,18.58460992,0.814153901,55.25101065,TRUE,FALSE,NORMAL
23,49,10,672.6275278,311.080989,6.923007643,100,0.02539999,15.70024894,6.995114085,0.930048859,64.46271552,TRUE,FALSE,NORMAL
23,50,1,408.7160111,840.8209896,1.464212491,100,19.52806305,5.511087176,3.96695571,0.960330443,66.88053587,TRUE,FALSE,NORMAL
23,50,2,31.33392792,738.0866963,3.48057737,100,3.068061227,11.51913376,30.0584769,0.699415231,46.10728469,TRUE,FALSE,NORMAL
23,50,3,150.2643082,873.0010825,4.961373013,100,1.562723574,0,15.50701274,0.844929873,57.66804368,TRUE,FALSE,NORMAL
23,50,4,84.75342374,699.9941778,4.401319047,100,15.8767037,6.986005087,29.6259935,0.703740065,46.45212449,TRUE,FALSE,NORMAL
23,50,5,517.384799,567.5196048,5.506643136,100,21.07532909,9.731921015,1.150566105,0.988494339,69.13037508,TRUE,FALSE,NORMAL
23,50,6,718.3365542,104.3021149,8.460067234,100,52.23588971,12.41216713,8.979311378,0.910206886,62.87804264,TRUE,FALSE,NORMAL
23,50,7,841.0355819,995.282987,8.191905123,100,0,18.88639177,0,0,0,TRUE,FALSE,NORMAL
23,50,8,434.8424001,77.20343829,5.691867152,100,97.23172954,22.65994419,20.87756982,0.791224302,53.4298805,TRUE,TRUE,HIGH_CPU
23,50,9,468.806626,138.366075,4.758430866,100,26.67174303,2.693814371,17.66810364,0.823318964,55.9744314,TRUE,FALSE,NORMAL
23,50,10,676.6752436,305.4645817,6.923007643,100,0,16.0315327,10.86984822,0.891301518,61.3684691,TRUE,FALSE,NORMAL
23,51,1,407.4295803,840.1216943,1.464212491,100,23.73520912,4.223318537,3.952646349,0.960473537,66.89189408,TRUE,FALSE,NORMAL
23,51,2,28.01086261,739.1219044,3.48057737,100,3.081748522,10.16861999,29.57951725,0.704204828,46.48207664,TRUE,FALSE,NORMAL
23,51,3,145.7868787,875.1383349,4.961373013,100,0,0,15.46370935,0.845362907,57.7028334,TRUE,FALSE,NORMAL
23,51,4,88.58021707,702.1684046,4.401319047,100,13.39458044,4.191851952,29.38920499,0.70610795,46.63381427,TRUE,FALSE,NORMAL
23,51,5,520.3195559,572.1790383,5.506643136,100,21.93118071,12.29962916,1.712513879,0.982874861,68.68140222,TRUE,FALSE,NORMAL
23,51,6,725.4154057,108.9348893,8.460067234,100,50.12159858,11.91126027,9.154100705,0.908458993,62.73894386,TRUE,FALSE,NORMAL
23,51,7,835.7359326,1000,8.191905123,100,0,21.09731944,0,0,0,TRUE,FALSE,NORMAL
23,51,8,438.802968,73.11549825,5.691867152,100,95.98634685,23.65296222,20.07908027,0.799209197,54.06106041,TRUE,TRUE,HIGH_CPU
23,51,9,473.3068238,139.9123234,4.758430866,100,22.17836087,4.424476595,17.77499707,0.822250029,55.88461147,TRUE,FALSE,NORMAL
23,51,10,675.6240772,298.6218421,6.923007643,100,0,15.00623167,12.45259205,0.87547408,60.1050296,TRUE,FALSE,NORMAL
23,52,1,408.4453545,841.1762658,1.464212491,100,23.49635375,2.666894803,4.141654634,0.958583454,66.74087695,TRUE,FALSE,NORMAL
23,52,2,27.53900181,735.6734603,3.48057737,100,5.246030235,9.336025909,28.71665452,0.712833455,47.16674373,TRUE,FALSE,NORMAL
23,52,3,146.6691058,880.0206394,4.961373013,100,0,0.345993329,14.62749697,0.85372503,58.36968548,TRUE,FALSE,NORMAL
23,52,4,91.63184391,698.9967831,4.401319047,100,9.310315846,1.223828805,28.5445897,0.714554103,47.30396648,TRUE,FALSE,NORMAL
23,52,5,515.0651956,573.8267082,5.506643136,100,22.62268057,12.75634615,2.202181373,0.977978186,68.29018936,TRUE,FALSE,NORMAL
23,52,6,721.2645935,101.5630852,8.460067234,100,46.10649825,13.93568249,9.589240748,0.904107593,62.39142514,TRUE,FALSE,NORMAL
23,52,7,829.590379,994.583407,8.191905123,100,1.821658046,22.48424384,0,0,0,TRUE,FALSE,NORMAL
23,52,8,434.8992035,68.9732797,5.691867152,100,100,26.25196404,19.67764989,0.803223501,54.37597481,TRUE,TRUE,HIGH_CPU
23,52,9,477.2690569,137.2772953,4.758430866,100,22.8031173,5.43190723,17.93072219,0.820692778,55.7564878,TRUE,FALSE,NORMAL
23,52,10,680.4095582,293.6191223,6.923007643,100,0,13.4612385,12.49959752,0.875004025,60.0674695,TRUE,FALSE,NORMAL
23,53,1,409.8004768,840.6216833,1.464212491,100,19.14989362,1.30325588,3.735957251,0.962640427,67.06499704,TRUE,FALSE,NORMAL
23,53,2,29.78645546,733.01576,3.48057737,100,9.993957875,11.7579853,29.59300653,0.704069935,46.4767231,TRUE,FALSE,NORMAL
23,53,3,146.9368102,875.066494,4.961373013,100,0,2.256492381,14.95125685,0.850487432,58.11153132,TRUE,FALSE,NORMAL
23,53,4,87.23123112,698.9179388,4.401319047,100,6.240702335,0.685758256,29.43620176,0.705637982,46.60176275,TRUE,FALSE,NORMAL
23,53,5,518.0685484,569.2111919,5.506643136,100,25.42394216,14.18765872,1.469161188,0.985308388,68.87582924,TRUE,FALSE,NORMAL
23,53,6,715.3846749,107.6457897,8.460067234,100,42.74546939,12.47483348,10.52029988,0.894797001,61.64780555,TRUE,FALSE,NORMAL
23,53,7,826.7238177,1000,8.191905123,100,5.134861024,21.87614166,0,0,0,TRUE,FALSE,NORMAL
23,53,8,440.3784614,67.43214869,5.691867152,100,98.65722717,28.81807085,21.07450186,0.789254981,53.26697055,TRUE,TRUE,HIGH_CPU
23,53,9,475.2782268,132.9553444,4.758430866,100,21.46139934,3.125719376,18.00553343,0.819944666,55.70133955,TRUE,FALSE,NORMAL
23,53,10,682.9825496,300.0462328,6.923007643,100,0.878208362,15.74297009,11.74745865,0.882525414,60.66830684,TRUE,FALSE,NORMAL
23,54,1,410.8670362,839.6185038,1.464212491,100,16.19687502,1.856258977,3.115723597,0.968842764,67.56046831,TRUE,FALSE,NORMAL
23,54,2,33.17032062,733.8305455,3.48057737,100,10.83963169,11.50935666,30.25251374,0.697474863,45.95109297,TRUE,FALSE,NORMAL
23,54,3,143.4340571,871.5528146,4.961373013,100,0,4.528265409,15.56955166,0.844304483,57.61889629,TRUE,FALSE,NORMAL
23,54,4,91.15088438,700.9199198,4.401319047,100,11.0152465,0.885376998,30.08099984,0.699190002,46.08782382,TRUE,FALSE,NORMAL
23,54,5,522.6760651,566.1955812,5.506643136,100,24.68936597,16.90661535,0.935302838,0.990646972,69.30236496,TRUE,FALSE,NORMAL
23,54,6,718.305402,115.5856947,8.460067234,100,39.95800976,9.570963132,10.92796411,0.890720359,61.3232849,TRUE,FALSE,NORMAL
23,54,7,834.8926344,1000,8.191905123,100,8.267068512,18.98936103,0,0,0,TRUE,FALSE,NORMAL
23,54,8,434.8726807,68.8756621,5.691867152,100,100,27.62908103,19.87746102,0.80122539,54.21779376,TRUE,TRUE,HIGH_CPU
23,54,9,479.970759,133.7445247,4.758430866,100,25.84104033,4.070341339,18.31811794,0.816818821,55.44810808,TRUE,FALSE,NORMAL
23,54,10,683.3559286,293.1333012,6.923007643,100,0,13.48331855,13.62091859,0.863790814,59.1733971,TRUE,FALSE,NORMAL
23,55,1,411.9097273,840.6464695,1.464212491,100,13.38604381,0,3.33650346,0.966634965,67.38405213,TRUE,FALSE,NORMAL
23,55,2,34.20735417,737.1530416,3.48057737,100,9.975241664,10.0833043,30.50750214,0.694924979,45.75310834,TRUE,FALSE,NORMAL
23,55,3,143.6281744,876.5103887,4.961373013,100,3.043148259,4.979836876,15.24997638,0.847500236,57.87379582,TRUE,FALSE,NORMAL
23,55,4,87.45768296,703.3140527,4.401319047,100,12.40840942,0,30.09580217,0.699041978,46.0813428,TRUE,FALSE,NORMAL
23,55,5,523.8448697,571.5767534,5.506643136,100,24.30254501,15.35233679,1.600306329,0.983996937,68.7710503,TRUE,FALSE,NORMAL
23,55,6,709.8472308,115.4065905,8.460067234,100,36.77968449,10.54932557,12.14632401,0.87853676,60.35045337,TRUE,FALSE,NORMAL
23,55,7,842.4832991,996.9195585,8.191905123,100,10.92652623,19.25890195,0,0,0,TRUE,FALSE,NORMAL
23,55,8,439.1566542,65.12800645,5.691867152,100,100,28.26062014,21.2189578,0.787810422,53.15055535,TRUE,TRUE,HIGH_CPU
23,55,9,477.6527145,129.5888859,4.758430866,100,27.07791409,4.607782602,18.40664941,0.815933506,55.38043619,TRUE,FALSE,NORMAL
23,55,10,690.1451481,291.7788517,6.923007643,100,0,11.64036262,13.16769217,0.868323078,59.53582227,TRUE,FALSE,NORMAL
23,56,1,411.3555331,839.2911883,1.464212491,100,16.14937337,0,2.840416898,0.971595831,67.78034972,TRUE,FALSE,NORMAL
23,56,2,31.0354149,738.5859478,3.48057737,100,9.651924473,7.415749984,30.27662466,0.697233753,45.92927944,TRUE,FALSE,NORMAL
23,56,3,138.8149381,875.3070687,4.961373013,100,1.621175817,3.63089112,15.5138916,0.844861084,57.66377511,TRUE,FALSE,NORMAL
23,56,4,91.20578094,705.6212959,4.401319047,100,7.579751151,0,30.09630568,0.699036943,46.07301669,TRUE,FALSE,NORMAL
23,56,5,520.4530518,567.238702,5.506643136,100,26.80478634,13.31813995,1.317952092,0.986820479,68.99663925,TRUE,FALSE,NORMAL
23,56,6,705.8722836,122.8746914,8.460067234,100,36.07766272,9.446269695,13.10724756,0.868927524,59.58454709,TRUE,FALSE,NORMAL
23,56,7,841.7476396,988.7607525,8.191905123,100,15.53887052,19.91621547,0,0,0,TRUE,FALSE,NORMAL
23,56,8,433.5127112,65.86506724,5.691867152,100,100,28.82902744,20.36900975,0.796309902,53.82201176,TRUE,TRUE,HIGH_CPU
23,56,9,478.8393275,134.1969889,4.758430866,100,27.02255541,7.156558806,18.71210919,0.812878908,55.13161527,TRUE,FALSE,NORMAL
23,56,10,690.6608149,284.8750758,6.923007643,100,0,11.04502433,15.02688084,0.849731192,58.05304873,TRUE,FALSE,NORMAL
23,57,1,411.9835003,840.6139035,1.464212491,100,13.32318596,1.38582064,3.119765145,0.968802349,67.55716641,TRUE,FALSE,NORMAL
23,57,2,34.03088218,736.8134934,3.48057737,100,13.71158591,8.929058401,30.88386868,0.691161313,45.44903215,TRUE,FALSE,NORMAL
23,57,3,138.9223162,870.3468578,4.961373013,100,0,3.572204724,15.78778575,0.842122143,57.44544954,TRUE,FALSE,NORMAL
23,57,4,89.60643049,701.5208462,4.401319047,100,9.987871995,1.153070277,30.37238041,0.696276196,45.85671405,TRUE,FALSE,NORMAL
23,57,5,515.5405248,569.7267127,5.506643136,100,25.26397163,13.60726499,1.837355412,0.981626446,68.58166086,TRUE,FALSE,NORMAL
23,57,6,700.7302592,129.5927509,8.460067234,100,34.57661696,8.332567089,14.51504239,0.854849576,58.46154964,TRUE,FALSE,NORMAL
23,57,7,844.3003784,980.9767411,8.191905123,100,19.30690755,21.04900141,0,0,0,TRUE,FALSE,NORMAL
23,57,8,439.2045678,65.87601696,5.691867152,100,100,29.95703912,21.01640615,0.789835938,53.30360619,TRUE,TRUE,HIGH_CPU
23,57,9,479.2016994,138.9416018,4.758430866,100,28.63570401,8.284255061,19.50410471,0.804958953,54.49839958,TRUE,FALSE,NORMAL
23,57,10,684.9158123,281.0120485,6.923007643,100,4.03000007,10.29684827,16.74211317,0.832578868,56.6851313,TRUE,FALSE,NORMAL
23,58,1,413.4099068,840.2833241,1.464212491,100,15.59443734,3.761599747,3.932596891,0.960674031,66.9078134,TRUE,FALSE,NORMAL
23,58,2,33.20192789,740.1939155,3.48057737,100,10.57195874,6.926109503,30.92586916,0.690741308,45.41759825,TRUE,FALSE,NORMAL
23,58,3,143.883193,870.2766888,4.961373013,100,2.870741509,3.271413189,15.80994258,0.841900574,57.42745899,TRUE,FALSE,NORMAL
23,58,4,85.26594489,702.2500884,4.401319047,100,7.51237003,0,30.32338965,0.696766104,45.89783523,TRUE,FALSE,NORMAL
23,58,5,514.5431421,575.1422779,5.506643136,100,30.01534298,12.52233799,2.879904505,0.971200955,67.74874974,TRUE,FALSE,NORMAL
23,58,6,700.719168,121.1326909,8.460067234,100,32.10528889,11.10666062,14.31049907,0.856895009,58.62467772,TRUE,FALSE,NORMAL
23,58,7,852.3025483,982.7296203,8.191905123,100,19.54049802,18.18457519,0,0,0,TRUE,FALSE,NORMAL
23,58,8,433.5501276,66.52767469,5.691867152,100,97.19833536,30.16750495,20.69860301,0.79301397,53.55720649,TRUE,TRUE,HIGH_CPU
23,58,9,481.6530968,134.8632056,4.758430866,100,31.93793705,8.392843127,19.59923923,0.804007608,54.42230903,TRUE,FALSE,NORMAL
23,58,10,688.7979668,275.2799536,6.923007643,100,2.583728362,12.10055294,16.52190068,0.834780993,56.86052819,TRUE,FALSE,NORMAL
23,59,1,412.6422458,839.0364822,1.464212491,100,17.75095391,3.552761903,4.153254787,0.958467452,66.73155461,TRUE,FALSE,NORMAL
23,59,2,29.86033243,741.1676498,3.48057737,100,6.693304882,8.756179855,29.81985441,0.701801456,46.29050519,TRUE,FALSE,NORMAL
23,59,3,146.2631824,874.6299488,4.961373013,100,5.708825425,4.985151329,15.10453209,0.848954679,57.9896274,TRUE,FALSE,NORMAL
23,59,4,86.07689622,697.924124,4.401319047,100,9.089866703,2.213569786,29.01420745,0.709857925,46.93287267,TRUE,FALSE,NORMAL
23,59,5,509.6729221,572.5724384,5.506643136,100,32.23642803,10.76798277,2.912239599,0.970877604,67.72291744,TRUE,FALSE,NORMAL
23,59,6,694.1516379,126.4656344,8.460067234,100,31.95406501,8.418879285,15.1897235,0.848102765,57.9243737,TRUE,FALSE,NORMAL
23,59,7,847.8848863,975.8309558,8.191905123,100,15.07355811,16.79720024,0,0,0,TRUE,FALSE,NORMAL
23,59,8,427.9039366,65.80803715,5.691867152,100,98.83529659,27.65103455,20.18017327,0.798198267,53.9663854,TRUE,TRUE,HIGH_CPU
23,59,9,479.0709649,138.8601118,4.758430866,100,30.21058984,5.837743434,19.54238289,0.804576171,54.46459264,TRUE,FALSE,NORMAL
23,59,10,691.9077019,269.0946822,6.923007643,100,4.85974104,12.96746228,17.59322377,0.824067762,56.00757008,TRUE,FALSE,NORMAL
23,60,1,413.3948007,840.2924994,1.464212491,100,22.65090037,6.302275463,4.039288339,0.959607117,66.82266392,TRUE,FALSE,NORMAL
23,60,2,28.84294983,744.4962158,3.48057737,100,2.134816585,7.035812629,29.35847363,0.706415264,46.6541985,TRUE,FALSE,NORMAL
23,60,3,151.2207907,874.8231919,4.961373013,100,2.706307176,2.488569726,14.90493206,0.850950679,58.14849747,TRUE,FALSE,NORMAL
23,60,4,83.8287296,694.1402958,4.401319047,100,5.408011835,0.983116523,28.17636511,0.718236349,47.59685844,TRUE,FALSE,NORMAL
23,60,5,508.6293371,567.1655863,5.506643136,100,33.97121022,13.32200773,1.963248148,0.980367519,68.48108034,TRUE,FALSE,NORMAL
23,60,6,693.955852,134.9234359,8.460067234,100,32.69246489,7.620517003,15.23004418,0.847699558,57.8923563,TRUE,FALSE,NORMAL
23,60,7,852.9235215,982.2900164,8.191905123,100,12.49003398,16.98884134,0,0,0,TRUE,FALSE,NORMAL
23,60,8,431.0754059,70.53446643,5.691867152,100,98.51591549,27.92811981,20.87789653,0.791221035,53.41408067,TRUE,TRUE,HIGH_CPU
23,60,9,475.0852837,141.4595367,4.758430866,100,26.86446162,5.461228226,19.46948425,0.805305158,54.52600484,TRUE,FALSE,NORMAL
23,60,10,689.7877192,275.6851077,6.923007643,100,3.919318118,12.55986891,17.43878046,0.825612195,56.13136186,TRUE,FALSE,NORMAL
23,61,1,414.4682411,839.2966863,1.464212491,100,21.92300907,3.933953237,4.317121582,0.956828784,66.600763,TRUE,FALSE,NORMAL
23,61,2,31.89464645,742.8224277,3.48057737,100,1.304440871,6.778593016,29.6150299,0.703849701,46.45600033,TRUE,FALSE,NORMAL
23,61,3,156.1809942,874.9309072,4.961373013,100,0,4.426433676,15.10402771,0.848959723,57.98942352,TRUE,FALSE,NORMAL
23,61,4,84.90541479,698.4078898,4.401319047,100,8.167746189,1.040741338,28.85969912,0.711403009,47.05833385,TRUE,FALSE,NORMAL
23,61,5,514.1330602,567.3448919,5.506643136,100,38.75631041,10.54683918,1.898837936,0.981011621,68.53254004,TRUE,FALSE,NORMAL
23,61,6,690.9383994,142.827088,8.460067234,100,34.79501692,7.948503842,15.75631017,0.842436898,57.47503516,TRUE,FALSE,NORMAL
23,61,7,846.4481644,987.3076911,8.191905123,100,16.48281878,15.36959179,0,0,0,TRUE,FALSE,NORMAL
23,61,8,426.6110302,67.0036448,5.691867152,100,100,27.77240584,20.09690524,0.799030948,54.03364108,TRUE,FALSE,NORMAL
23,61,9,470.7697585,143.4642577,4.758430866,100,31.62187008,5.795602777,19.11331652,0.808866835,54.80760217,TRUE,FALSE,NORMAL
23,61,10,690.9560049,268.8613885,6.923007643,100,4.574779448,11.76930838,18.67639106,0.813236089,55.14740863,TRUE,FALSE,NORMAL
23,62,1,415.7291667,840.0409879,1.464212491,100,25.82761656,4.773740955,4.784852415,0.952151476,66.22710132,TRUE,FALSE,NORMAL
23,62,2,33.00520595,739.5237801,3.48057737,100,0,4.504971918,29.68548953,0.703145105,46.41004204,TRUE,FALSE,NORMAL
23,62,3,158.8845609,879.0909492,4.961373013,100,2.498096573,2.173444315,14.48634393,0.855136561,58.48197032,TRUE,FALSE,NORMAL
23,62,4,80.67652955,699.6277828,4.401319047,100,7.181484778,0,29.02893947,0.709710605,46.93370545,TRUE,FALSE,NORMAL
23,62,5,510.1572211,571.1548553,5.506643136,100,37.48686781,12.20685871,2.677346223,0.973226538,67.91057334,TRUE,FALSE,NORMAL
23,62,6,682.5840989,144.160655,8.460067234,100,37.02708289,8.494717411,16.62531259,0.833746874,56.78295071,TRUE,FALSE,NORMAL
23,62,7,851.0584347,994.0791546,8.191905123,100,18.03145732,13.80605217,0,0,0,TRUE,FALSE,NORMAL
23,62,8,422.1131241,70.49165168,5.691867152,100,100,26.81690064,20.63807218,0.793619278,53.6031573,TRUE,FALSE,NORMAL
23,62,9,466.1475832,144.5948154,4.758430866,100,34.45894839,7.519179897,19.56437551,0.804356245,54.44865909,TRUE,FALSE,NORMAL
23,62,10,687.893144,262.6527721,6.923007643,100,8.471928926,8.829133927,19.48933344,0.805106666,54.5009731,TRUE,FALSE,NORMAL
23,63,1,417.1805231,840.2345922,1.464212491,100,21.51184168,6.426350544,5.31404638,0.946859536,65.8043999,TRUE,FALSE,NORMAL
23,63,2,33.34539679,736.0598677,3.48057737,100,0,5.204488162,29.80335534,0.701966447,46.32761767,TRUE,FALSE,NORMAL
23,63,3,163.8187794,878.5725764,4.961373013,100,6.25910081,4.102590364,14.4673611,0.855326389,58.49688451,TRUE,FALSE,NORMAL
23,63,4,78.98690866,703.6918683,4.401319047,100,9.185786649,0.234893739,29.70658955,0.702934105,46.40480259,TRUE,FALSE,NORMAL
23,63,5,513.9604966,575.1370926,5.506643136,100,39.6545021,10.06651397,3.141380439,0.968586196,67.53985969,TRUE,FALSE,NORMAL
23,63,6,686.5606818,151.6278851,8.460067234,100,41.81129978,8.806284473,16.55279366,0.834472063,56.84226393,TRUE,FALSE,NORMAL
23,63,7,843.5071191,997.2548343,8.191905123,100,21.26862997,16.15070421,0,0,0,TRUE,FALSE,NORMAL
23,63,8,425.4976197,65.9153496,5.691867152,100,96.86481121,25.46651198,19.68342673,0.803165733,54.3599928,TRUE,FALSE,NORMAL
23,63,9,467.8862077,149.0242453,4.758430866,100,36.19117554,9.065869226,18.8473287,0.811526713,55.01749233,TRUE,FALSE,NORMAL
23,63,10,694.4013491,265.0131324,6.923007643,100,9.191417859,10.30517809,19.63749229,0.803625077,54.38477517,TRUE,FALSE,NORMAL
23,64,1,417.7681937,838.8934876,1.464212491,100,24.14278448,7.23295153,5.567540851,0.944324591,65.60185526,TRUE,FALSE,NORMAL
23,64,2,36.47346291,737.5861773,3.48057737,100,0,6.345433485,30.21795426,0.697820457,45.99138578,TRUE,FALSE,NORMAL
23,64,3,161.7102823,874.081534,4.961373013,100,7.529732917,4.536745481,15.00451465,0.849954854,58.06860897,TRUE,FALSE,NORMAL
23,64,4,82.34886707,700.851297,4.401319047,100,10.77399298,0,29.77256627,0.702274337,46.3465819,TRUE,FALSE,NORMAL
23,64,5,516.3808834,580.0832878,5.506643136,100,39.65668982,12.3060261,4.019779146,0.959802209,66.83814116,TRUE,FALSE,NORMAL
23,64,6,690.0117253,159.3520703,8.460067234,100,39.79292448,9.157008744,16.63595817,0.833640418,56.77976128,TRUE,FALSE,NORMAL
23,64,7,836.57928,992.8830662,8.191905123,100,18.97431102,17.25032057,0,0,0,TRUE,FALSE,NORMAL
23,64,8,422.4745978,61.09262318,5.691867152,100,96.80311353,23.02588228,18.31910442,0.816808956,55.44578733,TRUE,FALSE,NORMAL
23,64,9,472.1692714,146.9510762,4.758430866,100,34.71848959,6.534751342,18.48958089,0.815104191,55.30055141,TRUE,FALSE,NORMAL
23,64,10,700.3596061,261.4879077,6.923007643,100,5.820347428,10.62316808,20.50695368,0.794930463,53.69604992,TRUE,FALSE,NORMAL
23,65,1,417.2375605,840.2581658,1.464212491,100,28.16294208,5.779226416,5.835047735,0.941649523,65.38816698,TRUE,FALSE,NORMAL
23,65,2,35.44249239,740.9105598,3.48057737,100,0,7.908680612,30.83776662,0.691622334,45.49970745,TRUE,FALSE,NORMAL
23,65,3,160.6678838,869.2309023,4.961373013,100,6.035612382,2.337860726,15.62279273,0.843772073,57.57556594,TRUE,FALSE,NORMAL
23,65,4,78.37297287,702.7391197,4.401319047,100,14.35974422,2.766051703,30.29775828,0.697022417,45.93028322,TRUE,FALSE,NORMAL
23,65,5,517.8804807,585.3818089,5.506643136,100,40.5786119,11.04370087,4.51058544,0.954894146,66.44607169,TRUE,FALSE,NORMAL
23,65,6,683.5391308,164.7998458,8.460067234,100,35.6110035,9.557832302,17.05693198,0.82943068,56.44654373,TRUE,FALSE,NORMAL
23,65,7,834.5996848,1000,8.191905123,100,16.6526775,14.39418177,0,0,0,TRUE,FALSE,NORMAL
23,65,8,416.7843285,60.95776663,5.691867152,100,96.26051665,21.25856199,18.30160564,0.816983944,55.46043305,TRUE,FALSE,NORMAL
23,65,9,467.9358723,144.7782908,4.758430866,100,34.83946467,9.156782028,18.17171427,0.818282857,55.55490725,TRUE,FALSE,NORMAL
23,65,10,706.2130534,257.7912619,6.923007643,100,5.487970215,9.815426042,20.39999353,0.796000065,53.78588387,TRUE,FALSE,NORMAL
23,66,1,418.7016453,840.2388245,1.464212491,100,25.24461861,4.719419716,5.809909129,0.941900909,65.40820305,TRUE,FALSE,NORMAL
23,66,2,33.33357709,743.6794756,3.48057737,100,0,5.600556929,30.65595511,0.693440449,45.63268019,TRUE,FALSE,NORMAL
23,66,3,156.4932326,866.5499492,4.961373013,100,3.730634386,2.007478045,15.66303298,0.84336967,57.5439289,TRUE,FALSE,NORMAL
23,66,4,79.22917393,698.4218835,4.401319047,100,14.62874172,0.274262541,29.72561334,0.702743867,46.37440471,TRUE,FALSE,NORMAL
23,66,5,513.2837521,588.4138388,5.506643136,100,42.74751601,11.73376965,5.35166573,0.946483343,65.77422274,TRUE,FALSE,NORMAL
23,66,6,680.7517626,156.812148,8.460067234,100,33.52443995,7.373493379,17.32221646,0.826777835,56.23356111,TRUE,FALSE,NORMAL
23,66,7,842.7631793,999.3183348,8.191905123,100,15.17277754,16.84084047,0,0,0,TRUE,FALSE,NORMAL
23,66,8,411.1274825,61.58819953,5.691867152,100,98.24995164,23.85961332,17.7405902,0.822594098,55.90439194,TRUE,FALSE,NORMAL
23,66,9,472.0606672,147.1507857,4.758430866,100,36.25942404,7.489287708,18.47190515,0.815280949,55.31267987,TRUE,FALSE,NORMAL
23,66,10,709.0733436,251.4867577,6.923007643,100,7.880407928,12.33973489,20.53150218,0.794684978,53.67878393,TRUE,FALSE,NORMAL
23,67,1,417.3455899,839.6865274,1.464212491,100,20.4874518,3.968572533,5.920277992,0.94079722,65.32009516,TRUE,FALSE,NORMAL
23,67,2,29.89534648,743.138191,3.48057737,100,0,2.911791758,30.39245321,0.696075468,45.84627216,TRUE,FALSE,NORMAL
23,67,3,161.3215999,865.4088572,4.961373013,100,0.900228304,4.269393982,15.72142724,0.842785728,57.49684907,TRUE,FALSE,NORMAL
23,67,4,76.16835949,701.5846393,4.401319047,100,17.58607419,3.247739427,29.96148827,0.700385117,46.18989686,TRUE,FALSE,NORMAL
23,67,5,512.7291968,582.9351905,5.506643136,100,40.51838906,9.053841236,4.532473406,0.954675266,66.42858727,TRUE,FALSE,NORMAL
23,67,6,687.9113313,161.3191773,8.460067234,100,37.10019798,6.920782878,16.45718598,0.83542814,56.92586275,TRUE,FALSE,NORMAL
23,67,7,850.3337026,1000,8.191905123,100,11.05217722,15.09287078,0,0,0,TRUE,FALSE,NORMAL
23,67,8,406.9935298,65.50071616,5.691867152,100,100,23.4862724,17.22461605,0.82775384,56.31941242,TRUE,FALSE,NORMAL
23,67,9,471.6198927,142.4128133,4.758430866,100,38.01751821,8.162659135,17.77366639,0.822263336,55.87186244,TRUE,FALSE,NORMAL
23,67,10,715.9288677,252.4510317,6.923007643,100,11.81137528,10.07758317,20.07845741,0.799215426,54.04296875,TRUE,FALSE,NORMAL
23,68,1,417.7374466,838.2757239,1.464212491,100,18.06778949,2.029426944,5.160734638,0.948392654,65.92677653,TRUE,FALSE,NORMAL
23,68,2,27.54721872,745.7073766,3.48057737,100,2.820781191,4.473197312,30.6490866,0.693509134,45.63991508,TRUE,FALSE,NORMAL
23,68,3,156.4484085,864.4776068,4.961373013,100,0,6.317646754,15.67327137,0.843267286,57.53567521,TRUE,FALSE,NORMAL
23,68,4,71.89387303,700.5356517,4.401319047,100,19.12241621,1.401903705,29.87656537,0.701234346,46.25582472,TRUE,FALSE,NORMAL
23,68,5,512.9814427,577.4343278,5.506643136,100,37.23075257,11.04393304,3.898371783,0.961016282,66.93512654,TRUE,FALSE,NORMAL
23,68,6,694.9689747,165.984197,8.460067234,100,35.70756424,6.578526502,16.62990521,0.833700948,56.79227908,TRUE,FALSE,NORMAL
23,68,7,842.2008156,1000,8.191905123,100,10.6957761,13.10997809,0,0,0,TRUE,FALSE,NORMAL
23,68,8,412.1747429,67.85706542,5.691867152,100,100,24.98781966,17.31276483,0.826872352,56.2513122,TRUE,FALSE,NORMAL
23,68,9,476.0910388,140.7844654,4.758430866,100,37.10522561,5.335132513,17.78149628,0.822185037,55.86700466,TRUE,FALSE,NORMAL
23,68,10,721.6515432,248.5550055,6.923007643,100,9.591489847,11.89482167,20.79905755,0.792009424,53.47406328,TRUE,FALSE,NORMAL
23,69,1,419.1767984,838.0070517,1.464212491,100,20.97303109,3.80001455,5.35442405,0.946455759,65.77202467,TRUE,FALSE,NORMAL
23,69,2,24.42790219,744.1632642,3.48057737,100,1.662964758,2.151355469,30.10182715,0.698981729,46.07426468,TRUE,FALSE,NORMAL
23,69,3,154.6280468,869.0929622,4.961373013,100,2.204376937,9.178074736,14.75232583,0.852476742,58.27030688,TRUE,FALSE,NORMAL
23,69,4,68.87474116,697.3330821,4.401319047,100,19.06689417,0,29.13240396,0.70867596,46.84733261,TRUE,FALSE,NORMAL
23,69,5,512.4143544,582.911693,5.506643136,100,34.14217926,10.64717249,4.916652491,0.950833475,66.12170357,TRUE,FALSE,NORMAL
23,69,6,689.2445483,159.7549369,8.460067234,100,36.14008698,3.678126899,17.06082758,0.829391724,56.44582498,TRUE,FALSE,NORMAL
23,69,7,835.3014549,1000,8.191905123,100,9.332216279,14.59951274,0,0,0,TRUE,FALSE,NORMAL
23,69,8,406.6305842,66.56878898,5.691867152,100,100,24.24381332,16.70077718,0.832992228,56.73470665,TRUE,FALSE,NORMAL
23,69,9,480.6282868,142.218357,4.758430866,100,33.60591991,7.958265311,18.52149257,0.814785074,55.27277416,TRUE,FALSE,NORMAL
23,69,10,714.7733158,247.7688613,6.923007643,100,13.27034855,10.38256495,21.32701277,0.786729872,53.04843524,TRUE,FALSE,NORMAL
23,70,1,420.5069595,838.6190888,1.464212491,100,25.70068463,1.590206897,5.891361153,0.941086388,65.34313833,TRUE,FALSE,NORMAL
23,70,2,20.95522129,744.3975849,3.48057737,100,0,2.466683699,29.4135648,0.705864352,46.6137216,TRUE,FALSE,NORMAL
23,70,3,156.7051103,864.5872959,4.961373013,100,3.950613269,7.887003798,14.9139274,0.850860726,58.14132076,TRUE,FALSE,NORMAL
23,70,4,72.48750504,694.8192113,4.401319047,100,24.0299298,0,28.72444625,0.712755537,47.16324603,TRUE,FALSE,NORMAL
23,70,5,512.1954955,588.4139852,5.506643136,100,33.45717729,10.36811667,5.774290201,0.942257098,65.43664767,TRUE,FALSE,NORMAL
23,70,6,681.1132971,157.4192377,8.460067234,100,34.36802475,0.703694692,17.77018916,0.822298108,55.88049319,TRUE,FALSE,NORMAL
23,70,7,832.4268663,992.3290124,8.191905123,100,6.080312945,15.8373355,0,0,0,TRUE,FALSE,NORMAL
23,70,8,402.2024413,62.99263153,5.691867152,100,95.08891698,24.49683066,16.7731389,0.832268611,56.67566277,TRUE,FALSE,NORMAL
23,70,9,480.4593985,137.4629242,4.758430866,100,33.31460421,6.455161064,18.88685628,0.811131437,54.98052175,TRUE,FALSE,NORMAL
23,70,10,714.3948851,240.8562044,6.923007643,100,11.88567393,7.52745917,21.57299896,0.78427001,52.85338239,TRUE,FALSE,NORMAL
23,71,1,419.0536171,838.4410048,1.464212491,100,20.93330647,4.198001672,6.230438458,0.937695615,65.07231107,TRUE,FALSE,NORMAL
23,71,2,23.65574426,742.2017719,3.48057737,100,0.622954956,5.139336023,30.26469302,0.69735307,45.94091414,TRUE,FALSE,NORMAL
23,71,3,153.8021258,860.5638766,4.961373013,100,8.605803214,10.37366597,15.67565217,0.843243478,57.53404494,TRUE,FALSE,NORMAL
23,71,4,74.60695199,698.6766138,4.401319047,100,22.02839568,0,29.90293783,0.700970622,46.22931221,TRUE,FALSE,NORMAL
23,71,5,509.8159129,593.3799398,5.506643136,100,37.39290321,12.44573041,6.635807478,0.933641925,64.74853418,TRUE,FALSE,NORMAL
23,71,6,673.7276513,161.5453707,8.460067234,100,34.27136489,0,17.99993317,0.820000668,55.69448245,TRUE,FALSE,NORMAL
23,71,7,838.9615983,987.3889125,8.191905123,100,2.59020449,17.08862002,0,0,0,TRUE,FALSE,NORMAL
23,71,8,403.4558186,57.44047906,5.691867152,100,92.44804779,24.18933594,17.28064883,0.827193512,56.2708485,TRUE,FALSE,NORMAL
23,71,9,479.038744,132.9215141,4.758430866,100,30.56113512,9.403186643,18.89613052,0.811038695,54.9737826,TRUE,FALSE,NORMAL
23,71,10,714.1999714,247.7764676,6.923007643,100,14.70496766,7.025707583,20.60761762,0.793923824,53.62037119,TRUE,FALSE,NORMAL
23,72,1,419.9661132,837.2958983,1.464212491,100,18.27916134,5.696551773,6.443081137,0.935569189,64.90246548,TRUE,FALSE,NORMAL
23,72,2,21.10258333,744.5673138,3.48057737,100,0,5.812963966,29.24571863,0.707542814,46.74499223,TRUE,FALSE,NORMAL
23,72,3,158.3607658,862.5219428,4.961373013,100,7.693748826,11.98123122,15.48815079,0.845118492,57.68325349,TRUE,FALSE,NORMAL
23,72,4,79.00209943,698.9096124,4.401319047,100,17.99045704,0,29.17302031,0.708269797,46.80295601,TRUE,FALSE,NORMAL
23,72,5,505.8050005,589.6069171,5.506643136,100,33.6182467,14.67188704,6.499768239,0.935002318,64.85718897,TRUE,FALSE,NORMAL
23,72,6,666.0848874,165.1731658,8.460067234,100,31.27922062,0.651947006,18.53075283,0.814692472,55.26880805,TRUE,FALSE,NORMAL
23,72,7,837.2906188,995.4085843,8.191905123,100,3.100950416,15.5550514,0,0,0,TRUE,FALSE,NORMAL
23,72,8,399.9773815,61.94579001,5.691867152,100,89.69722375,26.02175173,17.53003839,0.824699616,56.07095427,TRUE,FALSE,NORMAL
23,72,9,483.2594774,130.7242262,4.758430866,100,27.92174496,9.230342214,19.50231975,0.804976803,54.48987018,TRUE,FALSE,NORMAL
23,72,10,712.3926516,254.4594034,6.923007643,100,16.14975952,5.692000911,20.25935663,0.797406434,53.89503851,TRUE,FALSE,NORMAL
23,73,1,419.0445466,838.4337177,1.464212491,100,22.25687902,7.998410908,7.019665216,0.929803348,64.44195292,TRUE,FALSE,NORMAL
23,73,2,18.67315223,742.0748685,3.48057737,100,0,7.209911944,29.22953964,0.707704604,46.75934354,TRUE,FALSE,NORMAL
23,73,3,159.8207824,857.7802582,4.961373013,100,9.084280803,13.41234583,15.55712052,0.844428795,57.62804235,TRUE,FALSE,NORMAL
23,73,4,75.18009158,696.7269843,4.401319047,100,15.82103511,0,29.27756788,0.707224321,46.72104857,TRUE,FALSE,NORMAL
23,73,5,505.07323,595.0647216,5.506643136,100,31.43267394,15.71031727,7.171836093,0.928281639,64.32041786,TRUE,FALSE,NORMAL
23,73,6,657.629817,165.4638935,8.460067234,100,33.20816967,2.599497293,19.6871801,0.803128199,54.34653095,TRUE,FALSE,NORMAL
23,73,7,829.6888439,992.355663,8.191905123,100,7.600607424,17.80948538,0,0,0,TRUE,FALSE,NORMAL
23,73,8,405.0221825,59.31001027,5.691867152,100,88.25338517,26.17775417,18.53824582,0.814617542,55.26586771,TRUE,FALSE,NORMAL
23,73,9,481.1967252,135.0123164,4.758430866,100,24.72492258,8.717098512,20.32508334,0.796749167,53.83349258,TRUE,FALSE,NORMAL
23,73,10,706.5016897,250.8228388,6.923007643,100,17.71320622,3.860239243,21.04272116,0.789572788,53.2707961,TRUE,FALSE,NORMAL
23,74,1,417.6008365,838.6778888,1.464212491,100,24.86309269,6.231667747,6.827936434,0.931720636,64.59509641,TRUE,FALSE,NORMAL
23,74,2,20.08655814,745.2555449,3.48057737,100,1.306820001,10.07146187,28.80990652,0.711900935,47.09041071,TRUE,FALSE,NORMAL
23,74,3,162.5790854,861.904211,4.961373013,100,6.481000329,11.47632,15.58445612,0.844155439,57.60596579,TRUE,FALSE,NORMAL
23,74,4,79.33144496,698.1891315,4.401319047,100,13.83339532,1.818888025,28.85064234,0.711493577,47.05792835,TRUE,FALSE,NORMAL
23,74,5,507.6996812,590.2247968,5.506643136,100,31.77833139,14.42272623,6.140919692,0.938590803,65.14380714,TRUE,FALSE,NORMAL
23,74,6,653.3944965,158.1403153,8.460067234,100,32.312379,5.522133777,19.12433149,0.808756685,54.79115123,TRUE,FALSE,NORMAL
23,74,7,832.770176,999.9459662,8.191905123,100,6.128878743,15.82897578,0,0,0,TRUE,FALSE,NORMAL
23,74,8,399.4884061,60.64217802,5.691867152,100,87.11567589,27.35073979,18.51555278,0.814844472,55.28281842,TRUE,FALSE,NORMAL
23,74,9,477.3596037,137.8264172,4.758430866,100,21.80123414,8.180904812,19.79748444,0.802025156,54.25424845,TRUE,FALSE,NORMAL
23,74,10,713.1009607,252.9151236,6.923007643,100,14.78097715,4.765156882,19.12044205,0.808795579,54.79849073,TRUE,FALSE,NORMAL
23,75,1,416.1671319,838.380552,1.464212491,100,26.35751245,6.421079428,6.978814001,0.93021186,64.47457914,TRUE,FALSE,NORMAL
23,75,2,20.27897726,748.7307994,3.48057737,100,5.704616422,10.17076002,28.83966451,0.711603355,47.06095258,TRUE,FALSE,NORMAL
23,75,3,157.6791715,861.1257087,4.961373013,100,11.11466341,9.284088616,15.7648947,0.842351053,57.4623608,TRUE,FALSE,NORMAL
23,75,4,81.10451851,694.1607548,4.401319047,100,10.08045729,0,28.32060286,0.716793971,47.47479774,TRUE,FALSE,NORMAL
23,75,5,506.6940921,595.6388442,5.506643136,100,36.66578627,16.22582612,7.013469524,0.929865305,64.44690056,TRUE,FALSE,NORMAL
23,75,6,661.7798491,157.0184422,8.460067234,100,35.6946492,3.208036536,18.57552331,0.814244767,55.23244373,TRUE,FALSE,NORMAL
23,75,7,825.7633975,1000,8.191905123,100,10.18876001,16.93965119,0,0,0,TRUE,FALSE,NORMAL
23,75,8,393.802303,60.89827001,5.691867152,100,84.49224865,29.28982215,17.24734366,0.827526563,56.29472438,TRUE,FALSE,NORMAL
23,75,9,479.193108,133.4354121,4.758430866,100,24.85494289,5.546192862,19.46013678,0.805398632,54.52236484,TRUE,FALSE,NORMAL
23,75,10,712.4432925,246.0234252,6.923007643,100,15.90556153,3.570168854,20.21993423,0.797800658,53.92542249,TRUE,FALSE,NORMAL
23,76,1,417.5890314,838.0310952,1.464212491,100,27.39262768,5.853480807,6.736727909,0.932632721,64.66793637,TRUE,FALSE,NORMAL
23,76,2,17.76233423,751.1351552,3.48057737,100,5.609205636,10.39156488,28.55364188,0.714463581,47.283274,TRUE,FALSE,NORMAL
23,76,3,154.695455,857.1617892,4.961373013,100,10.16911983,6.421285017,15.88336093,0.841166391,57.36826253,TRUE,FALSE,NORMAL
23,76,4,82.86492506,690.1268264,4.401319047,100,6.513521714,0,27.82669096,0.72173309,47.86279941,TRUE,FALSE,NORMAL
23,76,5,511.6915463,597.9515417,5.506643136,100,38.90292539,16.82279689,7.215937469,0.927840625,64.28519567,TRUE,FALSE,NORMAL
23,76,6,670.2150337,157.6668246,8.460067234,100,39.84231774,4.24916257,18.04528665,0.819547133,55.6553276,TRUE,FALSE,NORMAL
23,76,7,833.6465185,1000,8.191905123,100,5.794703727,17.17973445,0,0,0,TRUE,FALSE,NORMAL
23,76,8,397.902337,64.84631672,5.691867152,100,81.05060323,32.00211407,17.10547701,0.82894523,56.40870509,TRUE,FALSE,NORMAL
23,76,9,481.3502238,137.676817,4.758430866,100,22.21084512,5.006059624,19.36420234,0.806357977,54.59900691,TRUE,FALSE,NORMAL
23,76,10,710.308869,252.6091879,6.923007643,100,12.82784621,3.904452193,20.40016038,0.795998396,53.78110653,TRUE,FALSE,NORMAL
23,77,1,417.2225408,839.4486998,1.464212491,100,27.36772952,4.758152694,6.063053916,0.939369461,65.20600377,TRUE,FALSE,NORMAL
23,77,2,14.78125598,749.3386054,3.48057737,100,7.335942649,13.2804464,28.93848547,0.710615145,46.97862371,TRUE,FALSE,NORMAL
23,77,3,150.9252967,853.936711,4.961373013,100,14.15867108,7.066718058,16.016075,0.83983925,57.26272599,TRUE,FALSE,NORMAL
23,77,4,78.65525694,691.4114678,4.401319047,100,10.01873424,1.616901766,28.41819434,0.715818057,47.39335521,TRUE,FALSE,NORMAL
23,77,5,508.9606302,593.169783,5.506643136,100,40.21044063,18.71268396,6.387836356,0.936121636,64.94658998,TRUE,FALSE,NORMAL
23,77,6,663.7627297,152.1950323,8.460067234,100,43.20778579,6.714197514,17.67131137,0.823286886,55.95032756,TRUE,FALSE,NORMAL
23,77,7,835.8607359,992.1130138,8.191905123,100,0.943185667,16.70754073,0,0,0,TRUE,FALSE,NORMAL
23,77,8,393.1267574,61.74935187,5.691867152,100,82.32481044,31.4379301,17.07950291,0.829204971,56.42816758,TRUE,FALSE,NORMAL
23,77,9,476.6481087,138.4067337,4.758430866,100,23.57504613,5.600402009,19.19070685,0.808092932,54.73689611,TRUE,FALSE,NORMAL
23,77,10,706.2202742,258.1959068,6.923007643,100,15.44953951,3.428950371,19.21877001,0.8078123,54.71894731,TRUE,FALSE,NORMAL
23,78,1,418.5383446,838.8063769,1.464212491,100,28.9617174,6.486968586,6.311764352,0.936882356,65.00735039,TRUE,FALSE,NORMAL
23,78,2,13.59590284,746.06609,3.48057737,100,10.21648711,13.5410383,28.76104111,0.712389589,47.12458362,TRUE,FALSE,NORMAL
23,78,3,155.0314371,856.7214611,4.961373013,100,16.30243629,7.950730429,15.50374938,0.844962506,57.67092017,TRUE,FALSE,NORMAL
23,78,4,74.88494383,693.6822273,4.401319047,100,8.295238635,0.010217917,28.58491503,0.71415085,47.26500828,TRUE,FALSE,NORMAL
23,78,5,504.0337848,590.7102478,5.506643136,100,43.94850584,19.61897363,6.454131965,0.93545868,64.89363899,TRUE,FALSE,NORMAL
23,78,6,665.6789361,160.4352319,8.460067234,100,42.51277077,7.683387335,17.78905216,0.822109478,55.85841358,TRUE,FALSE,NORMAL
23,78,7,828.120679,994.7960772,8.191905123,100,0,15.86707037,0,0,0,TRUE,FALSE,NORMAL
23,78,8,398.2612878,64.20576168,5.691867152,100,77.98051082,33.38441004,18.0388359,0.819611641,55.66716469,TRUE,FALSE,NORMAL
23,78,9,472.6620156,135.8079404,4.758430866,100,23.90598358,3.70660383,19.34195888,0.806580411,54.61914425,TRUE,FALSE,NORMAL
23,78,10,699.9596405,261.1509871,6.923007643,100,11.0982628,6.004154035,19.83231511,0.801676849,54.2327702,TRUE,FALSE,NORMAL
23,79,1,417.9335208,840.1398334,1.464212491,100,28.25868468,5.173512855,5.98407209,0.940159279,65.26909057,TRUE,FALSE,NORMAL
23,79,2,14.37792657,749.4576763,3.48057737,100,10.85530133,15.58390657,29.46114847,0.705388515,46.56710439,TRUE,FALSE,NORMAL
23,79,3,150.7299688,854.2490955,4.961373013,100,19.96529899,5.402830911,16.20391453,0.837960855,57.11306884,TRUE,FALSE,NORMAL
23,79,4,75.57664834,698.0288529,4.401319047,100,3.306122288,0.35533354,29.34424526,0.706557547,46.66028153,TRUE,FALSE,NORMAL
23,79,5,498.5802647,589.9472031,5.506643136,100,46.83018765,21.33155372,6.377943895,0.936220561,64.95449122,TRUE,FALSE,NORMAL
23,79,6,666.8279252,168.8169121,8.460067234,100,37.88074077,7.670311038,18.49144974,0.815085503,55.30335797,TRUE,FALSE,NORMAL
23,79,7,836.0537673,992.7531821,8.191905123,100,3.506785044,14.31232566,0,0,0,TRUE,FALSE,NORMAL
23,79,8,402.1234115,60.024691,5.691867152,100,76.28463815,34.3384121,17.86227829,0.821377217,55.80814391,TRUE,FALSE,NORMAL
23,79,9,475.9637023,132.3813489,4.758430866,100,19.58435549,2.100433467,19.51561409,0.804843859,54.48041973,TRUE,FALSE,NORMAL
23,79,10,701.6730881,254.4433697,6.923007643,100,15.85639428,6.419653124,21.27745498,0.78722545,53.08741198,TRUE,FALSE,NORMAL
23,80,1,419.3487279,840.5154757,1.464212491,100,32.78707866,5.822470286,5.465313539,0.945346865,65.68344545,TRUE,FALSE,NORMAL
23,80,2,11.08334104,748.3351234,3.48057737,100,11.2152349,14.41203669,28.63579281,0.713642072,47.22209077,TRUE,FALSE,NORMAL
23,80,3,150.6048952,859.2088917,4.961373013,100,24.51876393,4.458152356,15.25883452,0.847411655,57.86662285,TRUE,FALSE,NORMAL
23,80,4,74.20663889,693.8461882,4.401319047,100,0,1.863645681,28.30389716,0.716961028,47.4867055,TRUE,FALSE,NORMAL
23,80,5,503.0302622,586.7036493,5.506643136,100,51.22034043,23.36196803,5.644576352,0.943554236,65.54025672,TRUE,FALSE,NORMAL
23,80,6,658.546047,167.0897086,8.460067234,100,33.05585434,8.993191716,19.31607982,0.806839202,54.64210552,TRUE,FALSE,NORMAL
23,80,7,832.0404796,985.6116955,8.191905123,100,0.131095286,16.1202263,0,0,0,TRUE,FALSE,NORMAL
23,80,8,406.1280188,64.06949911,5.691867152,100,77.31388871,34.25885871,19.2877284,0.807122716,54.67149649,TRUE,FALSE,NORMAL
23,80,9,474.5889549,136.9368658,4.758430866,100,21.86021477,0,20.36502892,0.796349711,53.80387091,TRUE,FALSE,NORMAL
23,80,10,696.1585213,258.6287715,6.923007643,100,11.50751865,8.304088968,21.03579683,0.789642032,53.27594086,TRUE,FALSE,NORMAL
23,81,1,418.6067855,839.2531605,1.464212491,100,35.20979482,4.867926835,6.125413667,0.938745863,65.15619291,TRUE,FALSE,NORMAL
23,81,2,14.49828245,747.6623723,3.48057737,100,12.16253232,14.74737335,29.3856615,0.706143385,46.63019011,TRUE,FALSE,NORMAL
23,81,3,153.7875172,855.4028255,4.961373013,100,24.58106627,4.015170442,15.63650863,0.843634914,57.5651838,TRUE,FALSE,NORMAL
23,81,4,69.83688205,694.3723389,4.401319047,100,0,1.70731539,28.92267457,0.710773254,46.99930294,TRUE,FALSE,NORMAL
23,81,5,506.5652318,590.9258653,5.506643136,100,54.97670457,25.20780673,6.28161788,0.937183821,65.03142832,TRUE,FALSE,NORMAL
23,81,6,665.0063885,161.6274083,8.460067234,100,33.91161957,6.029863416,18.28909741,0.817109026,55.46089416,TRUE,FALSE,NORMAL
23,81,7,839.6239421,982.5135659,8.191905123,100,0.995668772,18.0284836,0,0,0,TRUE,FALSE,NORMAL
23,81,8,406.3284997,58.38116376,5.691867152,100,82.22654572,33.249536,18.74190887,0.812580911,55.10712202,TRUE,FALSE,NORMAL
23,81,9,469.8630017,136.3818611,4.758430866,100,24.10487707,2.79889538,19.80877896,0.80191221,54.24725464,TRUE,FALSE,NORMAL
23,81,10,689.318052,259.6946108,6.923007643,100,8.853136271,6.701748824,20.94702112,0.790529789,53.34556299,TRUE,FALSE,NORMAL
23,82,1,417.1428274,839.2804508,1.464212491,100,37.39139536,6.379300436,6.853281435,0.931467186,64.57484021,TRUE,FALSE,NORMAL
23,82,2,16.67880358,750.3752576,3.48057737,100,11.2710912,17.32575521,29.0508462,0.709491538,46.89479372,TRUE,FALSE,NORMAL
23,82,3,157.0156074,859.1704051,4.961373013,100,21.586663,1.300244991,15.28508127,0.847149187,57.84509606,TRUE,FALSE,NORMAL
23,82,4,68.29241028,690.2509051,4.401319047,100,0.358869725,0.39340302,27.93840554,0.720615945,47.78184843,TRUE,FALSE,NORMAL
23,82,5,502.4054494,594.5340961,5.506643136,100,58.34516661,24.84574656,6.996728608,0.930032714,64.46027112,TRUE,FALSE,NORMAL
23,82,6,666.0700535,153.2344735,8.460067234,100,35.25088159,5.933519133,18.5954461,0.814045539,55.21565102,TRUE,FALSE,NORMAL
23,82,7,847.7469072,983.5741068,8.191905123,100,3.465819494,16.75650718,0,0,0,TRUE,FALSE,NORMAL
23,82,8,411.4544452,60.85543833,5.691867152,100,82.37887365,34.33314872,20.16346242,0.798365376,53.97787457,TRUE,FALSE,NORMAL
23,82,9,469.4814412,131.6387529,4.758430866,100,23.76692413,3.935653708,20.43071941,0.795692806,53.75462464,TRUE,FALSE,NORMAL
23,82,10,686.6073071,253.3243755,6.923007643,100,10.82958461,7.816143619,21.08611129,0.789138887,53.23381492,TRUE,FALSE,NORMAL
23,83,1,416.7848862,837.8606634,1.464212491,100,37.19224085,9.223925934,6.646402271,0.933535977,64.74007515,TRUE,FALSE,NORMAL
23,83,2,13.19891867,750.4446828,3.48057737,100,9.146312712,16.64348289,28.16351468,0.718364853,47.59917185,TRUE,FALSE,NORMAL
23,83,3,158.7284705,863.8267258,4.961373013,100,19.07328437,3.335399111,14.46224338,0.855377566,58.50122956,TRUE,FALSE,NORMAL
23,83,4,65.84194188,686.5948397,4.401319047,100,0,0,26.85191491,0.731480851,48.64531223,TRUE,FALSE,NORMAL
23,83,5,505.8053708,590.2023928,5.506643136,100,56.23613974,26.26165579,6.327345656,0.936726543,64.99490476,TRUE,FALSE,NORMAL
23,83,6,661.1751092,160.1346372,8.460067234,100,36.61316832,6.738351302,18.40445367,0.815955463,55.36784401,TRUE,FALSE,NORMAL
23,83,7,848.4872517,975.4157247,8.191905123,100,1.731684248,17.74186896,0,0,0,TRUE,FALSE,NORMAL
23,83,8,406.2473122,58.55693497,5.691867152,100,85.25241431,31.48372108,19.81854017,0.801814598,54.25298322,TRUE,FALSE,NORMAL
23,83,9,467.4614045,127.3303755,4.758430866,100,26.18800232,1.537925012,20.05502067,0.799449793,54.0544532,TRUE,FALSE,NORMAL
23,83,10,686.6912917,260.2468737,6.923007643,100,11.07345389,9.518994317,20.36274959,0.796372504,53.81083973,TRUE,FALSE,NORMAL
23,84,1,418.0172329,838.6513844,1.464212491,100,37.66017995,8.553367373,5.82872715,0.941712728,65.39316733,TRUE,FALSE,NORMAL
23,84,2,15.81348899,752.7421686,3.48057737,100,6.342908639,15.06614281,29.13168304,0.70868317,46.83011535,TRUE,FALSE,NORMAL
23,84,3,154.0196484,862.2639667,4.961373013,100,23.02253798,3.661846118,14.74785017,0.852521498,58.27389935,TRUE,FALSE,NORMAL
23,84,4,61.59497631,687.7502153,4.401319047,100,0,0,27.35525089,0.726447491,48.24675721,TRUE,FALSE,NORMAL
23,84,5,503.2119928,585.3446661,5.506643136,100,58.34629242,24.31781957,5.644764769,0.943552352,65.54010622,TRUE,FALSE,NORMAL
23,84,6,652.9171164,161.9726501,8.460067234,100,36.49835358,7.782673924,18.7616787,0.812383213,55.08065162,TRUE,FALSE,NORMAL
23,84,7,856.647781,976.1320149,8.191905123,100,0.24349654,18.48953594,0,0,0,TRUE,FALSE,NORMAL
23,84,8,400.6176684,59.39625753,5.691867152,100,88.13465499,31.92470362,19.30436432,0.806956357,54.65815934,TRUE,FALSE,NORMAL
23,84,9,470.9488113,130.5677599,4.758430866,100,24.63778169,2.961223959,20.28209842,0.797179016,53.87018692,TRUE,FALSE,NORMAL
23,84,10,687.4307054,267.1302815,6.923007643,100,9.405612242,7.342619682,19.7683925,0.802316075,54.28163201,TRUE,FALSE,NORMAL
23,85,1,418.0405985,840.1154105,1.464212491,100,34.37107769,9.903806887,6.050182474,0.939498175,65.21629816,TRUE,FALSE,NORMAL
23,85,2,14.82439723,756.0792506,3.48057737,100,7.181072771,18.04666787,28.92374839,0.710762516,46.99663213,TRUE,FALSE,NORMAL
23,85,3,158.8268788,863.49106,4.961373013,100,25.11013873,6.180596094,14.66529717,0.853347028,58.33940301,TRUE,FALSE,NORMAL
23,85,4,58.00225439,690.292647,4.401319047,100,0,1.319592881,27.17964101,0.72820359,48.3876391,TRUE,FALSE,NORMAL
23,85,5,508.614922,586.4083741,5.506643136,100,58.11188725,25.98921221,5.286585899,0.947134141,65.82620671,TRUE,FALSE,NORMAL
23,85,6,645.7926953,166.5350356,8.460067234,100,35.14954733,4.959571026,19.31260648,0.806873935,54.63946896,TRUE,FALSE,NORMAL
23,85,7,850.7639022,981.8317762,8.191905123,100,0,18.02350049,0,0,0,TRUE,FALSE,NORMAL
23,85,8,403.9871945,63.98359291,5.691867152,100,89.32518741,30.3119018,20.88337486,0.791166251,53.40314437,TRUE,FALSE,NORMAL
23,85,9,470.9505631,125.8093293,4.758430866,100,28.14088647,5.148840446,20.68409691,0.793159031,53.55361888,TRUE,FALSE,NORMAL
23,85,10,688.3224447,273.9956173,6.923007643,100,9.191814466,9.752269943,18.75513544,0.812448646,55.08863112,TRUE,FALSE,NORMAL
23,86,1,416.6239378,840.485533,1.464212491,100,30.57234647,6.926872757,6.639550073,0.933604499,64.74555577,TRUE,FALSE,NORMAL
23,86,2,17.71728525,754.1438908,3.48057737,100,11.47398078,16.1824715,29.88403271,0.701159673,46.23913791,TRUE,FALSE,NORMAL
23,86,3,159.564801,858.5848707,4.961373013,100,28.87668475,5.57053772,15.32485604,0.84675144,57.81321778,TRUE,FALSE,NORMAL
23,86,4,55.59432202,693.9768662,4.401319047,100,0.509130568,3.848125856,28.3253031,0.716746969,47.48210966,TRUE,FALSE,NORMAL
23,86,5,505.4176252,590.8917224,5.506643136,100,53.44929027,27.91035087,6.035077636,0.939649224,65.22834632,TRUE,FALSE,NORMAL
23,86,6,638.1824147,162.8395833,8.460067234,100,32.8755822,2.40906181,19.44541814,0.805545819,54.53073931,TRUE,FALSE,NORMAL
23,86,7,847.2302375,989.2223461,8.191905123,100,0,18.5880918,0,0,0,TRUE,FALSE,NORMAL
23,86,8,402.5344375,69.48694177,5.691867152,100,84.38514279,27.74108207,21.92316034,0.780768397,52.57520907,TRUE,FALSE,NORMAL
23,86,9,467.3941056,128.9707016,4.758430866,100,24.9543122,6.74394784,20.7154381,0.792845619,53.53074785,TRUE,FALSE,NORMAL
23,86,10,694.3166528,277.4593586,6.923007643,100,6.754232737,11.46998845,17.05162602,0.82948374,56.44456167,TRUE,FALSE,NORMAL
23,87,1,418.0881052,840.4740465,1.464212491,100,30.57131252,5.233518424,6.796800112,0.932031999,64.61995194,TRUE,FALSE,NORMAL
23,87,2,18.64331053,757.4990206,3.48057737,100,14.4291545,13.90832027,29.9471175,0.700528825,46.18208592,TRUE,FALSE,NORMAL
23,87,3,156.7734589,854.4832086,4.961373013,100,25.68201013,8.271182463,15.59242806,0.844075719,57.60027223,TRUE,FALSE,NORMAL
23,87,4,55.869612,689.5841648,4.401319047,100,3.012856876,3.772871013,27.88317483,0.721168252,47.8276604,TRUE,FALSE,NORMAL
23,87,5,504.7573379,596.3586355,5.506643136,100,56.71727617,30.19910553,7.018244176,0.929817558,64.44308716,TRUE,FALSE,NORMAL
23,87,6,634.1281196,155.4142598,8.460067234,100,27.89694923,2.828697031,20.11049499,0.79889505,53.99987528,TRUE,FALSE,NORMAL
23,87,7,855.2303387,987.4600495,8.191905123,100,0,19.70664095,0,0,0,TRUE,FALSE,NORMAL
23,87,8,403.4951457,63.87673755,5.691867152,100,85.67187268,26.4873347,21.91230714,0.780876929,52.57978915,TRUE,FALSE,NORMAL
23,87,9,471.8717117,127.3602022,4.758430866,100,23.97431473,6.052485549,21.48360605,0.78516394,52.91536748,TRUE,FALSE,NORMAL
23,87,10,688.2152959,274.1880472,6.923007643,100,4.015638031,14.43060433,17.62099757,0.823790024,55.98880764,TRUE,FALSE,NORMAL
23,88,1,419.2923191,839.6411077,1.464212491,100,28.54516577,5.977544018,6.95067157,0.930493284,64.49705764,TRUE,FALSE,NORMAL
23,88,2,17.14870127,760.6423567,3.48057737,100,12.83931885,13.70993113,29.12309792,0.708769021,46.83365524,TRUE,FALSE,NORMAL
23,88,3,161.7333827,854.6031182,4.961373013,100,27.91802336,10.40928943,15.19453899,0.84805461,57.91732401,TRUE,FALSE,NORMAL
23,88,4,53.74567452,685.7292331,4.401319047,100,7.167714724,4.375216095,26.76845093,0.732315491,48.71135893,TRUE,FALSE,NORMAL
23,88,5,501.3987523,591.9948045,5.506643136,100,57.3870861,32.60141629,6.707146834,0.932928532,64.69155574,TRUE,FALSE,NORMAL
23,88,6,631.8288881,147.2726216,8.460067234,100,28.93102591,0.53891558,20.05331106,0.799466889,54.0442135,TRUE,FALSE,NORMAL
23,88,7,852.6023109,979.7011334,8.191905123,100,0,20.90579337,0,0,0,TRUE,FALSE,NORMAL
23,88,8,404.6208803,58.2973045,5.691867152,100,81.16604052,23.93448265,22.14393885,0.778560611,52.39389064,TRUE,FALSE,NORMAL
23,88,9,473.6999395,122.9669975,4.758430866,100,27.96949335,5.716563691,21.35882774,0.786411723,53.01493673,TRUE,FALSE,NORMAL
23,88,10,694.9370087,272.5307566,6.923007643,100,6.418859286,14.53096328,16.32802066,0.836719793,57.01865787,TRUE,FALSE,NORMAL
23,89,1,419.1257413,841.0958139,1.464212491,100,31.69393774,6.564570327,6.429068863,0.935709311,64.91367608,TRUE,FALSE,NORMAL
23,89,2,20.62367304,760.4448978,3.48057737,100,16.197477,10.79058007,30.0160022,0.699839978,46.12612225,TRUE,FALSE,NORMAL
23,89,3,161.523503,849.6461864,4.961373013,100,30.38908396,12.24334944,15.71675252,0.842832475,57.50097175,TRUE,FALSE,NORMAL
23,89,4,49.67743231,687.4088207,4.401319047,100,6.813778645,4.594224537,27.46884498,0.72531155,48.15701024,TRUE,FALSE,NORMAL
23,89,5,505.0875149,587.9062657,5.506643136,100,57.59228936,30.0686799,5.622246916,0.943777531,65.55809247,TRUE,FALSE,NORMAL
23,89,6,628.0073311,154.8203656,8.460067234,100,27.2554536,0.732884236,20.57953042,0.794204696,53.6247398,TRUE,FALSE,NORMAL
23,89,7,845.6272315,975.4051379,8.191905123,100,0,18.79211967,0,0,0,TRUE,FALSE,NORMAL
23,89,8,404.9470858,63.97981642,5.691867152,100,77.46700301,26.22551603,22.34651864,0.776534814,52.23163934,TRUE,FALSE,NORMAL
23,89,9,477.2860632,126.0946772,4.758430866,100,30.41429457,5.08453972,21.57775644,0.784222436,52.84058595,TRUE,FALSE,NORMAL
23,89,10,701.5267492,274.6528675,6.923007643,100,2.941061711,16.62299466,16.13802245,0.838619776,57.17033193,TRUE,FALSE,NORMAL
22,0,1,722.5268518,837.1500368,4.326300569,100,0,0,27.45896769,0.725410323,48.14284691,TRUE,FALSE,NORMAL
22,0,2,728.2281558,957.3737023,3.844615743,100,4.529970942,0,26.928209,0.73071791,48.56557838,TRUE,FALSE,NORMAL
22,0,3,870.3700969,882.1308418,8.918966968,100,3.613596901,0,24.03497091,0.759650291,50.86658944,TRUE,FALSE,NORMAL
22,0,4,33.11570625,665.6760273,7.401863178,100,0,0,17.07826571,0.829217343,56.43165867,TRUE,FALSE,NORMAL
22,0,5,314.8521221,595.291033,6.936653689,100,0.547118104,0,10.4219446,0.895780554,61.72651351,TRUE,FALSE,NORMAL
22,0,6,756.7457477,28.40353462,9.184785623,100,0,0.69162934,0.408820103,0.995911799,69.72301927,TRUE,FALSE,NORMAL
22,0,7,361.954816,119.7755059,4.010731204,100,0,0,0,0,0,TRUE,FALSE,NORMAL
22,0,8,90.27310439,573.526872,1.659693465,100,2.696983254,2.806751176,22.49979949,0.775002005,52.10178684,TRUE,FALSE,NORMAL
22,0,9,496.2670959,510.5696024,4.754107232,100,3.376273443,0,16.87803766,0.831219623,56.57211416,TRUE,FALSE,NORMAL
22,0,10,744.5915109,326.7046123,3.841447324,100,0,0,0.408820103,0.995911799,69.72301927,TRUE,FALSE,NORMAL
22,1,1,726.8335641,836.7388124,4.326300569,100,0,2.954640619,27.41767201,0.72582328,48.17501572,TRUE,FALSE,NORMAL
22,1,2,728.0465082,961.2140244,3.844615743,100,0,0,26.94238582,0.730576142,48.5534786,TRUE,FALSE,NORMAL
22,1,3,867.7440042,890.6544332,8.918966968,100,4.728676816,0.166945147,24.70844512,0.752915549,50.3302446,TRUE,FALSE,NORMAL
22,1,4,38.43540752,670.8227113,7.401863178,100,4.873535392,0,17.6583013,0.823416987,55.96692941,TRUE,FALSE,NORMAL
22,1,5,308.2867452,593.0520623,6.936653689,100,2.54713851,0.768959152,11.01327285,0.889867271,61.25404109,TRUE,FALSE,NORMAL
22,1,6,765.5727887,30.94196615,9.184785623,100,0,0,0.533810302,0.994661897,69.62315237,TRUE,FALSE,NORMAL
22,1,7,364.0588236,116.360961,4.010731204,100,3.243620984,0.408668664,0,0,0,TRUE,FALSE,NORMAL
22,1,8,89.32401867,572.1653219,1.659693465,100,0,5.119109809,22.75589488,0.772441051,51.89618649,TRUE,FALSE,NORMAL
22,1,9,497.7229086,515.0953227,4.754107232,100,4.576632658,0.98033031,16.10131436,0.838986856,57.19181729,TRUE,FALSE,NORMAL
22,1,10,740.8861793,327.7181385,3.841447324,100,1.257884946,2.540833825,0.533810302,0.994661897,69.62315237,TRUE,FALSE,NORMAL
22,2,1,723.5891758,833.8768514,4.326300569,100,0,0.321737855,26.8508118,0.731491882,48.62657672,TRUE,FALSE,NORMAL
22,2,2,727.9574146,957.3704411,3.844615743,100,1.571621312,0,27.45429004,0.7254571,48.1460018,TRUE,FALSE,NORMAL
22,2,3,867.8423337,899.5728581,8.918966968,100,2.256355801,3.161952547,24.49886086,0.755011391,50.49715788,TRUE,FALSE,NORMAL
22,2,4,43.67047526,665.589964,7.401863178,100,6.902312698,0,19.26546174,0.807345383,54.68644857,TRUE,FALSE,NORMAL
22,2,5,302.9064051,597.4303159,6.936653689,100,3.625374428,1.456732125,11.47319338,0.885268066,60.88639885,TRUE,FALSE,NORMAL
22,2,6,762.4480515,39.57888135,9.184785623,100,2.897844414,1.305319733,1.550795407,0.984492046,68.81060717,TRUE,FALSE,NORMAL
22,2,7,364.9302166,112.4460358,4.010731204,100,0,0,0,0,0,TRUE,FALSE,NORMAL
22,2,8,90.98371127,572.1670159,1.659693465,100,2.541457213,2.964851008,23.84108679,0.761589132,51.03304988,TRUE,FALSE,NORMAL
22,2,9,501.0782525,511.7273555,4.754107232,100,1.0155382,0,7.33632034,0.926636797,64.19056712,TRUE,FALSE,NORMAL
22,2,10,738.0186326,330.2742868,3.841447324,100,0,4.963422217,0.98895324,0.990110468,69.25950597,TRUE,FALSE,NORMAL
22,3,1,719.4730705,835.2089749,4.326300569,100,0,0,27.29505719,0.727049428,48.27280074,TRUE,FALSE,NORMAL
22,3,2,731.7359058,958.0804229,3.844615743,100,2.075606619,2.531036589,28.02128551,0.719787145,47.69468592,TRUE,FALSE,NORMAL
22,3,3,861.2776512,893.5352332,8.918966968,100,5.203148899,2.606897547,25.49498782,0.745050122,49.70407108,TRUE,FALSE,NORMAL
22,3,4,50.97578545,664.3983175,7.401863178,100,11.17277535,0.018763056,20.61681379,0.793831862,53.60911131,TRUE,FALSE,NORMAL
22,3,5,296.6203287,594.4973298,6.936653689,100,1.89614156,3.176820688,12.09231156,0.879076884,60.39190742,TRUE,FALSE,NORMAL
22,3,6,753.2928343,40.31528183,9.184785623,100,7.481814295,3.279718488,2.404661192,0.975953388,68.12842408,TRUE,FALSE,NORMAL
22,3,7,365.4550456,108.4697914,4.010731204,100,2.574410727,1.075232995,0,0,0,TRUE,FALSE,NORMAL
22,3,8,89.93136778,570.8836003,1.659693465,100,5.4584676,3.797617989,24.58582662,0.754141734,50.4405289,TRUE,FALSE,NORMAL
22,3,9,504.7266118,514.7754712,4.754107232,100,4.999993586,0.465190648,6.682782654,0.933172173,64.71225358,TRUE,FALSE,NORMAL
22,3,10,737.3711361,326.4878021,3.841447324,100,0.115285765,2.584344012,1.344580138,0.986554199,68.97538809,TRUE,FALSE,NORMAL
22,4,1,721.8759222,838.8066381,4.326300569,100,2.790572467,2.794901704,28.4230778,0.715769222,47.3750842,TRUE,FALSE,NORMAL
22,4,2,734.4942465,960.7585989,3.844615743,100,4.362425487,5.321515627,28.63639495,0.713636051,47.2053872,TRUE,FALSE,NORMAL
22,4,3,853.2098404,889.7328127,8.918966968,100,5.464093598,1.751855033,27.08879018,0.729112098,48.43566121,TRUE,FALSE,NORMAL
22,4,4,57.96707227,666.8292611,7.401863178,100,15.54849318,0.809486018,21.75024725,0.782497527,52.70495576,TRUE,FALSE,NORMAL
22,4,5,292.0359861,599.7031887,6.936653689,100,0,3.894546461,12.66524244,0.873347576,59.9344405,TRUE,FALSE,NORMAL
22,4,6,746.250705,34.41878273,9.184785623,100,3.558461649,0.713168837,1.67454074,0.983254593,68.71174075,TRUE,FALSE,NORMAL
22,4,7,364.0548269,112.2281624,4.010731204,100,1.564030585,0,0,0,0,TRUE,FALSE,NORMAL
22,4,8,90.27029868,572.5083182,1.659693465,100,9.745557911,0.982120586,25.09634271,0.749036573,50.03406369,TRUE,FALSE,NORMAL
22,4,9,506.359356,519.2404104,4.754107232,100,0.387184192,1.619794558,12.06252312,0.879374769,60.41521886,TRUE,FALSE,NORMAL
22,4,10,741.0409448,325.3523632,3.841447324,100,0,1.372761334,1.67454074,0.983254593,68.71174075,TRUE,FALSE,NORMAL
22,5,1,718.9912422,842.0308431,4.326300569,100,0,1.502809534,28.68415132,0.713158487,47.16736457,TRUE,FALSE,NORMAL
22,5,2,732.8335916,964.2260613,3.844615743,100,6.25186812,5.413134503,29.08616408,0.709138359,46.84767912,TRUE,FALSE,NORMAL
22,5,3,845.8606843,894.7863142,8.918966968,100,2.281289114,1.776217481,27.86313962,0.721368604,47.81979389,TRUE,FALSE,NORMAL
22,5,4,61.42803854,660.2863802,7.401863178,100,20.22489417,0,22.42608531,0.775739147,52.17070741,TRUE,FALSE,NORMAL
22,5,5,295.8881056,593.9344506,6.936653689,100,0,3.792171009,12.79766549,0.872023345,59.82869246,TRUE,FALSE,NORMAL
22,5,6,753.1343282,28.33799181,9.184785623,100,0,3.662283073,0.950872523,0.990491275,69.28992511,TRUE,FALSE,NORMAL
22,5,7,360.0442027,112.1988614,4.010731204,100,4.040425282,2.386993885,0,0,0,TRUE,FALSE,NORMAL
22,5,8,91.46209843,573.6633922,1.659693465,100,9.035150452,2.139475671,25.63163151,0.743683685,49.61194884,TRUE,FALSE,NORMAL
22,5,9,509.0076226,523.1886023,4.754107232,100,0,4.452205299,12.79585868,0.872041413,59.82981571,TRUE,FALSE,NORMAL
22,5,10,744.4152941,323.5164752,3.841447324,100,0,0,0.950872523,0.990491275,69.28992511,TRUE,FALSE,NORMAL
22,6,1,715.0886924,843.8981893,4.326300569,100,0.023308079,4.125580225,29.12448937,0.708755106,46.81719829,TRUE,FALSE,NORMAL
22,6,2,736.5616701,965.1654764,3.844615743,100,6.548015912,4.529363559,29.92100659,0.700789934,46.18426516,TRUE,FALSE,NORMAL
22,6,3,836.9420226,894.7125269,8.918966968,100,0,4.485167558,29.16839282,0.708316072,46.78232801,TRUE,FALSE,NORMAL
22,6,4,59.0345777,653.2821726,7.401863178,100,16.02818678,2.500160012,22.76770388,0.772322961,51.90299989,TRUE,FALSE,NORMAL
22,6,5,296.0160078,586.9989761,6.936653689,100,0,1.072841503,12.99893347,0.870010665,59.6681118,TRUE,FALSE,NORMAL
22,6,6,744.5604302,31.63170698,9.184785623,100,0,1.538784517,1.112392409,0.988876076,69.16087475,TRUE,FALSE,NORMAL
22,6,7,364.0311107,112.6353586,4.010731204,100,0,1.028559836,0,0,0,TRUE,FALSE,NORMAL
22,6,8,92.67935441,574.7916077,1.659693465,100,12.44351492,0.359013815,26.31979674,0.736802033,49.06760912,TRUE,FALSE,NORMAL
22,6,9,508.2084246,527.8750528,4.754107232,100,1.388759755,6.571754601,13.51339297,0.86486607,59.25707445,TRUE,FALSE,NORMAL
22,6,10,747.3797067,325.9596239,3.841447324,100,0,1.252003253,1.112392409,0.988876076,69.16087475,TRUE,FALSE,NORMAL
22,7,1,713.0576664,840.0782665,4.326300569,100,0,5.965389013,28.65559859,0.713444014,47.18972034,TRUE,FALSE,NORMAL
22,7,2,738.9177399,968.2035688,3.844615743,100,7.302255533,4.420032934,30.03812285,0.699618772,46.09181848,TRUE,FALSE,NORMAL
22,7,3,829.0225882,898.8150299,8.918966968,100,0.805395839,2.850670058,30.09892598,0.69901074,46.04348773,TRUE,FALSE,NORMAL
22,7,4,53.43706243,658.1252503,7.401863178,100,11.492739,0,22.108156,0.77891844,52.42360137,TRUE,FALSE,NORMAL
22,7,5,289.0819667,587.1893396,6.936653689,100,0,0,13.36422651,0.866357735,59.3767369,TRUE,FALSE,NORMAL
22,7,6,745.9248017,40.71459073,9.184785623,100,0,3.287153741,3.062678571,0.969373214,67.60273335,TRUE,FALSE,NORMAL
22,7,7,366.8834414,115.454964,4.010731204,100,0,0,0,0,0,TRUE,FALSE,NORMAL
22,7,8,94.32511406,574.5769974,1.659693465,100,15.78938789,0,26.37821121,0.736217888,49.01543708,TRUE,FALSE,NORMAL
22,7,9,503.5301865,528.7209981,4.754107232,100,1.47005729,4.791066328,13.17795101,0.86822049,59.52482064,TRUE,FALSE,NORMAL
22,7,10,744.5219256,323.3925624,3.841447324,100,0,0.463796461,3.062678571,0.969373214,67.60273335,TRUE,FALSE,NORMAL
22,8,1,717.3467463,840.6445445,4.326300569,100,0,5.029567291,30.04089463,0.699591054,46.08919878,TRUE,FALSE,NORMAL
22,8,2,735.8728774,965.856255,3.844615743,100,5.30904173,1.996642116,30.87474696,0.69125253,45.42777907,TRUE,FALSE,NORMAL
22,8,3,820.1225555,898.2341773,8.918966968,100,4.474388071,4.951064523,31.61952135,0.683804787,44.836296,TRUE,FALSE,NORMAL
22,8,4,46.77620907,654.8971531,7.401863178,100,14.76833127,1.05637852,21.95483333,0.780451667,52.54611089,TRUE,FALSE,NORMAL
22,8,5,287.1754716,593.8588553,6.936653689,100,0.161644594,0,12.89429339,0.871057066,59.75188507,TRUE,FALSE,NORMAL
22,8,6,736.7420326,40.90704254,9.184785623,100,0,2.606198714,2.798220677,0.972017793,67.81400663,TRUE,FALSE,NORMAL
22,8,7,363.5893727,113.1669351,4.010731204,100,0,0,0,0,0,TRUE,FALSE,NORMAL
22,8,8,92.72410475,574.1395599,1.659693465,100,15.35252277,0,26.36324397,0.73636756,49.02744309,TRUE,FALSE,NORMAL
22,8,9,504.7384478,524.1229942,4.754107232,100,4.524297572,4.97076044,12.14022109,0.878597789,60.35319228,TRUE,FALSE,NORMAL
22,8,10,741.09889,325.1359915,3.841447324,100,2.241338011,2.823515846,2.798220677,0.972017793,67.81400663,TRUE,FALSE,NORMAL
22,9,1,717.9701352,836.3633924,4.326300569,100,0,3.518788246,29.74520373,0.702547963,46.32397113,TRUE,FALSE,NORMAL
22,9,2,735.8173763,962.0120398,3.844615743,100,9.844077622,2.718084259,30.30395984,0.696960402,45.88046529,TRUE,FALSE,NORMAL
22,9,3,825.7286893,891.2973743,8.918966968,100,2.581770449,3.333496902,30.80990264,0.691900974,45.47857506,TRUE,FALSE,NORMAL
22,9,4,43.54578739,661.5568794,7.401863178,100,11.34186431,0,21.26022184,0.787397782,53.09506434,TRUE,FALSE,NORMAL
22,9,5,282.9121068,599.3306818,6.936653689,100,3.229447979,0.994531154,13.00478051,0.869952195,59.66386631,TRUE,FALSE,NORMAL
22,9,6,729.4768778,35.28762861,9.184785623,100,0,2.956832424,1.228590682,0.987714093,69.06803589,TRUE,FALSE,NORMAL
22,9,7,360.691717,110.3939302,4.010731204,100,0,0,0,0,0,TRUE,FALSE,NORMAL
22,9,8,94.20477242,573.3897561,1.659693465,100,14.77650209,2.78910808,26.0268015,0.739731985,49.29076611,TRUE,FALSE,NORMAL
22,9,9,504.1225324,528.8370353,4.754107232,100,7.464799552,7.678148353,11.5192562,0.884807438,60.84892549,TRUE,FALSE,NORMAL
22,9,10,739.8039633,328.7526035,3.841447324,100,0.137256149,3.750914523,1.228590682,0.987714093,69.06803589,TRUE,FALSE,NORMAL
22,10,1,721.2633948,839.1689792,4.326300569,100,0.431281086,5.491928015,30.00766332,0.699923367,46.11549484,TRUE,FALSE,NORMAL
22,10,2,732.3710596,963.716144,3.844615743,100,7.845560354,4.061904628,30.68197757,0.693180224,45.58040316,TRUE,FALSE,NORMAL
22,10,3,824.3282387,900.1057062,8.918966968,100,0.584894246,3.596313453,31.13319597,0.68866804,45.22204551,TRUE,FALSE,NORMAL
22,10,4,36.55107394,663.9779458,7.401863178,100,6.469788776,2.128846296,19.75744586,0.802425541,54.29187705,TRUE,FALSE,NORMAL
22,10,5,288.5093929,603.4279433,6.936653689,100,2.736403046,3.045789146,12.30765275,0.876923473,60.2203177,TRUE,FALSE,NORMAL
22,10,6,720.2978851,34.96147005,9.184785623,100,0,2.719864509,1.392661043,0.98607339,68.93694967,TRUE,FALSE,NORMAL
22,10,7,364.3006413,108.6441788,4.010731204,100,0,0.370094354,0,0,0,TRUE,FALSE,NORMAL
22,10,8,92.98956399,572.2593355,1.659693465,100,10.76073605,1.811933587,24.88224398,0.75117756,50.20089762,TRUE,FALSE,NORMAL
22,10,9,500.1818007,526.1776802,4.754107232,100,4.855701689,10.41609032,12.66621303,0.87333787,59.933305,TRUE,FALSE,NORMAL
22,10,10,743.0755887,326.7393511,3.841447324,100,2.109273713,6.403636732,1.392661043,0.98607339,68.93694967,TRUE,FALSE,NORMAL
22,11,1,723.2231145,843.0259697,4.326300569,100,0,6.691006369,30.31338597,0.69686614,45.87275407,TRUE,FALSE,NORMAL
22,11,2,732.0348879,959.8862538,3.844615743,100,6.158632581,1.688123961,31.49381711,0.685061829,44.93589686,TRUE,FALSE,NORMAL
22,11,3,829.0044737,907.7004938,8.918966968,100,0.374490661,2.001665466,30.91616876,0.690838312,45.39456627,TRUE,FALSE,NORMAL
22,11,4,43.95269989,663.9186858,7.401863178,100,6.170218899,0.21834437,21.34664658,0.786533534,53.02538925,TRUE,FALSE,NORMAL
22,11,5,282.21124,606.3349063,6.936653689,100,1.666828702,2.837102319,13.33448084,0.866655192,59.40059276,TRUE,FALSE,NORMAL
22,11,6,715.4862893,42.78507746,9.184785623,100,0,2.260618301,2.408797393,0.975912026,68.1251196,TRUE,FALSE,NORMAL
22,11,7,360.2972915,108.8873957,4.010731204,100,0,0,0,0,0,TRUE,FALSE,NORMAL
22,11,8,93.52935285,573.8287973,1.659693465,100,10.89317269,2.256508891,25.84637375,0.741536263,49.43410322,TRUE,FALSE,NORMAL
22,11,9,495.7715413,527.9528273,4.754107232,100,0,8.18544749,12.30380861,0.876961914,60.22260147,TRUE,FALSE,NORMAL
22,11,10,746.8053274,327.659007,3.841447324,100,4.065291767,6.718395769,2.408797393,0.975912026,68.1251196,TRUE,FALSE,NORMAL
22,12,1,726.4200903,840.1111417,4.326300569,100,0,7.389922174,29.83101561,0.701689844,46.25574311,TRUE,FALSE,NORMAL
22,12,2,729.9485517,963.1155372,3.844615743,100,7.173694072,1.008553316,31.3477829,0.686522171,45.05232827,TRUE,FALSE,NORMAL
22,12,3,824.6321896,915.4742383,8.918966968,100,1.593102338,0,31.28491698,0.68715083,45.10226248,TRUE,FALSE,NORMAL
22,12,4,44.73681667,671.278899,7.401863178,100,6.67990557,0,21.10256101,0.78897439,53.21658174,TRUE,FALSE,NORMAL
22,12,5,275.8245196,603.6280692,6.936653689,100,0,4.494460996,13.99073604,0.86009264,58.87703871,TRUE,FALSE,NORMAL
22,12,6,714.1433755,33.69899638,9.184785623,100,0,1.759173281,1.507257811,0.984927422,68.84539171,TRUE,FALSE,NORMAL
22,12,7,363.5534395,111.2290756,4.010731204,100,0,0,0,0,0,TRUE,FALSE,NORMAL
22,12,8,95.17384048,573.6046482,1.659693465,100,11.41036548,1.563763312,25.93977002,0.7406023,49.35652785,TRUE,FALSE,NORMAL
22,12,9,492.5506198,531.4495687,4.754107232,100,2.334062305,6.892060812,12.14638449,0.878536155,60.34827203,TRUE,FALSE,NORMAL
22,12,10,747.0141171,323.823238,3.841447324,100,2.069508093,9.01516726,1.507257811,0.984927422,68.84539171,TRUE,FALSE,NORMAL
22,13,1,729.7479661,842.87558,4.326300569,100,0,7.938741081,29.47854961,0.705214504,46.53575176,TRUE,FALSE,NORMAL
22,13,2,730.0441294,966.9589647,3.844615743,100,3.253248911,2.251908423,30.45787287,0.695421271,45.75809588,TRUE,FALSE,NORMAL
22,13,3,833.540109,915.9180223,8.918966968,100,0,0.690204305,30.21731328,0.697826867,45.94921534,TRUE,FALSE,NORMAL
22,13,4,51.22181482,667.7106533,7.401863178,100,3.503475101,2.234512361,22.41097052,0.775890295,52.17470216,TRUE,FALSE,NORMAL
22,13,5,274.7575744,610.4821769,6.936653689,100,4.371438487,1.905761711,14.0768979,0.859231021,58.80813692,TRUE,FALSE,NORMAL
22,13,6,722.7638932,36.86869037,9.184785623,100,0,0,1.610449832,0.983895502,68.76294614,TRUE,FALSE,NORMAL
22,13,7,366.6516656,113.7760266,4.010731204,100,1.099259643,2.563030339,0,0,0,TRUE,FALSE,NORMAL
22,13,8,94.01554157,572.4159825,1.659693465,100,7.897680746,3.968297622,26.2742189,0.737257811,49.0921265,TRUE,FALSE,NORMAL
22,13,9,497.0119979,533.0920187,4.754107232,100,2.844958305,9.534418669,10.98774578,0.890122542,61.27327049,TRUE,FALSE,NORMAL
22,13,10,745.4803441,327.3452059,3.841447324,100,5.281773567,7.062079075,1.610449832,0.983895502,68.76294614,TRUE,FALSE,NORMAL
22,14,1,732.4989012,839.5365334,4.326300569,100,2.353162571,10.34857367,29.34301733,0.706569827,46.64355313,TRUE,FALSE,NORMAL
22,14,2,727.7982132,970.0793702,3.844615743,100,0.822010703,1.70139456,30.36521245,0.696347875,45.83239333,TRUE,FALSE,NORMAL
22,14,3,825.1312688,918.8911316,8.918966968,100,0,3.089995863,31.09961018,0.689003898,45.24888414,TRUE,FALSE,NORMAL
22,14,4,58.02437439,670.6283171,7.401863178,100,1.633082659,0,22.48764792,0.775123521,52.11423299,TRUE,FALSE,NORMAL
22,14,5,280.0447259,605.9918324,6.936653689,100,1.569771845,2.507486871,14.12628158,0.858737184,58.76845545,TRUE,FALSE,NORMAL
22,14,6,727.0940538,44.96869016,9.184785623,100,4.385412061,0,2.75820892,0.972417911,67.84597199,TRUE,FALSE,NORMAL
22,14,7,366.664403,109.7653156,4.010731204,100,1.817099893,2.269575275,0,0,0,TRUE,FALSE,NORMAL
22,14,8,92.86151777,573.6087991,1.659693465,100,12.02207463,5.7450264,25.95041983,0.740495802,49.35099545,TRUE,FALSE,NORMAL
22,14,9,495.2705376,528.6683492,4.754107232,100,2.646518125,10.14864327,12.10196827,0.878980317,60.38372958,TRUE,FALSE,NORMAL
22,14,10,749.1049852,328.6174851,3.841447324,100,3.694671888,7.327229593,2.75820892,0.972417911,67.84597199,TRUE,FALSE,NORMAL
22,15,1,728.5824755,841.3745994,4.326300569,100,2.404459199,8.738094498,29.21066445,0.707893356,46.74860824,TRUE,FALSE,NORMAL
22,15,2,726.2011236,966.5821749,3.844615743,100,0.953540828,3.514283611,30.0820902,0.699179098,46.05641636,TRUE,FALSE,NORMAL
22,15,3,833.6160856,916.1423399,8.918966968,100,0.447230662,5.620211548,29.76835618,0.702316438,46.30571287,TRUE,FALSE,NORMAL
22,15,4,53.09069918,676.1461452,7.401863178,100,2.258390796,0,22.03688797,0.77963112,52.47116906,TRUE,FALSE,NORMAL
22,15,5,274.0936922,609.5558698,6.936653689,100,4.971589918,3.785041735,13.77444377,0.862255562,59.04954643,TRUE,FALSE,NORMAL
22,15,6,725.7842154,54.05959827,9.184785623,100,4.827681564,1.316632043,4.596354668,0.954036453,66.37755815,TRUE,FALSE,NORMAL
22,15,7,366.2914968,113.7586733,4.010731204,100,4.725738558,2.020867079,0,0,0,TRUE,FALSE,NORMAL
22,15,8,91.37036735,574.3375328,1.659693465,100,16.38554025,8.031228957,25.79024137,0.742097586,49.47622169,TRUE,FALSE,NORMAL
22,15,9,497.8323041,524.6634911,4.754107232,100,2.429601829,8.08062512,10.3243225,0.896756775,61.80296332,TRUE,FALSE,NORMAL
22,15,10,752.1677623,326.2988402,3.841447324,100,1.662978469,4.868704108,4.596354668,0.954036453,66.37755815,TRUE,FALSE,NORMAL
22,16,1,726.9093266,837.3849316,4.326300569,100,2.593490823,11.67900006,28.10350867,0.718964913,47.62875406,TRUE,FALSE,NORMAL
22,16,2,722.3633068,966.35363,3.844615743,100,3.786268864,1.349838039,28.71912081,0.712808792,47.13923399,TRUE,FALSE,NORMAL
22,16,3,842.1633621,913.5943926,8.918966968,100,0,8.303443275,27.94629088,0.720537091,47.7537176,TRUE,FALSE,NORMAL
22,16,4,59.77424705,672.9653016,7.401863178,100,2.382059047,2.532875483,23.51468324,0.764853168,51.29378477,TRUE,FALSE,NORMAL
22,16,5,269.6748394,614.9029162,6.936653689,100,4.580569352,6.5078119,14.17955856,0.858204414,58.72656286,TRUE,FALSE,NORMAL
22,16,6,729.4381006,62.48630639,9.184785623,100,2.659543029,2.286316622,6.617575183,0.933824248,64.76309628,TRUE,FALSE,NORMAL
22,16,7,362.3435534,113.0517734,4.010731204,100,6.809578094,3.267760729,0,0,0,TRUE,FALSE,NORMAL
22,16,8,93.01892343,574.1455817,1.659693465,100,11.56150547,6.810778091,26.57809594,0.734219041,48.84991583,TRUE,FALSE,NORMAL
22,16,9,502.5724042,524.2988169,4.754107232,100,3.146218224,8.238571124,8.549159121,0.914508409,63.2204573,TRUE,FALSE,NORMAL
22,16,10,753.7366185,322.7923594,3.841447324,100,0.477537624,5.873078812,6.617575183,0.933824248,64.76309628,TRUE,FALSE,NORMAL
22,17,1,729.4835926,840.8620038,4.326300569,100,4.988062369,13.37168599,27.86006957,0.721399304,47.82257561,TRUE,FALSE,NORMAL
22,17,2,718.6895076,967.486886,3.844615743,100,3.204835271,2.870254159,28.09447032,0.719055297,47.63607697,TRUE,FALSE,NORMAL
22,17,3,849.9175016,918.0013522,8.918966968,100,1.997321243,9.827495131,26.74485779,0.732551422,48.70928772,TRUE,FALSE,NORMAL
22,17,4,58.43790293,680.2455325,7.401863178,100,6.267222187,1.738122096,23.15251508,0.768474849,51.58006421,TRUE,FALSE,NORMAL
22,17,5,263.5138962,611.7154495,6.936653689,100,7.137602723,3.547578964,14.22178313,0.857782169,58.69344758,TRUE,FALSE,NORMAL
22,17,6,732.6471953,53.88037831,9.184785623,100,0.674802741,1.641948419,5.850807089,0.941491929,65.37553018,TRUE,FALSE,NORMAL
22,17,7,359.6016948,115.9789181,4.010731204,100,11.66897646,4.687797928,0,0,0,TRUE,FALSE,NORMAL
22,17,8,93.05909935,575.8047889,1.659693465,100,8.391657788,8.948521642,26.682362,0.73317638,48.76446908,TRUE,FALSE,NORMAL
22,17,9,506.8332367,526.4075706,4.754107232,100,2.16363633,10.49040041,7.219748529,0.927802515,64.28215192,TRUE,FALSE,NORMAL
22,17,10,752.4931647,319.1577287,3.841447324,100,5.346495524,8.183208664,5.850807089,0.941491929,65.37553018,TRUE,FALSE,NORMAL
22,18,1,729.6663534,836.5395652,4.326300569,100,0.860385933,11.09164014,26.70019187,0.732998081,48.74529321,TRUE,FALSE,NORMAL
22,18,2,722.3797707,968.5653238,3.844615743,100,0,4.976598523,27.17292805,0.72827072,48.36897615,TRUE,FALSE,NORMAL
22,18,3,858.6487062,916.1809025,8.918966968,100,1.2080145,9.732903128,25.53559993,0.744644001,49.6716953,TRUE,FALSE,NORMAL
22,18,4,65.51826306,678.0877376,7.401863178,100,5.633240717,3.736240228,23.65099433,0.763490057,51.18467462,TRUE,FALSE,NORMAL
22,18,5,269.2739687,607.8503842,6.936653689,100,7.871717715,2.946744272,14.48057549,0.855194245,58.48629664,TRUE,FALSE,NORMAL
22,18,6,741.8165891,54.41189034,9.184785623,100,0.326488572,3.723397999,6.396916792,0.936030832,64.93933733,TRUE,FALSE,NORMAL
22,18,7,357.1627129,112.7950003,4.010731204,100,10.14647225,6.992645122,0,0,0,TRUE,FALSE,NORMAL
22,18,8,91.54433234,576.4830685,1.659693465,100,8.739390989,6.9854844,26.59374648,0.734062535,48.83716206,TRUE,FALSE,NORMAL
22,18,9,504.4934711,530.5460525,4.754107232,100,0,12.24682629,8.934996018,0.91065004,62.91234186,TRUE,FALSE,NORMAL
22,18,10,749.2737725,317.0619637,3.841447324,100,8.173747712,8.195584168,6.396916792,0.936030832,64.93933733,TRUE,FALSE,NORMAL
22,19,1,729.3676657,840.8555427,4.326300569,100,4.472882568,12.40899829,27.45795464,0.725420454,48.14220725,TRUE,FALSE,NORMAL
22,19,2,720.5030656,971.9207744,3.844615743,100,0.160555048,5.33550002,26.87527304,0.73124727,48.60598731,TRUE,FALSE,NORMAL
22,19,3,856.4087318,907.5477984,8.918966968,100,0,10.78818077,25.84959476,0.741504052,49.42177762,TRUE,FALSE,NORMAL
22,19,4,58.43839722,675.9283214,7.401863178,100,3.046832183,2.661133779,23.81111715,0.761888828,51.0575842,TRUE,FALSE,NORMAL
22,19,5,262.3385182,607.7211896,6.936653689,100,10.64251492,1.648351764,14.56613996,0.8543386,58.41859055,TRUE,FALSE,NORMAL
22,19,6,745.2645295,62.92493878,9.184785623,100,4.463110398,6.292418204,8.293820004,0.9170618,63.42436746,TRUE,FALSE,NORMAL
22,19,7,358.2507731,108.9346778,4.010731204,100,11.85403687,9.100836532,0,0,0,TRUE,FALSE,NORMAL
22,19,8,92.11824889,578.0403746,1.659693465,100,13.18079162,9.687238399,27.35733049,0.726426695,48.22904813,TRUE,FALSE,NORMAL
22,19,9,506.0371212,535.0425712,4.754107232,100,3.95892207,11.45010013,7.811625627,0.921883744,63.80945268,TRUE,FALSE,NORMAL
22,19,10,751.9046185,314.2627911,3.841447324,100,11.5298886,9.193515531,8.293820004,0.9170618,63.42436746,TRUE,FALSE,NORMAL
22,20,1,725.064352,840.4101581,4.326300569,100,3.709013341,10.23589457,27.5997555,0.724002445,48.02939712,TRUE,FALSE,NORMAL
22,20,2,716.7325843,971.169415,3.844615743,100,4.411598601,6.280130108,27.39536949,0.726046305,48.19203567,TRUE,FALSE,NORMAL
22,20,3,848.2975097,911.256713,8.918966968,100,0,10.97918959,26.45381243,0.735461876,48.9408675,TRUE,FALSE,NORMAL
22,20,4,63.06248586,681.7080604,7.401863178,100,4.090028317,0.258727729,23.642722,0.76357278,51.18945457,TRUE,FALSE,NORMAL
22,20,5,263.8609166,614.48872,6.936653689,100,9.617976778,0,14.23912456,0.857608754,58.67952349,TRUE,FALSE,NORMAL
22,20,6,736.5391908,65.79351878,9.184785623,100,5.081264864,8.108338724,9.063055811,0.909369442,62.81008018,TRUE,FALSE,NORMAL
22,20,7,361.5542518,111.2090995,4.010731204,100,6.912502643,10.20707835,0,0,0,TRUE,FALSE,NORMAL
22,20,8,91.12388851,576.7115293,1.659693465,100,8.627332773,8.015946578,26.57674224,0.734232578,48.84916345,TRUE,FALSE,NORMAL
22,20,9,510.7907362,535.1109779,4.754107232,100,3.546470904,11.60776778,6.962937912,0.930370621,64.48725899,TRUE,FALSE,NORMAL
22,20,10,748.5838737,312.3316329,3.841447324,100,15.2573986,8.452363772,9.063055811,0.909369442,62.81008018,TRUE,FALSE,NORMAL
22,21,1,723.762283,844.5358693,4.326300569,100,2.583559463,7.736158964,28.30251296,0.71697487,47.47070473,TRUE,FALSE,NORMAL
22,21,2,720.3936524,969.9956815,3.844615743,100,8.968537333,8.468256979,27.70081708,0.722991829,47.9494832,TRUE,FALSE,NORMAL
22,21,3,850.4626394,902.6045349,8.918966968,100,2.081299016,8.516997262,26.52559356,0.734744064,48.88380476,TRUE,FALSE,NORMAL
22,21,4,59.65871452,688.2808771,7.401863178,100,2.686757913,2.753019513,22.30843656,0.776915634,52.25066121,TRUE,FALSE,NORMAL
22,21,5,262.8822676,607.621449,6.936653689,100,9.846895913,0,13.82524248,0.861747575,59.01009686,TRUE,FALSE,NORMAL
22,21,6,730.7202654,72.89988168,9.184785623,100,5.593877926,9.633055873,10.82979679,0.891702032,61.39937755,TRUE,FALSE,NORMAL
22,21,7,360.1153608,114.9528352,4.010731204,100,9.681667291,11.56592878,0,0,0,TRUE,FALSE,NORMAL
22,21,8,91.87628529,575.2321776,1.659693465,100,6.678699314,7.208735287,26.05401809,0.739459819,49.26289584,TRUE,FALSE,NORMAL
22,21,9,515.51046,535.6817173,4.754107232,100,0,13.10789216,6.41104285,0.935889571,64.92805468,TRUE,FALSE,NORMAL
22,21,10,748.7723077,308.49481,3.841447324,100,19.30177052,6.24447775,10.82979679,0.891702032,61.39937755,TRUE,FALSE,NORMAL
22,22,1,719.4434303,844.7896178,4.326300569,100,4.325520071,7.477066411,28.25007001,0.7174993,47.51221453,TRUE,FALSE,NORMAL
22,22,2,718.2926712,973.215456,3.844615743,100,10.82149249,9.688403399,27.91685213,0.720831479,47.77728213,TRUE,FALSE,NORMAL
22,22,3,842.1526773,905.843748,8.918966968,100,2.190007162,9.799288226,27.18578154,0.728142185,48.35851726,TRUE,FALSE,NORMAL
22,22,4,62.7297367,681.5461609,7.401863178,100,4.498724377,5.139817916,23.40588112,0.765941189,51.37768501,TRUE,FALSE,NORMAL
22,22,5,259.8538008,601.3808118,6.936653689,100,5.185328347,0,14.24249172,0.857575083,58.67726243,TRUE,FALSE,NORMAL
22,22,6,737.1714678,66.36212414,9.184785623,100,1.675450353,8.988155156,9.461836788,0.905381632,62.49164251,TRUE,FALSE,NORMAL
22,22,7,356.8755315,112.588629,4.010731204,100,13.42418178,14.02196486,0,0,0,TRUE,FALSE,NORMAL
22,22,8,90.33065386,574.6275241,1.659693465,100,8.661947974,6.928677879,26.86544839,0.731345516,48.61839963,TRUE,FALSE,NORMAL
22,22,9,513.8327275,531.2334874,4.754107232,100,3.586138021,10.76454169,6.274372685,0.937256273,65.03721519,TRUE,FALSE,NORMAL
22,22,10,745.6045525,310.6678365,3.841447324,100,18.67625087,9.121926736,9.461836788,0.905381632,62.49164251,TRUE,FALSE,NORMAL
22,23,1,715.3214094,846.1033224,4.326300569,100,7.707817707,4.850731921,27.50984694,0.724901531,48.10145437,TRUE,FALSE,NORMAL
22,23,2,721.8362302,971.7240607,3.844615743,100,6.729179451,10.85985886,27.81344264,0.721865574,47.85981401,TRUE,FALSE,NORMAL
22,23,3,851.0628925,906.2387618,8.918966968,100,0,8.281325041,25.8938616,0.741061384,49.3865045,TRUE,FALSE,NORMAL
22,23,4,60.44815478,688.587607,7.401863178,100,0,4.564944417,22.76057259,0.772394274,51.88939101,TRUE,FALSE,NORMAL
22,23,5,253.0806539,599.8835988,6.936653689,100,9.083901924,0,14.52644062,0.854735594,58.45137725,TRUE,FALSE,NORMAL
22,23,6,728.0426587,65.34963676,9.184785623,100,0,11.06282395,9.307364347,0.906926357,62.6149917,TRUE,FALSE,NORMAL
22,23,7,354.4615568,109.3857099,4.010731204,100,15.77071017,15.39807491,0,0,0,TRUE,FALSE,NORMAL
22,23,8,91.91100294,574.1204943,1.659693465,100,9.886992588,8.947288977,26.8670579,0.731329421,48.61467545,TRUE,FALSE,NORMAL
22,23,9,510.7274471,527.6336583,4.754107232,100,8.005793766,11.30741496,5.588600848,0.944113992,65.58496749,TRUE,FALSE,NORMAL
22,23,10,741.7772554,310.3384208,3.841447324,100,23.01237202,6.50202706,9.307364347,0.906926357,62.6149917,TRUE,FALSE,NORMAL
22,24,1,714.0577559,850.2409614,4.326300569,100,12.66378319,7.680866936,27.7534155,0.722465845,47.90828556,TRUE,FALSE,NORMAL
22,24,2,725.5330369,970.6682715,3.844615743,100,8.236461878,8.511005276,27.86266124,0.721373388,47.82131581,TRUE,FALSE,NORMAL
22,24,3,856.3451923,899.0522967,8.918966968,100,3.206314615,6.66113138,25.36828315,0.746317169,49.80485801,TRUE,FALSE,NORMAL
22,24,4,64.73153491,694.6241816,7.401863178,100,2.361091826,1.711676021,21.91389056,0.780861094,52.56299506,TRUE,FALSE,NORMAL
22,24,5,259.6519416,602.105162,6.936653689,100,5.799999986,2.459692806,14.56285432,0.854371457,58.4215169,TRUE,FALSE,NORMAL
22,24,6,729.9836527,56.37228587,9.184785623,100,0,8.406013612,8.320995489,0.916790045,63.4026653,TRUE,FALSE,NORMAL
22,24,7,355.8149304,113.1612025,4.010731204,100,18.60049168,14.73577897,0,0,0,TRUE,FALSE,NORMAL
22,24,8,92.93090741,572.811152,1.659693465,100,7.700718185,11.45652644,25.81938641,0.741806136,49.44804478,TRUE,FALSE,NORMAL
22,24,9,506.1111505,528.7700301,4.754107232,100,3.072912476,13.28478684,7.337285926,0.926627141,64.18827961,TRUE,FALSE,NORMAL
22,24,10,739.2271913,307.4654623,3.841447324,100,27.98395732,5.561558656,8.320995489,0.916790045,63.4026653,TRUE,FALSE,NORMAL
22,25,1,714.746056,854.5121579,4.326300569,100,13.04344088,8.996471431,28.23547492,0.717645251,47.52547642,TRUE,FALSE,NORMAL
22,25,2,729.2333715,969.6249146,3.844615743,100,9.202785721,8.780610787,27.99096966,0.720090303,47.7201422,TRUE,FALSE,NORMAL
22,25,3,859.9641463,890.9005396,8.918966968,100,3.07472067,8.597466571,25.13597234,0.748640277,49.98981409,TRUE,FALSE,NORMAL
22,25,4,61.21489904,701.1373107,7.401863178,100,3.318850614,2.099200305,20.50023868,0.794997613,53.68969158,TRUE,FALSE,NORMAL
22,25,5,262.1909753,595.649895,6.936653689,100,5.728296046,4.653653737,14.28872642,0.857112736,58.63997034,TRUE,FALSE,NORMAL
22,25,6,732.6196741,65.17067653,9.184785623,100,0,8.167596819,9.228238043,0.90771762,62.67817622,TRUE,FALSE,NORMAL
22,25,7,359.3794358,111.3226526,4.010731204,100,21.58284159,17.00397648,0,0,0,TRUE,FALSE,NORMAL
22,25,8,92.0420809,574.2127831,1.659693465,100,9.515343142,12.83138273,25.15917089,0.748408291,49.97312765,TRUE,FALSE,NORMAL
22,25,9,502.4351873,531.7847988,4.754107232,100,0.051125351,14.53200217,8.768983947,0.912310161,63.04491187,TRUE,FALSE,NORMAL
22,25,10,740.9993167,310.8737301,3.841447324,100,23.08130884,4.697947577,9.228238043,0.90771762,62.67817622,TRUE,FALSE,NORMAL
22,26,1,718.9949681,855.3267882,4.326300569,100,13.68543279,11.13512438,29.25193105,0.70748069,46.71645412,TRUE,FALSE,NORMAL
22,26,2,732.4371894,971.750149,3.844615743,100,11.67593011,8.205920566,28.57651492,0.714234851,47.25379318,TRUE,FALSE,NORMAL
22,26,3,851.1693333,889.4175575,8.918966968,100,0.193815561,8.295805388,26.93822435,0.730617756,48.55551761,TRUE,FALSE,NORMAL
22,26,4,61.81251244,708.5150093,7.401863178,100,5.016194626,0,19.22459676,0.807754032,54.70644858,TRUE,FALSE,NORMAL
22,26,5,269.1253798,595.4732662,6.936653689,100,7.807336675,6.797942189,13.57897156,0.864210284,59.20617712,TRUE,FALSE,NORMAL
22,26,6,740.2492209,60.05693981,9.184785623,100,1.850610524,5.818535792,8.958178765,0.910418212,62.89382927,TRUE,FALSE,NORMAL
22,26,7,361.8516153,114.4808631,4.010731204,100,25.20380631,15.19275355,0,0,0,TRUE,FALSE,NORMAL
22,26,8,93.0676662,575.5176805,1.659693465,100,12.18349367,11.4087144,24.17149553,0.758285045,50.75939232,TRUE,FALSE,NORMAL
22,26,9,506.5094258,529.3348771,4.754107232,100,0.439950664,15.90602339,9.131183141,0.908688169,62.75567782,TRUE,FALSE,NORMAL
22,26,10,742.8395617,307.501755,3.841447324,100,23.81732773,6.277055466,8.958178765,0.910418212,62.89382927,TRUE,FALSE,NORMAL
22,27,1,717.3729859,851.3160463,4.326300569,100,14.87549631,13.57236439,27.84844533,0.721515547,47.83203429,TRUE,FALSE,NORMAL
22,27,2,733.742856,975.3662663,3.844615743,100,14.52125668,9.17703701,27.06301616,0.729369838,48.45730577,TRUE,FALSE,NORMAL
22,27,3,858.6415381,884.5478422,8.918966968,100,4.302566982,9.654403561,25.36930741,0.746306926,49.80413432,TRUE,FALSE,NORMAL
22,27,4,57.20261436,714.306073,7.401863178,100,9.164900199,0,18.04195936,0.819580406,55.6493049,TRUE,FALSE,NORMAL
22,27,5,273.6642138,600.7188502,6.936653689,100,3.421355427,8.658712093,13.14378877,0.868562112,59.55337323,TRUE,FALSE,NORMAL
22,27,6,748.7050193,56.47088913,9.184785623,100,0.780002905,7.616835168,8.455796893,0.915442031,63.29501453,TRUE,FALSE,NORMAL
22,27,7,357.8420484,114.5774957,4.010731204,100,25.69062484,15.62434749,0,0,0,TRUE,FALSE,NORMAL
22,27,8,94.10366935,576.8143223,1.659693465,100,16.95530498,11.55151074,23.35311955,0.766468805,51.41099716,TRUE,FALSE,NORMAL
22,27,9,506.2225342,534.08032,4.754107232,100,1.962805328,17.3375518,9.886251572,0.901137484,62.15274811,TRUE,FALSE,NORMAL
22,27,10,746.6367958,306.9206091,3.841447324,100,20.5308777,8.995065703,8.455796893,0.915442031,63.29501453,TRUE,FALSE,NORMAL
22,28,1,714.9324848,847.7438158,4.326300569,100,18.79226106,13.09770951,26.65366582,0.733463342,48.78299047,TRUE,FALSE,NORMAL
22,28,2,730.163727,973.9623769,3.844615743,100,11.08339769,8.886727087,26.18968654,0.738103135,49.15258109,TRUE,FALSE,NORMAL
22,28,3,867.36612,886.3997712,8.918966968,100,7.294977394,12.19714213,23.64217723,0.763578228,51.17944694,TRUE,FALSE,NORMAL
22,28,4,54.84858389,707.2885151,7.401863178,100,13.1409726,0,18.73305434,0.812669457,55.09947577,TRUE,FALSE,NORMAL
22,28,5,277.1975604,606.6881572,6.936653689,100,0,8.583972031,12.75169959,0.872483004,59.86616837,TRUE,FALSE,NORMAL
22,28,6,755.7110483,50.53154194,9.184785623,100,0.917976439,9.731789738,6.894954294,0.931050457,64.54155617,TRUE,FALSE,NORMAL
22,28,7,354.0718382,113.2094752,4.010731204,100,29.90735403,13.78156709,0,0,0,TRUE,FALSE,NORMAL
22,28,8,93.64615234,578.4097096,1.659693465,100,18.84423284,13.86784005,23.62585837,0.763741416,51.19479406,TRUE,FALSE,NORMAL
22,28,9,510.0342845,531.2391768,4.754107232,100,4.288496005,16.34348923,9.410790853,0.905892091,62.53240347,TRUE,FALSE,NORMAL
22,28,10,744.4333741,310.0672979,3.841447324,100,24.57726933,6.873789063,6.894954294,0.931050457,64.54155617,TRUE,FALSE,NORMAL
22,29,1,715.9939077,851.9378899,4.326300569,100,18.76823797,14.10966141,27.24071658,0.727592834,48.31656384,TRUE,FALSE,NORMAL
22,29,2,733.1475752,971.537976,3.844615743,100,11.37760067,9.825925015,27.49449413,0.725055059,48.11446723,TRUE,FALSE,NORMAL
22,29,3,866.5317227,895.2796221,8.918966968,100,4.396131553,9.669679583,24.46210879,0.755378912,50.52638412,TRUE,FALSE,NORMAL
22,29,4,52.95065253,700.1341154,7.401863178,100,11.65266085,0,18.64216032,0.813578397,55.1734323,TRUE,FALSE,NORMAL
22,29,5,283.9461548,605.0839012,6.936653689,100,0,7.736081852,12.2361578,0.877638422,60.27751512,TRUE,FALSE,NORMAL
22,29,6,760.9940126,58.04490173,9.184785623,100,5.617861069,12.53126411,7.909771003,0.92090229,63.73107159,TRUE,FALSE,NORMAL
22,29,7,350.3040277,114.5840909,4.010731204,100,32.09048938,10.91240311,0,0,0,TRUE,FALSE,NORMAL
22,29,8,94.3664227,576.9144527,1.659693465,100,19.61064817,14.88773178,23.51604388,0.764839561,51.28334803,TRUE,FALSE,NORMAL
22,29,9,514.7824231,531.4773261,4.754107232,100,3.127786762,14.91148911,9.824241192,0.901757588,62.20226245,TRUE,FALSE,NORMAL
22,29,10,748.024116,311.4323219,3.841447324,100,19.92383635,5.62203079,7.909771003,0.92090229,63.73107159,TRUE,FALSE,NORMAL
22,30,1,720.3023489,851.5451934,4.326300569,99.5,22.18075526,13.81906691,26.91486245,0.730851375,48.57542583,TRUE,TRUE,LOW_BATTERY
22,30,2,732.3092665,975.2900832,3.844615743,100,14.94423886,7.305312415,26.24788411,0.737521159,49.10674419,TRUE,FALSE,NORMAL
22,30,3,872.7783187,888.9134608,8.918966968,100,2.210423139,11.87802109,23.48479356,0.765152064,51.30484461,TRUE,FALSE,NORMAL
22,30,4,48.59989528,706.1223113,7.401863178,100,12.849302,0,17.95584483,0.820441552,55.71900556,TRUE,FALSE,NORMAL
22,30,5,277.2785522,606.9970765,6.936653689,100,2.57343286,8.493437169,12.19281199,0.87807188,60.31246821,TRUE,FALSE,NORMAL
22,30,6,769.9641593,60.01892142,9.184785623,100,6.610814468,9.71294808,8.141590154,0.918584098,63.54593809,TRUE,FALSE,NORMAL
22,30,7,350.7760605,110.6012339,4.010731204,100,35.28614655,9.055731413,0,0,0,TRUE,FALSE,NORMAL
22,30,8,94.36451792,575.2547604,1.659693465,100,23.80818324,16.70675955,23.28908928,0.767109107,51.4626212,TRUE,FALSE,NORMAL
22,30,9,513.7084508,526.8461147,4.754107232,100,2.466329728,13.05256192,8.591768117,0.914082319,63.18643079,TRUE,FALSE,NORMAL
22,30,10,744.2032536,311.035172,3.841447324,100,18.06267579,5.767962326,8.141590154,0.918584098,63.54593809,TRUE,FALSE,NORMAL
22,31,1,724.2374399,853.342952,4.326300569,99,20.59673447,14.96997389,28.29363349,0.717063665,47.4784302,TRUE,TRUE,LOW_BATTERY
22,31,2,735.3286283,972.9100571,3.844615743,100,16.61480159,9.059959801,27.13163998,0.7286836,48.4035945,TRUE,FALSE,NORMAL
22,31,3,866.0996138,883.0022112,8.918966968,100,0,12.04142116,25.02572798,0.74974272,50.07777649,TRUE,FALSE,NORMAL
22,31,4,51.38378305,712.9807037,7.401863178,100,16.63719717,0.457775387,17.79119643,0.822088036,55.84930681,TRUE,FALSE,NORMAL
22,31,5,277.0360468,613.9294899,6.936653689,100,0,9.993148401,12.47963857,0.875203614,60.08343408,TRUE,FALSE,NORMAL
22,31,6,761.0429536,57.83434474,9.184785623,100,3.787760001,11.65822559,7.67477667,0.923252233,63.91874435,TRUE,FALSE,NORMAL
22,31,7,346.8156472,111.2345515,4.010731204,100,37.60287213,10.88441579,0,0,0,TRUE,FALSE,NORMAL
22,31,8,95.40728282,576.5459706,1.659693465,100,21.48971928,14.01957884,22.90747758,0.770925224,51.76619913,TRUE,FALSE,NORMAL
22,31,9,509.6534953,529.327822,4.754107232,100,0,13.25465124,8.947123881,0.910528761,62.90265715,TRUE,FALSE,NORMAL
22,31,10,747.707842,312.6082509,3.841447324,100,20.7752464,3.536227604,7.67477667,0.923252233,63.91874435,TRUE,FALSE,NORMAL
22,32,1,723.2793694,849.1240686,4.326300569,98.5,25.4891142,16.24711525,27.05072892,0.729492711,48.46691956,TRUE,TRUE,LOW_BATTERY
22,32,2,738.8739694,974.397211,3.844615743,100,13.09350521,11.65459284,26.78299452,0.732170055,48.68012937,TRUE,FALSE,NORMAL
22,32,3,871.0736779,890.4053631,8.918966968,100,0,11.55208156,24.48077478,0.755192252,50.51152045,TRUE,FALSE,NORMAL
22,32,4,52.81206191,720.2434579,7.401863178,100,14.22024242,0.864576584,16.45427105,0.835457289,56.91518517,TRUE,FALSE,NORMAL
22,32,5,281.2647177,608.4308076,6.936653689,100,0,7.905114141,12.05458293,0.879454171,60.42265818,TRUE,FALSE,NORMAL
22,32,6,757.071758,66.11624623,9.184785623,100,0,10.54397127,9.724023054,0.902759769,62.28228572,TRUE,FALSE,NORMAL
22,32,7,344.5355533,107.9349853,4.010731204,100,35.96892292,9.816256364,0,0,0,TRUE,FALSE,NORMAL
22,32,8,95.07701638,574.9194693,1.659693465,100,23.30033306,14.52764652,21.91849522,0.780815048,52.55387054,TRUE,FALSE,NORMAL
22,32,9,512.73749,532.9459033,4.754107232,100,0,12.49728081,9.626199621,0.903738004,62.36039754,TRUE,FALSE,NORMAL
22,32,10,747.1944155,308.8012691,3.841447324,100,22.69715158,4.846285153,9.724023054,0.902759769,62.28228572,TRUE,FALSE,NORMAL
22,33,1,727.2676022,850.8006353,4.326300569,98,23.48389613,16.77688757,28.10371608,0.718962839,47.62889255,TRUE,TRUE,LOW_BATTERY
22,33,2,742.6616402,975.0564684,3.844615743,100,17.51800016,12.08911838,27.15773904,0.72842261,48.3818662,TRUE,FALSE,NORMAL
22,33,3,865.4875065,883.4524744,8.918966968,100,0,10.51988589,25.7329075,0.742670925,49.51474334,TRUE,FALSE,NORMAL
22,33,4,58.7489284,715.8229155,7.401863178,100,15.55058158,0.969688919,17.94961537,0.820503846,55.72256487,TRUE,FALSE,NORMAL
22,33,5,280.5381344,615.3293032,6.936653689,100,1.444583717,6.699212153,12.67812164,0.873218784,59.92475298,TRUE,FALSE,NORMAL
22,33,6,748.7253885,62.28239666,9.184785623,100,0,11.30075095,9.010238406,0.909897616,62.85225719,TRUE,FALSE,NORMAL
22,33,7,345.0464924,103.9569323,4.010731204,100,37.04238166,8.137600485,0,0,0,TRUE,FALSE,NORMAL
22,33,8,95.98828206,576.3066164,1.659693465,100,27.85597224,14.85031021,22.55118308,0.774488169,52.05018575,TRUE,FALSE,NORMAL
22,33,9,508.8788112,530.1688304,4.754107232,100,0,10.3422939,9.586950072,0.904130499,62.39173842,TRUE,FALSE,NORMAL
22,33,10,750.9857741,309.4195876,3.841447324,100,17.89858639,6.982742685,9.010238406,0.909897616,62.85225719,TRUE,FALSE,NORMAL
22,34,1,723.1521143,849.4666054,4.326300569,97.5,20.74773602,16.98165598,28.58893812,0.714110619,47.24307041,TRUE,TRUE,LOW_BATTERY
22,34,2,742.2586263,971.2330341,3.844615743,100,16.0880042,10.64509479,28.1659268,0.718340732,47.57961192,TRUE,FALSE,NORMAL
22,34,3,856.7237153,885.1089569,8.918966968,100,0,8.768923149,26.89519195,0.73104808,48.5897025,TRUE,FALSE,NORMAL
22,34,4,61.2538812,708.8578032,7.401863178,100,19.52060388,2.217229709,18.33638418,0.816636158,55.4151922,TRUE,FALSE,NORMAL
22,34,5,285.6341471,610.6231562,6.936653689,100,3.616103032,3.828893306,12.73220216,0.872677978,59.88141843,TRUE,FALSE,NORMAL
22,34,6,744.0062055,70.16209202,9.184785623,100,0.241273854,13.39304861,10.59910668,0.894008933,61.58356495,TRUE,FALSE,NORMAL
22,34,7,345.6436731,99.99090911,4.010731204,100,35.32928128,7.356541158,0,0,0,TRUE,FALSE,NORMAL
22,34,8,97.24919304,575.2274103,1.659693465,100,31.58158843,17.73489669,22.80286167,0.771971383,51.85043957,TRUE,FALSE,NORMAL
22,34,9,508.1252204,525.4748304,4.754107232,100,0,9.83585766,10.50436179,0.894956382,61.65921229,TRUE,FALSE,NORMAL
22,34,10,747.5030248,307.7987314,3.841447324,100,15.87909496,6.371679709,10.59910668,0.894008933,61.58356495,TRUE,FALSE,NORMAL
22,35,1,727.4603954,849.8610549,4.326300569,97,20.84920064,14.45291927,28.75052372,0.712494763,47.11436732,TRUE,TRUE,LOW_BATTERY
22,35,2,743.9330184,974.6938839,3.844615743,100,19.50456587,10.55136982,27.28854569,0.727114543,48.27761307,TRUE,FALSE,NORMAL
22,35,3,858.4768564,876.3639888,8.918966968,100,3.808514924,10.98130282,26.6309351,0.733690649,48.80029848,TRUE,FALSE,NORMAL
22,35,4,59.59320038,716.070966,7.401863178,100,24.41468468,4.488621866,17.18860641,0.828113936,56.32989923,TRUE,FALSE,NORMAL
22,35,5,289.8093963,616.1625116,6.936653689,100,6.193412497,5.343757556,12.12182031,0.878781797,60.36865222,TRUE,FALSE,NORMAL
22,35,6,734.8505672,69.43094557,9.184785623,100,0,13.55577199,10.36304235,0.896369576,61.77204753,TRUE,FALSE,NORMAL
22,35,7,344.9970045,103.9491643,4.010731204,100,31.4814724,6.589969073,0,0,0,TRUE,FALSE,NORMAL
22,35,8,98.893615,575.4520407,1.659693465,100,31.62343808,17.48685514,21.86284273,0.781371573,52.59896833,TRUE,FALSE,NORMAL
22,35,9,512.4157361,527.5225144,4.754107232,100,1.616549165,7.479796596,10.27361638,0.897263836,61.8434497,TRUE,FALSE,NORMAL
22,35,10,743.6996871,308.3384906,3.841447324,100,16.53696362,7.426679263,10.36304235,0.896369576,61.77204753,TRUE,FALSE,NORMAL
22,36,1,731.6770589,848.8932607,4.326300569,96.5,23.28478758,15.4048028,29.41435765,0.705856424,46.58681543,TRUE,TRUE,LOW_BATTERY
22,36,2,744.1003864,970.8529129,3.844615743,100,16.40754053,11.41862853,27.2373914,0.727626086,48.31887506,TRUE,FALSE,NORMAL
22,36,3,859.4983516,867.5037112,8.918966968,100,1.755762226,8.3902445,26.67898235,0.733210176,48.76253556,TRUE,FALSE,NORMAL
22,36,4,65.5436602,720.4731934,7.401863178,100,27.42965158,4.363899552,17.76581352,0.822341865,55.8682102,TRUE,FALSE,NORMAL
22,36,5,283.2783629,618.4997679,6.936653689,100,8.872458888,4.398218929,12.9219918,0.870780082,59.73006646,TRUE,FALSE,NORMAL
22,36,6,725.6735973,69.05211935,9.184785623,100,0.650934989,10.98890389,9.584965706,0.904150343,62.39332295,TRUE,FALSE,NORMAL
22,36,7,341.2677498,102.4731479,4.010731204,100,28.23479792,4.428819854,0,0,0,TRUE,FALSE,NORMAL
22,36,8,100.489966,574.9978978,1.659693465,100,27.11975726,15.06292487,22.17271438,0.778272856,52.3513296,TRUE,FALSE,NORMAL
22,36,9,508.0181043,525.7163114,4.754107232,100,0,6.293438681,9.681583776,0.903184162,62.31617331,TRUE,FALSE,NORMAL
22,36,10,744.8108654,312.0157178,3.841447324,100,14.87627784,4.541996945,9.584965706,0.904150343,62.39332295,TRUE,FALSE,NORMAL
22,37,1,730.3410558,853.0081085,4.326300569,96,19.91604024,14.59301702,29.93862964,0.700613704,46.17038654,TRUE,TRUE,LOW_BATTERY
22,37,2,747.9352338,970.5790232,3.844615743,100,20.29726659,8.535600204,28.5238383,0.714761617,47.295426,TRUE,FALSE,NORMAL
22,37,3,855.0812458,875.2520754,8.918966968,100,0.871025118,8.746141215,27.85873231,0.721412677,47.82367601,TRUE,FALSE,NORMAL
22,37,4,64.24085013,713.1868868,7.401863178,100,26.02956691,7.07827358,17.82077391,0.821792261,55.82555107,TRUE,FALSE,NORMAL
22,37,5,289.1705471,614.8392585,6.936653689,100,8.972538151,2.880631474,12.43370849,0.875662915,60.1196434,TRUE,FALSE,NORMAL
22,37,6,721.8086114,77.38411619,9.184785623,100,0.187404553,10.02626668,11.40453909,0.885954609,60.94051087,TRUE,FALSE,NORMAL
22,37,7,337.7467737,100.5525511,4.010731204,100,26.57173965,2.356167778,0,0,0,TRUE,FALSE,NORMAL
22,37,8,99.54192514,573.63562,1.659693465,100,27.07452318,16.12619076,22.13394487,0.778660551,52.38303817,TRUE,FALSE,NORMAL
22,37,9,512.7694293,525.8789345,4.754107232,100,0.391379591,4.928016805,10.09928169,0.899007183,61.98264897,TRUE,FALSE,NORMAL
22,37,10,747.0173366,308.8711666,3.841447324,100,18.5208791,2.945489593,11.40453909,0.885954609,60.94051087,TRUE,FALSE,NORMAL
22,38,1,727.7736652,856.4902604,4.326300569,95.5,22.87909149,16.2733223,29.90611384,0.700938862,46.19625731,TRUE,TRUE,LOW_BATTERY
22,38,2,745.4803286,973.5378254,3.844615743,100,19.64084606,10.97166299,28.88688987,0.711131101,47.00664664,TRUE,FALSE,NORMAL
22,38,3,852.4178816,883.7640941,8.918966968,100,2.616687902,11.15374698,28.10405377,0.718959462,47.62841398,TRUE,FALSE,NORMAL
22,38,4,60.74693495,719.7122324,7.401863178,100,24.58553285,7.8566715,17.38277824,0.826172218,56.17394087,TRUE,FALSE,NORMAL
22,38,5,282.876767,617.7556768,6.936653689,100,5.587405689,0.884743552,12.60112622,0.873988738,59.98616251,TRUE,FALSE,NORMAL
22,38,6,721.2537805,86.55212849,9.184785623,100,5.15563533,8.892448159,13.15016638,0.868498336,59.54699852,TRUE,FALSE,NORMAL
22,38,7,334.111577,102.247045,4.010731204,100,29.51355691,0.350862752,0,0,0,TRUE,FALSE,NORMAL
22,38,8,97.9805017,574.1982382,1.659693465,100,28.393044,14.48927228,21.94962414,0.780503759,52.52917893,TRUE,FALSE,NORMAL
22,38,9,508.5168067,528.0041961,4.754107232,100,0,4.8517579,9.732584784,0.902674152,62.27544922,TRUE,FALSE,NORMAL
22,38,10,743.3010813,307.898457,3.841447324,100,18.57669166,2.218101701,13.15016638,0.868498336,59.54699852,TRUE,FALSE,NORMAL
22,39,1,732.0956976,856.2981344,4.326300569,95,19.16523995,14.76518104,30.32795271,0.696720473,45.86127478,TRUE,TRUE,LOW_BATTERY
22,39,2,748.3293316,970.9563041,3.844615743,100,17.05636467,9.929058007,28.75792772,0.712420723,47.10968476,TRUE,FALSE,NORMAL
22,39,3,855.8199009,875.5194452,8.918966968,100,1.37561788,9.743323981,27.95808267,0.720419173,47.74477492,TRUE,FALSE,NORMAL
22,39,4,53.58300322,717.8506039,7.401863178,100,21.22736505,8.649237886,16.67973126,0.833202687,56.73544711,TRUE,FALSE,NORMAL
22,39,5,283.0348466,610.8208245,6.936653689,100,2.374980743,1.920582229,12.53310504,0.87466895,60.04067367,TRUE,FALSE,NORMAL
22,39,6,721.5082779,95.73338755,9.184785623,100,0.158745904,6.781508606,15.30436087,0.846956391,57.82773693,TRUE,FALSE,NORMAL
22,39,7,337.9386545,103.4468129,4.010731204,100,24.52757172,0.732685144,0,0,0,TRUE,FALSE,NORMAL
22,39,8,99.32098689,575.1768504,1.659693465,100,29.36815852,11.70825447,22.21817607,0.777818239,52.31504938,TRUE,FALSE,NORMAL
22,39,9,507.9711388,532.7268841,4.754107232,100,0,7.732619951,10.52459183,0.894754082,61.64305992,TRUE,FALSE,NORMAL
22,39,10,741.8477916,304.342523,3.841447324,100,21.08462836,2.777371101,15.30436087,0.846956391,57.82773693,TRUE,FALSE,NORMAL
22,40,1,729.605417,859.8358426,4.326300569,94.5,23.09319423,14.41814757,30.85972872,0.691402713,45.43893934,TRUE,TRUE,LOW_BATTERY
22,40,2,749.6738459,974.558158,3.844615743,100,21.70233263,10.87038422,29.0087681,0.709912319,46.90998455,TRUE,FALSE,NORMAL
22,40,3,847.062583,873.829074,8.918966968,100,0.852845915,6.931003858,28.85356563,0.711464344,47.03317055,TRUE,FALSE,NORMAL
22,40,4,58.63633079,723.2590657,7.401863178,100,26.16362769,9.402534502,17.00428585,0.829957141,56.47583319,TRUE,FALSE,NORMAL
22,40,5,282.1591052,617.7019757,6.936653689,100,5.792831583,4.552333179,12.4115072,0.875884928,60.13768508,TRUE,FALSE,NORMAL
22,40,6,729.9874911,99.26371749,9.184785623,100,0,9.069637123,16.60286496,0.83397135,56.79165005,TRUE,FALSE,NORMAL
22,40,7,341.8071887,102.3883197,4.010731204,100,26.93814089,0,0,0,0,TRUE,FALSE,NORMAL
22,40,8,98.66795313,576.7026713,1.659693465,100,26.11438568,13.07282022,21.96731352,0.780326865,52.51487195,TRUE,FALSE,NORMAL
22,40,9,510.9823025,529.0479673,4.754107232,100,0.199682627,5.244694237,9.303458266,0.906965417,62.6181108,TRUE,FALSE,NORMAL
22,40,10,740.2131985,300.8661999,3.841447324,100,16.29805255,4.447059297,16.60286496,0.83397135,56.79165005,TRUE,FALSE,NORMAL
22,41,1,725.3589595,860.6631725,4.326300569,94,27.36292103,16.18815594,29.70130671,0.702986933,46.35900146,TRUE,TRUE,LOW_BATTERY
22,41,2,753.2227944,976.0366824,3.844615743,100,23.33709624,8.550988874,28.91090771,0.710890923,46.98749635,TRUE,FALSE,NORMAL
22,41,3,853.6246262,879.8695674,8.918966968,100,2.426513892,8.181272096,27.97622412,0.720237759,47.72996684,TRUE,FALSE,NORMAL
22,41,4,54.24870016,729.2202968,7.401863178,100,27.97219108,8.821922838,15.59429417,0.844057058,57.60050435,TRUE,FALSE,NORMAL
22,41,5,282.1181022,610.7654432,6.936653689,100,9.372329528,4.493984965,11.80944546,0.881905545,60.61847654,TRUE,FALSE,NORMAL
22,41,6,728.2924307,108.2907357,9.184785623,100,2.090754687,9.948965519,18.11806115,0.818819389,55.58293477,TRUE,FALSE,NORMAL
22,41,7,339.655009,105.7727085,4.010731204,100,25.01752145,0,0,0,0,TRUE,FALSE,NORMAL
22,41,8,97.15176185,576.0275813,1.659693465,100,26.19693594,10.80487582,21.34770932,0.786522907,53.00832264,TRUE,FALSE,NORMAL
22,41,9,512.9824829,524.7351012,4.754107232,100,0.414951423,4.551086857,9.139982096,0.908600179,62.74865154,TRUE,FALSE,NORMAL
22,41,10,744.0358169,300.4863237,3.841447324,100,20.36403964,5.331144927,18.11806115,0.818819389,55.58293477,TRUE,FALSE,NORMAL
22,42,1,726.5516647,856.5045271,4.326300569,93.5,25.36009886,14.55570536,28.91316909,0.710868309,46.98549549,TRUE,TRUE,LOW_BATTERY
22,42,2,755.7848774,973.1701861,3.844615743,100,21.01644112,7.148793174,28.44298121,0.715570188,47.35955368,TRUE,FALSE,NORMAL
22,42,3,862.3014248,877.8053151,8.918966968,100,0.65157437,8.644871696,26.98925994,0.730107401,48.51487301,TRUE,FALSE,NORMAL
22,42,4,57.62128121,722.6314216,7.401863178,100,32.58765613,6.047831932,16.55669533,0.834433047,56.83359462,TRUE,FALSE,NORMAL
22,42,5,282.2694717,603.8304413,6.936653689,100,6.544834675,6.026938526,12.44886483,0.875511352,60.10797062,TRUE,FALSE,NORMAL
22,42,6,733.8081961,115.6348911,9.184785623,100,1.32025433,11.07876599,19.05849644,0.809415036,54.83288721,TRUE,FALSE,NORMAL
22,42,7,335.7376125,106.632923,4.010731204,100,21.66775401,2.923777119,0,0,0,TRUE,FALSE,NORMAL
22,42,8,97.46783632,577.6569,1.659693465,100,29.05558368,10.86627945,22.21534988,0.777846501,52.31724274,TRUE,FALSE,NORMAL
22,42,9,508.34021,525.7602052,4.754107232,100,0.554591743,5.608122291,10.34629099,0.89653709,61.78542262,TRUE,FALSE,NORMAL
22,42,10,740.9265489,302.7422426,3.841447324,100,22.74898206,2.515530182,19.05849644,0.809415036,54.83288721,TRUE,FALSE,NORMAL
22,43,1,725.0270604,860.5532872,4.326300569,93,20.93150636,15.09552005,30.08795326,0.699120467,46.05230021,TRUE,TRUE,LOW_BATTERY
22,43,2,753.7559705,969.9045152,3.844615743,100,18.12961221,8.143506454,29.8307021,0.701692979,46.25681975,TRUE,FALSE,NORMAL
22,43,3,854.1425939,881.4082931,8.918966968,100,1.673010458,8.746045843,28.32398316,0.716760168,47.45335042,TRUE,FALSE,NORMAL
22,43,4,51.41348051,726.6626484,7.401863178,100,34.97718526,7.719825489,14.77319543,0.852268046,58.2566566,TRUE,FALSE,NORMAL
22,43,5,288.6060975,601.0083256,6.936653689,100,3.651008818,4.864955354,11.60208116,0.883979188,60.78404327,TRUE,FALSE,NORMAL
22,43,6,730.5241573,124.2125001,9.184785623,100,4.872872919,9.930766998,20.98948479,0.790105152,53.29327285,TRUE,FALSE,NORMAL
22,43,7,334.6291075,110.4874244,4.010731204,100,16.84938216,3.484978668,0,0,0,TRUE,FALSE,NORMAL
22,43,8,98.79254029,576.6570291,1.659693465,100,30.84250619,10.32358526,21.23126942,0.787687306,53.10134737,TRUE,FALSE,NORMAL
22,43,9,510.0147588,521.3107758,4.754107232,100,4.139731419,8.130473226,10.99229233,0.890077077,61.26964054,TRUE,FALSE,NORMAL
22,43,10,743.0292565,299.5273805,3.841447324,100,26.98888276,1.572412775,20.98948479,0.790105152,53.29327285,TRUE,FALSE,NORMAL
22,44,1,728.7096717,858.2827696,4.326300569,92.5,16.03777513,14.57506868,30.04143217,0.699585678,46.08874397,TRUE,TRUE,LOW_BATTERY
22,44,2,754.8704811,973.5840445,3.844615743,100,22.49697647,6.390578276,28.73030823,0.712696918,47.13124189,TRUE,FALSE,NORMAL
22,44,3,854.0536468,872.4897696,8.918966968,100,0,9.671395504,28.05769884,0.719423012,47.66541381,TRUE,FALSE,NORMAL
22,44,4,58.5377128,728.6708547,7.401863178,100,39.86499475,10.47507461,14.61110972,0.853888903,58.38594444,TRUE,FALSE,NORMAL
22,44,5,295.5261463,600.5286491,6.936653689,100,0.141857843,7.21821946,11.88496848,0.881150315,60.55803603,TRUE,FALSE,NORMAL
22,44,6,739.6504801,125.2471594,9.184785623,100,9.827773403,10.29480873,21.82191082,0.781780892,52.62977475,TRUE,FALSE,NORMAL
22,44,7,336.3483329,114.1109902,4.010731204,100,18.22977946,2.164086059,0,0,0,TRUE,FALSE,NORMAL
22,44,8,100.3351527,576.0447144,1.659693465,100,26.04081311,7.661501253,20.70289092,0.792971091,53.52271656,TRUE,FALSE,NORMAL
22,44,9,505.5824205,523.0300528,4.754107232,100,7.149402264,7.491819912,12.90623065,0.870937693,59.74171281,TRUE,FALSE,NORMAL
22,44,10,744.5318567,295.9920007,3.841447324,100,26.12550722,3.377856217,21.82191082,0.781780892,52.62977475,TRUE,FALSE,NORMAL
22,45,1,726.804797,854.3983998,4.326300569,92,20.57329422,16.95487436,29.77047165,0.702295283,46.3039391,TRUE,TRUE,LOW_BATTERY
22,45,2,757.202007,970.5270758,3.844615743,100,19.62908716,3.900116786,29.55959883,0.704404012,46.47152999,TRUE,FALSE,NORMAL
22,45,3,851.5167384,881.0403291,8.918966968,100,0.744034643,11.70621988,28.92383347,0.710761665,46.97653384,TRUE,FALSE,NORMAL
22,45,4,51.16015423,729.2701944,7.401863178,100,39.400492,12.95951858,14.34408658,0.856559134,58.59861859,TRUE,FALSE,NORMAL
22,45,5,289.3157924,603.6187412,6.936653689,100,3.6798705,8.737426562,12.08411154,0.879158885,60.39932479,TRUE,FALSE,NORMAL
22,45,6,732.2003516,130.6189256,9.184785623,100,8.787915463,11.84703607,22.07832282,0.779216772,52.42542588,TRUE,FALSE,NORMAL
22,45,7,334.774094,110.4221236,4.010731204,100,13.97558004,1.557107907,0,0,0,TRUE,FALSE,NORMAL
22,45,8,101.9900305,575.9183742,1.659693465,100,23.76912523,8.714531657,21.04186189,0.789581381,53.2520468,TRUE,FALSE,NORMAL
22,45,9,501.500465,520.5930106,4.754107232,100,3.675168772,8.948374432,12.24348934,0.877565107,60.27075365,TRUE,FALSE,NORMAL
22,45,10,746.4709412,299.3081233,3.841447324,100,21.57390252,2.310161678,22.07832282,0.779216772,52.42542588,TRUE,FALSE,NORMAL
22,46,1,726.3275559,858.6982972,4.326300569,91.5,21.28618407,17.02432482,30.75355738,0.692464426,45.52320826,TRUE,TRUE,LOW_BATTERY
22,46,2,761.035017,970.8255799,3.844615743,100,23.03944697,1.104867079,30.22444984,0.697755502,45.94339292,TRUE,FALSE,NORMAL
22,46,3,843.5148213,877.1011295,8.918966968,100,2.082761348,11.4105327,30.11829822,0.698817018,46.02765355,TRUE,FALSE,NORMAL
22,46,4,57.97205342,732.1659858,7.401863178,100,36.42828452,11.85815991,14.12193502,0.85878065,58.77565074,TRUE,FALSE,NORMAL
22,46,5,291.135551,596.9250394,6.936653689,100,2.933157318,7.188187892,12.54155183,0.874584482,60.034185,TRUE,FALSE,NORMAL
22,46,6,728.6659458,122.1414104,9.184785623,100,13.69627967,13.70278402,20.14472298,0.79855277,53.96673804,TRUE,FALSE,NORMAL
22,46,7,336.2403072,114.1552434,4.010731204,100,10.26269037,3.858298399,0,0,0,TRUE,FALSE,NORMAL
22,46,8,102.8854016,574.5209147,1.659693465,100,27.06971257,5.935528137,20.82469887,0.791753011,53.42507183,TRUE,FALSE,NORMAL
22,46,9,496.7732827,521.0982662,4.754107232,100,2.389273065,7.300570371,13.69834793,0.863016521,59.10945006,TRUE,FALSE,NORMAL
22,46,10,744.0244978,302.2698175,3.841447324,100,19.21714613,0,20.14472298,0.79855277,53.96673804,TRUE,FALSE,NORMAL
22,47,1,723.4941185,855.4289686,4.326300569,91,17.19664861,15.57020499,30.66406775,0.693359323,45.59429171,TRUE,TRUE,LOW_BATTERY
22,47,2,764.5138167,969.1888079,3.844615743,100,21.77432425,0,29.97306234,0.700269377,46.14294161,TRUE,FALSE,NORMAL
22,47,3,838.7549341,869.5584877,8.918966968,100,0,12.66350706,30.38195453,0.696180455,45.81835174,TRUE,FALSE,NORMAL
22,47,4,63.37056973,727.1020348,7.401863178,100,36.07255035,11.21308278,14.62942505,0.85370575,58.37130874,TRUE,FALSE,NORMAL
22,47,5,297.6853069,594.6407752,6.936653689,100,0,7.053141592,12.57339928,0.874266007,60.00855998,TRUE,FALSE,NORMAL
22,47,6,732.2196719,130.6108448,9.184785623,100,14.59507066,16.41775394,22.12119606,0.778788039,52.39125917,TRUE,FALSE,NORMAL
22,47,7,339.7573631,116.0830096,4.010731204,100,5.986118505,3.473355033,0,0,0,TRUE,FALSE,NORMAL
22,47,8,101.5729986,573.5049518,1.659693465,100,22.78586966,8.478115634,20.65601514,0.793439849,53.56010718,TRUE,FALSE,NORMAL
22,47,9,497.4611568,525.8023458,4.754107232,100,0.678951926,5.388919758,15.01828156,0.849817184,58.05602836,TRUE,FALSE,NORMAL
22,47,10,741.4773294,299.3942914,3.841447324,100,23.30305499,2.104665986,22.12119606,0.778788039,52.39125917,TRUE,FALSE,NORMAL
22,48,1,727.2121193,853.2168776,4.326300569,90.5,16.26217627,14.87892185,31.13447625,0.688655238,45.22179236,TRUE,TRUE,LOW_BATTERY
22,48,2,765.6923497,972.8483338,3.844615743,100,26.13505063,0,29.20172225,0.707982778,46.75570487,TRUE,FALSE,NORMAL
22,48,3,832.6470867,863.0590898,8.918966968,100,0,12.56939796,30.88611034,0.691138897,45.41914782,TRUE,FALSE,NORMAL
22,48,4,63.32531112,719.7003099,7.401863178,100,39.75603305,9.331418353,15.08736285,0.849126371,58.00731862,TRUE,FALSE,NORMAL
22,48,5,304.4362374,593.0463784,6.936653689,100,1.153808585,7.721506225,12.43123409,0.875687659,60.12209623,TRUE,FALSE,NORMAL
22,48,6,735.5098789,122.0355999,9.184785623,100,18.64964083,17.90150586,21.09051329,0.789094867,53.21273927,TRUE,FALSE,NORMAL
22,48,7,336.8806269,113.2883086,4.010731204,100,7.382868574,5.251627717,0,0,0,TRUE,FALSE,NORMAL
22,48,8,100.396438,574.6755446,1.659693465,100,21.92088524,10.97468102,20.74126215,0.792587378,53.49319366,TRUE,FALSE,NORMAL
22,48,9,494.6378819,521.977342,4.754107232,100,4.282553307,6.590974551,16.40412737,0.835958726,56.95021112,TRUE,FALSE,NORMAL
22,48,10,744.4547215,296.9669773,3.841447324,100,21.28747311,1.158740163,21.09051329,0.789094867,53.21273927,TRUE,FALSE,NORMAL
22,49,1,726.2168314,857.4271363,4.326300569,90,11.33547864,13.95487364,30.9590616,0.690409384,45.3607727,TRUE,TRUE,LOW_BATTERY
22,49,2,765.2830936,976.671105,3.844615743,100,21.98381525,0,28.2094983,0.717905017,47.54470349,TRUE,FALSE,NORMAL
22,49,3,834.3033417,854.2952555,8.918966968,100,0,13.04751764,29.68661883,0.703133812,46.37243347,TRUE,FALSE,NORMAL
22,49,4,57.01581675,723.5704339,7.401863178,100,38.59771658,8.828090866,13.66966126,0.863303387,59.1385329,TRUE,FALSE,NORMAL
22,49,5,310.3229943,596.7156096,6.936653689,100,0.079261684,6.440887229,12.06222344,0.879377766,60.41718806,TRUE,FALSE,NORMAL
22,49,6,728.7224518,128.2235817,9.184785623,100,17.55336887,15.1042044,22.66487987,0.773351201,51.95801921,TRUE,FALSE,NORMAL
22,49,7,334.4320848,116.4648801,4.010731204,100,4.896938387,6.463991993,0,0,0,TRUE,FALSE,NORMAL
22,49,8,102.053973,574.5909284,1.659693465,100,19.69866363,9.880322807,19.85512262,0.801448774,54.19942233,TRUE,FALSE,NORMAL
22,49,9,490.4297711,524.1894314,4.754107232,100,8.443313462,6.684998499,17.89603049,0.821039695,55.76003523,TRUE,FALSE,NORMAL
22,49,10,745.2443337,293.2075584,3.841447324,100,25.19215537,0,22.66487987,0.773351201,51.95801921,TRUE,FALSE,NORMAL
22,50,1,729.0949914,860.6571628,4.326300569,89.5,11.7682531,16.03413236,31.6376555,0.683623445,44.82260244,TRUE,TRUE,LOW_BATTERY
22,50,2,769.1174141,976.3899347,3.844615743,100,26.10557631,0,29.37148992,0.706285101,46.62089363,TRUE,FALSE,NORMAL
22,50,3,832.2684568,862.9789883,8.918966968,100,0,13.56110449,31.01375155,0.689862485,45.31831199,TRUE,FALSE,NORMAL
22,50,4,52.57262281,729.4903668,7.401863178,100,41.43554363,8.737281401,12.60208463,0.873979154,59.99019187,TRUE,FALSE,NORMAL
22,50,5,307.0134441,590.6193778,6.936653689,100,0,3.711456424,11.74743906,0.882525609,60.66867243,TRUE,FALSE,NORMAL
22,50,6,726.2987126,137.0828015,9.184785623,100,22.51524072,13.06845099,24.58050144,0.754194986,50.43209481,TRUE,FALSE,NORMAL
22,50,7,337.4811081,119.070532,4.010731204,100,2.678501682,5.468897446,0,0,0,TRUE,FALSE,NORMAL
22,50,8,103.1629295,575.8257555,1.659693465,100,14.97726805,7.763352067,19.76156975,0.802384303,54.27333566,TRUE,FALSE,NORMAL
22,50,9,494.6223044,526.4309041,4.754107232,100,11.03666367,6.009860061,17.20326848,0.827967315,56.31265401,TRUE,FALSE,NORMAL
22,50,10,747.4643472,290.0725532,3.841447324,100,21.38468095,2.662526909,24.58050144,0.754194986,50.43209481,TRUE,FALSE,NORMAL
22,51,1,725.5467533,863.132417,4.326300569,89,9.393306336,13.72205795,31.81701759,0.681829824,44.68004079,TRUE,TRUE,LOW_BATTERY
22,51,2,771.632307,973.4819485,3.844615743,100,23.90883014,0.139238496,30.68390014,0.693160999,45.57851055,TRUE,FALSE,NORMAL
22,51,3,829.1774524,871.3452099,8.918966968,100,0,14.8124213,32.01733703,0.67982663,44.52102372,TRUE,FALSE,NORMAL
22,51,4,49.76479032,736.3389912,7.401863178,100,40.56386195,11.09962695,12.08652944,0.879134706,60.40086957,TRUE,FALSE,NORMAL
22,51,5,302.8417276,596.1613942,6.936653689,100,2.507605317,5.235669945,11.48373514,0.885162649,60.87904591,TRUE,FALSE,NORMAL
22,51,6,732.4513007,130.2632747,9.184785623,100,19.47090433,15.94041611,23.9063764,0.760936236,50.96897621,TRUE,FALSE,NORMAL
22,51,7,340.3012419,121.9223402,4.010731204,100,6.682176405,4.940193128,0,0,0,TRUE,FALSE,NORMAL
22,51,8,104.3629718,576.9722636,1.659693465,100,14.26388363,9.892112387,19.61693851,0.803830615,54.38813183,TRUE,FALSE,NORMAL
22,51,9,499.3763682,526.4105748,4.754107232,100,7.88919742,6.717293876,15.48110228,0.845188977,57.68670183,TRUE,FALSE,NORMAL
22,51,10,744.066656,288.2802331,3.841447324,100,25.00576487,2.337696159,23.9063764,0.760936236,50.96897621,TRUE,FALSE,NORMAL
22,52,1,721.2488709,863.6274754,4.326300569,88.5,13.13179786,16.32314811,30.9901263,0.690098737,45.33544782,TRUE,TRUE,LOW_BATTERY
22,52,2,768.4425348,971.3356903,3.844615743,100,20.3491106,0,30.94805448,0.690519455,45.36883403,TRUE,FALSE,NORMAL
22,52,3,836.1037767,876.9642849,8.918966968,100,3.433044516,14.28165419,31.11554002,0.6888446,45.23591229,TRUE,FALSE,NORMAL
22,52,4,57.15004872,735.8434744,7.401863178,100,39.72212371,11.92674138,12.82577044,0.871742296,59.81049223,TRUE,FALSE,NORMAL
22,52,5,298.5667433,590.6986409,6.936653689,100,0,5.834967537,12.05286108,0.879471389,60.42456288,TRUE,FALSE,NORMAL
22,52,6,724.1215469,126.3934569,9.184785623,100,17.01301053,18.74585002,23.55698557,0.764430144,51.24728189,TRUE,FALSE,NORMAL
22,52,7,343.0864209,119.036384,4.010731204,100,9.474356798,5.514158312,0,0,0,TRUE,FALSE,NORMAL
22,52,8,104.1231349,575.3299906,1.659693465,100,10.40544591,11.83354786,20.08481911,0.799151809,54.01497798,TRUE,FALSE,NORMAL
22,52,9,500.2603572,531.0817737,4.754107232,100,4.654468418,9.019552575,15.1832817,0.848167183,57.92435705,TRUE,FALSE,NORMAL
22,52,10,746.534631,285.3364571,3.841447324,100,21.62828046,0,23.55698557,0.764430144,51.24728189,TRUE,FALSE,NORMAL
22,53,1,719.7161167,859.5817936,4.326300569,88,14.183849,16.59884757,29.93537987,0.700646201,46.1729465,TRUE,TRUE,LOW_BATTERY
22,53,2,769.8933485,967.7753238,3.844615743,100,19.41374698,0,30.60715075,0.693928493,45.63942677,TRUE,FALSE,NORMAL
22,53,3,844.9865046,876.1610933,8.918966968,100,5.110663457,13.15264584,30.00389289,0.699961071,46.11855651,TRUE,FALSE,NORMAL
22,53,4,52.85006121,729.8187183,7.401863178,100,37.98421374,9.898197793,13.48088157,0.865191184,59.28819031,TRUE,FALSE,NORMAL
22,53,5,299.3635963,597.5893731,6.936653689,100,0,7.845911091,11.68384739,0.883161526,60.71891469,TRUE,FALSE,NORMAL
22,53,6,719.1233235,118.6877415,9.184785623,100,19.87021188,18.09439864,22.22345824,0.777765418,52.3097656,TRUE,FALSE,NORMAL
22,53,7,340.8254626,122.3490917,4.010731204,100,7.63943621,5.687224269,0,0,0,TRUE,FALSE,NORMAL
22,53,8,102.8032573,576.336224,1.659693465,100,14.14593495,13.478595,20.35367045,0.796463295,53.80098814,TRUE,FALSE,NORMAL
22,53,9,505.0084018,530.8417577,4.754107232,100,7.205084196,7.62007572,14.19586453,0.858041355,58.71236724,TRUE,FALSE,NORMAL
22,53,10,750.2113881,284.2237242,3.841447324,100,21.19477107,0.005906879,22.22345824,0.777765418,52.3097656,TRUE,FALSE,NORMAL
22,54,1,716.9412391,862.9009698,4.326300569,87.5,12.73201864,15.22169435,30.11662815,0.698833719,46.02915365,TRUE,TRUE,LOW_BATTERY
22,54,2,772.4572448,964.9104493,3.844615743,100,20.87707121,0,30.64188118,0.693581188,45.61190897,TRUE,FALSE,NORMAL
22,54,3,844.2271526,867.2745103,8.918966968,100,0.80378552,13.38670047,29.68794125,0.703120588,46.36946265,TRUE,FALSE,NORMAL
22,54,4,48.66380802,723.7143869,7.401863178,100,34.03915601,7.496146991,14.4589357,0.855410643,58.5080134,TRUE,FALSE,NORMAL
22,54,5,293.8804817,601.8382104,6.936653689,100,0,6.349465815,12.055892,0.87944108,60.42188864,TRUE,FALSE,NORMAL
22,54,6,709.94373,118.3789526,9.184785623,100,15.6387626,18.41748606,22.47742576,0.775225742,52.10738658,TRUE,FALSE,NORMAL
22,54,7,337.1075659,123.8534883,4.010731204,100,10.15185757,6.697671568,0,0,0,TRUE,FALSE,NORMAL
22,54,8,103.2516362,577.9342036,1.659693465,100,12.21161886,15.88060336,21.30677362,0.786932264,53.04128946,TRUE,FALSE,NORMAL
22,54,9,501.9365885,527.2133285,4.754107232,100,2.604627976,5.914646324,13.38611964,0.866138804,59.35866138,TRUE,FALSE,NORMAL
22,54,10,748.4907835,280.7891591,3.841447324,100,21.90870763,0,22.47742576,0.775225742,52.10738658,TRUE,FALSE,NORMAL
22,55,1,720.1743219,865.7756963,4.326300569,87,16.38066018,15.52956798,30.28720535,0.697127947,45.89438643,TRUE,TRUE,LOW_BATTERY
22,55,2,774.3707381,961.5758408,3.844615743,100,19.38444865,1.947815218,31.44682962,0.685531704,44.97319574,TRUE,FALSE,NORMAL
22,55,3,851.4539125,872.501547,8.918966968,100,0,14.41413066,29.62849175,0.703715083,46.41696409,TRUE,FALSE,NORMAL
22,55,4,54.32328225,728.4849141,7.401863178,100,31.98633034,6.466768397,13.75772711,0.862422729,59.06730698,TRUE,FALSE,NORMAL
22,55,5,300.2487831,599.0883193,6.936653689,100,0,5.106111419,11.72594561,0.882740544,60.68523987,TRUE,FALSE,NORMAL
22,55,6,700.7827728,117.7177793,9.184785623,100,15.9487505,15.80834218,21.37965773,0.786203423,52.98226236,TRUE,FALSE,NORMAL
22,55,7,339.0085275,127.385104,4.010731204,100,12.31780723,3.891612199,0,0,0,TRUE,FALSE,NORMAL
22,55,8,103.88323,576.3993838,1.659693465,100,12.47181534,18.47310627,20.47875198,0.79521248,53.70134542,TRUE,FALSE,NORMAL
22,55,9,506.1248589,529.4627565,4.754107232,100,4.399271657,4.00307807,14.00720993,0.859927901,58.86293515,TRUE,FALSE,NORMAL
22,55,10,750.9394335,283.7490291,3.841447324,100,18.61174429,0,21.37965773,0.786203423,52.98226236,TRUE,FALSE,NORMAL
22,56,1,721.9469891,861.8292386,4.326300569,86.5,19.23245989,13.75942781,30.71834969,0.692816503,45.55133287,TRUE,TRUE,LOW_BATTERY
22,56,2,778.0992381,960.6380998,3.844615743,100,24.31370636,4.651992325,32.12072031,0.678792797,44.43872887,TRUE,FALSE,NORMAL
22,56,3,843.7723891,877.033894,8.918966968,100,3.282614928,14.04938794,31.34458446,0.686554155,45.05481691,TRUE,FALSE,NORMAL
22,56,4,50.27655661,722.2872056,7.401863178,100,36.254233,8.453256176,13.52117598,0.86478824,59.25685513,TRUE,FALSE,NORMAL
22,56,5,302.4661045,592.5155991,6.936653689,100,1.523603516,7.203685251,11.6717187,0.883282813,60.72875369,TRUE,FALSE,NORMAL
22,56,6,704.6514842,109.3875116,9.184785623,100,19.39109673,15.95505643,19.60209658,0.803979034,54.39939989,TRUE,FALSE,NORMAL
22,56,7,341.4334322,124.190452,4.010731204,100,8.949510267,1.643331324,0,0,0,TRUE,FALSE,NORMAL
22,56,8,104.5954765,574.9002883,1.659693465,100,9.087549826,17.55986075,20.63911552,0.793608845,53.57371771,TRUE,FALSE,NORMAL
22,56,9,505.8786137,534.2104822,4.754107232,100,8.280038527,5.99428954,14.96789217,0.850321078,58.09624006,TRUE,FALSE,NORMAL
22,56,10,750.5766494,287.5733075,3.841447324,100,15.32723105,2.753827847,19.60209658,0.803979034,54.39939989,TRUE,FALSE,NORMAL
22,57,1,718.1913129,859.6817348,4.326300569,86,17.62900878,15.69328668,29.39661949,0.706033805,46.60148671,TRUE,TRUE,LOW_BATTERY
22,57,2,780.7946362,957.8965858,3.844615743,100,23.35624164,7.092792591,31.68247875,0.683175212,44.78627469,TRUE,FALSE,NORMAL
22,57,3,852.6719661,876.446102,8.918966968,100,0,14.73702056,30.06517707,0.699348229,46.0712065,TRUE,FALSE,NORMAL
22,57,4,55.92149288,727.0749267,7.401863178,100,33.65373027,8.309530239,12.94529698,0.87054703,59.71608478,TRUE,FALSE,NORMAL
22,57,5,309.2776566,593.8270569,6.936653689,100,6.1254822,10.11181139,11.2143977,0.887856023,61.09376214,TRUE,FALSE,NORMAL
22,57,6,706.4328407,118.3978976,9.184785623,100,16.40407892,13.97632523,20.50483253,0.794951675,53.67963385,TRUE,FALSE,NORMAL
22,57,7,340.6253813,120.2619639,4.010731204,100,11.37899307,2.210059631,0,0,0,TRUE,FALSE,NORMAL
22,57,8,104.4219705,573.249689,1.659693465,100,12.46631231,18.38065905,19.67682739,0.803231726,54.34100338,TRUE,FALSE,NORMAL
22,57,9,510.6251298,534.4790343,4.754107232,100,6.175034931,3.45816357,15.25175435,0.847482457,57.86971627,TRUE,FALSE,NORMAL
22,57,10,750.9929423,291.3921317,3.841447324,100,19.15177464,4.751466898,20.50483253,0.794951675,53.67963385,TRUE,FALSE,NORMAL
22,58,1,721.0670266,862.9139396,4.326300569,85.5,13.21757013,16.51775605,29.63716065,0.703628394,46.41056638,TRUE,TRUE,LOW_BATTERY
22,58,2,778.8401832,961.2073536,3.844615743,100,22.41982882,8.614857275,32.01811927,0.679818807,44.52006166,TRUE,FALSE,NORMAL
22,58,3,854.3677639,885.2023708,8.918966968,100,0,17.03984203,30.22298872,0.697770113,45.9460428,TRUE,FALSE,NORMAL
22,58,4,50.30255208,722.2567234,7.401863178,100,28.95718936,5.914840006,12.80498335,0.871950167,59.82899643,TRUE,FALSE,NORMAL
22,58,5,309.0080166,586.8956459,6.936653689,100,5.149344568,9.013953397,11.27014037,0.887298596,61.04960356,TRUE,FALSE,NORMAL
22,58,6,699.825628,112.0178484,9.184785623,100,19.98176806,16.1223316,19.50561615,0.804943838,54.47633352,TRUE,FALSE,NORMAL
22,58,7,340.1673233,124.2464523,4.010731204,100,14.80935573,2.888980454,0,0,0,TRUE,FALSE,NORMAL
22,58,8,105.0172215,574.7989658,1.659693465,100,14.35045115,20.48848431,20.14379896,0.79856201,53.96886791,TRUE,FALSE,NORMAL
22,58,9,507.9350827,538.398879,4.754107232,100,7.599100425,4.113371151,16.1174594,0.838825406,57.17893532,TRUE,FALSE,NORMAL
22,58,10,753.6187988,288.588278,3.841447324,100,16.59417392,1.974501433,19.50561615,0.804943838,54.47633352,TRUE,FALSE,NORMAL
22,59,1,722.5335885,858.8437955,4.326300569,85,15.21378966,17.61982451,30.28846185,0.697115382,45.89268729,TRUE,TRUE,LOW_BATTERY
22,59,2,775.0124025,961.5667497,3.844615743,100,23.34337908,8.11553401,31.80881579,0.681911842,44.68604664,TRUE,FALSE,NORMAL
22,59,3,846.7839447,880.5083683,8.918966968,100,0,14.32506493,30.89284161,0.691071584,45.41336336,TRUE,FALSE,NORMAL
22,59,4,43.21267518,724.3830405,7.401863178,100,30.81631477,4.20438326,23.55418454,0.764458155,51.24951316,TRUE,FALSE,NORMAL
22,59,5,315.300219,583.9758252,6.936653689,100,1.132631763,7.893049437,16.10954242,0.838904576,57.18533792,TRUE,FALSE,NORMAL
22,59,6,707.0382213,117.7045684,9.184785623,100,24.58392107,14.22745117,21.35232468,0.786476753,53.00404883,TRUE,FALSE,NORMAL
22,59,7,343.7105488,122.3672189,4.010731204,100,14.40253483,3.447241597,0,0,0,TRUE,FALSE,NORMAL
22,59,8,103.5836164,575.6352427,1.659693465,100,11.54209782,21.5646314,19.23779323,0.807622068,54.69142679,TRUE,FALSE,NORMAL
22,59,9,506.5636159,533.8468888,4.754107232,100,5.678716015,2.878849422,17.29768293,0.827023171,56.23733541,TRUE,FALSE,NORMAL
22,59,10,751.2111789,285.5949381,3.841447324,100,17.85711685,1.674943666,21.35232468,0.786476753,53.00404883,TRUE,FALSE,NORMAL
22,60,1,721.7081364,863.0906185,4.326300569,84.5,10.57243874,18.95309224,30.5047931,0.694952069,45.72089913,TRUE,TRUE,LOW_BATTERY
22,60,2,773.5425755,965.1193092,3.844615743,100,23.09317772,10.73662494,31.03778966,0.689622103,45.29764513,TRUE,FALSE,NORMAL
22,60,3,845.9059024,871.6327267,8.918966968,100,2.466952262,14.82626256,30.18290175,0.698170982,45.97635217,TRUE,FALSE,NORMAL
22,60,4,50.33921606,726.3830389,7.401863178,100,31.3564842,2.547507872,23.39280001,0.766072,51.37807366,TRUE,FALSE,NORMAL
22,60,5,321.2522684,587.538166,6.936653689,100,2.138404476,7.816840535,16.07327202,0.83926728,57.21444456,TRUE,FALSE,NORMAL
22,60,6,711.9131262,109.9202515,9.184785623,100,23.06003609,15.43471784,20.90881037,0.790911896,53.35758283,TRUE,FALSE,NORMAL
22,60,7,342.8430703,118.4514245,4.010731204,100,9.475742809,3.951442159,0,0,0,TRUE,FALSE,NORMAL
22,60,8,104.4840607,574.2410467,1.659693465,100,6.67138599,24.08595491,18.71301453,0.812869855,55.11012118,TRUE,FALSE,NORMAL
22,60,9,505.1221707,529.3165719,4.754107232,100,0.745171655,3.195374264,18.113315,0.81886685,55.58672041,TRUE,FALSE,NORMAL
22,60,10,751.0644721,281.7562932,3.841447324,100,13.49409769,0,20.90881037,0.790911896,53.35758283,TRUE,FALSE,NORMAL
22,61,1,718.6213785,866.1219222,4.326300569,84.5,12.31789444,17.4479766,31.10372623,0.688962738,45.24535124,TRUE,FALSE,NORMAL
22,61,2,770.1880946,966.9977469,3.844615743,100,27.64289036,8.529748683,31.35323419,0.686467658,45.0473204,TRUE,FALSE,NORMAL
22,61,3,837.0405003,872.6087479,8.918966968,100,4.238561137,14.59636156,30.90147015,0.690985299,45.40582097,TRUE,FALSE,NORMAL
22,61,4,48.56486367,733.5690846,7.401863178,100,29.47635591,1.480490607,22.3198904,0.776801096,52.23292008,TRUE,FALSE,NORMAL
22,61,5,325.3518064,593.1337851,6.936653689,100,0,7.141892816,16.33786364,0.836621364,57.00359929,TRUE,FALSE,NORMAL
22,61,6,703.1622991,112.7101104,9.184785623,100,21.81195972,17.99170763,20.85005593,0.791499441,53.40441996,TRUE,FALSE,NORMAL
22,61,7,340.2756788,121.5327336,4.010731204,100,14.28674243,4.768999459,0,0,0,TRUE,FALSE,NORMAL
22,61,8,105.3985858,575.6260471,1.659693465,100,5.109613332,24.37992319,17.88532728,0.821146727,55.76999167,TRUE,FALSE,NORMAL
22,61,9,500.3693,529.4249933,4.754107232,100,0,4.980147262,19.22496312,0.807750369,54.70013531,TRUE,FALSE,NORMAL
22,61,10,754.9003643,281.5497767,3.841447324,100,15.41460212,0,20.85005593,0.791499441,53.40441996,TRUE,FALSE,NORMAL
22,62,1,719.9716457,870.2321113,4.326300569,84.5,11.58543666,19.64393569,31.92202745,0.680779726,44.59620805,TRUE,FALSE,NORMAL
22,62,2,773.2957932,964.7342806,3.844615743,100,24.68842587,8.683119005,31.64092621,0.683590738,44.81926283,TRUE,FALSE,NORMAL
22,62,3,833.6012582,864.3795569,8.918966968,100,3.718987362,12.25694523,31.19114181,0.688088582,45.17594486,TRUE,FALSE,NORMAL
22,62,4,48.75054865,726.1695508,7.401863178,100,28.80101528,0,23.71122343,0.762887766,51.12442063,TRUE,FALSE,NORMAL
22,62,5,318.6263112,591.4352919,6.936653689,100,0.202588709,5.868435439,16.69259025,0.833074097,56.72031604,TRUE,FALSE,NORMAL
22,62,6,712.0560968,110.4164997,9.184785623,100,21.87213789,16.78120605,20.37589266,0.796241073,53.78243095,TRUE,FALSE,NORMAL
22,62,7,344.2057882,122.332862,4.010731204,100,10.19335034,4.587472335,0,0,0,TRUE,FALSE,NORMAL
22,62,8,105.9775174,577.1814958,1.659693465,100,7.677393605,24.49616552,19.2118677,0.807881323,54.71223164,TRUE,FALSE,NORMAL
22,62,9,496.6714464,526.4371154,4.754107232,100,0,2.649034226,18.67266854,0.813273315,55.14058943,TRUE,FALSE,NORMAL
22,62,10,753.2670597,285.0267055,3.841447324,100,14.41721112,0,20.37589266,0.796241073,53.78243095,TRUE,FALSE,NORMAL
22,63,1,716.1794244,872.3144019,4.326300569,84.5,7.046087137,19.22901708,32.19777393,0.678022261,44.37749563,TRUE,FALSE,NORMAL
22,63,2,770.2401293,967.0675162,3.844615743,100,25.77605109,8.161645479,31.96588596,0.68034114,44.56139004,TRUE,FALSE,NORMAL
22,63,3,826.1003706,869.2049747,8.918966968,100,3.746026896,12.82945651,31.89121874,0.681087813,44.6205869,TRUE,FALSE,NORMAL
22,63,4,52.7474547,732.3995043,7.401863178,100,30.44743722,0,11.74348101,0.88256519,60.67554039,TRUE,FALSE,NORMAL
22,63,5,312.2937616,588.6040413,6.936653689,100,4.436834059,7.068993507,11.26864038,0.887313596,61.05110397,TRUE,FALSE,NORMAL
22,63,6,714.9816309,101.7100919,9.184785623,100,22.1308057,15.63521916,19.6411682,0.803588318,54.36824457,TRUE,FALSE,NORMAL
22,63,7,342.3916986,118.7558459,4.010731204,100,6.537567928,1.736819046,0,0,0,TRUE,FALSE,NORMAL
22,63,8,107.5213891,576.5723631,1.659693465,100,3.262266931,21.92518849,19.41347825,0.805865217,54.55073655,TRUE,FALSE,NORMAL
22,63,9,501.3477179,525.5803656,4.754107232,100,0,3.265543442,17.03595329,0.829640467,56.4461317,TRUE,FALSE,NORMAL
22,63,10,754.0964127,281.2758535,3.841447324,100,13.36539429,0,19.6411682,0.803588318,54.36824457,TRUE,FALSE,NORMAL
22,64,1,718.5444886,868.6917858,4.326300569,84.5,5.39412172,20.41953854,32.45555893,0.675444411,44.17355629,TRUE,FALSE,NORMAL
22,64,2,769.3541931,970.8086641,3.844615743,100,24.39047305,8.960342476,31.97135748,0.680286425,44.55712497,TRUE,FALSE,NORMAL
22,64,3,820.2793244,875.9624441,8.918966968,100,3.92790542,12.24193363,33.00221058,0.669977894,43.74007816,TRUE,FALSE,NORMAL
22,64,4,51.68679241,739.7249786,7.401863178,100,32.32506785,0.955321849,21.43649659,0.785635034,52.93695806,TRUE,FALSE,NORMAL
22,64,5,318.1925293,592.2539323,6.936653689,100,5.352636778,5.119887408,16.6766159,0.833233841,56.7330332,TRUE,FALSE,NORMAL
22,64,6,708.9560464,94.77809222,9.184785623,100,24.66765201,17.32506419,18.44434244,0.815556576,55.32269287,TRUE,FALSE,NORMAL
22,64,7,346.3548412,119.3718538,4.010731204,100,5.492003438,3.841206199,0,0,0,TRUE,FALSE,NORMAL
22,64,8,106.2908694,575.458629,1.659693465,100,7.903165344,22.44341068,18.12145678,0.818785432,55.58103016,TRUE,FALSE,NORMAL
22,64,9,496.62731,526.1454183,4.754107232,100,0,1.990315544,18.54681485,0.814531852,55.24096415,TRUE,FALSE,NORMAL
22,64,10,757.4552717,279.4117764,3.841447324,100,12.84689949,0,18.44434244,0.815556576,55.32269287,TRUE,FALSE,NORMAL
22,65,1,714.2183071,868.7238818,4.326300569,84.5,7.530062339,21.03793857,31.55756604,0.68442434,44.88539497,TRUE,FALSE,NORMAL
22,65,2,767.0514004,973.8873352,3.844615743,100,26.1214435,11.54060277,31.91608543,0.680839146,44.60128812,TRUE,FALSE,NORMAL
22,65,3,821.9134667,884.7304285,8.918966968,100,7.909914285,13.27819176,32.66720635,0.673327937,44.00545842,TRUE,FALSE,NORMAL
22,65,4,59.08477859,739.4854394,7.401863178,100,34.67436944,0,22.05865084,0.779413492,52.44110307,TRUE,FALSE,NORMAL
22,65,5,324.9569526,593.7900776,6.936653689,100,8.516060365,4.323494068,16.56518888,0.834348111,56.82219966,TRUE,FALSE,NORMAL
22,65,6,717.9937887,96.41501072,9.184785623,100,25.09422902,18.36093783,18.87620979,0.811237902,54.97826004,TRUE,FALSE,NORMAL
22,65,7,342.6401448,120.8841353,4.010731204,100,8.378284479,5.808859315,0,0,0,TRUE,FALSE,NORMAL
22,65,8,106.9532087,576.9804335,1.659693465,100,11.38307856,25.1961255,17.92223781,0.820777622,55.74036672,TRUE,FALSE,NORMAL
22,65,9,495.8190714,521.4605186,4.754107232,100,4.239321144,4.547318996,19.34455296,0.80655447,54.60476895,TRUE,FALSE,NORMAL
22,65,10,761.2859791,279.6988281,3.841447324,100,8.737295428,0,18.87620979,0.811237902,54.97826004,TRUE,FALSE,NORMAL
22,66,1,709.9875898,869.6282644,4.326300569,84.5,6.035397329,23.68730028,31.3173594,0.686826406,45.07577275,TRUE,FALSE,NORMAL
22,66,2,766.2721903,970.1225109,3.844615743,100,24.26529574,13.34744235,31.64397023,0.683560298,44.81672305,TRUE,FALSE,NORMAL
22,66,3,824.0017734,876.0593878,8.918966968,100,7.998495666,12.71237659,31.72808627,0.682719137,44.74998347,TRUE,FALSE,NORMAL
22,66,4,61.11224482,732.3666642,7.401863178,100,30.00473155,0.609701791,12.44520623,0.875547938,60.11546847,TRUE,FALSE,NORMAL
22,66,5,318.1208729,594.9670139,6.936653689,100,5.354360263,1.358227166,11.54002602,0.88459974,60.83438497,TRUE,FALSE,NORMAL
22,66,6,714.8430299,105.0424673,9.184785623,100,27.05514541,20.30900639,20.28254272,0.797174573,53.85685591,TRUE,FALSE,NORMAL
22,66,7,345.6016151,123.5888826,4.010731204,100,6.686460543,5.328051482,0,0,0,TRUE,FALSE,NORMAL
22,66,8,105.384596,576.4381821,1.659693465,100,12.95872937,22.48394205,18.96703189,0.810329681,54.90731912,TRUE,FALSE,NORMAL
22,66,9,496.6044996,526.1492965,4.754107232,100,8.303204094,7.330594916,18.37817319,0.816218268,55.37546818,TRUE,FALSE,NORMAL
22,66,10,764.7103225,277.9579693,3.841447324,100,12.58389039,0,20.28254272,0.797174573,53.85685591,TRUE,FALSE,NORMAL
22,67,1,710.3711276,873.9375306,4.326300569,84.5,9.57098012,26.51425468,31.1284344,0.688715656,45.22568548,TRUE,FALSE,NORMAL
22,67,2,768.9429616,972.8880219,3.844615743,100,23.18419188,12.53086152,30.82744797,0.69172552,45.46461261,TRUE,FALSE,NORMAL
22,67,3,826.8081898,867.5934561,8.918966968,100,4.108041334,15.08806137,30.68918792,0.693108121,45.57432808,TRUE,FALSE,NORMAL
22,67,4,68.11314085,734.7697941,7.401863178,100,28.59272137,2.532806466,12.66857747,0.873314225,59.93666209,TRUE,FALSE,NORMAL
22,67,5,315.0759441,588.7343922,6.936653689,100,0.517159004,0,12.13783003,0.8786217,60.35718759,TRUE,FALSE,NORMAL
22,67,6,707.5537321,110.6305281,9.184785623,100,23.631352,22.18019208,20.59734971,0.794026503,53.60587652,TRUE,FALSE,NORMAL
22,67,7,346.7923073,119.7589718,4.010731204,100,9.253455834,5.312167031,0,0,0,TRUE,FALSE,NORMAL
22,67,8,104.6297968,574.9600547,1.659693465,100,8.609547203,19.53118359,19.03413344,0.809658666,54.85356209,TRUE,FALSE,NORMAL
22,67,9,493.2558447,529.5239144,4.754107232,100,9.125653244,7.985787598,18.9714906,0.810285094,54.90227335,TRUE,FALSE,NORMAL
22,67,10,768.5517606,277.9495485,3.841447324,100,10.20043337,0,20.59734971,0.794026503,53.60587652,TRUE,FALSE,NORMAL
22,68,1,714.3768567,875.5718535,4.326300569,84.5,8.001532009,25.63540236,31.09841318,0.689015868,45.24959192,TRUE,FALSE,NORMAL
22,68,2,766.3689512,975.7438126,3.844615743,100,26.50324408,10.05348651,29.94621819,0.700537818,46.16500625,TRUE,FALSE,NORMAL
22,68,3,832.543513,860.7630799,8.918966968,100,4.480595317,15.99504435,29.41566154,0.705843385,46.58603442,TRUE,FALSE,NORMAL
22,68,4,72.29923105,728.6653509,7.401863178,100,32.30473769,0,13.51237465,0.864876253,59.26423297,TRUE,FALSE,NORMAL
22,68,5,317.1893251,582.1275181,6.936653689,100,0.152113173,1.590870052,12.1358267,0.878641733,60.35873533,TRUE,FALSE,NORMAL
22,68,6,715.8534474,106.6966988,9.184785623,100,23.40012242,21.499945,20.0076984,0.799923016,54.0759895,TRUE,FALSE,NORMAL
22,68,7,343.3197309,121.7657548,4.010731204,100,6.859969027,7.064354744,0,0,0,TRUE,FALSE,NORMAL
22,68,8,104.0250075,576.505633,1.659693465,100,7.170221386,17.72413367,19.55397021,0.804460298,54.43977571,TRUE,FALSE,NORMAL
22,68,9,497.3183266,531.9932821,4.754107232,100,9.994818456,5.75131624,19.10338127,0.808966187,54.79709255,TRUE,FALSE,NORMAL
22,68,10,772.1271321,279.3543391,3.841447324,100,5.378200275,0,20.0076984,0.799923016,54.0759895,TRUE,FALSE,NORMAL
22,69,1,718.1815096,873.5123651,4.326300569,84.5,7.416406847,28.31356385,31.31338522,0.686866148,45.07920485,TRUE,FALSE,NORMAL
22,69,2,763.996635,972.7183893,3.844615743,100,21.83657579,8.197162988,29.6174132,0.703825868,46.42721195,TRUE,FALSE,NORMAL
22,69,3,836.5430479,852.7911484,8.918966968,100,1.123339013,13.70621719,28.68975783,0.713102422,47.16322477,TRUE,FALSE,NORMAL
22,69,4,67.54663268,734.3398894,7.401863178,100,33.77723387,1.664153716,12.95609372,0.870439063,59.70764218,TRUE,FALSE,NORMAL
22,69,5,310.3240611,581.1348879,6.936653689,100,4.7775609,1.005611094,12.09330751,0.879066925,60.39261667,TRUE,FALSE,NORMAL
22,69,6,707.7421373,111.0056355,9.184785623,100,19.39613909,18.8698884,20.85177279,0.791482272,53.40305133,TRUE,FALSE,NORMAL
22,69,7,346.4153051,119.2155813,4.010731204,100,5.941307956,5.250093765,0,0,0,TRUE,FALSE,NORMAL
22,69,8,103.4293974,578.0547719,1.659693465,100,5.984127709,20.35041628,19.6694218,0.803305782,54.34701691,TRUE,FALSE,NORMAL
22,69,9,495.1361604,527.7695768,4.754107232,100,7.243140204,6.472401624,18.19814883,0.818018512,55.5190554,TRUE,FALSE,NORMAL
22,69,10,769.7448116,276.3408252,3.841447324,100,8.237783323,0,20.85177279,0.791482272,53.40305133,TRUE,FALSE,NORMAL
22,70,1,721.7367156,871.0471294,4.326300569,84.5,5.844282043,26.34657133,31.29183076,0.687081692,45.09645411,TRUE,FALSE,NORMAL
22,70,2,760.203094,972.0937957,3.844615743,100,22.26030347,6.020660784,29.74373145,0.702562686,46.32700027,TRUE,FALSE,NORMAL
22,70,3,842.7333369,859.2120746,8.918966968,100,2.475695279,15.59882646,28.59747483,0.714025252,47.23646185,TRUE,FALSE,NORMAL
22,70,4,68.973681,741.6028854,7.401863178,100,28.9852976,2.779642308,11.77146599,0.88228534,60.65295207,TRUE,FALSE,NORMAL
22,70,5,317.2094523,581.9766434,6.936653689,100,9.503549162,3.00148216,11.94293295,0.88057067,60.51336021,TRUE,FALSE,NORMAL
22,70,6,703.2481045,102.9953948,9.184785623,100,19.2489166,16.11780947,18.73143428,0.812685657,55.09372159,TRUE,FALSE,NORMAL
22,70,7,349.3637678,121.9345024,4.010731204,100,3.241011668,5.011540454,0,0,0,TRUE,FALSE,NORMAL
22,70,8,104.7393453,579.0738984,1.659693465,100,2.341447582,20.68567624,18.69079154,0.813092085,55.12729535,TRUE,FALSE,NORMAL
22,70,9,490.3822066,527.7313791,4.754107232,100,8.905413716,8.944754226,20.02902199,0.79970978,54.05898771,TRUE,FALSE,NORMAL
22,70,10,769.5701291,280.1782987,3.841447324,100,5.530627234,1.36657344,18.73143428,0.812685657,55.09372159,TRUE,FALSE,NORMAL
22,71,1,726.0369908,870.5733044,4.326300569,84.5,7.409206841,23.81045323,32.11113528,0.678888647,44.44619049,TRUE,FALSE,NORMAL
22,71,2,760.3097124,975.9369328,3.844615743,100,21.25585193,8.50662513,29.43180137,0.705681986,46.57452852,TRUE,FALSE,NORMAL
22,71,3,834.3543824,856.1557546,8.918966968,100,0,17.83663593,29.56197073,0.704380293,46.47132073,TRUE,FALSE,NORMAL
22,71,4,62.23935547,738.5310069,7.401863178,100,33.01900899,2.684835871,22.97338245,0.770266175,51.71221518,TRUE,FALSE,NORMAL
22,71,5,323.0476065,578.2305628,6.936653689,100,14.36881215,5.749668623,17.02322387,0.829767761,56.45706917,TRUE,FALSE,NORMAL
22,71,6,706.2222123,94.30545981,9.184785623,100,18.40613324,13.43953579,17.35926955,0.826407305,56.18820567,TRUE,FALSE,NORMAL
22,71,7,346.9061844,118.7649207,4.010731204,100,2.129239069,3.66830241,0,0,0,TRUE,FALSE,NORMAL
22,71,8,103.2272704,579.7581586,1.659693465,100,0,18.29759154,18.28109906,0.817189009,55.45454477,TRUE,FALSE,NORMAL
22,71,9,493.6371644,524.2662983,4.754107232,100,4.734051763,10.04105207,20.45763207,0.795423679,53.71726399,TRUE,FALSE,NORMAL
22,71,10,766.3537137,282.2786294,3.841447324,100,7.212605437,1.019593033,17.35926955,0.826407305,56.18820567,TRUE,FALSE,NORMAL
22,72,1,722.654043,867.8765395,4.326300569,84.5,4.009971212,25.2182357,31.01400177,0.689859982,45.31653555,TRUE,FALSE,NORMAL
22,72,2,763.8518008,974.4420481,3.844615743,100,16.3934655,9.905866967,29.4968531,0.705031469,46.52211027,TRUE,FALSE,NORMAL
22,72,3,841.1922771,861.8821118,8.918966968,100,0,18.26941549,29.11898067,0.708810193,46.8219953,TRUE,FALSE,NORMAL
22,72,4,55.17365941,736.3256684,7.401863178,100,35.52914824,2.480788489,23.28707246,0.767129275,51.46230071,TRUE,FALSE,NORMAL
22,72,5,319.872566,584.397919,6.936653689,100,17.58721373,6.994553615,16.51296298,0.83487037,56.86376174,TRUE,FALSE,NORMAL
22,72,6,704.793688,85.23244458,9.184785623,100,19.65279469,14.20228786,16.01942642,0.839805736,57.25715534,TRUE,FALSE,NORMAL
22,72,7,345.6964296,114.9409884,4.010731204,100,0,3.362800672,0,0,0,TRUE,FALSE,NORMAL
22,72,8,102.7816564,581.3569114,1.659693465,100,0,18.60759776,18.66547215,0.813345278,55.14798759,TRUE,FALSE,NORMAL
22,72,9,498.1629836,525.7218038,4.754107232,100,1.928165524,10.85990158,18.98205412,0.810179459,54.893849,TRUE,FALSE,NORMAL
22,72,10,762.5122856,282.2908101,3.841447324,100,3.916184173,0,16.01942642,0.839805736,57.25715534,TRUE,FALSE,NORMAL
22,73,1,725.8022877,864.9091447,4.326300569,84.5,8.386559745,24.25269218,30.93680909,0.690631909,45.37786786,TRUE,FALSE,NORMAL
22,73,2,760.3365979,972.8849934,3.844615743,100,11.67573916,9.078527542,29.74044967,0.702595503,46.32853561,TRUE,FALSE,NORMAL
22,73,3,846.2107478,869.2552335,8.918966968,100,0,16.35133784,29.13406275,0.708659372,46.80980015,TRUE,FALSE,NORMAL
22,73,4,54.96495481,743.7245886,7.401863178,100,37.8619941,0,21.98938515,0.780106149,52.49630365,TRUE,FALSE,NORMAL
22,73,5,315.6908835,589.9324195,6.936653689,100,13.59537213,9.92777157,15.85331183,0.841466882,57.38981086,TRUE,FALSE,NORMAL
22,73,6,710.7623855,78.25140332,9.184785623,100,15.16502498,11.24163811,15.08286922,0.849171308,58.00448657,TRUE,FALSE,NORMAL
22,73,7,344.9413974,118.88001,4.010731204,100,0,3.662126893,0,0,0,TRUE,FALSE,NORMAL
22,73,8,101.4352039,580.386526,1.659693465,100,2.534566267,19.00503917,18.23836672,0.817616333,55.48802042,TRUE,FALSE,NORMAL
22,73,9,502.5803994,523.9645408,4.754107232,100,0.597700801,9.851264812,17.21927535,0.827807246,56.29988453,TRUE,FALSE,NORMAL
22,73,10,758.9018118,283.6027537,3.841447324,100,7.605503106,0,15.08286922,0.849171308,58.00448657,TRUE,FALSE,NORMAL
22,74,1,722.8882065,861.7114882,4.326300569,84.5,9.72901985,22.44371275,30.22700107,0.697729989,45.94153567,TRUE,FALSE,NORMAL
22,74,2,756.6300058,971.8640894,3.844615743,100,13.27697277,9.382081336,29.82292113,0.701770789,46.26269663,TRUE,FALSE,NORMAL
22,74,3,848.8656729,877.7698882,8.918966968,100,0,15.02775121,28.82041678,0.711795832,47.05875399,TRUE,FALSE,NORMAL
22,74,4,62.00942043,741.4523469,7.401863178,100,42.43963334,0.640859499,12.42359508,0.875764049,60.13229488,TRUE,FALSE,NORMAL
22,74,5,308.7668637,590.350886,6.936653689,100,15.02615484,9.154919325,11.39225171,0.886077483,60.95203476,TRUE,FALSE,NORMAL
22,74,6,701.6141417,79.06989178,9.184785623,100,16.15716438,9.480724455,15.4356674,0.845643326,57.72295735,TRUE,FALSE,NORMAL
22,74,7,343.1688031,115.2822503,4.010731204,100,2.871826005,3.459785385,0,0,0,TRUE,FALSE,NORMAL
22,74,8,100.243326,581.5415193,1.659693465,100,0,20.08427741,19.17637685,0.808236232,54.74000194,TRUE,FALSE,NORMAL
22,74,9,497.9426228,522.9192831,4.754107232,100,0,8.451867965,16.77531418,0.832246858,56.65406698,TRUE,FALSE,NORMAL
22,74,10,756.6237237,280.5096918,3.841447324,100,6.772489321,2.691113061,15.4356674,0.845643326,57.72295735,TRUE,FALSE,NORMAL
22,75,1,724.2206942,865.8274757,4.326300569,84.5,11.84790267,24.42604182,30.74967065,0.692503293,45.52639631,TRUE,FALSE,NORMAL
22,75,2,758.8556816,974.9989638,3.844615743,100,12.45864736,11.80305079,30.55972078,0.694402792,45.67725921,TRUE,FALSE,NORMAL
22,75,3,844.1583906,885.3454717,8.918966968,100,4.289024036,16.92791945,29.9655879,0.700344121,46.14886623,TRUE,FALSE,NORMAL
22,75,4,54.7445214,742.8696756,7.401863178,100,40.51989978,0,22.08701105,0.779129889,52.41850198,TRUE,FALSE,NORMAL
22,75,5,315.6471426,591.233454,6.936653689,100,12.16297134,7.081467438,15.69118005,0.843088199,57.51918418,TRUE,FALSE,NORMAL
22,75,6,697.0441212,87.03702418,9.184785623,100,13.85425363,10.46837394,17.15049083,0.828495092,56.35475761,TRUE,FALSE,NORMAL
22,75,7,347.0419372,114.2407143,4.010731204,100,5.651512122,2.467425316,0,0,0,TRUE,FALSE,NORMAL
22,75,8,100.3285412,579.8840149,1.659693465,100,2.937969992,18.81009313,18.19079064,0.818092094,55.52604614,TRUE,FALSE,NORMAL
22,75,9,501.2368166,519.4914816,4.754107232,100,0,11.14636841,17.08778989,0.829122101,56.40477805,TRUE,FALSE,NORMAL
22,75,10,755.6345135,276.7977946,3.841447324,100,2.084431051,3.134039028,17.15049083,0.828495092,56.35475761,TRUE,FALSE,NORMAL
22,76,1,728.1052383,867.7319948,4.326300569,84.5,13.42403222,24.66844142,30.89877744,0.691012226,45.4086686,TRUE,FALSE,NORMAL
22,76,2,756.3019813,972.124997,3.844615743,100,16.77683188,9.510204273,30.56940848,0.694305915,45.67041704,TRUE,FALSE,NORMAL
22,76,3,853.0764204,885.2161806,8.918966968,100,0.878736073,15.76717712,29.03236156,0.709676384,46.89029937,TRUE,FALSE,NORMAL
22,76,4,55.75994486,735.5377936,7.401863178,100,41.15127684,0,12.20291175,0.877970883,60.30940713,TRUE,FALSE,NORMAL
22,76,5,311.2690969,585.8529447,6.936653689,100,14.11979024,8.358320747,10.72503874,0.892749613,61.48481377,TRUE,FALSE,NORMAL
22,76,6,696.582214,96.21018769,9.184785623,100,18.11140314,10.90978097,19.11002471,0.808899753,54.79179457,TRUE,FALSE,NORMAL
22,76,7,348.1909581,118.0833326,4.010731204,100,9.133344231,3.086120555,0,0,0,TRUE,FALSE,NORMAL
22,76,8,99.46617117,581.3020771,1.659693465,100,5.808316808,21.54799983,19.25905611,0.807409439,54.67448558,TRUE,FALSE,NORMAL
22,76,9,501.2578661,514.737421,4.754107232,100,0,13.99255438,16.43486479,0.835651352,56.92568721,TRUE,FALSE,NORMAL
22,76,10,752.490936,274.5899363,3.841447324,100,2.486756828,3.588373445,19.11002471,0.808899753,54.79179457,TRUE,FALSE,NORMAL
22,77,1,729.5040203,871.8259276,4.326300569,84.5,9.051221484,22.7483829,31.43274445,0.685672555,44.98571183,TRUE,FALSE,NORMAL
22,77,2,758.8044211,969.2062874,3.844615743,100,20.38635431,10.7593882,31.87410102,0.68125899,44.63513012,TRUE,FALSE,NORMAL
22,77,3,853.9171036,894.0954387,8.918966968,100,0,18.54303978,29.76877529,0.702312247,46.30523153,TRUE,FALSE,NORMAL
22,77,4,48.37694729,735.0096597,7.401863178,100,45.98532312,2.995706785,12.21333533,0.877866647,60.30095687,TRUE,FALSE,NORMAL
22,77,5,304.8194604,588.4062472,6.936653689,100,12.00407846,7.644112446,11.02687474,0.889731253,61.24390784,TRUE,FALSE,NORMAL
22,77,6,690.0617434,102.6788622,9.184785623,100,20.56947423,9.386859121,19.93392725,0.800660727,54.13480953,TRUE,FALSE,NORMAL
22,77,7,345.6060176,121.1499346,4.010731204,100,8.909479043,2.436437796,0,0,0,TRUE,FALSE,NORMAL
22,77,8,100.33724,582.7148126,1.659693465,100,2.465622952,20.86136266,19.81966428,0.801803357,54.22707466,TRUE,FALSE,NORMAL
22,77,9,496.5163272,514.3919585,4.754107232,100,0,14.4490848,15.99394654,0.840060535,57.2774858,TRUE,FALSE,NORMAL
22,77,10,755.6948131,272.4705287,3.841447324,100,0,4.269387887,19.93392725,0.800660727,54.13480953,TRUE,FALSE,NORMAL
22,78,1,730.5215442,867.6209875,4.326300569,84.5,7.741177871,21.29464839,30.50500491,0.694949951,45.72171195,TRUE,FALSE,NORMAL
22,78,2,756.2893847,972.1141495,3.844615743,100,20.35161312,9.041508474,31.24414796,0.68755852,45.13438988,TRUE,FALSE,NORMAL
22,78,3,857.1794367,902.3963516,8.918966968,100,4.848973644,15.84363417,29.22608523,0.707739148,46.73646419,TRUE,FALSE,NORMAL
22,78,4,49.1907513,727.6526698,7.401863178,100,45.68492847,5.10029899,13.41976255,0.865802374,59.33865788,TRUE,FALSE,NORMAL
22,78,5,299.4130917,584.0601753,6.936653689,100,14.71689214,8.798191106,11.36609952,0.886339005,60.9728598,TRUE,FALSE,NORMAL
22,78,6,699.1560378,103.9649789,9.184785623,100,21.84545126,11.17284321,20.50337121,0.794966288,53.68079886,TRUE,FALSE,NORMAL
22,78,7,349.5193194,122.0285889,4.010731204,100,7.005600193,4.74395423,0,0,0,TRUE,FALSE,NORMAL
22,78,8,98.70477424,582.4154166,1.659693465,100,0.111295937,22.71396903,20.77243329,0.792275667,53.46779537,TRUE,FALSE,NORMAL
22,78,9,495.9496033,509.671751,4.754107232,100,0,15.75974167,15.21291007,0.847870899,57.90071372,TRUE,FALSE,NORMAL
22,78,10,759.519098,272.1078124,3.841447324,100,3.044044278,2.021475194,20.50337121,0.794966288,53.68079886,TRUE,FALSE,NORMAL
22,79,1,729.9547559,863.331975,4.326300569,84.5,11.33773882,19.57123613,29.58528554,0.704147145,46.45305148,TRUE,FALSE,NORMAL
22,79,2,754.7227004,968.6032279,3.844615743,100,22.45746264,8.473027036,30.61841173,0.693815883,45.63146567,TRUE,FALSE,NORMAL
22,79,3,866.096828,902.5639939,8.918966968,100,0.249912476,15.31087299,27.76987366,0.722301263,47.89414503,TRUE,FALSE,NORMAL
22,79,4,56.57301213,728.1910037,7.401863178,100,48.03346649,3.335102874,14.21683413,0.857831659,58.70202373,TRUE,FALSE,NORMAL
22,79,5,293.7362984,580.0738007,6.936653689,100,11.8886487,8.652865483,12.18749948,0.878125005,60.31705085,TRUE,FALSE,NORMAL
22,79,6,696.0023873,112.5913788,9.184785623,100,20.96834337,8.274662234,21.5520484,0.784479516,52.84485768,TRUE,FALSE,NORMAL
22,79,7,352.0275155,118.8989057,4.010731204,100,2.906635415,3.059539922,0,0,0,TRUE,FALSE,NORMAL
22,79,8,100.2289119,581.7584639,1.659693465,100,0,24.16243752,21.43137948,0.785686205,52.94221803,TRUE,FALSE,NORMAL
22,79,9,494.758632,514.2742636,4.754107232,100,0,16.11636896,14.9823958,0.850176042,58.08466585,TRUE,FALSE,NORMAL
22,79,10,756.257638,274.1374913,3.841447324,100,6.520315768,4.712190907,21.5520484,0.784479516,52.84485768,TRUE,FALSE,NORMAL
22,80,1,728.5929269,859.2256021,4.326300569,84.5,7.950230397,19.26721169,28.67100345,0.713289966,47.17950503,TRUE,FALSE,NORMAL
22,80,2,758.5174112,967.9857816,3.844615743,100,21.13817713,6.620170432,29.80560175,0.701943982,46.27682101,TRUE,FALSE,NORMAL
22,80,3,871.8150924,895.7193301,8.918966968,100,1.867927917,17.95259508,26.83754886,0.731624511,48.63576303,TRUE,FALSE,NORMAL
22,80,4,56.22904758,720.7971369,7.401863178,100,49.57018496,1.348690079,14.61309574,0.853869043,58.38696167,TRUE,FALSE,NORMAL
22,80,5,295.8800293,573.4767117,6.936653689,100,14.80317446,6.663314159,11.88107818,0.881189218,60.56159381,TRUE,FALSE,NORMAL
22,80,6,705.0666181,114.0746209,9.184785623,100,24.14993622,8.524530691,22.53678991,0.774632101,52.06008314,TRUE,FALSE,NORMAL
22,80,7,355.5095868,116.9086432,4.010731204,100,4.234616101,1.379107198,0,0,0,TRUE,FALSE,NORMAL
22,80,8,98.9255914,580.7308755,1.659693465,100,0.840132317,25.71507637,21.66933539,0.783306646,52.75326548,TRUE,FALSE,NORMAL
22,80,9,499.4254814,515.1809345,4.754107232,100,0,13.28110671,14.94688237,0.850531176,58.11300637,TRUE,FALSE,NORMAL
22,80,10,752.4340721,273.7672733,3.841447324,100,10.92131111,3.822022389,22.53678991,0.774632101,52.06008314,TRUE,FALSE,NORMAL
22,81,1,731.1652643,855.7471029,4.326300569,84.5,4.125673859,20.3261288,28.1667906,0.718332094,47.58105177,TRUE,FALSE,NORMAL
22,81,2,759.8318763,964.3728532,3.844615743,100,17.87058869,8.161368371,29.39133708,0.706086629,46.60639081,TRUE,FALSE,NORMAL
22,81,3,880.5722427,894.0280909,8.918966968,100,4.714340549,19.51491764,25.84110959,0.741588904,49.42871737,TRUE,FALSE,NORMAL
22,81,4,53.53339462,713.9035867,7.401863178,100,45.71346926,3.674587746,14.656586,0.85343414,58.35386328,TRUE,FALSE,NORMAL
22,81,5,302.015008,570.2395524,6.936653689,100,14.08895313,7.936141656,11.48335589,0.885166441,60.87919175,TRUE,FALSE,NORMAL
22,81,6,712.6728175,108.9262213,9.184785623,100,23.08670639,7.626616544,22.62797176,0.773720282,51.98742775,TRUE,FALSE,NORMAL
22,81,7,356.6226651,113.05546,4.010731204,100,2.269041,0.553153548,0,0,0,TRUE,FALSE,NORMAL
22,81,8,97.26874669,580.6336747,1.659693465,100,3.197067363,25.21001118,21.5256022,0.784743978,52.86901679,TRUE,FALSE,NORMAL
22,81,9,498.3606872,510.5476043,4.754107232,100,0,12.23469872,16.03932819,0.839606718,57.24127572,TRUE,FALSE,NORMAL
22,81,10,753.0363515,269.9733338,3.841447324,100,14.31641165,4.410527785,22.62797176,0.773720282,51.98742775,TRUE,FALSE,NORMAL
22,82,1,733.7073169,859.2477949,4.326300569,84.5,3.099247449,18.53286062,29.30979444,0.706902056,46.67321521,TRUE,FALSE,NORMAL
22,82,2,760.86029,960.6683377,3.844615743,100,14.77159713,10.96473948,30.91354976,0.690864502,45.39753256,TRUE,FALSE,NORMAL
22,82,3,875.6883618,901.4910447,8.918966968,100,4.506742906,22.44581366,27.2503508,0.727496492,48.30762295,TRUE,FALSE,NORMAL
22,82,4,51.77004992,706.714832,7.401863178,100,42.94841839,1.450467661,15.34939282,0.846506072,57.80208243,TRUE,FALSE,NORMAL
22,82,5,298.1736242,564.4636598,6.936653689,100,11.5175952,8.330373596,11.5482212,0.884517788,60.82733371,TRUE,FALSE,NORMAL
22,82,6,718.6187047,101.9257419,9.184785623,100,24.38722301,5.483041914,21.12681836,0.788731816,53.18379963,TRUE,FALSE,NORMAL
22,82,7,352.6833554,112.3019325,4.010731204,100,0.875656932,0.879779452,0,0,0,TRUE,FALSE,NORMAL
22,82,8,98.92729569,580.6952992,1.659693465,100,0.410729919,25.26309324,22.43718095,0.77562819,52.14291464,TRUE,FALSE,NORMAL
22,82,9,502.0364339,507.5325717,4.754107232,100,1.673108506,11.66905528,14.95795963,0.850420404,58.10416645,TRUE,FALSE,NORMAL
22,82,10,755.471589,272.9442487,3.841447324,100,16.40865522,6.053971785,21.12681836,0.788731816,53.18379963,TRUE,FALSE,NORMAL
22,83,1,733.9061409,863.5695244,4.326300569,84.5,4.154371416,16.01263114,29.34499525,0.706550048,46.64820638,TRUE,FALSE,NORMAL
22,83,2,761.5379158,956.8839099,3.844615743,100,19.26286723,9.226229673,31.29106952,0.687089305,45.09961181,TRUE,FALSE,NORMAL
22,83,3,883.6546792,905.5017501,8.918966968,100,6.136353335,21.04092345,26.34743923,0.736525608,49.02615481,TRUE,FALSE,NORMAL
22,83,4,50.94636077,714.0707218,7.401863178,100,44.81099714,1.488252973,14.33709047,0.856629095,58.60830653,TRUE,FALSE,NORMAL
22,83,5,293.6413988,559.212365,6.936653689,100,11.50791324,9.44522791,11.29870223,0.887012978,61.02669647,TRUE,FALSE,NORMAL
22,83,6,727.7988202,101.6328837,9.184785623,100,25.47088798,4.813350418,21.85079108,0.781492089,52.60675779,TRUE,FALSE,NORMAL
22,83,7,354.2210977,108.5977034,4.010731204,100,0,1.89345547,0,0,0,TRUE,FALSE,NORMAL
22,83,8,98.63033662,579.0623884,1.659693465,100,0.989664972,25.99277928,22.03357865,0.779664213,52.46322221,TRUE,FALSE,NORMAL
22,83,9,504.929975,511.3047005,4.754107232,100,0,13.69639171,14.12108974,0.858789103,58.77204562,TRUE,FALSE,NORMAL
22,83,10,757.486502,269.6736458,3.841447324,100,12.25629888,8.410562031,21.85079108,0.781492089,52.60675779,TRUE,FALSE,NORMAL
22,84,1,729.7636195,862.3219695,4.326300569,84.5,8.95050489,15.72422443,28.6910184,0.713089816,47.16645573,TRUE,FALSE,NORMAL
22,84,2,763.7909294,959.9991947,3.844615743,100,15.57917098,10.21677928,30.55074144,0.694492586,45.68635525,TRUE,FALSE,NORMAL
22,84,3,883.0199124,896.6054001,8.918966968,100,8.279763186,22.10034016,26.00207615,0.739979239,49.30092726,TRUE,FALSE,NORMAL
22,84,4,58.34811658,714.030854,7.401863178,100,45.16036762,0,15.12528774,0.848747123,57.9788697,TRUE,FALSE,NORMAL
22,84,5,295.2817559,565.9522755,6.936653689,100,14.95211033,11.29477791,11.54648261,0.884535174,60.82858457,TRUE,FALSE,NORMAL
22,84,6,731.9867704,93.45845034,9.184785623,100,22.45140355,5.980442804,21.11553741,0.788844626,53.19279191,TRUE,FALSE,NORMAL
22,84,7,353.4014401,112.5237862,4.010731204,100,0.403807259,0.533138716,0,0,0,TRUE,FALSE,NORMAL
22,84,8,99.87813176,577.968044,1.659693465,100,0,24.78233279,22.13218824,0.778678118,52.38471692,TRUE,FALSE,NORMAL
22,84,9,508.5387192,508.2097852,4.754107232,100,0,10.94163524,13.40261916,0.865973808,59.34549172,TRUE,FALSE,NORMAL
22,84,10,759.3539556,266.3166629,3.841447324,100,9.386068186,6.714347984,21.11553741,0.788844626,53.19279191,TRUE,FALSE,NORMAL
22,85,1,733.2658416,859.7820252,4.326300569,84.5,13.70072538,18.38426515,29.09547114,0.709045289,46.84518876,TRUE,FALSE,NORMAL
22,85,2,764.3785734,956.1997547,3.844615743,100,13.66397358,9.86115077,31.4047758,0.685952242,45.00803006,TRUE,FALSE,NORMAL
22,85,3,880.8232784,905.2496335,8.918966968,100,11.34312172,20.77807815,26.89709843,0.731029016,48.58912909,TRUE,FALSE,NORMAL
22,85,4,55.13297366,720.6979699,7.401863178,100,41.65635426,0,14.62249499,0.85377505,58.37908575,TRUE,FALSE,NORMAL
22,85,5,288.3544149,566.311595,6.936653689,100,12.82098888,14.25813505,11.55487178,0.884451282,60.82211277,TRUE,FALSE,NORMAL
22,85,6,734.719296,102.2273494,9.184785623,100,26.16441865,6.9813292,22.26849731,0.777315027,52.27387431,TRUE,FALSE,NORMAL
22,85,7,355.5167293,109.1162187,4.010731204,100,5.222195457,1.534896234,0,0,0,TRUE,FALSE,NORMAL
22,85,8,99.30234213,579.5246585,1.659693465,100,0,23.226845,22.17951673,0.778204833,52.34611599,TRUE,FALSE,NORMAL
22,85,9,506.385267,503.9713682,4.754107232,100,0,11.15689954,12.42484367,0.875751563,60.12598153,TRUE,FALSE,NORMAL
22,85,10,756.5704567,268.9640865,3.841447324,100,4.799944643,5.665286306,22.26849731,0.777315027,52.27387431,TRUE,FALSE,NORMAL
22,86,1,734.2275125,864.0000895,4.326300569,84.5,10.36492229,19.97962071,30.43114292,0.695688571,45.78538664,TRUE,FALSE,NORMAL
22,86,2,762.2798494,952.9785083,3.844615743,100,9.679037589,7.754287363,32.03703639,0.679629636,44.50815081,TRUE,FALSE,NORMAL
22,86,3,877.1870024,897.1055885,8.918966968,100,13.15000811,19.21163107,27.48722038,0.725127796,48.11923058,TRUE,FALSE,NORMAL
22,86,4,60.08304661,726.2010923,7.401863178,100,43.51286988,1.885598401,14.05041328,0.859495867,58.8349299,TRUE,FALSE,NORMAL
22,86,5,294.1980328,570.0491469,6.936653689,100,8.730239019,12.42252838,11.12878201,0.88871218,61.16207204,TRUE,FALSE,NORMAL
22,86,6,741.992919,96.61890083,9.184785623,100,27.68587295,7.690380371,21.42086737,0.785791326,52.94941551,TRUE,FALSE,NORMAL
22,86,7,356.0599686,113.0899897,4.010731204,100,2.030050463,0,0,0,0,TRUE,FALSE,NORMAL
22,86,8,98.45358665,578.0984059,1.659693465,100,1.869589646,24.07120156,21.21410964,0.787858904,53.11550445,TRUE,FALSE,NORMAL
22,86,9,510.9745009,505.212524,4.754107232,100,3.359480643,12.58416852,12.50918357,0.874908164,60.0586554,TRUE,FALSE,NORMAL
22,86,10,760.4096985,268.8339336,3.841447324,100,1.318330317,6.808404851,21.42086737,0.785791326,52.94941551,TRUE,FALSE,NORMAL
22,87,1,732.1254373,860.2187992,4.326300569,84.5,14.63044517,17.04786234,29.39972484,0.706002752,46.60619254,TRUE,FALSE,NORMAL
22,87,2,759.5486075,950.272702,3.844615743,100,9.016495485,6.250798729,31.13494948,0.688650505,45.22500156,TRUE,FALSE,NORMAL
22,87,3,886.0664666,896.2670855,8.918966968,100,12.14220995,18.91496391,25.69858069,0.743014193,49.5424013,TRUE,FALSE,NORMAL
22,87,4,52.71120227,726.8670424,7.401863178,100,44.54301168,0,12.91090239,0.870890976,59.74476469,TRUE,FALSE,NORMAL
22,87,5,295.191808,563.1840485,6.936653689,100,7.32229394,12.64313925,10.67232789,0.893276721,61.52685458,TRUE,FALSE,NORMAL
22,87,6,745.0953569,87.97395052,9.184785623,100,28.4781504,6.59357997,20.49244033,0.795075597,53.68951338,TRUE,FALSE,NORMAL
22,87,7,352.233385,111.8886475,4.010731204,100,0.33451172,0,0,0,0,TRUE,FALSE,NORMAL
22,87,8,99.97040253,578.7720913,1.659693465,100,3.636370845,21.81273968,21.01217522,0.789878248,53.27629911,TRUE,FALSE,NORMAL
22,87,9,512.1088131,509.8293271,4.754107232,100,0,14.4324056,12.9924276,0.870075724,59.67290807,TRUE,FALSE,NORMAL
22,87,10,762.7805923,265.8114213,3.841447324,100,0,6.516908579,20.49244033,0.795075597,53.68951338,TRUE,FALSE,NORMAL
22,88,1,733.164362,856.0190954,4.326300569,84.5,12.44283819,18.16884456,29.98154048,0.700184595,46.14247559,TRUE,FALSE,NORMAL
22,88,2,761.1210565,946.7643585,3.844615743,100,6.404541877,8.876876944,32.05038536,0.679496146,44.49694119,TRUE,FALSE,NORMAL
22,88,3,877.423815,898.4699347,8.918966968,100,10.4178666,19.74195079,27.33652527,0.726634747,48.23941247,TRUE,FALSE,NORMAL
22,88,4,53.24977295,719.4847988,7.401863178,100,49.30994055,0,14.31388191,0.856861181,58.6257624,TRUE,FALSE,NORMAL
22,88,5,288.6830243,560.7855284,6.936653689,100,8.000429345,10.46526507,11.44471424,0.885552858,60.91022816,TRUE,FALSE,NORMAL
22,88,6,748.6136308,96.45817329,9.184785623,100,26.75775526,6.362079113,21.96399386,0.780360061,52.51653923,TRUE,FALSE,NORMAL
22,88,7,348.5443507,110.3148018,4.010731204,100,0,0,0,0,0,TRUE,FALSE,NORMAL
22,88,8,101.0182711,580.0591631,1.659693465,100,7.829474302,23.65643429,22.29751443,0.777024856,52.25207994,TRUE,FALSE,NORMAL
22,88,9,507.765858,507.8953475,4.754107232,100,0,12.96561512,12.65808657,0.873419134,59.93979198,TRUE,FALSE,NORMAL
22,88,10,758.9510997,266.1142474,3.841447324,100,0,7.049966474,21.96399386,0.780360061,52.51653923,TRUE,FALSE,NORMAL
22,89,1,729.013392,857.2382445,4.326300569,84.5,9.287337403,16.5513202,30.49402782,0.695059722,45.73524344,TRUE,FALSE,NORMAL
22,89,2,757.2997914,946.341271,3.844615743,100,2.504108844,8.449140081,32.61903926,0.673809607,44.04575992,TRUE,FALSE,NORMAL
22,89,3,868.5631138,899.4877491,8.918966968,100,7.746435771,17.41617498,28.16473845,0.718352615,47.58091112,TRUE,FALSE,NORMAL
22,89,4,48.02146174,714.2453007,7.401863178,100,50.91207073,0.7492858,14.23259422,0.857674058,58.6914094,TRUE,FALSE,NORMAL
22,89,5,294.0696562,565.1560388,6.936653689,100,10.30623757,10.42883779,11.33427431,0.886657257,60.99832273,TRUE,FALSE,NORMAL
22,89,6,750.9175183,87.56703223,9.184785623,100,24.86334293,7.619643308,20.04244466,0.799575553,54.04828555,TRUE,FALSE,NORMAL
22,89,7,351.6636582,112.8358899,4.010731204,100,0.126947097,0,0,0,0,TRUE,FALSE,NORMAL
22,89,8,99.62856052,579.1518115,1.659693465,100,11.95353857,24.60854061,22.00266399,0.77997336,52.48765065,TRUE,FALSE,NORMAL
22,89,9,503.2597033,506.380057,4.754107232,100,3.662338922,11.75642777,14.01399607,0.859860039,58.85751897,TRUE,FALSE,NORMAL
22,89,10,761.8567212,268.6270309,3.841447324,100,0,9.783299638,20.04244466,0.799575553,54.04828555,TRUE,FALSE,NORMAL
18,0,1,640.1546045,671.8343042,8.910632543,100,4.270362525,0,9.706040875,0.902939591,62.29671589,TRUE,FALSE,NORMAL
18,0,2,951.5049267,785.4183654,1.754116213,100,0,2.728015079,20.63922734,0.793607727,53.572491,TRUE,FALSE,NORMAL
18,0,3,870.5075993,627.0919837,4.4005228,100,3.029981833,1.670892011,15.87086619,0.841291338,57.37706927,TRUE,FALSE,NORMAL
18,0,4,337.1982188,613.1985483,4.634219109,100,0.883051764,0.178514562,30.10725853,0.698927415,46.03634355,TRUE,FALSE,NORMAL
18,0,5,337.7607822,151.7146313,6.028259194,100,0,0.276130146,23.26676279,0.767332372,51.48540951,TRUE,FALSE,NORMAL
18,0,6,524.0859341,38.59212385,4.951566524,100,0,0,19.09290692,0.809070931,54.80763853,TRUE,FALSE,NORMAL
18,0,7,16.15849161,431.172156,9.233211149,100,3.79930356,2.07122962,0,0,0,TRUE,FALSE,NORMAL
18,0,8,260.5108656,231.9344152,7.836423248,100,3.282011999,0,21.580071,0.78419929,52.83465496,TRUE,FALSE,NORMAL
18,0,9,490.5404801,191.1343505,3.166573545,100,0,0,19.86034801,0.80139652,54.19633134,TRUE,FALSE,NORMAL
18,0,10,393.6989926,721.1002172,2.976833909,100,0,2.740215219,19.20841762,0.807915824,54.7240639,TRUE,FALSE,NORMAL
18,1,1,638.5513715,680.5995205,8.910632543,100,6.948814226,0.660683771,9.694292288,0.903057077,62.30607419,TRUE,FALSE,NORMAL
18,1,2,950.3882431,784.0656121,1.754116213,100,0,1.16589559,20.20159291,0.797984071,53.92139588,TRUE,FALSE,NORMAL
18,1,3,867.7696921,623.6469199,4.4005228,100,7.807833896,0,15.52388853,0.844761115,57.6538448,TRUE,FALSE,NORMAL
18,1,4,333.7974017,610.0504649,4.634219109,100,3.798278467,0,29.06990405,0.709300959,46.86043898,TRUE,FALSE,NORMAL
18,1,5,333.5631039,147.3880384,6.028259194,100,0,1.631314636,22.55219637,0.774478036,52.05501582,TRUE,FALSE,NORMAL
18,1,6,528.7698101,40.19814878,4.951566524,100,0,0.743601792,18.57737193,0.814226281,55.21891706,TRUE,FALSE,NORMAL
18,1,7,13.45888579,422.3424156,9.233211149,100,7.068868876,2.724744284,0,0,0,TRUE,FALSE,NORMAL
18,1,8,254.8527593,226.5126662,7.836423248,100,0,0,21.02810798,0.78971892,53.27524201,TRUE,FALSE,NORMAL
18,1,9,492.5479229,193.5833017,3.166573545,100,3.465100178,0.409025133,18.98934193,0.810106581,54.89082056,TRUE,FALSE,NORMAL
18,1,10,392.365283,723.7615624,2.976833909,100,2.858786693,3.742814764,18.80615224,0.811938478,55.04314681,TRUE,FALSE,NORMAL
18,2,1,646.7872156,684.0010266,8.910632543,100,3.906672952,0,9.757285136,0.902427149,62.25601404,TRUE,FALSE,NORMAL
18,2,2,950.9153315,782.3925605,1.754116213,100,4.962797062,2.742093372,20.81078041,0.791892196,53.4357295,TRUE,FALSE,NORMAL
18,2,3,865.6345075,627.4947228,4.4005228,100,5.092772128,2.554149821,16.68013086,0.833198691,56.7311083,TRUE,FALSE,NORMAL
18,2,4,332.2954234,614.4345323,4.634219109,100,5.790063167,1.237829087,30.08673394,0.699132661,46.05264323,TRUE,FALSE,NORMAL
18,2,5,337.3621812,142.7075555,6.028259194,100,1.931754113,0.241090121,22.84705806,0.771529419,51.81983693,TRUE,FALSE,NORMAL
18,2,6,533.6432553,39.32205351,4.951566524,100,2.152626508,3.506492906,18.53440707,0.814655929,55.25301552,TRUE,FALSE,NORMAL
18,2,7,4.226009609,422.2637679,9.233211149,100,3.807964575,1.594044446,0,0,0,TRUE,FALSE,NORMAL
18,2,8,254.3135568,218.6948155,7.836423248,100,0,0,21.200507,0.78799493,53.13715705,TRUE,FALSE,NORMAL
18,2,9,489.7471583,192.1058356,3.166573545,100,4.224205288,0,19.38393662,0.806160634,54.57614115,TRUE,FALSE,NORMAL
18,2,10,390.1850603,721.7347006,2.976833909,100,1.826837562,2.098655235,18.52591145,0.814740885,55.26909211,TRUE,FALSE,NORMAL
18,3,1,645.788733,692.8555399,8.910632543,100,5.92370001,2.777457199,9.724925157,0.902750748,62.28169938,TRUE,FALSE,NORMAL
18,3,2,950.130732,780.8236987,1.754116213,100,5.595238051,5.230940138,20.54083119,0.794591688,53.6509345,TRUE,FALSE,NORMAL
18,3,3,866.5404825,623.1884704,4.4005228,100,9.894366401,2.479462704,16.08761778,0.839123822,57.20396579,TRUE,FALSE,NORMAL
18,3,4,328.9419467,617.6329977,4.634219109,100,9.01928298,0,30.00769335,0.699923067,46.11541577,TRUE,FALSE,NORMAL
18,3,5,331.4400222,141.5815267,6.028259194,100,4.017180445,2.311107113,22.16548801,0.77834512,52.36390944,TRUE,FALSE,NORMAL
18,3,6,538.1779186,37.3333755,4.951566524,100,4.462586911,1.183583696,17.27639545,0.827236045,56.25652152,TRUE,FALSE,NORMAL
18,3,7,8.236097679,413.9468345,9.233211149,100,6.27580399,1.205860934,0,0,0,TRUE,FALSE,NORMAL
18,3,8,247.4659373,214.8843513,7.836423248,100,2.585279632,0,21.00870589,0.789912941,53.290798,TRUE,FALSE,NORMAL
18,3,9,486.8387666,193.3582117,3.166573545,100,3.860180113,0,18.6938014,0.813061986,55.12627334,TRUE,FALSE,NORMAL
18,3,10,393.1607848,721.8159616,2.976833909,100,0.482760597,0,18.91156965,0.810884303,54.96090872,TRUE,FALSE,NORMAL
18,4,1,639.4969591,699.1652905,8.910632543,100,9.679874306,1.225250633,9.815580645,0.901844194,62.20923338,TRUE,FALSE,NORMAL
18,4,2,948.9180382,782.0910966,1.754116213,100,5.244584583,5.278111521,20.31916938,0.796808306,53.82765444,TRUE,FALSE,NORMAL
18,4,3,862.3594187,624.5608065,4.4005228,100,8.330410679,3.315156966,15.68066753,0.843193325,57.52873817,TRUE,FALSE,NORMAL
18,4,4,324.9895571,615.213369,4.634219109,100,4.21546339,2.870068958,29.186293,0.70813707,46.76795026,TRUE,FALSE,NORMAL
18,4,5,325.6402734,143.2255533,6.028259194,100,7.955844247,5.229752022,22.19854802,0.77801452,52.34061764,TRUE,FALSE,NORMAL
18,4,6,537.6342144,42.25500092,4.951566524,100,1.840818973,3.213133984,17.61641098,0.82383589,55.98615578,TRUE,FALSE,NORMAL
18,4,7,11.95128636,422.3996187,9.233211149,100,3.459718744,0.000139548,0,0,0,TRUE,FALSE,NORMAL
18,4,8,255.292156,215.28414,7.836423248,100,0.874721665,0,22.34231162,0.776576884,52.23161906,TRUE,FALSE,NORMAL
18,4,9,489.5106142,191.6586768,3.166573545,100,5.598096432,2.492174596,18.98143672,0.810185633,54.89674402,TRUE,FALSE,NORMAL
18,4,10,391.0654237,723.930436,2.976833909,100,0,0,18.88764431,0.811123557,54.97829755,TRUE,FALSE,NORMAL
18,5,1,645.3215988,705.9086534,8.910632543,100,6.149947789,0,9.508817754,0.904911822,62.4542959,TRUE,FALSE,NORMAL
18,5,2,947.2033014,782.460693,1.754116213,100,4.981015734,4.815242915,21.11845346,0.788815465,53.19046747,TRUE,FALSE,NORMAL
18,5,3,863.405594,628.8351624,4.4005228,100,8.178668655,2.290136914,16.39161759,0.836083824,56.9616065,TRUE,FALSE,NORMAL
18,5,4,329.3820388,613.7361789,4.634219109,100,6.895745438,5.307966195,29.81712297,0.70182877,46.266777,TRUE,FALSE,NORMAL
18,5,5,321.7229069,147.8074904,6.028259194,100,5.901998468,2.661065795,22.37836567,0.776216343,52.2019102,TRUE,FALSE,NORMAL
18,5,6,537.8185903,37.30686828,4.951566524,100,0.603516928,1.044180332,16.69157475,0.833084253,56.72407378,TRUE,FALSE,NORMAL
18,5,7,2.922103427,424.329915,9.233211149,100,1.612547423,2.649620301,0,0,0,TRUE,FALSE,NORMAL
18,5,8,263.0957799,216.0003678,7.836423248,100,0,0,24.06293773,0.759370623,50.8651798,TRUE,FALSE,NORMAL
18,5,9,487.4436812,189.2597237,3.166573545,100,2.901176849,0.63411136,19.33792455,0.806620754,54.6118316,TRUE,FALSE,NORMAL
18,5,10,388.7816195,722.0210438,2.976833909,100,0,0,18.58498838,0.814150116,55.22131163,TRUE,FALSE,NORMAL
18,6,1,654.223378,706.3057677,8.910632543,100,8.638111906,0.840026592,9.15679474,0.908432053,62.73558971,TRUE,FALSE,NORMAL
18,6,2,945.4607037,782.2600015,1.754116213,100,2.599675155,2.18175849,21.09321083,0.789067892,53.21058899,TRUE,FALSE,NORMAL
18,6,3,866.6419969,625.8535023,4.4005228,100,3.338644962,0.105392126,16.72754819,0.832724518,56.6934143,TRUE,FALSE,NORMAL
18,6,4,328.8042972,609.1381139,4.634219109,100,4.30012322,5.243522484,28.59499796,0.71405002,47.23789012,TRUE,FALSE,NORMAL
18,6,5,325.6053949,143.1959619,6.028259194,100,10.20982324,4.717583793,22.1649777,0.778350223,52.36925588,TRUE,FALSE,NORMAL
18,6,6,539.798451,32.76834842,4.951566524,100,0,0,16.66825893,0.833317411,56.74237728,TRUE,FALSE,NORMAL
18,6,7,11.86686615,422.0400661,9.233211149,100,4.077953004,4.402313214,0,0,0,TRUE,FALSE,NORMAL
18,6,8,268.8717545,221.2963707,7.836423248,100,0,0,23.71624925,0.762837508,51.13733797,TRUE,FALSE,NORMAL
18,6,9,489.4835728,186.8377347,3.166573545,100,1.997812739,2.998091428,19.4434633,0.805565367,54.5274927,TRUE,FALSE,NORMAL
18,6,10,389.4610282,724.9193095,2.976833909,100,0,0,17.27335094,0.827266491,56.26641497,TRUE,FALSE,NORMAL
18,7,1,645.6461095,703.8912622,8.910632543,100,8.150614599,3.626886819,9.154450732,0.908455493,62.73716043,TRUE,FALSE,NORMAL
18,7,2,946.1402021,783.8771612,1.754116213,100,0,1.212828622,21.2001396,0.787998604,53.12535427,TRUE,FALSE,NORMAL
18,7,3,871.0122912,626.3684087,4.4005228,100,7.22574595,0,15.84395489,0.841560451,57.39890696,TRUE,FALSE,NORMAL
18,7,4,325.1316889,606.3118205,4.634219109,100,0,6.012925631,27.52892976,0.724710702,48.08555159,TRUE,FALSE,NORMAL
18,7,5,326.1427931,149.2002197,6.028259194,100,10.37938173,6.704709784,22.72282178,0.772771782,51.92895259,TRUE,FALSE,NORMAL
18,7,6,535.602849,30.13872202,4.951566524,100,0,0,16.43599124,0.835640088,56.92741988,TRUE,FALSE,NORMAL
18,7,7,3.031824802,419.3578594,9.233211149,100,0.807501801,7.176459714,0,0,0,TRUE,FALSE,NORMAL
18,7,8,268.7292642,213.4612431,7.836423248,100,1.176419874,0.281605778,24.52298344,0.754770166,50.50093442,TRUE,FALSE,NORMAL
18,7,9,491.7238885,189.0756296,3.166573545,100,0,2.272827269,19.1871962,0.808128038,54.73176112,TRUE,FALSE,NORMAL
18,7,10,392.3344103,725.6972654,2.976833909,100,1.480102437,0.74080572,17.67503053,0.823249695,55.9437064,TRUE,FALSE,NORMAL
18,8,1,637.2847047,700.8112813,8.910632543,100,11.6181943,6.367653481,8.65918564,0.913408144,63.13259317,TRUE,FALSE,NORMAL
18,8,2,945.0444834,785.2469511,1.754116213,100,0,0.108465236,20.98917514,0.790108249,53.29351969,TRUE,FALSE,NORMAL
18,8,3,874.8016906,624.131211,4.4005228,100,10.09242214,0,14.79535593,0.852046441,58.23607476,TRUE,FALSE,NORMAL
18,8,4,322.6272657,602.4126089,4.634219109,100,0,3.264092455,26.72408872,0.732759113,48.72580272,TRUE,FALSE,NORMAL
18,8,5,329.6410883,154.1095821,6.028259194,100,10.04975411,5.926711093,22.99687555,0.770031244,51.7150359,TRUE,FALSE,NORMAL
18,8,6,539.4546295,27.02716322,4.951566524,100,0,0,15.68693335,0.843130666,57.52490891,TRUE,FALSE,NORMAL
18,8,7,3.272893371,428.587923,9.233211149,100,1.949473726,8.977841503,0,0,0,TRUE,FALSE,NORMAL
18,8,8,276.421205,211.9633858,7.836423248,100,4.908215443,2.65816771,25.60735909,0.743926409,49.64237769,TRUE,FALSE,NORMAL
18,8,9,494.5927578,190.4160686,3.166573545,100,0,4.173879828,19.29551185,0.807044881,54.64505936,TRUE,FALSE,NORMAL
18,8,10,389.7931492,727.2475983,2.976833909,100,0,1.40422288,17.72046163,0.822795384,55.90617961,TRUE,FALSE,NORMAL
18,9,1,645.1931124,696.7056194,8.910632543,100,12.71023691,6.248400185,8.472263128,0.915277369,63.28189003,TRUE,FALSE,NORMAL
18,9,2,943.9663236,783.8632983,1.754116213,100,3.974153478,0,21.27756066,0.787224393,53.06364204,TRUE,FALSE,NORMAL
18,9,3,878.8674455,622.4476916,4.4005228,100,14.47162992,0,15.30786246,0.846921375,57.82701964,TRUE,FALSE,NORMAL
18,9,4,322.1646012,607.0236747,4.634219109,100,0,0.631479003,26.87749326,0.731225067,48.60375093,TRUE,FALSE,NORMAL
18,9,5,331.7254042,148.4531224,6.028259194,100,7.619757229,7.62688157,22.98067386,0.770193261,51.72129022,TRUE,FALSE,NORMAL
18,9,6,536.5769083,31.056646,4.951566524,100,0,2.580503629,17.0708964,0.829291036,56.42088503,TRUE,FALSE,NORMAL
18,9,7,0,429.8337899,9.233211149,100,0,10.82105106,0,0,0,TRUE,FALSE,NORMAL
18,9,8,268.6245198,212.7515674,7.836423248,100,9.457799842,3.671975337,24.009828,0.75990172,50.90745542,TRUE,FALSE,NORMAL
18,9,9,493.6073107,187.4067361,3.166573545,100,0,6.565663154,19.43851537,0.805614846,54.53167225,TRUE,FALSE,NORMAL
18,9,10,391.7713441,729.4720724,2.976833909,100,0,2.387732032,17.24192763,0.827580724,56.28856687,TRUE,FALSE,NORMAL
18,10,1,641.5506241,688.5734824,8.910632543,100,9.691120647,7.714833166,8.582777063,0.914172229,63.193611,TRUE,FALSE,NORMAL
18,10,2,945.6408588,783.3409427,1.754116213,100,5.358813213,0,20.75139464,0.792486054,53.48307101,TRUE,FALSE,NORMAL
18,10,3,880.7572711,618.4736307,4.4005228,100,15.42971033,0,14.70337894,0.852966211,58.30935826,TRUE,FALSE,NORMAL
18,10,4,324.7367926,603.1688313,4.634219109,100,1.683887673,1.684361947,26.37688032,0.736231197,49.00207947,TRUE,FALSE,NORMAL
18,10,5,327.8801956,153.0957811,6.028259194,100,10.91412005,10.23836126,22.57987902,0.77420121,52.04064582,TRUE,FALSE,NORMAL
18,10,6,533.8322545,26.93537355,4.951566524,100,0,4.010882902,16.142758,0.83857242,57.16115529,TRUE,FALSE,NORMAL
18,10,7,4.707794964,421.8909407,9.233211149,100,3.785949356,8.6570809,0,0,0,TRUE,FALSE,NORMAL
18,10,8,265.8461132,220.0789124,7.836423248,100,7.336427304,0.900660321,23.83656964,0.761634304,51.04486613,TRUE,FALSE,NORMAL
18,10,9,490.9607174,189.1453367,3.166573545,100,0,4.12911687,19.04723758,0.809527624,54.84350088,TRUE,FALSE,NORMAL
18,10,10,394.6772552,728.8261459,2.976833909,100,0,0,17.4435356,0.825564644,56.12682798,TRUE,FALSE,NORMAL
18,11,1,643.1499694,679.807556,8.910632543,100,14.01878581,7.995303423,8.363671309,0.916363287,63.3686061,TRUE,FALSE,NORMAL
18,11,2,946.1169184,785.0292232,1.754116213,100,2.642884874,0,21.19677463,0.788032254,53.12803651,TRUE,FALSE,NORMAL
18,11,3,882.6088763,622.4656426,4.4005228,100,12.16105805,0,15.18043455,0.848195655,57.92871673,TRUE,FALSE,NORMAL
18,11,4,329.2558062,602.1419413,4.634219109,100,2.273390538,1.677467922,26.44203091,0.735579691,48.95023539,TRUE,FALSE,NORMAL
18,11,5,329.913245,158.7708687,6.028259194,100,13.31646764,10.68502845,22.39179023,0.776082098,52.19043352,TRUE,FALSE,NORMAL
18,11,6,537.9402843,24.17093837,4.951566524,100,0,3.24319758,15.06001323,0.849399868,58.02489144,TRUE,FALSE,NORMAL
18,11,7,13.79901182,423.5040012,9.233211149,100,5.173693964,9.776809956,0,0,0,TRUE,FALSE,NORMAL
18,11,8,267.4455917,227.7503659,7.836423248,100,11.5264504,0,23.92132077,0.760786792,50.97595243,TRUE,FALSE,NORMAL
18,11,9,488.9113291,191.5592952,3.166573545,100,2.707553396,6.718150465,19.09498071,0.809050193,54.80531104,TRUE,FALSE,NORMAL
18,11,10,392.5088398,730.8656347,2.976833909,100,0,0,17.00263953,0.829973605,56.47902532,TRUE,FALSE,NORMAL
18,12,1,647.9181641,687.3350848,8.910632543,100,11.23865461,7.513683638,7.75313667,0.922468633,63.85621249,TRUE,FALSE,NORMAL
18,12,2,947.0918888,783.5710201,1.754116213,100,5.818225334,2.268195891,21.04410639,0.789558936,53.2497317,TRUE,FALSE,NORMAL
18,12,3,885.6207567,619.2573444,4.4005228,100,8.718245428,0,15.01782288,0.849821771,58.05846047,TRUE,FALSE,NORMAL
18,12,4,333.7737125,601.1101909,4.634219109,100,3.284764346,0.710400107,26.78492763,0.732150724,48.67739704,TRUE,FALSE,NORMAL
18,12,5,333.9458137,163.2517501,6.028259194,100,10.02245691,12.43129207,22.14165244,0.778583476,52.38725958,TRUE,FALSE,NORMAL
18,12,6,541.4149859,27.69860896,4.951566524,100,3.995749701,3.400616905,15.49774749,0.845022525,57.67601733,TRUE,FALSE,NORMAL
18,12,7,19.88575565,430.4468923,9.233211149,100,2.328870283,7.711176498,0,0,0,TRUE,FALSE,NORMAL
18,12,8,261.9392798,233.3262118,7.836423248,100,7.191882428,0,22.54025481,0.774597452,52.07371869,TRUE,FALSE,NORMAL
18,12,9,491.0023987,189.1813516,3.166573545,100,4.412534254,8.128466236,19.07148409,0.809285159,54.82475183,TRUE,FALSE,NORMAL
18,12,10,389.5375347,731.0469798,2.976833909,100,0,2.033860372,16.6498308,0.833501692,56.7613164,TRUE,FALSE,NORMAL
18,13,1,639.0221295,686.8252408,8.910632543,100,6.24513018,4.686897181,7.533212603,0.924667874,64.03181776,TRUE,FALSE,NORMAL
18,13,2,945.9422297,782.2461776,1.754116213,100,9.264840979,3.531640199,21.43068899,0.78569311,52.94158708,TRUE,FALSE,NORMAL
18,13,3,889.9398672,618.4147975,4.4005228,100,8.41107405,1.440267265,14.13807404,0.85861926,58.76133713,TRUE,FALSE,NORMAL
18,13,4,336.2066737,605.0543875,4.634219109,100,0,0,27.92195141,0.720780486,47.77299362,TRUE,FALSE,NORMAL
18,13,5,335.0635618,169.1754777,6.028259194,100,12.58942142,12.27300832,22.88716021,0.771128398,51.79499755,TRUE,FALSE,NORMAL
18,13,6,536.6981529,29.20509401,4.951566524,100,1.606531483,4.036708594,15.86851461,0.841314854,57.38022965,TRUE,FALSE,NORMAL
18,13,7,17.75671641,421.4624959,9.233211149,100,7.05517758,8.721517286,0,0,0,TRUE,FALSE,NORMAL
18,13,8,259.1775619,225.9925603,7.836423248,100,9.088987936,0.842020665,23.16596732,0.768340327,51.57775497,TRUE,FALSE,NORMAL
18,13,9,487.8395368,189.0280782,3.166573545,100,4.146332372,10.29185954,19.56630247,0.804336975,54.43043672,TRUE,FALSE,NORMAL
18,13,10,390.5938365,728.2638581,2.976833909,100,0,2.42443275,18.07145876,0.819285412,55.62777097,TRUE,FALSE,NORMAL
18,14,1,630.6128888,683.8783707,8.910632543,100,2.230524535,3.545672815,7.596801359,0.924031986,63.98119606,TRUE,FALSE,NORMAL
18,14,2,947.190546,781.0138504,1.754116213,100,10.5061934,0.738408412,20.95679323,0.790432068,53.31933293,TRUE,FALSE,NORMAL
18,14,3,891.210675,614.2017643,4.4005228,100,12.68884796,1.319037367,13.09141512,0.869085849,59.5969523,TRUE,FALSE,NORMAL
18,14,4,331.6336302,604.303881,4.634219109,100,0,2.756196933,27.14600304,0.72853997,48.39013966,TRUE,FALSE,NORMAL
18,14,5,330.9311049,164.7865474,6.028259194,100,11.83540345,14.42662542,22.4925248,0.775074752,52.10699396,TRUE,FALSE,NORMAL
18,14,6,533.3640438,32.86593104,4.951566524,100,0,1.452660284,16.82928112,0.831707189,56.61420739,TRUE,FALSE,NORMAL
18,14,7,25.90431371,417.1186673,9.233211149,100,10.87445585,6.505232785,0.952836805,0.990471632,69.2883557,TRUE,FALSE,NORMAL
18,14,8,257.2369166,233.5848871,7.836423248,100,8.088396696,1.382250737,15.17789377,0.848221062,57.94477278,TRUE,FALSE,NORMAL
18,14,9,488.276479,185.8917955,3.166573545,100,3.280781202,11.84506779,19.48987291,0.805101271,54.49165151,TRUE,FALSE,NORMAL
18,14,10,393.4526084,729.0938966,2.976833909,100,0,0.275094875,18.55678437,0.814432156,55.23898005,TRUE,FALSE,NORMAL
18,15,1,627.7721713,692.3240617,8.910632543,100,0.679899404,4.394870536,7.40769598,0.92592304,64.13240616,TRUE,FALSE,NORMAL
18,15,2,945.4364575,781.0040014,1.754116213,100,5.766248062,1.885073511,21.70280481,0.782971952,52.72470154,TRUE,FALSE,NORMAL
18,15,3,894.3766511,617.2581014,4.4005228,100,15.20450227,1.928858382,12.86043644,0.871395636,59.78210479,TRUE,FALSE,NORMAL
18,15,4,330.7156417,608.8462684,4.634219109,100,0,0.64006055,27.25859962,0.727414004,48.30057213,TRUE,FALSE,NORMAL
18,15,5,325.9822986,168.2288178,6.028259194,100,7.432999815,12.24752534,22.95090974,0.770490903,51.74730048,TRUE,FALSE,NORMAL
18,15,6,529.5237511,29.74020502,4.951566524,100,0,4.361500085,16.2225817,0.837774183,57.09823368,TRUE,FALSE,NORMAL
18,15,7,24.33821283,408.0192434,9.233211149,100,6.74037556,3.670097151,0.364148799,0.996358512,69.75871169,TRUE,FALSE,NORMAL
18,15,8,263.5533072,228.9467043,7.836423248,100,7.804767441,0,16.33847036,0.836615296,57.02471526,TRUE,FALSE,NORMAL
18,15,9,485.1137665,185.7354687,3.166573545,100,4.528784673,9.542198819,19.83353627,0.801664637,54.21689987,TRUE,FALSE,NORMAL
18,15,10,394.6167261,731.8336721,2.976833909,100,0,2.784429161,19.02796176,0.809720382,54.8629382,TRUE,FALSE,NORMAL
18,16,1,619.821734,688.3003917,8.910632543,100,2.662454619,6.278978107,4.897465216,0.951025348,66.13766559,TRUE,FALSE,NORMAL
18,16,2,943.78269,781.5887894,1.754116213,100,9.53584022,3.733494827,21.53066118,0.784693388,52.86190412,TRUE,FALSE,NORMAL
18,16,3,898.2456077,615.161491,4.4005228,100,19.30957475,2.912328613,11.86270581,0.881372942,60.57901512,TRUE,FALSE,NORMAL
18,16,4,335.1672158,610.1344746,4.634219109,100,0,0.40064597,14.34510389,0.856548961,58.60403413,TRUE,FALSE,NORMAL
18,16,5,331.6725992,166.2387456,6.028259194,100,11.31449836,12.82888082,23.08448959,0.769155104,51.64011173,TRUE,FALSE,NORMAL
18,16,6,531.5909785,25.24080705,4.951566524,100,0.028563974,2.724946508,15.93314977,0.840668502,57.32861081,TRUE,FALSE,NORMAL
18,16,7,32.42606767,403.5651675,9.233211149,100,8.551350671,2.792679194,1.265665259,0.987343347,69.03841456,TRUE,FALSE,NORMAL
18,16,8,262.3061431,221.2101604,7.836423248,100,3.361827169,0,16.40466732,0.835953327,56.97089983,TRUE,FALSE,NORMAL
18,16,9,488.1409123,186.6647568,3.166573545,100,0.763411438,12.02121155,19.53075461,0.804692454,54.45840533,TRUE,FALSE,NORMAL
18,16,10,392.1397107,733.4847126,2.976833909,100,4.871818872,0.076629519,19.62372383,0.803762762,54.38798871,TRUE,FALSE,NORMAL
18,17,1,619.4554672,679.39729,8.910632543,100,3.478266125,7.27661843,4.887425588,0.951125744,66.14555346,TRUE,FALSE,NORMAL
18,17,2,942.1697497,780.8993351,1.754116213,100,10.70413812,5.744098966,21.72339124,0.782766088,52.70829407,TRUE,FALSE,NORMAL
18,17,3,902.5275623,614.1468649,4.4005228,100,16.50787606,2.966305182,11.73953163,0.882604684,60.67760765,TRUE,FALSE,NORMAL
18,17,4,338.4286883,613.4267054,4.634219109,100,0.151284368,1.736607872,15.42831385,0.845716861,57.74069969,TRUE,FALSE,NORMAL
18,17,5,332.0453864,160.222024,6.028259194,100,15.31685892,15.73667845,23.19659087,0.768034091,51.54668465,TRUE,FALSE,NORMAL
18,17,6,526.8906299,26.79796269,4.951566524,100,2.878935568,3.052809033,16.92205378,0.830779462,56.53947286,TRUE,FALSE,NORMAL
18,17,7,31.21479099,412.718582,9.233211149,100,4.536065054,0.409971636,0.89889634,0.991011037,69.33145302,TRUE,FALSE,NORMAL
18,17,8,254.7218558,219.2383299,7.836423248,100,7.862178312,0,15.52271018,0.844772898,57.67093094,TRUE,FALSE,NORMAL
18,17,9,485.2842713,185.2984516,3.166573545,100,3.430321419,11.93534961,19.60147303,0.80398527,54.4025061,TRUE,FALSE,NORMAL
18,17,10,389.3168409,732.5397544,2.976833909,100,8.081797039,1.470743367,19.82003518,0.801799648,54.23305036,TRUE,FALSE,NORMAL
18,18,1,610.7266339,677.606524,8.910632543,100,7.505857887,4.552632395,5.616047707,0.943839523,65.5638183,TRUE,FALSE,NORMAL
18,18,2,941.362077,782.4564441,1.754116213,100,11.29395723,8.189464019,21.17553972,0.788244603,53.14496306,TRUE,FALSE,NORMAL
18,18,3,898.2274723,613.2120777,4.4005228,100,18.46560136,2.920856896,11.12032604,0.88879674,61.17180664,TRUE,FALSE,NORMAL
18,18,4,334.9067081,616.4386221,4.634219109,100,2.920953909,1.882657437,15.97397765,0.840260223,57.30489486,TRUE,FALSE,NORMAL
18,18,5,326.8560679,163.2897403,6.028259194,100,15.41068044,16.16237827,22.35195948,0.776480405,52.21997231,TRUE,FALSE,NORMAL
18,18,6,531.8287994,27.16195793,4.951566524,100,7.187216523,4.784390904,15.75321959,0.842467804,57.47218816,TRUE,FALSE,NORMAL
18,18,7,31.6959686,403.4979173,9.233211149,100,5.908792193,0,3.254481922,0.967455181,67.44950524,TRUE,FALSE,NORMAL
18,18,8,249.4185279,225.0075797,7.836423248,100,7.245094698,2.221480193,15.98182711,0.840181729,57.30322395,TRUE,FALSE,NORMAL
18,18,9,483.5989391,187.9792804,3.166573545,100,5.622887967,12.35734031,18.95867034,0.810413297,54.91498212,TRUE,FALSE,NORMAL
18,18,10,392.2687866,732.1556236,2.976833909,100,12.42530356,0.112277257,20.77598095,0.792240191,53.47000073,TRUE,FALSE,NORMAL
18,19,1,613.0373917,686.2123227,8.910632543,100,11.92378836,2.585008272,5.591676046,0.94408324,65.58324171,TRUE,FALSE,NORMAL
18,19,2,942.415933,781.0541919,1.754116213,100,14.51991088,10.11068896,21.18076161,0.788192384,53.14080063,TRUE,FALSE,NORMAL
18,19,3,893.8284306,613.3262386,4.4005228,100,20.09902698,0.500555676,11.50155329,0.884984467,60.86722698,TRUE,FALSE,NORMAL
18,19,4,336.2378568,611.9997,4.634219109,100,6.062344972,2.326781684,15.11382019,0.848861798,57.99004848,TRUE,FALSE,NORMAL
18,19,5,326.5298864,169.3091684,6.028259194,100,19.43889727,18.75948016,21.71658195,0.782834181,52.7258188,TRUE,FALSE,NORMAL
18,19,6,533.210682,22.40712759,4.951566524,100,6.780188333,4.503609696,14.97338829,0.850266117,58.09469114,TRUE,FALSE,NORMAL
18,19,7,23.46153125,407.6747857,9.233211149,100,2.993996049,0,3.04731535,0.969526847,67.61500682,TRUE,FALSE,NORMAL
18,19,8,242.8054907,229.212014,7.836423248,100,9.964124373,3.540342781,15.21769558,0.847823044,57.91184681,TRUE,FALSE,NORMAL
18,19,9,484.2929359,184.8896921,3.166573545,100,8.474883954,14.5950666,18.39537587,0.816046241,55.36461696,TRUE,FALSE,NORMAL
18,19,10,392.3208812,735.1320017,2.976833909,100,16.64651826,0,20.17887151,0.798211285,53.94495637,TRUE,FALSE,NORMAL
18,20,1,609.9042589,677.8706891,8.910632543,100,10.91064623,2.994125226,6.043365467,0.939566345,65.22251104,TRUE,FALSE,NORMAL
18,20,2,941.0500773,782.1548108,1.754116213,100,15.8283903,7.842932474,21.08385845,0.789161416,53.21804403,TRUE,FALSE,NORMAL
18,20,3,889.6376611,614.668644,4.4005228,100,20.10034949,1.302687274,11.73010233,0.882698977,60.68454471,TRUE,FALSE,NORMAL
18,20,4,333.1413619,608.5518447,4.634219109,100,4.434892214,0.283718976,14.66488578,0.853351142,58.3467865,TRUE,FALSE,NORMAL
18,20,5,322.3900546,164.9271938,6.028259194,100,16.60107132,19.31155636,21.26964277,0.787303572,53.08318995,TRUE,FALSE,NORMAL
18,20,6,538.1208825,23.04583102,4.951566524,100,6.087961263,4.612047349,14.76305086,0.852369491,58.26298451,TRUE,FALSE,NORMAL
18,20,7,14.42603243,405.7742729,9.233211149,100,1.363024369,0,1.605135244,0.983948648,68.76719224,TRUE,FALSE,NORMAL
18,20,8,249.401164,233.4436358,7.836423248,100,13.36217985,2.985214383,15.08070255,0.849192974,58.02254288,TRUE,FALSE,NORMAL
18,20,9,486.2285007,182.3835442,3.166573545,100,5.464629937,17.05980061,18.34516056,0.816548394,55.40424838,TRUE,FALSE,NORMAL
18,20,10,395.1163247,736.1552493,2.976833909,100,12.16226401,0.317730656,19.91908693,0.800809131,54.15077907,TRUE,FALSE,NORMAL
18,21,1,613.7539402,669.8345628,8.910632543,100,10.0250813,2.870951666,5.985926265,0.940140737,65.26821695,TRUE,FALSE,NORMAL
18,21,2,940.7918836,780.4198008,1.754116213,100,12.84063178,6.20314522,20.91406528,0.790859347,53.35339381,TRUE,FALSE,NORMAL
18,21,3,885.5252237,613.1026109,4.4005228,100,22.08016175,0,12.41096501,0.87589035,60.14046848,TRUE,FALSE,NORMAL
18,21,4,331.2280071,604.3310557,4.634219109,100,1.562131819,0.289869068,13.62814633,0.863718537,59.17309922,TRUE,FALSE,NORMAL
18,21,5,327.0659812,168.7318777,6.028259194,100,19.02027936,19.09457845,21.78961761,0.782103824,52.66697642,TRUE,FALSE,NORMAL
18,21,6,533.7960915,25.45709505,4.951566524,100,2.091336448,3.63437354,15.77172691,0.842282731,57.45826316,TRUE,FALSE,NORMAL
18,21,7,21.41370699,411.8095519,9.233211149,100,4.47254138,2.545809302,2.50064005,0.974993599,68.05174525,TRUE,FALSE,NORMAL
18,21,8,242.3174958,230.0923416,7.836423248,100,12.82742268,5.274928953,14.85428236,0.851457176,58.20148581,TRUE,FALSE,NORMAL
18,21,9,484.2189494,179.9363231,3.166573545,100,1.579542751,18.53945268,18.78340765,0.812165923,55.05559662,TRUE,FALSE,NORMAL
18,21,10,396.4218102,738.8305526,2.976833909,100,14.76882923,0,18.81796397,0.81182036,55.02822173,TRUE,FALSE,NORMAL
18,22,1,621.2591578,665.0313263,8.910632543,100,7.793236385,0.366504304,7.426829678,0.925731703,64.11702212,TRUE,FALSE,NORMAL
18,22,2,941.5145836,782.0181213,1.754116213,100,16.76716552,9.039891349,20.72071599,0.79279284,53.50752785,TRUE,FALSE,NORMAL
18,22,3,889.8607224,612.3489184,4.4005228,100,18.36400315,0.036136436,12.64142115,0.873585788,59.956214,TRUE,FALSE,NORMAL
18,22,4,326.9396043,602.5744714,4.634219109,100,5.828246923,0,24.76343152,0.752365685,50.2864284,TRUE,FALSE,NORMAL
18,22,5,325.7539645,174.6156283,6.028259194,100,22.68424506,19.28312449,21.32913831,0.786708617,53.03602985,TRUE,FALSE,NORMAL
18,22,6,538.7296263,25.03490319,4.951566524,100,0,3.496054058,14.93942839,0.850605716,58.12277308,TRUE,FALSE,NORMAL
18,22,7,25.93686834,419.8589742,9.233211149,100,0.907205032,3.410027474,1.941804374,0.980581956,68.49821254,TRUE,FALSE,NORMAL
18,22,8,238.3513768,223.3336857,7.836423248,100,11.84114151,4.599355527,14.6115232,0.853884768,58.39717999,TRUE,FALSE,NORMAL
18,22,9,487.3744414,180.201008,3.166573545,100,0,20.08713718,18.16437265,0.818356273,55.54934152,TRUE,FALSE,NORMAL
18,22,10,393.9671299,740.5146206,2.976833909,100,15.42473172,2.053814663,17.52748228,0.824725177,56.05778625,TRUE,FALSE,NORMAL
18,23,1,629.7232368,667.8167778,8.910632543,100,12.14771034,2.504516523,7.723990548,0.922760095,63.87952876,TRUE,FALSE,NORMAL
18,23,2,940.4680287,783.425831,1.754116213,100,17.95623472,10.6297617,21.23479994,0.787652001,53.09772641,TRUE,FALSE,NORMAL
18,23,3,889.5180708,616.7360804,4.4005228,100,13.44288606,2.651628842,13.64738801,0.86352612,59.15309277,TRUE,FALSE,NORMAL
18,23,4,322.6386537,604.3001048,4.634219109,100,5.44577887,2.964427402,24.24956723,0.757504328,50.69563969,TRUE,FALSE,NORMAL
18,23,5,325.7573202,180.6438866,6.028259194,100,20.92303517,17.94578872,21.63135705,0.78368643,52.79910641,TRUE,FALSE,NORMAL
18,23,6,538.1948592,20.11229868,4.951566524,100,4.729432077,5.831453968,14.19883113,0.858011689,58.71383706,TRUE,FALSE,NORMAL
18,23,7,30.25521551,428.0201056,9.233211149,100,0,3.362776896,0.735157757,0.992648422,69.46227751,TRUE,FALSE,NORMAL
18,23,8,246.0874359,224.5838532,7.836423248,100,9.941485119,4.475068327,15.22767963,0.847723204,57.90943857,TRUE,FALSE,NORMAL
18,23,9,485.3639651,177.7545466,3.166573545,100,0,21.67719144,18.6210261,0.813789739,55.1846232,TRUE,FALSE,NORMAL
18,23,10,396.4073188,742.2196187,2.976833909,100,19.17948628,4.661321594,16.81878612,0.831812139,56.62311904,TRUE,FALSE,NORMAL
18,24,1,630.2746449,676.7103328,8.910632543,100,7.332458176,0.650398543,8.34844509,0.916515549,63.38085815,TRUE,FALSE,NORMAL
18,24,2,942.0864023,782.7492288,1.754116213,100,20.84284542,9.304723177,20.8783647,0.791216353,53.38185305,TRUE,FALSE,NORMAL
18,24,3,885.2315632,615.7408653,4.4005228,100,9.206183473,0.531612678,13.68872163,0.863112784,59.11979643,TRUE,FALSE,NORMAL
18,24,4,318.8391597,606.953373,4.634219109,100,8.12064655,2.503746704,24.36852755,0.756314724,50.60090027,TRUE,FALSE,NORMAL
18,24,5,331.7853399,180.6976258,6.028259194,100,22.43481694,16.01734493,22.42281384,0.775771862,52.16688169,TRUE,FALSE,NORMAL
18,24,6,535.178183,24.03883356,4.951566524,100,1.406703927,7.588882723,15.62645093,0.843735491,57.57487502,TRUE,FALSE,NORMAL
18,24,7,39.46888357,427.4196816,9.233211149,100,2.429238908,6.268061532,1.64767316,0.983523268,68.73320657,TRUE,FALSE,NORMAL
18,24,8,252.5454764,229.0226866,7.836423248,100,10.48683105,1.845420432,15.72039926,0.842796007,57.51496505,TRUE,FALSE,NORMAL
18,24,9,484.8188967,174.6352377,3.166573545,100,0,22.74410173,19.69849735,0.803015027,54.32579967,TRUE,FALSE,NORMAL
18,24,10,398.8540694,740.5240505,2.976833909,100,20.05531619,6.142649075,17.28316959,0.827168304,56.25243838,TRUE,FALSE,NORMAL
18,25,1,622.7851103,671.8826787,8.910632543,100,6.274321272,1.749683672,8.337299388,0.916627006,63.38993124,TRUE,FALSE,NORMAL
18,25,2,941.3255623,781.168708,1.754116213,100,17.74143197,10.64732373,20.44147458,0.795585254,53.7301455,TRUE,FALSE,NORMAL
18,25,3,884.5464054,611.394009,4.4005228,100,13.44225092,0,12.92516637,0.870748336,59.72934235,TRUE,FALSE,NORMAL
18,25,4,314.6363747,605.0007887,4.634219109,100,12.51889851,0,23.21769273,0.767823073,51.51757301,TRUE,FALSE,NORMAL
18,25,5,337.4322166,182.8077662,6.028259194,100,21.76137598,13.06141782,23.33437038,0.766656296,51.44143819,TRUE,FALSE,NORMAL
18,25,6,530.858408,21.61859502,4.951566524,100,0.183375763,8.835296614,15.88635033,0.841136497,57.36699385,TRUE,FALSE,NORMAL
18,25,7,31.91253258,422.1136711,9.233211149,100,0.297507872,9.23401,0.397229723,0.996027703,69.73227999,TRUE,FALSE,NORMAL
18,25,8,260.3449743,229.7825297,7.836423248,100,9.972265369,3.228798841,16.03345563,0.839665444,57.26652863,TRUE,FALSE,NORMAL
18,25,9,481.6544791,174.5184071,3.166573545,100,4.321669606,21.64209219,20.66892353,0.793310765,53.55199526,TRUE,FALSE,NORMAL
18,25,10,400.236977,743.1601664,2.976833909,100,21.2478912,7.03223601,17.24171667,0.827582833,56.28444815,TRUE,FALSE,NORMAL
18,26,1,621.4533313,663.0721318,8.910632543,100,8.286694346,2.275755425,7.893053016,0.92106947,63.74468505,TRUE,FALSE,NORMAL
18,26,2,941.0501075,779.4363545,1.754116213,100,15.73622318,12.53348304,20.20570461,0.797942954,53.91811766,TRUE,FALSE,NORMAL
18,26,3,886.5126679,607.4572067,4.4005228,100,10.74017085,0,12.62556484,0.873744352,59.96847946,TRUE,FALSE,NORMAL
18,26,4,311.448436,601.6373034,4.634219109,100,8.265172933,1.263106543,22.085509,0.77914491,52.41969901,TRUE,FALSE,NORMAL
18,26,5,332.2719361,179.691452,6.028259194,100,17.10880374,14.58511391,23.05063756,0.769493624,51.66676767,TRUE,FALSE,NORMAL
18,26,6,531.8789741,26.46384588,4.951566524,100,4.330908269,7.664778295,16.45252224,0.835474778,56.91603919,TRUE,FALSE,NORMAL
18,26,7,23.42957415,425.7594363,9.233211149,100,2.565807018,9.708981675,0,0,0,TRUE,FALSE,NORMAL
18,26,8,253.3645628,226.2211557,7.836423248,100,14.5946015,5.905789858,23.28939838,0.767106016,51.48146173,TRUE,FALSE,NORMAL
18,26,9,480.3358572,171.6394447,3.166573545,100,4.676858126,19.88191885,20.5247438,0.794752562,53.66727252,TRUE,FALSE,NORMAL
18,26,10,399.6604984,746.0806479,2.976833909,100,23.45608597,9.208430678,16.41309498,0.83586905,56.94511392,TRUE,FALSE,NORMAL
18,27,1,613.1846381,659.7512757,8.910632543,100,6.376653136,2.737233311,7.488299589,0.925117004,64.06816541,TRUE,FALSE,NORMAL
18,27,2,940.3905168,777.8109734,1.754116213,100,15.43175367,15.17314304,21.21857224,0.787814278,53.11066153,TRUE,FALSE,NORMAL
18,27,3,888.7971189,611.2183082,4.4005228,100,14.9275315,1.768269871,12.37721928,0.876227807,60.1676886,TRUE,FALSE,NORMAL
18,27,4,314.159187,605.396002,4.634219109,100,8.338155075,0,22.61237864,0.773876214,51.9998525,TRUE,FALSE,NORMAL
18,27,5,338.2918334,180.0088572,6.028259194,100,12.56849495,16.07373856,23.02438588,0.769756141,51.68282558,TRUE,FALSE,NORMAL
18,27,6,530.4995904,31.21940175,4.951566524,100,3.301949777,5.419050499,17.44556172,0.825544383,56.1236899,TRUE,FALSE,NORMAL
18,27,7,30.44655741,431.7606141,9.233211149,100,4.130510206,7.390576056,0.856865577,0.991431344,69.36503482,TRUE,FALSE,NORMAL
18,27,8,246.126589,229.2246975,7.836423248,100,16.83808702,8.81316728,14.56632319,0.854336768,58.43171548,TRUE,FALSE,NORMAL
18,27,9,482.3212181,174.1063315,3.166573545,100,0.481405967,22.65418276,20.43297244,0.795670276,53.74153966,TRUE,FALSE,NORMAL
18,27,10,398.2137713,748.682286,2.976833909,100,18.54192138,8.613898268,17.02655575,0.829734443,56.45573383,TRUE,FALSE,NORMAL
18,28,1,620.4030885,664.9755792,8.910632543,100,6.436207626,1.52746415,7.718755204,0.922812448,63.88381081,TRUE,FALSE,NORMAL
18,28,2,939.7030066,779.4247434,1.754116213,100,13.59409404,15.03483169,21.05518434,0.789448157,53.24090107,TRUE,FALSE,NORMAL
18,28,3,884.7282796,612.8943592,4.4005228,100,18.59669476,1.874149673,13.16944211,0.868305579,59.53470652,TRUE,FALSE,NORMAL
18,28,4,318.4828231,603.7280218,4.634219109,100,11.43590225,2.509953356,22.91534501,0.77084655,51.7584557,TRUE,FALSE,NORMAL
18,28,5,343.5318336,182.989177,6.028259194,100,13.18183828,18.71688714,22.83442716,0.771655728,51.83322635,TRUE,FALSE,NORMAL
18,28,6,532.4630917,26.67378038,4.951566524,100,7.689333572,6.972654806,17.09876161,0.829012384,56.40022592,TRUE,FALSE,NORMAL
18,28,7,24.11148515,425.0435427,9.233211149,100,0.831855176,6.209544622,1.568943036,0.98431057,68.79610807,TRUE,FALSE,NORMAL
18,28,8,247.0046723,237.0117701,7.836423248,100,14.12693736,6.917537091,14.35571138,0.856442886,58.59769753,TRUE,FALSE,NORMAL
18,28,9,482.2065338,170.9418354,3.166573545,100,0,21.57273113,20.50223582,0.794977642,53.68677407,TRUE,FALSE,NORMAL
18,28,10,395.255422,749.0135104,2.976833909,100,20.12279816,11.33448157,16.53457777,0.834654222,56.84878267,TRUE,FALSE,NORMAL
18,29,1,620.9983189,673.8663088,8.910632543,100,6.273699812,0,7.912778275,0.920872217,63.72898752,TRUE,FALSE,NORMAL
18,29,2,940.5159605,777.8703851,1.754116213,100,12.80376558,17.07870548,21.96790775,0.780320923,52.51342005,TRUE,FALSE,NORMAL
18,29,3,887.2885914,616.4733819,4.4005228,100,22.16806361,1.227154912,13.37498075,0.866250193,59.37132036,TRUE,FALSE,NORMAL
18,29,4,323.107802,603.4355205,4.634219109,100,11.22625393,2.2212209,23.25661552,0.767433845,51.4865645,TRUE,FALSE,NORMAL
18,29,5,349.087501,180.6494189,6.028259194,100,15.97124568,17.93434658,23.64933223,0.763506678,51.18298111,TRUE,FALSE,NORMAL
18,29,6,529.3500441,30.52435771,4.951566524,100,9.38014462,8.557532311,18.60748313,0.813925169,55.19706306,TRUE,FALSE,NORMAL
18,29,7,15.60424418,428.6322805,9.233211149,100,0,4.567047291,0,0,0,TRUE,FALSE,NORMAL
18,29,8,253.730637,241.0330794,7.836423248,100,12.12458488,8.311624834,20.98393616,0.790160638,53.30993985,TRUE,FALSE,NORMAL
18,29,9,481.4731682,167.8613544,3.166573545,100,2.434060339,18.70495522,21.54904695,0.784509531,52.85303358,TRUE,FALSE,NORMAL
18,29,10,397.825279,747.511054,2.976833909,100,16.17133334,10.45986188,17.15005916,0.828499408,56.35765943,TRUE,FALSE,NORMAL
18,30,1,617.7670384,682.1704162,8.910632543,100,9.845234107,1.968793114,7.602226533,0.923977735,63.97724007,TRUE,FALSE,NORMAL
18,30,2,941.908724,776.8040204,1.754116213,100,9.216463631,18.00138543,21.5741054,0.784258946,52.82727748,TRUE,FALSE,NORMAL
18,30,3,889.5146616,612.6774351,4.4005228,100,26.37593279,0,12.50148962,0.874985104,60.06873289,TRUE,FALSE,NORMAL
18,30,4,318.8194191,605.1921532,4.634219109,100,13.437153,0.097551625,23.66818794,0.763318121,51.15870081,TRUE,FALSE,NORMAL
18,30,5,354.4049218,177.8095341,6.028259194,100,12.09294047,18.21886996,23.97583357,0.760241664,50.9213353,TRUE,FALSE,NORMAL
18,30,6,524.8731352,28.40886767,4.951566524,100,11.86877648,8.439084595,19.26094474,0.807390553,54.67535937,TRUE,FALSE,NORMAL
18,30,7,24.51922494,426.2290939,9.233211149,100,0,4.567047291,0,0,0,FALSE,TRUE,NODE_FAILURE
18,30,8,246.7276709,237.5162633,7.836423248,100,11.23164681,10.1236999,19.8299112,0.801700888,54.22728734,TRUE,FALSE,NORMAL
18,30,9,478.6459235,166.4352144,3.166573545,100,6.425024831,16.44241105,21.82083793,0.781791621,52.63773131,TRUE,FALSE,NORMAL
18,30,10,395.913223,745.2294796,2.976833909,100,15.48414584,10.49042397,17.72188358,0.822781164,55.90149632,TRUE,FALSE,NORMAL
18,31,1,618.2451265,691.0682139,8.910632543,100,13.97998242,0,7.25022759,0.927497724,64.2585034,TRUE,FALSE,NORMAL
18,31,2,941.9726463,775.0510693,1.754116213,100,4.612141833,19.90401886,22.31711744,0.776828826,52.23512979,TRUE,FALSE,NORMAL
18,31,3,893.6069132,614.2954828,4.4005228,100,30.60960891,0,12.42371691,0.875762831,60.13158314,TRUE,FALSE,NORMAL
18,31,4,314.2159413,604.6592562,4.634219109,100,9.164316568,1.506518566,22.76668102,0.77233319,51.87690523,TRUE,FALSE,NORMAL
18,31,5,357.4622371,183.0049871,6.028259194,100,8.196873796,18.02463835,24.8156104,0.751843896,50.25363944,TRUE,FALSE,NORMAL
18,31,6,520.644088,30.98436191,4.951566524,100,8.491550965,10.65072155,19.66407013,0.803359299,54.35380044,TRUE,FALSE,NORMAL
18,31,7,24.51922494,426.2290939,9.233211149,100,0,4.567047291,0,0,0,FALSE,TRUE,NODE_FAILURE
18,31,8,250.5020335,230.6486788,7.836423248,100,8.294603004,12.33048468,21.05437707,0.789456229,53.25191348,TRUE,FALSE,NORMAL
18,31,9,476.1365698,168.3666211,3.166573545,100,7.528204193,19.31743974,22.65383943,0.773461606,51.97405195,TRUE,FALSE,NORMAL
18,31,10,395.9912417,748.2052909,2.976833909,100,13.51522016,10.18814269,17.3684099,0.826315901,56.18293777,TRUE,FALSE,NORMAL
18,32,1,609.768208,688.3220849,8.910632543,100,14.03038104,1.738231603,7.121807799,0.928781922,64.36172212,TRUE,FALSE,NORMAL
18,32,2,943.4692904,775.9659356,1.754116213,100,1.567723033,21.67612151,22.03484791,0.779651521,52.46007245,TRUE,FALSE,NORMAL
18,32,3,897.7108891,612.7074078,4.4005228,100,33.39774613,0,11.29232645,0.887076736,61.03522258,TRUE,FALSE,NORMAL
18,32,4,311.9003455,608.6734813,4.634219109,100,4.263357233,2.707756428,22.86375216,0.771362478,51.79956225,TRUE,FALSE,NORMAL
18,32,5,362.8381834,185.7324603,6.028259194,100,10.29076395,17.18313437,25.80502879,0.741949712,49.4669882,TRUE,FALSE,NORMAL
18,32,6,515.7301593,31.59371854,4.951566524,100,5.359956324,9.570478496,20.15073998,0.7984926,53.96533337,TRUE,FALSE,NORMAL
18,32,7,24.51922494,426.2290939,9.233211149,100,0,4.567047291,0,0,0,FALSE,TRUE,NODE_FAILURE
18,32,8,256.7025546,225.8566993,7.836423248,100,7.736066176,10.34124374,22.22963046,0.777703695,52.31518967,TRUE,FALSE,NORMAL
18,32,9,473.2848031,169.7430713,3.166573545,100,12.3369922,20.50696537,23.67814407,0.763218559,51.15849796,TRUE,FALSE,NORMAL
18,32,10,398.9618345,748.3979528,2.976833909,100,13.39129453,10.16898546,18.27878139,0.817212186,55.45631689,TRUE,FALSE,NORMAL
18,33,1,604.4516136,695.4728329,8.910632543,100,14.17586984,4.166042867,14.58758674,0.854124133,58.39974004,TRUE,FALSE,NORMAL
18,33,2,942.1187385,774.8465905,1.754116213,100,3.907930219,19.00252619,22.76287783,0.772371222,51.87993552,TRUE,FALSE,NORMAL
18,33,3,895.302529,616.3903961,4.4005228,100,29.22789909,0.138379516,22.76287783,0.772371222,51.87993552,TRUE,FALSE,NORMAL
18,33,4,316.2739492,610.205662,4.634219109,100,4.760267999,3.42028455,23.14545149,0.768545485,51.57512619,TRUE,FALSE,NORMAL
18,33,5,362.7267531,179.7052311,6.028259194,100,13.72246035,18.80754313,25.92793051,0.740720695,49.36974329,TRUE,FALSE,NORMAL
18,33,6,518.8912505,27.78248335,4.951566524,100,6.498210134,10.02476831,19.53914973,0.804608503,54.45228798,TRUE,FALSE,NORMAL
18,33,7,24.51922494,426.2290939,9.233211149,100,0,4.567047291,0,0,0,FALSE,TRUE,NODE_FAILURE
18,33,8,264.3166409,227.7101336,7.836423248,100,5.145963911,7.931098613,23.05074341,0.769492566,51.66153146,TRUE,FALSE,NORMAL
18,33,9,475.1405886,172.3088554,3.166573545,100,14.45714771,18.94267246,23.57451208,0.764254879,51.24010937,TRUE,FALSE,NORMAL
18,33,10,397.9700924,751.2047281,2.976833909,100,13.71062505,11.52011267,18.86651911,0.811334809,54.98743312,TRUE,FALSE,NORMAL
18,34,1,595.9686495,698.2002294,8.910632543,100,13.60670051,2.845904323,8.07798425,0.919220157,63.59863294,TRUE,FALSE,NORMAL
18,34,2,943.1012951,776.2996928,1.754116213,100,4.221497727,17.18619873,22.35932351,0.776406765,52.20149693,TRUE,FALSE,NORMAL
18,34,3,899.2792316,614.5061356,4.4005228,100,32.70650557,0,22.35932351,0.776406765,52.20149693,TRUE,FALSE,NORMAL
18,34,4,312.5038167,607.510836,4.634219109,100,2.714623028,4.738584973,11.51382037,0.884861796,60.85870067,TRUE,FALSE,NORMAL
18,34,5,359.7399222,184.9415227,6.028259194,100,11.6983375,16.83472897,25.44185701,0.74558143,49.75634306,TRUE,FALSE,NORMAL
18,34,6,514.2458354,26.068386,4.951566524,100,9.275936204,11.30458194,19.43735204,0.80562648,54.53397881,TRUE,FALSE,NORMAL
18,34,7,24.51922494,426.2290939,9.233211149,100,0,4.567047291,0,0,0,FALSE,TRUE,NODE_FAILURE
18,34,8,260.3523885,234.4698845,7.836423248,100,6.045450549,8.001414676,22.41263138,0.775873686,52.17016363,TRUE,FALSE,NORMAL
18,34,9,474.6417317,169.1818233,3.166573545,100,15.78592773,20.56841811,23.19002488,0.768099751,51.54639069,TRUE,FALSE,NORMAL
18,34,10,395.310443,752.5418164,2.976833909,100,9.634460817,11.21589525,19.02748001,0.8097252,54.85856201,TRUE,FALSE,NORMAL
18,35,1,604.8692359,698.6232356,8.910632543,100,11.05582853,5.541643258,13.7429864,0.862570136,59.07382175,TRUE,FALSE,NORMAL
18,35,2,944.5977892,777.2148043,1.754116213,100,8.673032031,16.59364277,21.79696702,0.78203033,52.64965457,TRUE,FALSE,NORMAL
18,35,3,894.9701814,613.6135623,4.4005228,100,35.19226953,0,21.79696702,0.78203033,52.64965457,TRUE,FALSE,NORMAL
18,35,4,308.3945755,609.6532934,4.634219109,100,5.622052772,4.352621229,22.2853439,0.777146561,52.2604495,TRUE,FALSE,NORMAL
18,35,5,365.7304936,184.2684979,6.028259194,100,9.485729324,19.4163975,26.45804365,0.735419564,48.94772159,TRUE,FALSE,NORMAL
18,35,6,510.7409831,29.56610261,4.951566524,100,6.591294653,12.28597557,20.34254822,0.796574518,53.81174576,TRUE,FALSE,NORMAL
18,35,7,24.51922494,426.2290939,9.233211149,100,0,4.567047291,0,0,0,FALSE,TRUE,NODE_FAILURE
18,35,8,264.1190159,227.5980545,7.836423248,100,10.40944955,9.57925192,23.1100557,0.768899443,51.61375814,TRUE,FALSE,NORMAL
18,35,9,473.1284636,171.963407,3.166573545,100,13.12891527,22.8260408,24.1380432,0.758619568,50.79212548,TRUE,FALSE,NORMAL
18,35,10,393.2697459,754.7090947,2.976833909,100,14.54219904,14.17325716,18.01416515,0.819858349,55.66713563,TRUE,FALSE,NORMAL
18,36,1,607.1637783,690.0130993,8.910632543,100,16.0344509,6.156022847,12.52001204,0.87479988,60.05001139,TRUE,FALSE,NORMAL
18,36,2,942.8566883,777.0015169,1.754116213,100,10.18097284,17.93414528,21.58496977,0.784150302,52.81861824,TRUE,FALSE,NORMAL
18,36,3,898.2331274,610.6609729,4.4005228,100,33.98714739,0,21.58496977,0.784150302,52.81861824,TRUE,FALSE,NORMAL
18,36,4,308.781669,605.0352694,4.634219109,100,3.962405204,2.28645477,21.93508278,0.780649172,52.53958007,TRUE,FALSE,NORMAL
18,36,5,368.9193616,179.152735,6.028259194,100,12.84335096,18.48921036,27.19899906,0.728010009,48.35761199,TRUE,FALSE,NORMAL
18,36,6,510.8403056,34.51667289,4.951566524,100,8.961740707,13.53974468,21.42272521,0.785772748,52.95043294,TRUE,FALSE,NORMAL
18,36,7,24.51922494,426.2290939,9.233211149,100,0,4.567047291,0,0,0,FALSE,TRUE,NODE_FAILURE
18,36,8,269.9263931,222.3365053,7.836423248,100,15.16406764,9.392364011,23.74128048,0.762587195,51.11111433,TRUE,FALSE,NORMAL
18,36,9,475.5823967,173.9647566,3.166573545,100,9.811851495,19.96948364,24.68745835,0.753125417,50.35449703,TRUE,FALSE,NORMAL
18,36,10,390.3121484,754.3712234,2.976833909,100,11.98901203,16.83968406,17.22754741,0.827724526,56.29479573,TRUE,FALSE,NORMAL
18,37,1,600.731284,683.8468696,8.910632543,100,16.46882951,3.261610604,6.970753353,0.930292466,64.48242508,TRUE,FALSE,NORMAL
18,37,2,944.2072658,775.8822027,1.754116213,100,14.86719015,19.89175793,22.41146826,0.775885317,52.15994476,TRUE,FALSE,NORMAL
18,37,3,900.6515277,614.3373761,4.4005228,100,30.61015773,0,22.41146826,0.775885317,52.15994476,TRUE,FALSE,NORMAL
18,37,4,312.4211376,602.1664274,4.634219109,100,8.560267896,0.7309061,10.90528572,0.890947143,61.34401701,TRUE,FALSE,NORMAL
18,37,5,364.0510954,182.7079977,6.028259194,100,16.72309979,20.4729763,27.2082676,0.727917324,48.3522963,TRUE,FALSE,NORMAL
18,37,6,513.2186355,38.85966242,4.951566524,100,5.651058709,15.69934025,21.59942772,0.784005723,52.81074886,TRUE,FALSE,NORMAL
18,37,7,24.51922494,426.2290939,9.233211149,100,0,4.567047291,0,0,0,FALSE,TRUE,NODE_FAILURE
18,37,8,277.3294459,224.9063959,7.836423248,100,16.47059887,10.51725881,25.09503612,0.749049639,50.03700731,TRUE,FALSE,NORMAL
18,37,9,477.1853843,171.2338924,3.166573545,100,8.841623095,21.85675052,24.91032287,0.750896771,50.17555564,TRUE,FALSE,NORMAL
18,37,10,393.2845887,754.209548,2.976833909,100,8.011959762,15.45046649,17.65260273,0.823473973,55.95530047,TRUE,FALSE,NORMAL
18,38,1,605.8014142,691.1744308,8.910632543,100,21.10052683,0.835332811,13.01233832,0.869876617,59.65701489,TRUE,FALSE,NORMAL
18,38,2,945.7919421,775.1300559,1.754116213,100,16.39657211,17.4167352,23.15283457,0.768471654,51.56924418,TRUE,FALSE,NORMAL
18,38,3,900.2300568,618.7176687,4.4005228,100,27.28180113,0.491983405,23.15283457,0.768471654,51.56924418,TRUE,FALSE,NORMAL
18,38,4,312.3807062,597.5323847,4.634219109,100,9.814905566,2.762412209,21.35937759,0.786406224,52.99842713,TRUE,FALSE,NORMAL
18,38,5,367.3465777,177.6602551,6.028259194,100,12.8257912,20.16328556,27.22890462,0.727710954,48.33451112,TRUE,FALSE,NORMAL
18,38,6,512.7649962,33.92891983,4.951566524,100,1.379362459,15.80781511,21.17299478,0.788270052,53.14948534,TRUE,FALSE,NORMAL
18,38,7,24.51922494,426.2290939,9.233211149,100,0,4.567047291,0,0,0,FALSE,TRUE,NODE_FAILURE
18,38,8,279.2281744,232.5093137,7.836423248,100,18.41025492,12.66763365,24.60918803,0.75390812,50.42058848,TRUE,FALSE,NORMAL
18,38,9,475.9703341,174.1580746,3.166573545,100,12.54448593,19.7840093,24.85422009,0.751457799,50.22070998,TRUE,FALSE,NORMAL
18,38,10,391.051483,752.2411022,2.976833909,100,12.05106525,15.61557392,17.18585795,0.82814142,56.32772101,TRUE,FALSE,NORMAL
18,39,1,612.5736302,685.3833633,8.910632543,100,18.34835395,0,5.721240254,0.942787597,65.47985731,TRUE,FALSE,NORMAL
18,39,2,944.6082369,776.4245697,1.754116213,100,16.94637319,20.1343457,22.73950875,0.772604913,51.89855555,TRUE,FALSE,NORMAL
18,39,3,903.8169334,616.1683713,4.4005228,100,25.62974343,0,11.50674469,0.884932553,60.86465597,TRUE,FALSE,NORMAL
18,39,4,313.6323929,593.0704045,4.634219109,100,7.190077327,4.864007426,20.98460787,0.790153921,53.29716047,TRUE,FALSE,NORMAL
18,39,5,369.3217713,171.9647728,6.028259194,100,12.68555852,22.27583782,27.00537093,0.729946291,48.50959805,TRUE,FALSE,NORMAL
18,39,6,508.138957,32.16319841,4.951566524,100,6.347312226,16.47803486,21.9158382,0.780841618,52.55707791,TRUE,FALSE,NORMAL
18,39,7,24.51922494,426.2290939,9.233211149,100,0,4.567047291,0,0,0,FALSE,TRUE,NODE_FAILURE
18,39,8,277.6776133,240.1908038,7.836423248,100,15.22596342,12.67530547,23.13578724,0.768642128,51.59163506,TRUE,FALSE,NORMAL
18,39,9,478.790087,172.7171784,3.166573545,100,11.11260239,19.21823323,24.50068447,0.754993155,50.50275476,TRUE,FALSE,NORMAL
18,39,10,388.075665,752.3188678,2.976833909,100,7.062909892,16.31268071,16.07655387,0.839234461,57.21305935,TRUE,FALSE,NORMAL
18,40,1,610.6949878,694.0937063,8.910632543,100,19.94716737,2.251728074,11.96989699,0.88030103,60.48916335,TRUE,FALSE,NORMAL
18,40,2,944.4620671,778.1725852,1.754116213,100,19.52202435,22.43569167,23.11115598,0.76888844,51.60244918,TRUE,FALSE,NORMAL
18,40,3,906.7781971,619.423447,4.4005228,100,23.9806454,0,23.11115598,0.76888844,51.60244918,TRUE,FALSE,NORMAL
18,40,4,313.6316123,588.4361854,4.634219109,100,3.972071516,3.142823219,20.73931864,0.792606814,53.49269791,TRUE,FALSE,NORMAL
18,40,5,370.6989201,166.0959253,6.028259194,100,14.00091464,20.2802381,27.21581596,0.72784184,48.34051846,TRUE,FALSE,NORMAL
18,40,6,503.2764918,33.09831504,4.951566524,100,9.117844283,17.15363489,23.09683766,0.769031623,51.61591111,TRUE,FALSE,NORMAL
18,40,7,24.51922494,426.2290939,9.233211149,100,0,4.567047291,0,0,0,FALSE,TRUE,NODE_FAILURE
18,40,8,272.6543356,234.1761376,7.836423248,100,15.78966561,10.54951828,22.25677439,0.777432256,52.29122906,TRUE,FALSE,NORMAL
18,40,9,480.3819714,169.9798271,3.166573545,100,14.12752898,18.73770108,24.45958818,0.755404118,50.53613675,TRUE,FALSE,NORMAL
18,40,10,387.9631218,749.3441621,2.976833909,100,4.493134172,17.39821181,16.35460782,0.836453922,56.99093063,TRUE,FALSE,NORMAL
18,41,1,602.3020278,691.1007822,8.910632543,100,16.35119981,0.019300293,13.35163305,0.86648367,59.38618813,TRUE,FALSE,NORMAL
18,41,2,946.1833009,777.8345348,1.754116213,100,21.93770105,20.77232167,22.57950802,0.77420492,52.02604432,TRUE,FALSE,NORMAL
18,41,3,909.1236428,615.7000768,4.4005228,100,27.59814665,1.019917118,22.57950802,0.77420492,52.02604432,TRUE,FALSE,NORMAL
18,41,4,314.5115859,583.8862807,4.634219109,100,1.68282759,2.409541412,19.60825266,0.803917473,54.39449108,TRUE,FALSE,NORMAL
18,41,5,367.5899949,171.2606608,6.028259194,100,15.11390893,21.48116192,27.2779973,0.727220027,48.29237293,TRUE,FALSE,NORMAL
18,41,6,506.0465322,37.20256739,4.951566524,100,7.146449566,16.90709324,15.50569933,0.844943007,57.67480631,TRUE,FALSE,NORMAL
18,41,7,24.51922494,426.2290939,9.233211149,100,0,4.567047291,0,0,0,FALSE,TRUE,NODE_FAILURE
18,41,8,276.1148425,227.145176,7.836423248,100,15.27914264,8.138681178,15.80943509,0.841905649,57.43850492,TRUE,FALSE,NORMAL
18,41,9,483.5484174,170.0082416,3.166573545,100,13.66666105,16.75225734,24.46342601,0.75536574,50.53198466,TRUE,FALSE,NORMAL
18,41,10,389.5664443,751.8523281,2.976833909,100,7.7439532,18.3387635,16.47994285,0.835200571,56.8903396,TRUE,FALSE,NORMAL
18,42,1,593.8730205,693.9906278,8.910632543,100,11.9651456,0,7.797015204,0.922029848,63.82278829,TRUE,FALSE,NORMAL
18,42,2,947.3685886,779.1275997,1.754116213,100,20.00390148,21.77537438,21.93936538,0.780606346,52.53616702,TRUE,FALSE,NORMAL
18,42,3,904.9223026,614.3911298,4.4005228,100,27.41737568,0,21.93936538,0.780606346,52.53616702,TRUE,FALSE,NORMAL
18,42,4,318.7924994,582.1115226,4.634219109,100,0.191413683,4.870682934,9.896910056,0.901030899,62.14756228,TRUE,FALSE,NORMAL
18,42,5,367.0666378,165.2551628,6.028259194,100,16.24878406,22.54224564,27.50249852,0.724975015,48.11425386,TRUE,FALSE,NORMAL
18,42,6,504.6833443,32.44234366,4.951566524,100,11.09624385,16.18314026,15.81517768,0.841848223,57.42733441,TRUE,FALSE,NORMAL
18,42,7,24.51922494,426.2290939,9.233211149,100,0,4.567047291,0,0,0,FALSE,TRUE,NODE_FAILURE
18,42,8,280.7460862,220.8236959,7.836423248,100,19.01088427,8.431843291,16.60002751,0.833999725,56.80879945,TRUE,FALSE,NORMAL
18,42,9,485.0674678,167.2298115,3.166573545,100,16.4671152,19.2552605,24.48125475,0.755187453,50.51700705,TRUE,FALSE,NORMAL
18,42,10,390.821741,754.5515448,2.976833909,100,11.54883491,16.74952478,17.01972837,0.829802716,56.45936604,TRUE,FALSE,NORMAL
18,43,1,585.912334,689.9872739,8.910632543,100,7.570556729,1.969482984,9.398459086,0.906015409,62.54408092,TRUE,FALSE,NORMAL
18,43,2,947.2046254,777.3811634,1.754116213,100,18.94303521,24.34236994,22.63957837,0.773604216,51.97817952,TRUE,FALSE,NORMAL
18,43,3,909.0694929,615.8626645,4.4005228,100,23.05728137,0,22.63957837,0.773604216,51.97817952,TRUE,FALSE,NORMAL
18,43,4,318.2155448,586.7096863,4.634219109,100,1.465878416,6.284066897,11.15641783,0.888435822,61.14192504,TRUE,FALSE,NORMAL
18,43,5,368.969091,170.9753534,6.028259194,100,17.8478964,23.10202064,27.75090653,0.722490935,47.91835642,TRUE,FALSE,NORMAL
18,43,6,501.7960073,28.41974552,4.951566524,100,15.43822188,14.18308651,15.47138707,0.845286129,57.70057744,TRUE,FALSE,NORMAL
18,43,7,24.51922494,426.2290939,9.233211149,100,0,4.567047291,0,0,0,FALSE,TRUE,NODE_FAILURE
18,43,8,279.3024134,213.1214015,7.836423248,100,19.74428512,10.20521311,17.17733129,0.828226687,56.34924763,TRUE,FALSE,NORMAL
18,43,9,482.6610661,169.2880677,3.166573545,100,21.32462418,21.11713411,24.56947667,0.754305233,50.44685453,TRUE,FALSE,NORMAL
18,43,10,392.9853838,752.5069936,2.976833909,100,13.90276949,15.13951341,18.20260057,0.817973994,55.51573073,TRUE,FALSE,NORMAL
18,44,1,593.301006,694.9679262,8.910632543,100,12.55881137,0,7.818055415,0.921819446,63.80604677,TRUE,FALSE,NORMAL
18,44,2,945.5945603,776.685021,1.754116213,100,19.96103407,23.14616889,22.34580106,0.776541989,52.21227256,TRUE,FALSE,NORMAL
18,44,3,911.8101564,612.419793,4.4005228,100,20.70617409,0,22.34580106,0.776541989,52.21227256,TRUE,FALSE,NORMAL
18,44,4,314.8897412,589.936917,4.634219109,100,0,8.512293655,10.31261027,0.896873897,61.81616515,TRUE,FALSE,NORMAL
18,44,5,370.7345244,165.2114005,6.028259194,100,15.08505842,23.21612143,27.34405529,0.726559447,48.2402302,TRUE,FALSE,NORMAL
18,44,6,506.1843778,26.1262297,4.951566524,100,13.30773565,13.14006561,21.81895645,0.781810436,52.63374399,TRUE,FALSE,NORMAL
18,44,7,24.51922494,426.2290939,9.233211149,100,0,4.567047291,0,0,0,FALSE,TRUE,NODE_FAILURE
18,44,8,271.6658322,214.8798544,7.836423248,100,20.62918101,9.624175049,23.34356303,0.76656437,51.42724434,TRUE,FALSE,NORMAL
18,44,9,480.328904,171.430078,3.166573545,100,19.92481478,22.07339853,24.20180528,0.757981947,50.74069389,TRUE,FALSE,NORMAL
18,44,10,390.859518,754.5907965,2.976833909,100,14.68177896,16.13091214,17.55720054,0.824427995,56.03074355,TRUE,FALSE,NORMAL
18,45,1,599.3311502,688.4076874,8.910632543,100,9.266573886,0,13.63885021,0.863611498,59.15693863,TRUE,FALSE,NORMAL
18,45,2,946.5260202,775.1986476,1.754116213,100,16.35899983,24.16438036,23.26352057,0.767364794,51.48106351,TRUE,FALSE,NORMAL
18,45,3,911.3648076,616.7977223,4.4005228,100,25.01924501,0.411870095,23.26352057,0.767364794,51.48106351,TRUE,FALSE,NORMAL
18,45,4,310.501433,588.4473741,4.634219109,100,0,5.814997969,20.0067361,0.799932639,54.07675677,TRUE,FALSE,NORMAL
18,45,5,364.7759629,164.2973694,6.028259194,100,18.81053154,24.69926103,26.6064776,0.733935224,48.82641429,TRUE,FALSE,NORMAL
18,45,6,510.0716092,29.19338526,4.951566524,100,8.825144363,11.56092681,21.84835662,0.781516434,52.61100876,TRUE,FALSE,NORMAL
18,45,7,24.51922494,426.2290939,9.233211149,100,0,4.567047291,0,0,0,FALSE,TRUE,NODE_FAILURE
18,45,8,264.3931068,211.9614653,7.836423248,100,18.62359956,8.532426428,22.52567237,0.774743276,52.07989649,TRUE,FALSE,NORMAL
18,45,9,482.9088767,169.594069,3.166573545,100,22.507533,19.63523494,23.44999638,0.765500036,51.33901514,TRUE,FALSE,NORMAL
18,45,10,389.243767,752.0906188,2.976833909,100,15.64918844,15.0508951,16.82279315,0.831772068,56.6168477,TRUE,FALSE,NORMAL
18,46,1,593.2118472,694.8848398,8.910632543,100,6.534138201,0.250211826,14.44050898,0.85559491,58.51711855,TRUE,FALSE,NORMAL
18,46,2,945.8304003,776.8089384,1.754116213,100,18.54812966,23.61844178,22.31809857,0.776819014,52.23434795,TRUE,FALSE,NORMAL
18,46,3,909.1436511,612.9988982,4.4005228,100,25.59537916,0,22.31809857,0.776819014,52.23434795,TRUE,FALSE,NORMAL
18,46,4,305.9972638,587.3572155,4.634219109,100,0,5.243174385,19.70324035,0.802967597,54.31874936,TRUE,FALSE,NORMAL
18,46,5,369.0047813,168.5935309,6.028259194,100,20.02556076,22.46023785,26.99896242,0.730010376,48.51496538,TRUE,FALSE,NORMAL
18,46,6,512.8644595,33.28215014,4.951566524,100,6.230082466,11.75833219,14.99701297,0.85002987,58.08004624,TRUE,FALSE,NORMAL
18,46,7,24.51922494,426.2290939,9.233211149,100,0,4.567047291,0,0,0,FALSE,TRUE,NODE_FAILURE
18,46,8,269.5160727,206.0314779,7.836423248,100,20.60653582,11.46617381,15.60024283,0.843997572,57.60576569,TRUE,FALSE,NORMAL
18,46,9,486.072524,169.4579672,3.166573545,100,25.30952899,18.03924336,23.92035078,0.760796492,50.96449875,TRUE,FALSE,NORMAL
18,46,10,386.2719852,752.2639773,2.976833909,100,18.46567955,17.07615745,17.07187466,0.829281253,56.41793396,TRUE,FALSE,NORMAL
18,47,1,599.8427605,688.9324989,8.910632543,100,6.373689215,2.36749443,12.59784855,0.874021515,59.98787739,TRUE,FALSE,NORMAL
18,47,2,945.4985305,775.0865023,1.754116213,100,19.06763637,23.32976591,23.27873851,0.767212615,51.46894,TRUE,FALSE,NORMAL
18,47,3,911.8832617,616.4426076,4.4005228,100,20.98620017,0,23.27873851,0.767212615,51.46894,TRUE,FALSE,NORMAL
18,47,4,308.7550769,591.0815213,4.634219109,100,1.618733706,2.986111225,20.56985037,0.794301496,53.62779961,TRUE,FALSE,NORMAL
18,47,5,362.9783612,168.7424244,6.028259194,100,22.46403585,24.94614149,27.00207437,0.729979256,48.5162123,TRUE,FALSE,NORMAL
18,47,6,513.3997971,28.35960764,4.951566524,100,10.24793197,9.557503801,14.58747771,0.854125223,58.40628689,TRUE,FALSE,NORMAL
18,47,7,24.51922494,426.2290939,9.233211149,100,0,4.567047291,0,0,0,FALSE,TRUE,NODE_FAILURE
18,47,8,277.3442028,205.6710514,7.836423248,100,24.03754858,11.97588259,16.98976163,0.830102384,56.50166678,TRUE,FALSE,NORMAL
18,47,9,484.9829559,166.4847485,3.166573545,100,20.47190998,17.36407073,23.9786912,0.760213088,50.91644696,TRUE,FALSE,NORMAL
18,47,10,383.3786655,752.9641496,2.976833909,100,16.2257716,15.20147488,16.58384946,0.834161505,56.8078385,TRUE,FALSE,NORMAL
18,48,1,605.3448662,695.9415078,8.910632543,100,5.655475869,0.111183195,12.44280742,0.875571926,60.11164153,TRUE,FALSE,NORMAL
18,48,2,945.9286567,773.3859391,1.754116213,100,16.59911549,24.58479441,23.04211172,0.769578883,51.6574571,TRUE,FALSE,NORMAL
18,48,3,914.4555252,612.8721649,4.4005228,100,24.92713482,0.397181103,23.04211172,0.769578883,51.6574571,TRUE,FALSE,NORMAL
18,48,4,305.0203167,588.3378826,4.634219109,100,5.243281748,2.967900389,19.5402911,0.804597089,54.44868349,TRUE,FALSE,NORMAL
18,48,5,358.466079,164.745023,6.028259194,100,19.07576768,27.65083403,26.98414759,0.730158524,48.53347095,TRUE,FALSE,NORMAL
18,48,6,517.800322,26.08949936,4.951566524,100,9.917969285,6.661006859,14.20778565,0.857922144,58.70895727,TRUE,FALSE,NORMAL
18,48,7,24.51922494,426.2290939,9.233211149,100,0,4.567047291,0,0,0,FALSE,TRUE,NODE_FAILURE
18,48,8,278.6781488,197.9489975,7.836423248,100,19.30422364,11.35171169,17.70120965,0.822987904,55.93725936,TRUE,FALSE,NORMAL
18,48,9,482.3602767,164.710279,3.166573545,100,15.49492993,19.40543406,24.03226908,0.759677309,50.87303245,TRUE,FALSE,NORMAL
18,48,10,386.2127487,753.8749254,2.976833909,100,19.32537937,16.22782135,15.99154926,0.840084507,57.28016251,TRUE,FALSE,NORMAL
18,49,1,614.2437533,696.3988699,8.910632543,100,4.723303839,0.646194022,11.24674047,0.887532595,61.06649253,TRUE,FALSE,NORMAL
18,49,2,947.4320852,772.4822652,1.754116213,100,12.99410037,21.8432829,22.84879688,0.771512031,51.81147797,TRUE,FALSE,NORMAL
18,49,3,918.0948781,610.3983599,4.4005228,100,23.19105317,0,22.84879688,0.771512031,51.81147797,TRUE,FALSE,NORMAL
18,49,4,308.1068622,591.7946475,4.634219109,100,1.538746828,0.130847805,19.8085925,0.801914075,54.23474496,TRUE,FALSE,NORMAL
18,49,5,364.3141664,166.2078224,6.028259194,100,23.30221737,29.69453943,27.83025832,0.721697417,47.86117473,TRUE,FALSE,NORMAL
18,49,6,512.9266877,25.21445647,4.951566524,100,9.67662528,3.944650545,15.02804233,0.849719577,58.05348385,TRUE,FALSE,NORMAL
18,49,7,24.51922494,426.2290939,9.233211149,100,0,4.567047291,0,0,0,FALSE,TRUE,NODE_FAILURE
18,49,8,285.6686184,194.4074068,7.836423248,100,15.13681688,10.83379414,18.9246198,0.810753802,54.96207868,TRUE,FALSE,NORMAL
18,49,9,482.4790789,167.8746232,3.166573545,100,17.84230015,20.76344301,24.6345662,0.753654338,50.39339578,TRUE,FALSE,NORMAL
18,49,10,388.1960811,756.0948201,2.976833909,100,20.17975372,18.70565631,15.52766648,0.844723335,57.65061875,TRUE,FALSE,NORMAL
18,50,1,606.4347345,692.1071805,8.910632543,100,0.38704986,2.250634595,12.58146695,0.87418533,60.00095416,TRUE,FALSE,NORMAL
18,50,2,948.965559,771.6305718,1.754116213,100,15.93520223,19.86293051,22.22588103,0.77774119,52.30783489,TRUE,FALSE,NORMAL
18,50,3,918.4137554,606.0094058,4.4005228,100,18.40717422,0,22.22588103,0.77774119,52.30783489,TRUE,FALSE,NORMAL
18,50,4,307.8804361,587.1659633,4.634219109,100,0,2.746126335,18.63174909,0.813682509,55.17322451,TRUE,FALSE,NORMAL
18,50,5,359.9969668,162.000484,6.028259194,100,23.60076277,31.32057345,27.92539262,0.720746074,47.78698241,TRUE,FALSE,NORMAL
18,50,6,514.4903356,29.91264933,4.951566524,100,8.921229347,6.612239396,15.46874637,0.845312536,57.701695,TRUE,FALSE,NORMAL
18,50,7,24.51922494,426.2290939,9.233211149,100,0,4.567047291,0,0,0,FALSE,TRUE,NODE_FAILURE
18,50,8,284.7106062,186.6297631,7.836423248,100,11.20317097,8.712511823,19.49439683,0.805056032,54.5098455,TRUE,FALSE,NORMAL
18,50,9,482.1702554,171.0261016,3.166573545,100,14.32466717,22.51168152,24.48029239,0.755197076,50.51566724,TRUE,FALSE,NORMAL
18,50,10,390.4424331,758.048136,2.976833909,100,19.58696961,20.86048048,15.60660802,0.84393392,57.58708933,TRUE,FALSE,NORMAL
18,51,1,613.9805649,687.3680016,8.910632543,100,2.087994052,1.17709003,11.380846,0.88619154,60.95942658,TRUE,FALSE,NORMAL
18,51,2,950.1116527,772.9584999,1.754116213,100,20.37080945,19.62704225,22.52850662,0.774714934,52.0666835,TRUE,FALSE,NORMAL
18,51,3,916.2186967,609.8233694,4.4005228,100,17.15987273,0,22.52850662,0.774714934,52.0666835,TRUE,FALSE,NORMAL
18,51,4,307.9898988,582.5330371,4.634219109,100,0.479665831,3.754146856,17.47228272,0.825277173,56.09805254,TRUE,FALSE,NORMAL
18,51,5,357.5413773,156.4950331,6.028259194,100,20.65074833,33.62794798,28.3702786,0.716297214,47.43733201,TRUE,FALSE,NORMAL
18,51,6,511.4099071,26.03592765,4.951566524,100,4.204126026,5.44593688,15.90719063,0.840928094,57.35146267,TRUE,FALSE,NORMAL
18,51,7,24.51922494,426.2290939,9.233211149,100,0,4.567047291,0,0,0,FALSE,TRUE,NODE_FAILURE
18,51,8,292.5443742,186.4257824,7.836423248,100,7.938839818,9.713382537,20.8056353,0.791943647,53.46902106,TRUE,FALSE,NORMAL
18,51,9,481.0617836,168.0598787,3.166573545,100,13.13388891,19.7436518,24.8514001,0.751485999,50.21931233,TRUE,FALSE,NORMAL
18,51,10,392.6193715,760.078525,2.976833909,100,24.47622736,23.15265121,14.42656436,0.855734356,58.52873956,TRUE,FALSE,NORMAL
18,52,1,622.8602085,686.6255044,8.910632543,100,0.606368822,3.896384693,10.0321266,0.899678734,62.03627024,TRUE,FALSE,NORMAL
18,52,2,951.8633163,772.8657742,1.754116213,100,23.42542893,19.26275693,22.74146035,0.772585397,51.89700055,TRUE,FALSE,NORMAL
18,52,3,920.566907,610.499881,4.4005228,100,12.42953529,0.577689038,22.74146035,0.772585397,51.89700055,TRUE,FALSE,NORMAL
18,52,4,311.141158,585.9309119,4.634219109,100,5.302145274,2.576318206,18.68433834,0.813156617,55.13128229,TRUE,FALSE,NORMAL
18,52,5,363.3183313,154.7726186,6.028259194,100,20.76637761,31.67609831,28.77394705,0.712260529,47.11748487,TRUE,FALSE,NORMAL
18,52,6,516.361006,26.10397947,4.951566524,100,2.664816904,3.350826184,16.01093803,0.83989062,57.2681707,TRUE,FALSE,NORMAL
18,52,7,24.51922494,426.2290939,9.233211149,100,0,4.567047291,0,0,0,FALSE,TRUE,NODE_FAILURE
18,52,8,300.1223462,184.429819,7.836423248,100,4.102013636,8.095413607,21.44469311,0.785553069,52.96059498,TRUE,FALSE,NORMAL
18,52,9,482.7723224,170.7246948,3.166573545,100,16.79141006,17.58278884,25.21983528,0.747801647,49.92588047,TRUE,FALSE,NORMAL
18,52,10,392.3501544,757.1138897,2.976833909,100,20.884414,21.70399451,14.35823247,0.856417675,58.58377626,TRUE,FALSE,NORMAL
18,53,1,614.2240525,684.4309243,8.910632543,100,3.934334021,6.800036622,11.72657467,0.882734253,60.68341383,TRUE,FALSE,NORMAL
18,53,2,953.5768531,772.4906535,1.754116213,100,21.41621919,18.76569357,22.44178213,0.775582179,52.13578906,TRUE,FALSE,NORMAL
18,53,3,924.1643026,607.9654489,4.4005228,100,13.55990224,2.479441101,22.44178213,0.775582179,52.13578906,TRUE,FALSE,NORMAL
18,53,4,314.0689686,589.5231134,4.634219109,100,0.97392596,3.689302374,19.12908045,0.808709196,54.77659816,TRUE,FALSE,NORMAL
18,53,5,367.5879016,150.5169544,6.028259194,100,23.61676672,32.93059399,29.05711207,0.709428879,46.89385538,TRUE,FALSE,NORMAL
18,53,6,519.5175007,22.28893661,4.951566524,100,5.161699949,3.808020385,15.8487594,0.841512406,57.39678705,TRUE,FALSE,NORMAL
18,53,7,24.51922494,426.2290939,9.233211149,100,0,4.567047291,0,0,0,FALSE,TRUE,NODE_FAILURE
18,53,8,307.2118018,181.0907849,7.836423248,100,0,5.496528953,22.06864205,0.77931358,52.46474762,TRUE,FALSE,NORMAL
18,53,9,484.1937037,173.554335,3.166573545,100,20.38536221,19.24143735,25.26493433,0.747350657,49.889818,TRUE,FALSE,NORMAL
18,53,10,395.2501461,757.7858929,2.976833909,100,19.05145861,22.1161728,15.42782756,0.845721724,57.730006,TRUE,FALSE,NORMAL
18,54,1,606.8310268,679.4567366,8.910632543,100,3.77359474,9.209191243,12.11955387,0.878804461,60.36969094,TRUE,FALSE,NORMAL
18,54,2,954.3052104,770.8949031,1.754116213,100,21.32848194,20.164361,22.34343011,0.776565699,52.2141619,TRUE,FALSE,NORMAL
18,54,3,919.9390074,606.7360257,4.4005228,100,15.29244119,4.76092256,22.34343011,0.776565699,52.2141619,TRUE,FALSE,NORMAL
18,54,4,316.214614,593.6306908,4.634219109,100,0,4.854709047,19.96929118,0.800307088,54.10661265,TRUE,FALSE,NORMAL
18,54,5,373.3591056,148.7753706,6.028259194,100,23.85320646,32.08942876,29.69538416,0.703046158,46.38413922,TRUE,FALSE,NORMAL
18,54,6,515.5835004,19.28200251,4.951566524,100,8.406480446,2.418010982,16.54835355,0.834516464,56.83837638,TRUE,FALSE,NORMAL
18,54,7,24.51922494,426.2290939,9.233211149,100,0,4.567047291,0,0,0,FALSE,TRUE,NODE_FAILURE
18,54,8,307.3174713,173.2550741,7.836423248,100,0.564620799,8.000939302,22.37187965,0.776281204,52.22014334,TRUE,FALSE,NORMAL
18,54,9,482.2333761,171.0675089,3.166573545,100,19.41293564,21.85005065,25.8238868,0.741761132,49.44586898,TRUE,FALSE,NORMAL
18,54,10,392.4220133,758.7149811,2.976833909,100,15.99511211,23.89402198,16.04442253,0.839555775,57.2381518,TRUE,FALSE,NORMAL
18,55,1,612.3734642,672.4795768,8.910632543,100,4.790565435,11.76711355,11.26106803,0.88738932,61.05505375,TRUE,FALSE,NORMAL
18,55,2,954.5303888,769.1553002,1.754116213,100,22.55596143,19.24126438,22.03574969,0.779642503,52.45935379,TRUE,FALSE,NORMAL
18,55,3,921.8764829,602.7849766,4.4005228,100,17.02321917,3.118186705,22.03574969,0.779642503,52.45935379,TRUE,FALSE,NORMAL
18,55,4,312.9519601,596.9217509,4.634219109,100,0,3.896313793,19.93629702,0.80063703,54.13292002,TRUE,FALSE,NORMAL
18,55,5,379.1613076,150.410718,6.028259194,100,24.08744523,34.50784432,29.71661234,0.702833877,46.36446547,TRUE,FALSE,NORMAL
18,55,6,520.4541948,20.17326399,4.951566524,100,10.95962069,4.622722812,16.27474479,0.837252552,57.05648381,TRUE,FALSE,NORMAL
18,55,7,24.51922494,426.2290939,9.233211149,100,0,4.567047291,0,0,0,FALSE,TRUE,NODE_FAILURE
18,55,8,304.4026051,165.980936,7.836423248,100,0,10.28107256,21.81212094,0.781878791,52.66212074,TRUE,FALSE,NORMAL
18,55,9,481.2951937,174.09191,3.166573545,100,19.3753246,22.15625003,25.86958196,0.74130418,49.4109364,TRUE,FALSE,NORMAL
18,55,10,395.3552989,759.2223027,2.976833909,100,19.90251384,26.47660976,15.59868253,0.844013175,57.59398689,TRUE,FALSE,NORMAL
18,56,1,620.5981566,669.051194,8.910632543,100,7.28861791,11.37814635,9.271427705,0.907285723,62.64368804,TRUE,FALSE,NORMAL
18,56,2,956.0116058,768.215662,1.754116213,100,19.24890977,18.76324714,22.26038655,0.777396135,52.28033768,TRUE,FALSE,NORMAL
18,56,3,926.2750663,602.6543423,4.4005228,100,14.90878874,6.096646037,22.26038655,0.777396135,52.28033768,TRUE,FALSE,NORMAL
18,56,4,308.3932344,596.0886801,4.634219109,100,3.802407907,1.354706004,19.46690967,0.805330903,54.50719856,TRUE,FALSE,NORMAL
18,56,5,373.1925158,151.2553678,6.028259194,100,19.65692152,33.83537479,29.96005757,0.700399424,46.17594247,TRUE,FALSE,NORMAL
18,56,6,515.7997389,21.86265763,4.951566524,100,8.981476779,6.712809614,17.13277131,0.828672287,56.37190182,TRUE,FALSE,NORMAL
18,56,7,24.51922494,426.2290939,9.233211149,100,0,4.567047291,0,0,0,FALSE,TRUE,NODE_FAILURE
18,56,8,305.7986784,158.269872,7.836423248,100,1.220264417,8.508625672,22.99988338,0.770001166,51.72109429,TRUE,FALSE,NORMAL
18,56,9,480.421622,171.0482181,3.166573545,100,18.90388104,23.69160173,26.05114025,0.739488597,49.26531977,TRUE,FALSE,NORMAL
18,56,10,392.6936572,760.5554207,2.976833909,100,20.25264839,28.09026349,14.36916869,0.856308313,58.5754433,TRUE,FALSE,NORMAL
18,57,1,623.8816324,677.3348019,8.910632543,100,5.017802507,11.1561804,9.526096505,0.904739035,62.4403304,TRUE,FALSE,NORMAL
18,57,2,956.8717901,766.6869349,1.754116213,100,23.40942107,16.84986899,23.22832702,0.76771673,51.50910098,TRUE,FALSE,NORMAL
18,57,3,926.898368,607.0104984,4.4005228,100,19.85057081,4.332437234,23.22832702,0.76771673,51.50910098,TRUE,FALSE,NORMAL
18,57,4,305.2960566,599.535922,4.634219109,100,7.525102992,0,20.10387878,0.798961212,53.99930331,TRUE,FALSE,NORMAL
18,57,5,378.7746759,153.5311967,6.028259194,100,20.84868502,34.53562374,29.3888659,0.706111341,46.62398604,TRUE,FALSE,NORMAL
18,57,6,520.6124489,20.6982551,4.951566524,100,13.36552822,9.305669418,16.51214372,0.834878563,56.86708841,TRUE,FALSE,NORMAL
18,57,7,24.51922494,426.2290939,9.233211149,100,0,4.567047291,0,0,0,FALSE,TRUE,NODE_FAILURE
18,57,8,300.2225089,152.7638877,7.836423248,100,0,11.08463229,21.49588761,0.785041124,52.91253012,TRUE,FALSE,NORMAL
18,57,9,483.3242308,172.3139392,3.166573545,100,19.79952412,23.86457117,25.54599884,0.744540012,49.66865883,TRUE,FALSE,NORMAL
18,57,10,393.4130983,757.666832,2.976833909,100,21.76995096,25.30093202,14.81498764,0.851850124,58.21981686,TRUE,FALSE,NORMAL
18,58,1,615.5471417,680.4868867,8.910632543,100,0.191036689,12.27066601,10.55601381,0.894439862,61.61797158,TRUE,FALSE,NORMAL
18,58,2,957.4029949,768.358684,1.754116213,100,24.83345407,19.01067707,22.73179442,0.772682056,51.9047022,TRUE,FALSE,NORMAL
18,58,3,922.5111475,606.6685951,4.4005228,100,22.68267954,1.975166931,22.73179442,0.772682056,51.9047022,TRUE,FALSE,NORMAL
18,58,4,300.8300559,600.7731872,4.634219109,100,9.939148558,0.479011126,19.81311711,0.801868829,54.23113722,TRUE,FALSE,NORMAL
18,58,5,384.3713085,151.291194,6.028259194,100,22.52584238,36.0486646,29.26138648,0.707386135,46.72110462,TRUE,FALSE,NORMAL
18,58,6,518.2891301,16.32558993,4.951566524,100,11.87532927,7.84054405,16.26977865,0.837302214,57.06008774,TRUE,FALSE,NORMAL
18,58,7,24.51922494,426.2290939,9.233211149,100,0,4.567047291,0,0,0,FALSE,TRUE,NODE_FAILURE
18,58,8,295.0829275,146.8482954,7.836423248,100,0,8.271589266,20.44241853,0.795575815,53.74680079,TRUE,FALSE,NORMAL
18,58,9,483.0307429,175.4668827,3.166573545,100,16.28047926,24.36264711,25.09060039,0.749093996,50.03291306,TRUE,FALSE,NORMAL
18,58,10,391.1776268,759.6325907,2.976833909,100,18.43655634,23.59038471,15.18456546,0.848154345,57.9245544,TRUE,FALSE,NORMAL
18,59,1,624.4325996,681.1562226,8.910632543,100,2.144182484,12.68502365,8.834135206,0.911658648,62.99288468,TRUE,FALSE,NORMAL
18,59,2,956.135774,767.1458053,1.754116213,100,20.16093592,18.38543965,22.98625345,0.770137465,51.7019605,TRUE,FALSE,NORMAL
18,59,3,918.2302099,607.6875034,4.4005228,100,23.82767404,0,22.98625345,0.770137465,51.7019605,TRUE,FALSE,NORMAL
18,59,4,298.7416948,604.910183,4.634219109,100,13.57249653,2.841309825,20.65950213,0.793404979,53.55632773,TRUE,FALSE,NORMAL
18,59,5,378.7028457,153.3426419,6.028259194,100,24.80488006,37.87083544,29.51076721,0.704892328,46.5274801,TRUE,FALSE,NORMAL
18,59,6,517.0280632,21.11387996,4.951566524,100,8.493257497,5.36620378,16.9834552,0.830165448,56.49046832,TRUE,FALSE,NORMAL
18,59,7,24.51922494,426.2290939,9.233211149,100,0,4.567047291,0,0,0,FALSE,TRUE,NODE_FAILURE
18,59,8,302.9157786,146.6117103,7.836423248,100,0,10.89507145,22.06789754,0.779321025,52.45746106,TRUE,FALSE,NORMAL
18,59,9,485.562447,177.3688979,3.166573545,100,13.86584004,22.9893586,25.11435475,0.748856453,50.01177777,TRUE,FALSE,NORMAL
18,59,10,388.5223651,758.2868102,2.976833909,100,14.41917661,21.2407896,14.74681867,0.852531813,58.2746062,TRUE,FALSE,NORMAL
18,60,1,625.6338146,672.3269273,8.910632543,100,3.582485552,11.36822562,8.375966492,0.916240335,63.35876598,TRUE,FALSE,NORMAL
18,60,2,954.4645791,767.6787513,1.754116213,100,15.73910017,19.28513448,23.55049713,0.764495029,51.25245052,TRUE,FALSE,NORMAL
18,60,3,921.5930252,610.5258259,4.4005228,100,20.21720712,0,23.55049713,0.764495029,51.25245052,TRUE,FALSE,NORMAL
18,60,4,295.0422726,607.7012871,4.634219109,100,14.05418594,3.514612713,21.13545789,0.788645421,53.17691289,TRUE,FALSE,NORMAL
18,60,5,375.5648355,158.4897577,6.028259194,100,21.97501962,38.77525313,29.01660315,0.709833969,46.92160963,TRUE,FALSE,NORMAL
18,60,6,514.3229805,16.9665268,4.951566524,100,5.360581365,7.039387229,16.81678648,0.831832135,56.62316893,TRUE,FALSE,NORMAL
18,60,7,24.51922494,426.2290939,9.233211149,100,0,4.567047291,0,0,0,FALSE,TRUE,NODE_FAILURE
18,60,8,303.1718775,138.7794729,7.836423248,100,0,10.59402216,22.2617308,0.777382692,52.30336728,TRUE,FALSE,NORMAL
18,60,9,486.9828293,174.5387562,3.166573545,100,18.06257304,24.52359348,24.79710485,0.752028951,50.26397215,TRUE,FALSE,NORMAL
18,60,10,388.8223609,755.3251312,2.976833909,100,16.09129281,22.00426731,14.75571219,0.852442878,58.26783943,TRUE,FALSE,NORMAL
18,61,1,625.9239777,663.4210204,8.910632543,100,1.405382464,11.75655302,7.747420538,0.922525795,63.86072864,TRUE,FALSE,NORMAL
18,61,2,956.0132921,768.5024089,1.754116213,100,17.2567149,21.89279996,23.46836547,0.765316345,51.31787668,TRUE,FALSE,NORMAL
18,61,3,925.9869644,610.2852038,4.4005228,100,15.45230819,0.730109509,23.46836547,0.765316345,51.31787668,TRUE,FALSE,NORMAL
18,61,4,291.7973917,604.3927021,4.634219109,100,11.42749734,1.982647161,20.87186442,0.791281356,53.38703486,TRUE,FALSE,NORMAL
18,61,5,369.5793327,159.2064621,6.028259194,100,19.55376777,38.49577232,29.15796602,0.70842034,46.81940765,TRUE,FALSE,NORMAL
18,61,6,517.8854907,20.40549933,4.951566524,100,7.510854231,7.906398271,16.79887004,0.8320113,56.63725158,TRUE,FALSE,NORMAL
18,61,7,24.51922494,426.2290939,9.233211149,100,0,4.567047291,0,0,0,FALSE,FALSE,NORMAL
18,61,8,310.9656571,139.5958848,7.836423248,100,4.655860737,7.71068084,23.71505736,0.762849426,51.15600609,TRUE,FALSE,NORMAL
18,61,9,487.1022272,177.7030779,3.166573545,100,13.64448846,24.01026205,24.8085328,0.751914672,50.25344475,TRUE,FALSE,NORMAL
18,61,10,387.3997432,752.7102318,2.976833909,100,12.08820784,19.26119345,14.30964248,0.856903575,58.62388175,TRUE,FALSE,NORMAL
18,62,1,627.7209887,654.6934707,8.910632543,100,4.800780842,14.10803169,3.928539163,0.960714608,66.91131723,TRUE,FALSE,NORMAL
18,62,2,954.5836323,767.4860445,1.754116213,100,20.04861908,20.8508351,24.07060023,0.759293998,50.83817525,TRUE,FALSE,NORMAL
18,62,3,922.7511998,613.2675567,4.4005228,100,10.56326405,1.815992155,12.29190225,0.877080978,60.23889588,TRUE,FALSE,NORMAL
18,62,4,287.172889,604.692637,4.634219109,100,6.905800491,2.778428584,20.11927505,0.798807249,53.98702775,TRUE,FALSE,NORMAL
18,62,5,366.6453164,164.4725287,6.028259194,100,20.88017588,39.46724743,28.45223209,0.715477679,47.37630196,TRUE,FALSE,NORMAL
18,62,6,521.3063169,23.98543769,4.951566524,100,7.116723077,6.950555848,16.28859739,0.837114026,57.04511307,TRUE,FALSE,NORMAL
18,62,7,24.51922494,426.2290939,9.233211149,100,0,4.567047291,0,0,0,FALSE,FALSE,NORMAL
18,62,8,303.2207417,140.7899595,7.836423248,100,6.478464612,9.385757408,22.58092099,0.77419079,52.05496191,TRUE,FALSE,NORMAL
18,62,9,485.6938947,174.8669207,3.166573545,100,11.8774615,25.54790576,24.77017667,0.752298233,50.28418889,TRUE,FALSE,NORMAL
18,62,10,390.3059621,753.3547718,2.976833909,100,11.20477292,20.11414872,13.73157455,0.862684254,59.08502286,TRUE,FALSE,NORMAL
18,63,1,636.2437467,652.0930923,8.910632543,100,7.357216001,15.0072749,4.402841102,0.955971589,66.53222559,TRUE,FALSE,NORMAL
18,63,2,953.5100741,766.0988183,1.754116213,100,18.24124029,21.2087811,24.73906327,0.752609367,50.30583219,TRUE,FALSE,NORMAL
18,63,3,919.6360042,616.375636,4.4005228,100,14.29985057,0.758053957,13.65389905,0.863461009,59.15158791,TRUE,FALSE,NORMAL
18,63,4,282.5566923,604.2843299,4.634219109,100,8.963631675,4.263622305,19.20854639,0.807914536,54.71322693,TRUE,FALSE,NORMAL
18,63,5,372.3921655,162.6521898,6.028259194,100,18.83173651,38.07221194,29.51195514,0.704880449,46.53427214,TRUE,FALSE,NORMAL
18,63,6,516.3548107,24.00987702,4.951566524,100,11.61323547,4.539293354,17.41002937,0.825899706,56.14986045,TRUE,FALSE,NORMAL
18,63,7,24.51922494,426.2290939,9.233211149,100,0,4.567047291,0,0,0,FALSE,FALSE,NORMAL
18,63,8,310.754964,138.6347279,7.836423248,100,10.07803725,7.908839443,23.86706203,0.76132938,51.03016482,TRUE,FALSE,NORMAL
18,63,9,482.9345267,176.4203286,3.166573545,100,7.817169495,23.03303938,25.69815725,0.743018427,49.54600476,TRUE,FALSE,NORMAL
18,63,10,393.1353878,754.279915,2.976833909,100,15.46999002,20.37581507,12.72274689,0.872772531,59.89016724,TRUE,FALSE,NORMAL
18,64,1,627.3799602,651.1805894,8.910632543,100,3.076157924,12.33907488,4.098424694,0.959015753,66.77562953,TRUE,FALSE,NORMAL
18,64,2,952.3483608,764.784533,1.754116213,100,21.81681477,22.56581736,24.55113734,0.754488627,50.45547819,TRUE,FALSE,NORMAL
18,64,3,922.5350743,613.0650479,4.4005228,100,18.43947396,0.884804475,12.55879038,0.874412096,60.02627843,TRUE,FALSE,NORMAL
18,64,4,278.0765322,603.0993605,4.634219109,100,7.357821206,4.874705711,18.09811179,0.819018882,55.59884688,TRUE,FALSE,NORMAL
18,64,5,374.0659264,156.8609522,6.028259194,100,19.61971896,38.69508214,30.207586,0.69792414,45.98748085,TRUE,FALSE,NORMAL
18,64,6,519.1170262,28.11939973,4.951566524,100,16.54897728,4.115340025,18.190658,0.81809342,55.52701867,TRUE,FALSE,NORMAL
18,64,7,24.51922494,426.2290939,9.233211149,100,0,4.567047291,0,0,0,FALSE,FALSE,NORMAL
18,64,8,318.5868477,138.3680298,7.836423248,100,11.35446702,7.192707572,24.97473014,0.750252699,50.15506353,TRUE,FALSE,NORMAL
18,64,9,484.9582318,178.8558585,3.166573545,100,6.148671931,24.87703306,25.97015429,0.740298457,49.32888972,TRUE,FALSE,NORMAL
18,64,10,394.8246596,756.731017,2.976833909,100,18.70574297,20.30634337,12.86425888,0.871357411,59.77651363,TRUE,FALSE,NORMAL
18,65,1,621.3904098,657.7779114,8.910632543,100,3.011588703,11.95976237,9.487025895,0.905129741,62.47152869,TRUE,FALSE,NORMAL
18,65,2,952.0910417,766.519673,1.754116213,100,25.59538909,24.50068112,24.89043413,0.751095659,50.18530234,TRUE,FALSE,NORMAL
18,65,3,920.8677804,617.1374836,4.4005228,100,16.67250758,0,24.89043413,0.751095659,50.18530234,TRUE,FALSE,NORMAL
18,65,4,281.9713802,600.5881565,4.634219109,100,12.24483309,2.090968205,17.95630258,0.820436974,55.71195911,TRUE,FALSE,NORMAL
18,65,5,378.8599548,160.5157025,6.028259194,100,18.21959256,39.22031958,29.50601853,0.704939815,46.53548664,TRUE,FALSE,NORMAL
18,65,6,520.3135989,23.31458707,4.951566524,100,16.76748135,6.993040702,16.98726318,0.830127368,56.48689011,TRUE,FALSE,NORMAL
18,65,7,24.51922494,426.2290939,9.233211149,100,0,4.567047291,0,0,0,FALSE,FALSE,NORMAL
18,65,8,311.1360637,140.7960634,7.836423248,100,15.7083467,7.989304569,23.14299266,0.768570073,51.60386781,TRUE,FALSE,NORMAL
18,65,9,486.5251265,181.6075905,3.166573545,100,2.825938427,22.96861199,25.25351015,0.747464898,49.90066854,TRUE,FALSE,NORMAL
18,65,10,397.7177096,756.0297311,2.976833909,100,15.26112186,20.31530782,13.72166424,0.862783358,59.0917439,TRUE,FALSE,NORMAL
18,66,1,629.9468974,660.2650568,8.910632543,100,0,14.76348806,5.281127326,0.947188727,65.8308856,TRUE,FALSE,NORMAL
18,66,2,953.7988275,766.9201617,1.754116213,100,28.4264226,25.47048459,24.48051787,0.755194821,50.51171522,TRUE,FALSE,NORMAL
18,66,3,916.5248279,616.4280016,4.4005228,100,19.87446881,1.97059525,13.16691562,0.868330844,59.54031331,TRUE,FALSE,NORMAL
18,66,4,277.9950103,598.208142,4.634219109,100,8.377462989,2.737844867,17.45013125,0.825498688,56.11572313,TRUE,FALSE,NORMAL
18,66,5,384.8460518,161.2274275,6.028259194,100,13.8236908,37.59898789,30.30890355,0.696910964,45.89822287,TRUE,FALSE,NORMAL
18,66,6,515.8326145,21.20774352,4.951566524,100,19.55642193,6.211433439,17.93308091,0.820669191,55.73210496,TRUE,FALSE,NORMAL
18,66,7,24.51922494,426.2290939,9.233211149,100,0,4.567047291,0,0,0,FALSE,FALSE,NORMAL
18,66,8,318.7790925,139.0658494,7.836423248,100,15.80665598,5.605860131,24.27981178,0.757201882,50.69764552,TRUE,FALSE,NORMAL
18,66,9,485.0553333,178.8027917,3.166573545,100,0,24.86199136,26.29176651,0.737082335,49.07527656,TRUE,FALSE,NORMAL
18,66,10,399.0692007,753.3773714,2.976833909,100,11.94398078,22.79458747,13.07953627,0.869204637,59.60429146,TRUE,FALSE,NORMAL
18,67,1,624.1277135,653.5169852,8.910632543,100,0.744491027,12.97005083,5.413895248,0.945861048,65.72489919,TRUE,FALSE,NORMAL
18,67,2,954.5733579,765.3463045,1.754116213,100,24.28774754,24.45118765,25.0024975,0.749975025,50.09607552,TRUE,FALSE,NORMAL
18,67,3,913.085746,619.1734189,4.4005228,100,22.70837547,3.202870352,13.3375513,0.866624487,59.40468138,TRUE,FALSE,NORMAL
18,67,4,274.4592773,595.2123818,4.634219109,100,4.000521116,0.971893783,16.20542092,0.837945791,57.10875226,TRUE,FALSE,NORMAL
18,67,5,389.5548839,157.4635454,6.028259194,100,18.61170397,34.68863057,31.22016256,0.687798374,45.17446379,TRUE,FALSE,NORMAL
18,67,6,510.9483365,22.02127876,4.951566524,100,21.75204756,7.943382143,18.962893,0.81037107,54.91094893,TRUE,FALSE,NORMAL
18,67,7,24.51922494,426.2290939,9.233211149,100,0,4.567047291,0,0,0,FALSE,FALSE,NORMAL
18,67,8,322.2606642,146.0864041,7.836423248,100,11.71806398,4.832402803,24.90043368,0.750995663,50.20398738,TRUE,FALSE,NORMAL
18,67,9,484.7757166,175.6485878,3.166573545,100,3.160847869,26.87842528,27.15647753,0.728435225,48.3878357,TRUE,FALSE,NORMAL
18,67,10,400.2344994,756.1166448,2.976833909,100,11.46081297,25.06713835,12.68030316,0.873196968,59.9226317,TRUE,FALSE,NORMAL
18,68,1,627.1980148,661.8819491,8.910632543,100,0.24905346,13.34582446,5.134496206,0.948655038,65.94809657,TRUE,FALSE,NORMAL
18,68,2,954.6246448,763.5929382,1.754116213,100,22.54160897,23.19252352,25.35456484,0.746454352,49.81577727,TRUE,FALSE,NORMAL
18,68,3,917.4218034,618.4229481,4.4005228,100,26.66963362,1.24191451,13.3072177,0.866927823,59.4294108,TRUE,FALSE,NORMAL
18,68,4,279.0000505,596.1383222,4.634219109,100,0,3.512585451,17.27989924,0.827201008,56.25152216,TRUE,FALSE,NORMAL
18,68,5,392.9010503,162.477833,6.028259194,100,15.22994406,32.04943265,31.57597064,0.684240294,44.89239244,TRUE,FALSE,NORMAL
18,68,6,507.4277674,25.5031754,4.951566524,100,19.39799925,10.05701725,19.49546962,0.805045304,54.48618746,TRUE,FALSE,NORMAL
18,68,7,24.51922494,426.2290939,9.233211149,100,0,4.567047291,0,0,0,FALSE,FALSE,NORMAL
18,68,8,326.3395831,152.7775886,7.836423248,100,6.878065204,5.529616493,25.3726805,0.746273195,49.82821255,TRUE,FALSE,NORMAL
18,68,9,486.5975084,178.2386192,3.166573545,100,0.297279644,23.96514932,27.52587113,0.724741289,48.09423103,TRUE,FALSE,NORMAL
18,68,10,397.9405557,754.2194462,2.976833909,100,7.822807484,22.13862157,13.14451055,0.868554895,59.55233548,TRUE,FALSE,NORMAL
18,69,1,618.8096586,658.876146,8.910632543,100,3.847057706,12.88781897,9.832284174,0.901677158,62.19584024,TRUE,FALSE,NORMAL
18,69,2,953.12241,762.6872813,1.754116213,100,20.02561905,21.50292398,24.82320406,0.751767959,50.23883384,TRUE,FALSE,NORMAL
18,69,3,916.6255656,614.095061,4.4005228,100,30.39563378,0,24.82320406,0.751767959,50.23883384,TRUE,FALSE,NORMAL
18,69,4,281.4686813,592.2163522,4.634219109,100,1.06688398,0.617903809,16.64718199,0.83352818,56.75629277,TRUE,FALSE,NORMAL
18,69,5,397.1911799,166.7127706,6.028259194,100,18.92763783,29.51924972,31.66535322,0.683346468,44.82097051,TRUE,FALSE,NORMAL
18,69,6,503.0832213,23.12769028,4.951566524,100,23.70027351,11.46686832,19.51408815,0.804859119,54.47140967,TRUE,FALSE,NORMAL
18,69,7,24.51922494,426.2290939,9.233211149,100,0,4.567047291,0,0,0,FALSE,FALSE,NORMAL
18,69,8,328.6785373,160.2568146,7.836423248,100,11.03656551,5.468227129,25.33405885,0.746659412,49.85770594,TRUE,FALSE,NORMAL
18,69,9,488.7255137,175.8936711,3.166573545,100,4.921040294,26.69822077,27.82115201,0.72178848,47.86012136,TRUE,FALSE,NORMAL
18,69,10,397.3983024,757.1464757,2.976833909,100,8.869156987,21.37421995,13.23973308,0.867602669,59.4760665,TRUE,FALSE,NORMAL
18,70,1,627.5396682,657.0911236,8.910632543,100,0.305595103,13.10878592,4.976614056,0.950233859,66.07420968,TRUE,FALSE,NORMAL
18,70,2,954.6943193,763.4657573,1.754116213,100,19.29431715,21.92089523,24.02644519,0.759735548,50.87334316,TRUE,FALSE,NORMAL
18,70,3,918.2454788,610.0035476,4.4005228,100,30.57811774,1.940401236,12.55660434,0.874433957,60.02734735,TRUE,FALSE,NORMAL
18,70,4,281.7163043,587.5887535,4.634219109,100,0,2.381479961,16.00771633,0.839922837,57.26649884,TRUE,FALSE,NORMAL
18,70,5,403.0979553,167.9168938,6.028259194,100,22.16505494,27.00806074,31.49532064,0.685046794,44.95124001,TRUE,FALSE,NORMAL
18,70,6,498.6199406,20.98359673,4.951566524,100,25.19130767,12.68876186,19.87161745,0.801283825,54.18597242,TRUE,FALSE,NORMAL
18,70,7,24.51922494,426.2290939,9.233211149,100,0,4.567047291,0,0,0,FALSE,FALSE,NORMAL
18,70,8,327.0752318,152.5861601,7.836423248,100,6.134403483,7.417578489,24.81986251,0.751801375,50.26063633,TRUE,FALSE,NORMAL
18,70,9,491.7936441,176.6771019,3.166573545,100,4.907672672,28.26644241,27.53286609,0.724671339,48.0909192,TRUE,FALSE,NORMAL
18,70,10,399.9253247,755.5730406,2.976833909,100,11.18466702,23.66941068,12.43709048,0.875629095,60.11678333,TRUE,FALSE,NORMAL
18,71,1,618.6717517,657.9625761,8.910632543,100,2.71046939,12.08585791,5.46107824,0.945389218,65.68755976,TRUE,FALSE,NORMAL
18,71,2,953.2314015,764.433639,1.754116213,100,16.51803125,23.53903106,24.03884108,0.759611589,50.86347023,TRUE,FALSE,NORMAL
18,71,3,914.1804131,611.6887306,4.4005228,100,30.06961782,0.786413171,12.17691156,0.878230884,60.33073315,TRUE,FALSE,NORMAL
18,71,4,278.8321731,591.2161181,4.634219109,100,4.049044314,0.397236237,15.77764195,0.842223581,57.45007888,TRUE,FALSE,NORMAL
18,71,5,408.9540011,166.4862865,6.028259194,100,21.00988179,27.01198933,31.34453314,0.686554669,45.06631248,TRUE,FALSE,NORMAL
18,71,6,500.6434663,25.50281736,4.951566524,100,24.34843264,10.30642084,20.39496119,0.796050388,53.76946679,TRUE,FALSE,NORMAL
18,71,7,24.51922494,426.2290939,9.233211149,100,0,4.567047291,0,0,0,FALSE,FALSE,NORMAL
18,71,8,319.2940847,151.6570318,7.836423248,100,1.29598939,9.345497864,23.24988585,0.767501141,51.5052876,TRUE,FALSE,NORMAL
18,71,9,493.8578051,174.2757632,3.166573545,100,2.85731621,29.33199293,27.6090279,0.723909721,48.03233606,TRUE,FALSE,NORMAL
18,71,10,402.613187,756.8524687,2.976833909,100,12.23734977,22.94016098,13.19240819,0.868075918,59.51360116,TRUE,FALSE,NORMAL
18,72,1,618.2736381,666.8643106,8.910632543,100,2.24407782,9.869063461,11.62438129,0.883756187,60.76499895,TRUE,FALSE,NORMAL
18,72,2,951.6375968,763.7010338,1.754116213,100,14.54927168,23.40508859,23.48421536,0.765157846,51.30525052,TRUE,FALSE,NORMAL
18,72,3,912.803688,607.5091099,4.4005228,100,31.76938008,0,23.48421536,0.765157846,51.30525052,TRUE,FALSE,NORMAL
18,72,4,282.367557,594.2122902,4.634219109,100,2.896589559,0.828437573,16.78240547,0.832175945,56.6484095,TRUE,FALSE,NORMAL
18,72,5,410.8791563,160.7736964,6.028259194,100,23.98546792,25.55172854,31.94214734,0.680578527,44.59174102,TRUE,FALSE,NORMAL
18,72,6,503.1624844,29.76574575,4.951566524,100,26.07871444,8.73433896,20.78978587,0.792102141,53.45547807,TRUE,FALSE,NORMAL
18,72,7,24.51922494,426.2290939,9.233211149,100,0,4.567047291,0,0,0,FALSE,FALSE,NORMAL
18,72,8,318.3022818,159.4304388,7.836423248,100,0,8.035424651,23.0468241,0.769531759,51.66674497,TRUE,FALSE,NORMAL
18,72,9,490.6920964,174.2017606,3.166573545,100,7.148027637,28.30063889,28.25061332,0.717493867,47.52351849,TRUE,FALSE,NORMAL
18,72,10,403.8011228,754.122936,2.976833909,100,15.03258807,21.73940846,14.20339338,0.857966066,58.70670422,TRUE,FALSE,NORMAL
18,73,1,617.2851069,675.7199404,8.910632543,100,2.100290392,10.14070336,12.79829943,0.872017006,59.82786741,TRUE,FALSE,NORMAL
18,73,2,953.3687302,763.4180128,1.754116213,100,12.06463372,25.91367892,23.37635738,0.766236426,51.39117239,TRUE,FALSE,NORMAL
18,73,3,916.9344697,605.992125,4.4005228,100,33.59124558,1.970721202,23.37635738,0.766236426,51.39117239,TRUE,FALSE,NORMAL
18,73,4,283.8745682,589.8299502,4.634219109,100,5.950048449,0,16.08998493,0.839100151,57.20085695,TRUE,FALSE,NORMAL
18,73,5,414.1704025,165.824202,6.028259194,100,26.22900052,23.12747284,31.84180567,0.681581943,44.67242936,TRUE,FALSE,NORMAL
18,73,6,501.8824201,34.54899217,4.951566524,100,23.10421943,11.26424952,21.07573328,0.789242667,53.22799369,TRUE,FALSE,NORMAL
18,73,7,24.51922494,426.2290939,9.233211149,100,0,4.567047291,0,0,0,FALSE,FALSE,NORMAL
18,73,8,310.8504691,157.0055641,7.836423248,100,0,5.59302043,22.08710798,0.77912892,52.42799156,TRUE,FALSE,NORMAL
18,73,9,487.6240812,174.9856422,3.166573545,100,6.224477965,29.58678387,28.60672012,0.713932799,47.24442439,TRUE,FALSE,NORMAL
18,73,10,406.7615599,753.8109227,2.976833909,100,19.88929576,20.63618515,14.44414218,0.855558578,58.51436218,TRUE,FALSE,NORMAL
18,74,1,625.2520879,671.7291277,8.910632543,100,0,9.676300283,5.610412573,0.943895874,65.56834065,TRUE,FALSE,NORMAL
18,74,2,953.0614255,765.1450008,1.754116213,100,8.292306613,24.40103163,22.36476392,0.776352361,52.19716165,TRUE,FALSE,NORMAL
18,74,3,916.2750701,601.6412868,4.4005228,100,31.6227702,3.896842732,11.32030729,0.886796927,61.01321195,TRUE,FALSE,NORMAL
18,74,4,281.1232383,593.559048,4.634219109,100,6.483406529,0,16.73835706,0.832616429,56.68355171,TRUE,FALSE,NORMAL
18,74,5,418.370999,161.5004423,6.028259194,100,28.05814749,24.8175207,32.19044042,0.678095596,44.39733309,TRUE,FALSE,NORMAL
18,74,6,499.2412293,38.73732383,4.951566524,100,19.83323944,9.226183811,21.85229606,0.781477039,52.61033379,TRUE,FALSE,NORMAL
18,74,7,24.51922494,426.2290939,9.233211149,100,0,4.567047291,0,0,0,FALSE,FALSE,NORMAL
18,74,8,303.5889764,159.9517909,7.836423248,100,3.663668648,2.961277913,21.03097969,0.789690203,53.26734664,TRUE,FALSE,NORMAL
18,74,9,485.138611,173.0235959,3.166573545,100,6.528708098,27.72139486,29.07827347,0.709217265,46.87418103,TRUE,FALSE,NORMAL
18,74,10,404.0026151,752.6929943,2.976833909,100,21.82817811,21.59750085,13.84166578,0.861583342,58.99548538,TRUE,FALSE,NORMAL
18,75,1,631.9094503,665.8063836,8.910632543,100,0,10.8333851,5.177194299,0.948228057,65.9140909,TRUE,FALSE,NORMAL
18,75,2,951.3624167,764.7087752,1.754116213,100,10.0867473,27.23309081,22.58340391,0.774165961,52.02294,TRUE,FALSE,NORMAL
18,75,3,920.6602992,601.2747263,4.4005228,100,29.13928204,5.829661033,11.71975124,0.882802488,60.69429382,TRUE,FALSE,NORMAL
18,75,4,283.2736086,589.4539421,4.634219109,100,3.991818102,1.518024155,16.89874659,0.831012534,56.55559273,TRUE,FALSE,NORMAL
18,75,5,414.8148184,166.368038,6.028259194,100,26.63361798,22.31725204,31.83081911,0.681691809,44.68043733,TRUE,FALSE,NORMAL
18,75,6,503.8097309,40.64698449,4.951566524,100,15.51799673,7.859771471,21.37550107,0.786244989,52.99057139,TRUE,FALSE,NORMAL
18,75,7,24.51922494,426.2290939,9.233211149,100,0,4.567047291,0,0,0,FALSE,FALSE,NORMAL
18,75,8,306.7083315,167.1406123,7.836423248,100,3.150724653,3.157661332,21.21131325,0.787886868,53.12542246,TRUE,FALSE,NORMAL
18,75,9,488.1936679,172.1906404,3.166573545,100,3.447617521,29.97207013,28.90442191,0.710955781,47.00832934,TRUE,FALSE,NORMAL
18,75,10,402.6598483,750.0362073,2.976833909,100,17.98915318,19.81373812,13.19851831,0.868014817,59.50906344,TRUE,FALSE,NORMAL
18,76,1,629.2148598,674.2998254,8.910632543,100,2.863134903,11.37676034,5.407187265,0.945928127,65.73059407,TRUE,FALSE,NORMAL
18,76,2,949.6743425,764.2319847,1.754116213,100,13.99881996,28.58699045,22.01793806,0.779820619,52.47354858,TRUE,FALSE,NORMAL
18,76,3,918.4242485,597.48465,4.4005228,100,26.79368075,4.895444785,11.15583954,0.888441605,61.14425817,TRUE,FALSE,NORMAL
18,76,4,286.3330617,592.9347084,4.634219109,100,0,2.692991935,18.09284833,0.819071517,55.60304516,TRUE,FALSE,NORMAL
18,76,5,410.5748996,162.0828312,6.028259194,100,24.15456566,24.12113901,31.42054343,0.685794566,45.00328216,TRUE,FALSE,NORMAL
18,76,6,500.165917,37.29427941,4.951566524,100,15.27785153,10.31611347,20.98964278,0.790103572,53.29761399,TRUE,FALSE,NORMAL
18,76,7,24.51922494,426.2290939,9.233211149,100,0,4.567047291,0,0,0,FALSE,FALSE,NORMAL
18,76,8,300.6132423,162.2152274,7.836423248,100,3.200577023,5.258936901,20.64600993,0.793539901,53.57578075,TRUE,FALSE,NORMAL
18,76,9,488.6944787,175.3173602,3.166573545,100,6.018577855,28.51867486,27.84465345,0.721553466,47.8488186,TRUE,FALSE,NORMAL
18,76,10,402.4739216,747.0651853,2.976833909,100,13.06541747,18.51870374,14.30674092,0.856932591,58.62463277,TRUE,FALSE,NORMAL
18,77,1,621.6217867,669.6367136,8.910632543,100,7.736231839,12.66305579,10.992849,0.89007151,61.2691961,TRUE,FALSE,NORMAL
18,77,2,949.1747141,762.5505285,1.754116213,100,16.4449753,27.09857931,21.63152318,0.783684768,52.78151398,TRUE,FALSE,NORMAL
18,77,3,919.4219717,593.1987254,4.4005228,100,31.02121568,5.201092425,21.63152318,0.783684768,52.78151398,TRUE,FALSE,NORMAL
18,77,4,288.7658472,588.9904035,4.634219109,100,0,3.808689802,17.81673337,0.821832666,55.82328745,TRUE,FALSE,NORMAL
18,77,5,416.5652922,162.7574466,6.028259194,100,19.16193883,25.00372788,31.644,0.68356,44.82604324,TRUE,FALSE,NORMAL
18,77,6,499.7443705,42.22786934,4.951566524,100,13.38134209,13.28702822,22.03814876,0.779618512,52.46221156,TRUE,FALSE,NORMAL
18,77,7,24.51922494,426.2290939,9.233211149,100,0,4.567047291,0,0,0,FALSE,FALSE,NORMAL
18,77,8,300.8059079,154.3811729,7.836423248,100,5.910828099,5.355475395,20.48845551,0.795115445,53.69962701,TRUE,FALSE,NORMAL
18,77,9,491.7754776,176.0485465,3.166573545,100,10.5793118,31.38981405,28.05684352,0.719431565,47.68204689,TRUE,FALSE,NORMAL
18,77,10,399.9931363,748.7105558,2.976833909,100,14.59775095,18.27247448,14.40479118,0.855952088,58.54624177,TRUE,FALSE,NORMAL
18,78,1,629.901693,672.9295122,8.910632543,100,4.460941511,10.20607052,5.34319184,0.946568082,65.78155357,TRUE,FALSE,NORMAL
18,78,2,950.7852697,763.2455351,1.754116213,100,15.88956795,24.58642819,21.27501952,0.787249805,53.06566755,TRUE,FALSE,NORMAL
18,78,3,915.032049,592.8934722,4.4005228,100,35.4466049,7.613426234,11.04243826,0.889575617,61.23413072,TRUE,FALSE,NORMAL
18,78,4,287.9829213,593.5580083,4.634219109,100,0,2.362555481,18.8366108,0.811633892,55.00984076,TRUE,FALSE,NORMAL
18,78,5,416.5616678,156.7291885,6.028259194,100,15.1021902,27.06978111,32.02958568,0.679704143,44.51796701,TRUE,FALSE,NORMAL
18,78,6,499.8544109,47.17821298,4.951566524,100,13.9813051,13.4249933,22.56809453,0.774319055,52.04079793,TRUE,FALSE,NORMAL
18,78,7,24.51922494,426.2290939,9.233211149,100,0,4.567047291,0,0,0,FALSE,FALSE,NORMAL
18,78,8,301.1276485,162.2109885,7.836423248,100,3.902108431,2.933543632,20.47504449,0.795249555,53.71048745,TRUE,FALSE,NORMAL
18,78,9,492.070746,179.2013238,3.166573545,100,15.04131441,32.88366288,28.04647138,0.719535286,47.68896379,TRUE,FALSE,NORMAL
18,78,10,399.1746152,745.8484651,2.976833909,100,15.20392159,19.97335693,14.35656874,0.856434313,58.58517702,TRUE,FALSE,NORMAL
18,79,1,622.150154,677.3241697,8.910632543,100,5.181083904,13.10178145,11.34352531,0.886564747,60.98922219,TRUE,FALSE,NORMAL
18,79,2,949.9485344,761.7038485,1.754116213,100,14.1667172,24.53322466,20.82088307,0.791791169,53.42767587,TRUE,FALSE,NORMAL
18,79,3,913.7117156,588.6956965,4.4005228,100,39.74309109,5.875701286,20.82088307,0.791791169,53.42767587,TRUE,FALSE,NORMAL
18,79,4,284.9098485,597.0267559,4.634219109,100,0.266840283,2.15377152,18.52070935,0.814792906,55.26178491,TRUE,FALSE,NORMAL
18,79,5,414.149922,151.2043907,6.028259194,100,15.09912243,29.42912446,32.04739987,0.679526001,44.50190524,TRUE,FALSE,NORMAL
18,79,6,495.0242396,46.08850855,4.951566524,100,11.12042086,15.05216638,23.22089029,0.767791097,51.52095462,TRUE,FALSE,NORMAL
18,79,7,24.51922494,426.2290939,9.233211149,100,0,4.567047291,0,0,0,FALSE,FALSE,NORMAL
18,79,8,297.9709429,155.0384897,7.836423248,100,7.949743528,0.662045368,20.43715992,0.795628401,53.74039047,TRUE,FALSE,NORMAL
18,79,9,492.9592769,176.1619652,3.166573545,100,12.6752024,30.56779341,27.69501203,0.72304988,47.96725711,TRUE,FALSE,NORMAL
18,79,10,400.1125961,748.673661,2.976833909,100,18.86747416,18.89071732,14.93211733,0.850678827,58.12550355,TRUE,FALSE,NORMAL
18,80,1,625.3615876,685.6359725,8.910632543,100,5.039402723,15.99741285,11.69204445,0.883079556,60.7109806,TRUE,FALSE,NORMAL
18,80,2,951.478581,760.8460133,1.754116213,100,16.89471075,24.73516523,20.44112017,0.795588798,53.73042805,TRUE,FALSE,NORMAL
18,80,3,916.4856618,585.2795841,4.4005228,100,43.17602303,4.535032983,20.44112017,0.795588798,53.73042805,TRUE,FALSE,NORMAL
18,80,4,288.6307255,594.2643185,4.634219109,100,4.751192141,1.948329369,18.52896927,0.814710307,55.25519709,TRUE,FALSE,NORMAL
18,80,5,408.2197879,150.1211466,6.028259194,100,19.80875848,30.00857136,31.82645314,0.681735469,44.67606194,TRUE,FALSE,NORMAL
18,80,6,495.7514719,50.98637994,4.951566524,100,13.89639701,15.57294532,23.31564334,0.766843567,51.44607219,TRUE,FALSE,NORMAL
18,80,7,24.51922494,426.2290939,9.233211149,100,0,4.567047291,0,0,0,FALSE,FALSE,NORMAL
18,80,8,291.4617382,150.6750296,7.836423248,100,3.419419029,3.277667306,20.04593559,0.799540644,54.05243068,TRUE,FALSE,NORMAL
18,80,9,490.1040216,177.5311639,3.166573545,100,14.49259398,32.6945664,27.43350662,0.725664934,48.17441899,TRUE,FALSE,NORMAL
18,80,10,402.4798433,746.8687564,2.976833909,100,15.48051964,19.47443704,15.11050686,0.848894931,57.98308885,TRUE,FALSE,NORMAL
18,81,1,619.0398879,679.3562046,8.910632543,100,5.779254691,17.74101698,12.59845879,0.874015412,59.98739026,TRUE,FALSE,NORMAL
18,81,2,952.2496832,759.2704737,1.754116213,100,19.16163609,26.39817442,21.35480677,0.786451932,53.00207042,TRUE,FALSE,NORMAL
18,81,3,918.991876,588.896695,4.4005228,100,46.40249519,7.122784084,21.35480677,0.786451932,53.00207042,TRUE,FALSE,NORMAL
18,81,4,292.7722713,592.1849953,4.634219109,100,1.220383183,1.409046061,19.03620624,0.809637938,54.85066327,TRUE,FALSE,NORMAL
18,81,5,412.429708,154.4358287,6.028259194,100,24.24570828,32.72594442,31.50781408,0.684921859,44.93243925,TRUE,FALSE,NORMAL
18,81,6,500.5008316,49.58581096,4.951566524,100,18.02049308,15.84183578,22.71664714,0.772833529,51.92351606,TRUE,FALSE,NORMAL
18,81,7,24.51922494,426.2290939,9.233211149,100,0,4.567047291,0,0,0,FALSE,FALSE,NORMAL
18,81,8,286.8803141,144.3173506,7.836423248,100,0.538576361,0.869242317,19.00435671,0.809956433,54.88166644,TRUE,FALSE,NORMAL
18,81,9,487.9050766,175.2526054,3.166573545,100,14.77330828,34.11457523,27.75704623,0.722429538,47.92116119,TRUE,FALSE,NORMAL
18,81,10,402.7325432,743.9026675,2.976833909,100,11.79516407,21.76959716,15.81733252,0.841826675,57.41902676,TRUE,FALSE,NORMAL
18,82,1,627.9394104,678.9113775,8.910632543,100,2.730015004,18.84776954,10.91691147,0.890830885,61.32982462,TRUE,FALSE,NORMAL
18,82,2,950.7140991,760.1183563,1.754116213,100,16.54899916,25.99226667,21.46559322,0.785344068,52.91376639,TRUE,FALSE,NORMAL
18,82,3,915.0736064,590.899634,4.4005228,100,51.06341158,7.800625872,21.46559322,0.785344068,52.91376639,TRUE,FALSE,NORMAL
18,82,4,294.0265965,596.6462344,4.634219109,100,0,0,20.26314603,0.79736854,53.87232047,TRUE,FALSE,NORMAL
18,82,5,416.1065882,159.2129052,6.028259194,100,20.97151941,33.98176762,31.48333339,0.685166666,44.95650476,TRUE,FALSE,NORMAL
18,82,6,498.9808356,54.29830745,4.951566524,100,21.54756524,16.35861583,23.04268923,0.769573108,51.66499747,TRUE,FALSE,NORMAL
18,82,7,24.51922494,426.2290939,9.233211149,100,0,4.567047291,0,0,0,FALSE,FALSE,NORMAL
18,82,8,279.3974342,141.9901125,7.836423248,100,0,0,17.92426621,0.820757338,55.74159499,TRUE,FALSE,NORMAL
18,82,9,484.8281874,174.5043136,3.166573545,100,16.21575641,32.36270318,28.25937918,0.717406208,47.52741865,TRUE,FALSE,NORMAL
18,82,10,400.6968947,741.7306465,2.976833909,100,16.72896088,24.66970974,15.59002875,0.844099712,57.60107254,TRUE,FALSE,NORMAL
18,83,1,619.0311583,678.7054234,8.910632543,100,4.943753029,19.66425295,12.16368527,0.878363147,60.33446083,TRUE,FALSE,NORMAL
18,83,2,949.2650746,759.1297958,1.754116213,100,14.25862802,26.13811697,22.36031689,0.776396831,52.20070535,TRUE,FALSE,NORMAL
18,83,3,917.5437044,594.5415039,4.4005228,100,52.90603014,9.186083371,22.36031689,0.776396831,52.20070535,TRUE,FALSE,NORMAL
18,83,4,294.9486241,601.1878038,4.634219109,100,0,2.175281871,20.59310146,0.794068985,53.60926331,TRUE,FALSE,NORMAL
18,83,5,410.0899678,159.5873219,6.028259194,100,19.7814574,36.20623272,31.00146178,0.689985382,45.33483058,TRUE,FALSE,NORMAL
18,83,6,498.3884331,59.21430891,4.951566524,100,22.73741193,13.54286515,23.13999866,0.768600013,51.58916775,TRUE,FALSE,NORMAL
18,83,7,24.51922494,426.2290939,9.233211149,100,0,4.567047291,0,0,0,FALSE,FALSE,NORMAL
18,83,8,272.7928305,146.2077825,7.836423248,100,0,1.010061683,17.15102002,0.8284898,56.3587703,TRUE,FALSE,NORMAL
18,83,9,487.4775633,172.7699563,3.166573545,100,21.10151343,31.67447934,27.71434023,0.722856598,47.95787495,TRUE,FALSE,NORMAL
18,83,10,400.4496401,744.6971942,2.976833909,100,16.51080272,26.34791408,16.37839337,0.836216066,56.97186207,TRUE,FALSE,NORMAL
18,84,1,627.2879679,675.3551296,8.910632543,100,6.159537372,18.29026554,10.97446296,0.89025537,61.28387546,TRUE,FALSE,NORMAL
18,84,2,948.0200988,757.894094,1.754116213,100,15.55624911,23.29288447,21.87494238,0.781250576,52.58750985,TRUE,FALSE,NORMAL
18,84,3,915.9600568,590.4358175,4.4005228,100,57.17181426,11.90874352,21.87494238,0.781250576,52.58750985,TRUE,FALSE,NORMAL
18,84,4,292.807527,597.0778537,4.634219109,100,0,3.644664375,19.34591311,0.806540869,54.60368431,TRUE,FALSE,NORMAL
18,84,5,415.7771128,157.5882493,6.028259194,100,20.53130898,34.93135239,31.48743029,0.685125697,44.95342743,TRUE,FALSE,NORMAL
18,84,6,501.8572451,55.68084681,4.951566524,100,25.67907523,10.66576234,22.78732188,0.772126781,51.86968881,TRUE,FALSE,NORMAL
18,84,7,24.51922494,426.2290939,9.233211149,100,0,4.567047291,0,0,0,FALSE,FALSE,NORMAL
18,84,8,277.5992244,152.3971368,7.836423248,100,0,2.194654626,17.47862964,0.825213704,56.09734376,TRUE,FALSE,NORMAL
18,84,9,484.3185759,172.5508978,3.166573545,100,18.5099138,29.80597239,28.45205468,0.715479453,47.37453645,TRUE,FALSE,NORMAL
18,84,10,402.8568542,746.4484395,2.976833909,100,11.7492994,27.62276685,15.16018804,0.84839812,57.94377989,TRUE,FALSE,NORMAL
18,85,1,619.5328209,670.9668421,8.910632543,100,4.067777597,20.20099424,11.86269255,0.881373075,60.57474679,TRUE,FALSE,NORMAL
18,85,2,949.7655553,758.0681773,1.754116213,100,19.07911041,23.05326449,21.28704426,0.787129557,53.05608275,TRUE,FALSE,NORMAL
18,85,3,912.1791083,588.1843669,4.4005228,100,61.18801652,9.999254957,21.28704426,0.787129557,53.05608275,TRUE,FALSE,NORMAL
18,85,4,293.5091479,601.6586522,4.634219109,100,0,2.132715042,20.53247568,0.794675243,53.65759578,TRUE,FALSE,NORMAL
18,85,5,412.5075662,152.5236689,6.028259194,100,21.19141744,32.39858909,31.31630058,0.686836994,45.08656994,TRUE,FALSE,NORMAL
18,85,6,499.0180071,59.73753741,4.951566524,100,21.14731301,11.27730248,23.40857584,0.765914242,51.37713108,TRUE,FALSE,NORMAL
18,85,7,24.51922494,426.2290939,9.233211149,100,0,4.567047291,0,0,0,FALSE,FALSE,NORMAL
18,85,8,269.7629457,152.4447267,7.836423248,100,0,3.79672061,16.56176111,0.834382389,56.8284983,TRUE,FALSE,NORMAL
18,85,9,485.6054537,169.6576066,3.166573545,100,21.37753557,32.2100697,28.09250493,0.719074951,47.65945129,TRUE,FALSE,NORMAL
18,85,10,401.2817134,743.92248,2.976833909,100,13.75126333,28.68731793,16.19758411,0.838024159,57.11617128,TRUE,FALSE,NORMAL
18,86,1,626.6741096,676.2961355,8.910632543,100,8.744783241,17.55031843,5.722612148,0.942773879,65.47858159,TRUE,FALSE,NORMAL
18,86,2,951.4407629,758.5883728,1.754116213,100,18.01479248,23.05180878,20.65443454,0.793455655,53.56036765,TRUE,FALSE,NORMAL
18,86,3,908.2728492,586.1581042,4.4005228,100,61.18334709,10.22033609,10.77204134,0.892279587,61.4496049,TRUE,FALSE,NORMAL
18,86,4,295.0623929,597.2924849,4.634219109,100,0,0.685286033,20.00718764,0.799928124,54.07639674,TRUE,FALSE,NORMAL
18,86,5,408.4880831,148.0310456,6.028259194,100,16.85478318,31.47121301,31.78035551,0.682196445,44.71501235,TRUE,FALSE,NORMAL
18,86,6,496.6495172,64.0859011,4.951566524,100,19.56763733,14.0468761,24.34785391,0.756521461,50.62879575,TRUE,FALSE,NORMAL
18,86,7,24.51922494,426.2290939,9.233211149,100,0,4.567047291,0,0,0,FALSE,FALSE,NORMAL
18,86,8,274.0293657,145.8715091,7.836423248,100,0,4.248282238,17.82591458,0.821740854,55.82060233,TRUE,FALSE,NORMAL
18,86,9,484.6986228,172.6915555,3.166573545,100,16.99409971,31.98124094,28.11633247,0.718836675,47.63736584,TRUE,FALSE,NORMAL
18,86,10,399.2099102,746.0600421,2.976833909,100,10.60603966,28.42852543,15.2813819,0.847186181,57.84735888,TRUE,FALSE,NORMAL
18,87,1,626.2935479,667.3936333,8.910632543,100,12.19520813,16.04963153,6.292955058,0.937070449,65.02291877,TRUE,FALSE,NORMAL
18,87,2,950.542584,757.0816551,1.754116213,100,15.4935077,25.35219223,20.73619897,0.79263801,53.49518489,TRUE,FALSE,NORMAL
18,87,3,903.8732148,586.0696849,4.4005228,100,66.14587252,13.11377541,11.35028324,0.886497168,60.98768547,TRUE,FALSE,NORMAL
18,87,4,293.9303354,601.7863065,4.634219109,100,0,2.718005415,20.53336264,0.794666374,53.65688867,TRUE,FALSE,NORMAL
18,87,5,414.5143317,147.8753616,6.028259194,100,14.49175123,32.65520787,32.24636806,0.677536319,44.34620415,TRUE,FALSE,NORMAL
18,87,6,492.5925446,61.24706611,4.951566524,100,16.4818073,12.20984903,25.10021913,0.748997809,50.02878725,TRUE,FALSE,NORMAL
18,87,7,24.51922494,426.2290939,9.233211149,100,0,4.567047291,0,0,0,FALSE,FALSE,NORMAL
18,87,8,280.4979001,141.447982,7.836423248,100,0.100498849,6.221662411,18.5757503,0.814242497,55.22207707,TRUE,FALSE,NORMAL
18,87,9,487.8597945,172.5066725,3.166573545,100,17.23133231,34.31312478,28.30643404,0.71693566,47.48688493,TRUE,FALSE,NORMAL
18,87,10,401.5196784,744.1821414,2.976833909,100,7.578198054,27.38167713,15.57745262,0.844225474,57.61127008,TRUE,FALSE,NORMAL
18,88,1,620.0894142,660.9976895,8.910632543,100,12.50501217,16.69218718,6.244089438,0.937559106,65.06227651,TRUE,FALSE,NORMAL
18,88,2,952.0620447,756.2052061,1.754116213,100,18.91241308,24.82371846,21.38045097,0.78619549,52.9816301,TRUE,FALSE,NORMAL
18,88,3,907.4755396,588.5971058,4.4005228,100,65.4647234,14.11412181,11.07715517,0.889228448,61.20649277,TRUE,FALSE,NORMAL
18,88,4,298.4180679,600.6303463,4.634219109,100,0,4.435974252,20.83236266,0.791676373,53.41852459,TRUE,FALSE,NORMAL
18,88,5,410.6558426,152.5069889,6.028259194,100,14.35237927,35.63994037,32.02123576,0.679787642,44.52354572,TRUE,FALSE,NORMAL
18,88,6,494.3523456,65.87536079,4.951566524,100,17.10918618,11.24173868,25.45276921,0.745472308,49.74885579,TRUE,FALSE,NORMAL
18,88,7,24.51922494,426.2290939,9.233211149,100,0,4.567047291,0,0,0,FALSE,FALSE,NORMAL
18,88,8,280.5769017,133.6119569,7.836423248,100,4.703216782,7.797255696,18.76913894,0.812308611,55.06817088,TRUE,FALSE,NORMAL
18,88,9,488.9722315,169.5419344,3.166573545,100,22.13897052,36.08332136,28.47486549,0.715251345,47.35296357,TRUE,FALSE,NORMAL
18,88,10,403.895394,742.3883979,2.976833909,100,4.122421964,26.70952869,16.27334108,0.837266589,57.05586109,TRUE,FALSE,NORMAL
18,89,1,628.0566288,664.9880357,8.910632543,100,8.66378272,13.97588339,6.494336495,0.935056635,64.86215758,TRUE,FALSE,NORMAL
18,89,2,951.2675391,754.6413376,1.754116213,100,18.31564531,24.87110366,20.92855647,0.790714435,53.34184202,TRUE,FALSE,NORMAL
18,89,3,906.3762137,584.3361102,4.4005228,100,64.03458698,12.96918514,11.40277539,0.885972246,60.94591689,TRUE,FALSE,NORMAL
18,89,4,297.540209,605.1806596,4.634219109,100,0,5.103587724,20.96838171,0.790316183,53.31009515,TRUE,FALSE,NORMAL
18,89,5,415.9326027,149.5922485,6.028259194,100,16.97687348,36.58127584,31.76107199,0.68238928,44.73280142,TRUE,FALSE,NORMAL
18,89,6,494.8998492,60.95415659,4.951566524,100,17.51789501,14.10188249,25.16277756,0.748372224,49.98011647,TRUE,FALSE,NORMAL
18,89,7,24.51922494,426.2290939,9.233211149,100,0,4.567047291,0,0,0,FALSE,FALSE,NORMAL
18,89,8,275.5311893,127.6160987,7.836423248,100,2.300158494,10.53887949,17.52315235,0.824768477,56.06096376,TRUE,FALSE,NORMAL
18,89,9,489.9945036,166.5449112,3.166573545,100,25.49633343,38.01766941,28.24605659,0.717539434,47.53780162,TRUE,FALSE,NORMAL
18,89,10,406.8068715,743.0087516,2.976833909,100,3.172203098,27.6854953,16.0400302,0.839599698,57.24220927,TRUE,FALSE,NORMAL
