simulation_id,timestamp,node_id,failure_probability,fault_type_for_engine,fault_severity,node_health_score,battery_level,link_quality,available_neighbor_nodes,number_of_alternative_routes,alternative_route_quality,current_traffic_load,previous_recovery_history,predicted_link_quality,anomaly_score,recoverability_score,recovery_decision,recommended_recovery_action,recovery_success
25,0,1,0.0,NORMAL,LOW,66.4248780501,100,0.032126792446234516,2,1,0.12409509433467589,43.8350733522,0,0.032126792446234516,0.058624446219464055,67.99819261790041,AI Recoverable,CONTINUE_MONITORING,0
25,0,2,0.0,NORMAL,LOW,63.068987694925006,100,0.011399391269052424,2,1,0.10854954345178933,47.3176824472,0,0.011399391269052423,0.10572309263582513,66.19890442217594,AI Recoverable,CONTINUE_MONITORING,0
25,0,3,0.0,NORMAL,LOW,77.5870635201,100,0.21577397044961674,3,1,0.3118304778372125,35.88467533565,0,0.21577397044961671,0.09933150012954894,72.48993161024977,AI Recoverable,CONTINUE_MONITORING,1
25,0,4,0.5454098115065014,NORMAL,LOW,85.00000000000001,100,0.0,0,0,0.0,0.0,0,0.0,0.07805637153952028,47.45924730878445,Human Intervention Required,CONTINUE_MONITORING,0
25,0,5,0.0,NORMAL,LOW,78.83311062475,100,0.23542249044109992,3,1,0.3265668678308249,34.3631310455,0,0.2354224904410999,0.09731464178519778,73.12980866860305,AI Recoverable,CONTINUE_MONITORING,1
25,0,6,0.0,NORMAL,LOW,70.70585818745,100,0.0862604714070939,4,2,0.27332140069602984,40.5015268093,0,0.0862604714070939,0.028257866873138693,70.38136747038435,AI Recoverable,CONTINUE_MONITORING,0
25,0,7,0.5454098115065014,NORMAL,LOW,84.62175168130001,100,0.0,1,0,0.05,0.0,0,0.0,0.08068845281764969,47.39344527683121,Human Intervention Required,CONTINUE_MONITORING,0
25,0,8,0.0,NORMAL,LOW,63.45745728992501,100,0.010806227170038143,3,1,0.1581046703775286,45.658516675,0,0.010806227170038143,0.09525258568399464,66.44287217300128,AI Recoverable,CONTINUE_MONITORING,0
25,0,9,0.0,NORMAL,LOW,77.47822649575,100,0.19919023571108962,4,2,0.3693117003544262,34.631069728,0,0.19919023571108962,0.07537273578589654,72.59138867668527,AI Recoverable,CONTINUE_MONITORING,1
25,0,10,0.2895961180222485,NORMAL,LOW,84.5093983478,100,0.0,0,0,0.0,1.10385371745,0,0.0,0.07920368877499506,56.384043649846426,AI Recoverable,CONTINUE_MONITORING,0
25,1,1,0.0,NORMAL,LOW,65.88595657750001,100,0.03570182111539352,2,1,0.12677636583654514,44.67538179965,0,0.032126792446234516,0.03711447381970856,68.60744250127749,AI Recoverable,CONTINUE_MONITORING,0
25,1,2,0.0,NORMAL,LOW,63.7012558828,100,0.010726825399684968,2,1,0.10804511904976373,45.70473803269999,0,0.011399391269052423,0.11277812479729832,66.00907730075176,AI Recoverable,CONTINUE_MONITORING,0
25,1,3,0.0,NORMAL,LOW,77.313997383,100,0.2149980687972469,3,1,0.3112485515979352,36.50360012375,0,0.21577397044961671,0.09844093523128306,72.49667769965902,AI Recoverable,CONTINUE_MONITORING,1
25,1,4,0.255724879296152,NORMAL,LOW,83.98820741650002,100,0.0,0,0,0.0,1.37639908395,0,0.0,0.06793844521842785,57.85116809417398,AI Recoverable,CONTINUE_MONITORING,0
25,1,5,0.0,NORMAL,LOW,79.16280034345002,100,0.2346861318207132,3,1,0.3260145988655349,33.405302971,0,0.2354224904410999,0.09651563598086921,73.13505664130352,AI Recoverable,CONTINUE_MONITORING,1
25,1,6,0.0,NORMAL,LOW,70.60675456164999,100,0.08313087155892783,4,2,0.2706612408250887,40.27214452305,0,0.0862604714070939,0.02945216788074878,70.28891794823076,AI Recoverable,CONTINUE_MONITORING,0
25,1,7,0.6227859985284284,NORMAL,LOW,84.25863069295,100,0.0,1,0,0.05,0.0,0,0.0,0.07896880914423865,47.201023062084765,Human Intervention Required,NOTIFY_OPERATOR,1
25,1,8,0.0,NORMAL,LOW,63.379114168675,100,0.010561178514960672,3,1,0.1579208838862205,45.696781185999996,0,0.010806227170038143,0.09480991140316608,66.44903805692044,AI Recoverable,CONTINUE_MONITORING,0
25,1,9,0.0,NORMAL,LOW,77.0933217436,100,0.1928752245728165,4,2,0.3639439408868941,34.860680128,0,0.19919023571108962,0.0712942005843441,72.56705183395862,AI Recoverable,CONTINUE_MONITORING,1
25,1,10,0.2895961180222485,NORMAL,LOW,83.51785349365001,100,0.0,0,0,0.0,2.5013968992,0,0.0,0.07212513299907397,56.56100754424445,AI Recoverable,CONTINUE_MONITORING,0
25,2,1,0.0,NORMAL,LOW,65.44501140095001,100,0.033229907029074246,2,1,0.12492243027180569,45.4630246138,0,0.034450561081187867,0.0527115448257105,68.19131513075058,AI Recoverable,CONTINUE_MONITORING,0
25,2,2,0.0,NORMAL,LOW,63.555570155750004,100,0.011605886206770636,2,1,0.10870441465507798,46.240820531249994,0,0.010962223453963577,0.1090492049906191,66.11550983390956,AI Recoverable,CONTINUE_MONITORING,0
25,2,3,0.0,NORMAL,LOW,76.72158716220001,100,0.21542541321298178,3,1,0.3115690599097363,37.86417513055,0,0.21526963437557634,0.09783998203356603,72.51520505717625,AI Recoverable,CONTINUE_MONITORING,1
25,2,4,0.260620522395552,NORMAL,LOW,84.66360659845,100,0.0,0,0,0.0,0.6081472953,0,0.0,0.07680337570213136,57.45819732360239,AI Recoverable,CONTINUE_MONITORING,0
25,2,5,0.0,NORMAL,LOW,78.8114204104,100,0.23681219848865293,3,1,0.32760914886648973,33.4367250471,0,0.23494385733784856,0.09352236300008732,73.24762346814934,AI Recoverable,CONTINUE_MONITORING,1
25,2,6,0.0,NORMAL,LOW,67.65561680695001,100,0.047602708945661654,4,2,0.2404623026038124,42.747939437549995,0,0.08422623150578595,0.017417378156671326,69.85888204005431,AI Recoverable,CONTINUE_MONITORING,0
25,2,7,0.3911682928506028,NORMAL,LOW,84.2806963151,100,0.0,1,0,0.05,0.25216051995,0,0.0,0.07832878738261573,52.850890065663506,Human Intervention Required,CONTINUE_MONITORING,0
25,2,8,0.0,NORMAL,LOW,61.328074005025,100,0.0037420286917926567,3,1,0.1528065215188445,47.03774414,0,0.010646945544237785,0.13561692717348706,65.29088684994106,AI Recoverable,CONTINUE_MONITORING,0
25,2,9,0.0,NORMAL,LOW,77.10069088735001,100,0.19690354163729537,4,2,0.3673680103917011,35.5776977536,0,0.19508547847121208,0.08543380913555187,72.25308038906923,AI Recoverable,CONTINUE_MONITORING,1
25,2,10,0.2895961180222485,NORMAL,LOW,82.96366832075,100,0.0,0,0,0.0,4.18394569095,0,0.0,0.07702267933116635,56.43856888594214,AI Recoverable,CONTINUE_MONITORING,0
25,3,1,0.0,NORMAL,LOW,64.78924538000001,100,0.027271441668639432,2,1,0.12045358125147958,46.086613228299996,0,0.03354929357988613,0.06596109351305812,67.7318944313452,AI Recoverable,CONTINUE_MONITORING,0
25,3,2,0.0,NORMAL,LOW,62.451655129025,100,0.009428823535156668,2,1,0.10707161765136751,48.131377115599996,0,0.011352589866316397,0.1097066327249786,66.05943655124182,AI Recoverable,CONTINUE_MONITORING,0
25,3,3,0.0,NORMAL,LOW,76.33453979765001,100,0.21048757852691904,3,1,0.3078656838951893,38.3382071008,0,0.21540702953785845,0.09309414148475392,72.53646832879811,AI Recoverable,CONTINUE_MONITORING,1
25,3,4,0.5454098115065014,NORMAL,LOW,84.8299444822,100,0.0,0,0,0.0,0.0,0,0.0,0.07754442713278131,47.47204591895292,Human Intervention Required,CONTINUE_MONITORING,0
25,3,5,0.0,NORMAL,LOW,78.83175720305,100,0.23182051711762036,3,1,0.3238653878382153,34.027708179849995,0,0.23599185105503795,0.09478453002196519,73.12671560235364,AI Recoverable,CONTINUE_MONITORING,1
25,3,6,0.0,NORMAL,LOW,66.97257732620001,100,0.04796005717165321,4,2,0.24076604859590525,44.62571513145,0,0.06491275812975796,0.012490546058395835,69.79606507327074,AI Recoverable,CONTINUE_MONITORING,0
25,3,7,0.255724879296152,NORMAL,LOW,83.93040652500001,100,0.0,1,0,0.05,1.27463412195,0,0.0,0.07169379857698699,57.75728426021001,AI Recoverable,CONTINUE_MONITORING,0
25,3,8,0.0,NORMAL,LOW,60.78629426715,100,0.0035750023081772947,3,1,0.15268125173113298,48.06692160329999,0,0.00698147662878914,0.13148638470556995,65.35415519481218,AI Recoverable,CONTINUE_MONITORING,0
25,3,9,0.0,NORMAL,LOW,77.0768067598,100,0.1951534765522938,4,2,0.3658804550694498,34.778225006,0,0.19649716293946895,0.0725178084525736,72.55509594912621,AI Recoverable,CONTINUE_MONITORING,1
25,3,10,0.2895961180222485,NORMAL,LOW,83.6524946616,100,0.0,0,0,0.0,3.0318870114000003,0,0.0,0.07715482130173856,56.43526533667783,AI Recoverable,CONTINUE_MONITORING,0
25,4,1,0.0,NORMAL,LOW,66.22597062515001,100,0.02872519320380116,2,1,0.12154389490285088,43.77405179815,0,0.030639175895976624,0.06523451786611945,67.7500326763828,AI Recoverable,CONTINUE_MONITORING,0
25,4,2,0.0,NORMAL,LOW,62.673291682949994,100,0.013839445774996694,2,1,0.11037958433124753,48.85516892055,0,0.010381809182413323,0.10330234692783657,66.29804833412815,AI Recoverable,CONTINUE_MONITORING,0
25,4,3,0.0,NORMAL,LOW,74.8447406624,100,0.20496634517307696,3,1,0.3037247588798077,40.471608988,0,0.21306615398075945,0.08905256010567719,72.50367444062721,AI Recoverable,CONTINUE_MONITORING,1
25,4,4,0.255724879296152,NORMAL,LOW,84.22345529145001,100,0.0,1,0,0.05,1.4392494297,0,0.0,0.07295411605076219,57.72577632336562,AI Recoverable,CONTINUE_MONITORING,0
25,4,5,0.0,NORMAL,LOW,78.8976383545,100,0.22664567069215802,3,1,0.3199842530191185,33.674811219,0,0.23382588926220121,0.09637333861493058,72.9618388410919,AI Recoverable,CONTINUE_MONITORING,1
25,4,6,0.0,NORMAL,LOW,68.15770994255,100,0.04730241474677165,4,2,0.2402070525347559,42.457566494949994,0,0.06075498624107987,0.024483586997257056,69.44150848241479,AI Recoverable,CONTINUE_MONITORING,0
25,4,7,0.255724879296152,NORMAL,LOW,82.97524522520001,100,0.0,1,0,0.05,3.35661425325,0,0.0,0.0731870665374883,57.71995256119747,AI Recoverable,CONTINUE_MONITORING,0
25,4,8,0.0,HIGH_PACKET_LOSS,HIGH,61.533807068574994,100,0.005257401671584383,3,1,0.1539430512536883,46.672240387,0,0.006092277112322722,0.1268957893808107,60.49367607003465,AI Recoverable,CONTINUE_MONITORING,0
25,4,9,0.0,NORMAL,LOW,76.37486840199999,100,0.19074558155340204,5,2,0.41213374432039174,35.4561941334,0,0.1957674766985498,0.075769255151796,72.37835501925863,AI Recoverable,CONTINUE_MONITORING,1
25,4,10,0.2895961180222485,NORMAL,LOW,83.52560644180001,100,0.0,0,0,0.0,2.77470517275,0,0.0,0.07388266114694331,56.51706934054772,AI Recoverable,CONTINUE_MONITORING,0
25,5,1,0.0,NORMAL,LOW,65.72214215514998,100,0.027957105956145412,2,1,0.12096782946710907,44.94513908185,0,0.03060527972598035,0.06674540568039866,67.69655977437274,AI Recoverable,CONTINUE_MONITORING,0
25,5,2,0.0,NORMAL,LOW,63.65955039427502,100,0.016746139357854656,2,1,0.112559604518391,47.33634260409999,0,0.012131885838491603,0.1016059675853066,66.41609245590932,AI Recoverable,CONTINUE_MONITORING,0
25,5,3,0.0,NORMAL,LOW,75.22884635859998,100,0.2133913148209454,3,1,0.31004348611570903,40.416481645999994,0,0.21012109621430086,0.0934488823653824,72.53281519942735,AI Recoverable,CONTINUE_MONITORING,1
25,5,4,0.255724879296152,NORMAL,LOW,84.5957800398,100,0.0,0,0,0.0,0.9094949104500001,0,0.0,0.07412485192849305,57.69650792642235,AI Recoverable,CONTINUE_MONITORING,0
25,5,5,0.0,NORMAL,LOW,78.66719708695001,100,0.23673577073505936,3,1,0.3275518280512945,34.8165592023,0,0.23114788240608158,0.09510502738664939,73.16856855409577,AI Recoverable,CONTINUE_MONITORING,1
25,5,6,0.0,NORMAL,LOW,68.7182770813,100,0.05206896591827415,4,2,0.24425862103053303,41.654427381999994,0,0.057906637760246654,0.02688458696928364,69.44833102173585,AI Recoverable,CONTINUE_MONITORING,0
25,5,7,0.27992222207052625,NORMAL,LOW,82.90126592025,100,0.0,1,0,0.05,2.6790544782,0,0.0,0.07248292436143955,56.890649118495595,AI Recoverable,CONTINUE_MONITORING,0
25,5,8,0.0,NORMAL,LOW,61.00230617922499,100,0.004327008228975535,3,1,0.15324525617173165,47.60593719535,0,0.006329077871392756,0.12960766541660174,65.4096393078784,AI Recoverable,CONTINUE_MONITORING,0
25,5,9,0.0,NORMAL,LOW,76.74200322614999,100,0.20257521155242778,4,2,0.37218892981956364,36.184285884000005,0,0.19370520286978624,0.08043764142290288,72.47761522417385,AI Recoverable,CONTINUE_MONITORING,1
25,5,10,0.2895961180222485,NORMAL,LOW,82.86776433225,100,0.0,0,0,0.0,4.10905567935,0,0.0,0.07568797120954784,56.47193658898261,AI Recoverable,CONTINUE_MONITORING,0
25,6,1,0.0,NORMAL,LOW,65.63732615985,100,0.028745535988466044,2,1,0.12155915199134953,44.3148431619,0,0.02979109744307115,0.062066536194493094,67.8211582893377,AI Recoverable,CONTINUE_MONITORING,0
25,6,2,0.0,NORMAL,LOW,63.928536922975,100,0.01582681431265712,2,1,0.11187011073449285,46.516690320399995,0,0.013752438645781304,0.10168550128534326,66.41192314057737,AI Recoverable,CONTINUE_MONITORING,0
25,6,3,0.0,NORMAL,LOW,74.70663750035,100,0.21620080802807337,3,1,0.31215060602105504,41.34214074650001,0,0.21231501532064745,0.09576021867001261,72.55316084701762,AI Recoverable,CONTINUE_MONITORING,1
25,6,4,0.255724879296152,NORMAL,LOW,83.71052484280001,100,0.0,0,0,0.0,2.9013191037,0,0.0,0.0741185372099914,57.69666579438489,AI Recoverable,CONTINUE_MONITORING,0
25,6,5,0.0,NORMAL,LOW,78.9601234101,100,0.24142513843939611,3,1,0.3310688538295471,34.44233818415,0,0.23435877166010632,0.09532642694125071,73.28892981185771,AI Recoverable,CONTINUE_MONITORING,1
25,6,6,0.0,NORMAL,LOW,70.81141153495001,100,0.09199523134349712,4,2,0.27819594664197256,40.72980948755,0,0.054549792343262626,0.0284259647231625,70.1747534322235,AI Recoverable,CONTINUE_MONITORING,0
25,6,7,0.270272013115564,NORMAL,LOW,83.46564580045,100,0.0,1,0,0.05,1.19035984725,0,0.0,0.07580330072196273,57.14539702290619,AI Recoverable,CONTINUE_MONITORING,0
25,6,8,0.0,NORMAL,LOW,62.318613377225,100,0.007072879910062949,3,1,0.15530465993254722,46.7217008229,0,0.005142869186861335,0.10701862481383406,66.01742066972402,AI Recoverable,CONTINUE_MONITORING,0
25,6,9,0.0,NORMAL,LOW,77.45857911545,100,0.20625070596871917,4,2,0.37531310007341134,35.35676240255,0,0.1977279884872813,0.08662198285298173,72.43674443292265,AI Recoverable,CONTINUE_MONITORING,1
25,6,10,0.29933416768852256,NORMAL,LOW,83.09156026445001,100,0.0,0,0,0.0,2.90423114055,0,0.0,0.07170996732668777,56.23055494773451,AI Recoverable,CONTINUE_MONITORING,0
25,7,1,0.0,NORMAL,LOW,65.96117714409999,100,0.033725818537918055,2,1,0.12529436390343854,44.1770866527,0,0.029053746534997496,0.04501188004536638,68.33975683497417,AI Recoverable,CONTINUE_MONITORING,0
25,7,2,0.0,NORMAL,LOW,65.360663631525,100,0.02116933773964032,2,1,0.11587700330473025,44.46637878435,0,0.014190639580038142,0.09806041881544503,66.61378268020705,AI Recoverable,CONTINUE_MONITORING,0
25,7,3,0.0,NORMAL,LOW,73.9057393235,100,0.20705870866666107,3,1,0.3052940314999958,43.1169426295,0,0.2133262467751015,0.09165370849820043,72.48309392862922,AI Recoverable,CONTINUE_MONITORING,1
25,7,4,0.255724879296152,NORMAL,LOW,83.82863172415,100,0.0,0,0,0.0,1.8084018096,0,0.0,0.06852973519955408,57.83638584464582,AI Recoverable,CONTINUE_MONITORING,0
25,7,5,0.0,NORMAL,LOW,79.18757359450001,100,0.23349642601111706,3,1,0.3251223195083378,33.446314758999996,0,0.23670904289802297,0.09902109811227655,73.06149149639566,AI Recoverable,CONTINUE_MONITORING,1
25,7,6,0.0,NORMAL,LOW,67.5097874338,100,0.047958520490080016,4,2,0.24076474241656803,42.92891281955,0,0.06776868234066923,0.014621692899625005,69.77131491071765,AI Recoverable,CONTINUE_MONITORING,0
25,7,7,0.2991518991833152,NORMAL,LOW,82.8258756145,100,0.0,1,0,0.05,3.0719276959500004,0,0.0,0.07385157935883202,56.183394044613166,AI Recoverable,CONTINUE_MONITORING,0
25,7,8,0.0,NORMAL,LOW,60.99807813060001,100,0.004397134324550393,3,1,0.1532978507434128,48.37706816399999,0,0.005478268886501879,0.12775967959394763,65.44873338550732,AI Recoverable,CONTINUE_MONITORING,0
25,7,9,0.0,NORMAL,LOW,77.559115933,100,0.1995306715161734,4,2,0.36960107078874743,34.621055294,0,0.20070320420759508,0.0791528457835784,72.51882432780995,AI Recoverable,CONTINUE_MONITORING,1
25,7,10,0.3042235358702262,NORMAL,LOW,82.09355524555,100,0.0,0,0,0.0,4.504639986,0,0.0,0.0747210260155291,55.984150594153846,AI Recoverable,CONTINUE_MONITORING,0
25,8,1,0.0,NORMAL,LOW,65.1413797827,100,0.02622251687781873,2,1,0.11966688765836406,44.51447813355,0,0.03061725891107123,0.06665452086338264,67.6642599050825,AI Recoverable,CONTINUE_MONITORING,0
25,8,2,0.0,NORMAL,LOW,64.85993949062501,100,0.017322323883439093,2,1,0.11299174291257932,44.766820726000006,0,0.01713227982273486,0.10183297074753461,66.47194500720775,AI Recoverable,CONTINUE_MONITORING,0
25,8,3,0.0,NORMAL,LOW,74.60976198690001,100,0.21672761462463824,3,1,0.3125457109684787,42.373652631,0,0.20941227833019294,0.09903257359716588,72.45286073586554,AI Recoverable,CONTINUE_MONITORING,1
25,8,4,0.37173304654039896,NORMAL,LOW,84.5456641225,100,0.0,0,0,0.0,0.1928039436,0,0.0,0.07215255115607955,53.68552959218405,Human Intervention Required,CONTINUE_MONITORING,0
25,8,5,0.0,NORMAL,LOW,78.49162332549999,100,0.23917451106411777,3,1,0.32938088329808834,34.6150485572,0,0.23386622102268423,0.08879406672437828,73.40230076339974,AI Recoverable,CONTINUE_MONITORING,1
25,8,6,0.0,NORMAL,LOW,67.5948353811,100,0.05394916683204322,4,2,0.24585679180723674,43.15193426345,0,0.05460748270086266,0.016892972326280065,69.70273385549248,AI Recoverable,CONTINUE_MONITORING,0
25,8,7,0.26550321836616064,NORMAL,LOW,81.76652954865,100,0.0,1,0,0.05,4.6187643375,0,0.0,0.07810326074405871,57.254805838582904,AI Recoverable,CONTINUE_MONITORING,0
25,8,8,0.0,NORMAL,LOW,61.906552406275004,100,0.00433815957551555,3,1,0.15325361968163664,47.19450948629999,0,0.004767259999434195,0.13222983528404486,65.32868990940352,AI Recoverable,CONTINUE_MONITORING,0
25,8,9,0.0,NORMAL,LOW,77.91038742310002,100,0.20619372525373536,4,2,0.3752646664656751,34.382721405,0,0.19905499205487426,0.07945117326042717,72.62814509411277,AI Recoverable,CONTINUE_MONITORING,1
25,8,10,0.29933416768852256,NORMAL,LOW,82.43793925235,100,0.0,0,0,0.0,4.4657780724,0,0.0,0.07153503292160379,56.23492830786161,AI Recoverable,CONTINUE_MONITORING,0
25,9,1,0.0,NORMAL,LOW,65.20049576965,100,0.02301878879773979,2,1,0.11726409159830485,44.11859959,0,0.028219418942326532,0.0786201506721056,67.27706619857543,AI Recoverable,CONTINUE_MONITORING,0
25,9,2,0.0,NORMAL,LOW,64.5857339857,100,0.016811754784292796,2,1,0.1126088160882196,44.829791496,0,0.017083265714634033,0.09945375223895758,66.52072394685825,AI Recoverable,CONTINUE_MONITORING,0
25,9,3,0.0,NORMAL,LOW,75.33746880325,100,0.2215529115267974,3,1,0.3161646836450981,40.731342732499996,0,0.21318655517126678,0.09338005721441234,72.7284223518883,AI Recoverable,CONTINUE_MONITORING,1
25,9,4,0.5454098115065014,NORMAL,LOW,84.67146167350002,100,0.0,0,0,0.0,0.0,0,0.0,0.0744991845284605,47.548176984060945,Human Intervention Required,CONTINUE_MONITORING,0
25,9,5,0.0,NORMAL,LOW,77.66051088034999,100,0.24707472233815453,3,1,0.3353060417536159,36.0469588106,0,0.23659920569109408,0.09863751264899656,73.3415486874491,AI Recoverable,CONTINUE_MONITORING,1
25,9,6,0.0,NORMAL,LOW,68.4120612955,100,0.06028867617683091,4,2,0.2512453747503063,42.625362985749994,0,0.05724315195590622,0.028399972502279658,69.56820573053868,AI Recoverable,CONTINUE_MONITORING,0
25,9,7,0.2991518991833152,NORMAL,LOW,82.74511851540001,100,0.0,1,0,0.05,3.19385358675,0,0.0,0.07385157935883202,56.183394044613166,AI Recoverable,CONTINUE_MONITORING,0
25,9,8,0.0,NORMAL,LOW,62.111085434125,100,0.004122463417762149,3,1,0.15309184756332161,46.939822273000004,0,0.004856409592151098,0.1340477185326745,65.27982040095989,AI Recoverable,CONTINUE_MONITORING,0
25,9,9,0.0,NORMAL,LOW,77.9465466493,100,0.2139945748692226,4,2,0.3818953886388392,34.108591906,0,0.20259954299434468,0.07767297145502117,72.86406264095237,AI Recoverable,CONTINUE_MONITORING,1
25,9,10,0.29933416768852256,NORMAL,LOW,82.60714107735001,100,0.0,0,0,0.0,3.9617383347,0,0.0,0.0734834755863294,56.186217241243476,AI Recoverable,CONTINUE_MONITORING,0
25,10,1,0.0,NORMAL,LOW,65.23264488527501,100,0.024200689670668737,2,1,0.11815051725300156,43.994606063,0,0.02645940390145426,0.07794494111896655,67.29998430445374,AI Recoverable,CONTINUE_MONITORING,0
25,10,2,0.0,NORMAL,LOW,63.95487568025,100,0.016208930874983946,2,1,0.11215669815623797,45.70441897965,0,0.0173462182461916,0.09989282835102287,66.50032009118601,AI Recoverable,CONTINUE_MONITORING,0
25,10,3,0.0,NORMAL,LOW,75.31008038799999,100,0.22563777581390923,3,1,0.3192283318604319,40.919118112999996,0,0.21695626353143538,0.09578039780218439,72.78780820653792,AI Recoverable,CONTINUE_MONITORING,1
25,10,4,0.260620522395552,NORMAL,LOW,84.17890959105002,100,0.0,0,0,0.0,0.6525446503500001,0,0.0,0.07018472216685245,57.62366366198436,AI Recoverable,CONTINUE_MONITORING,0
25,10,5,0.0,NORMAL,LOW,78.7276459932,100,0.24585162623323006,3,1,0.33438871967492256,34.1110982464,0,0.2418293363037446,0.09380130903129691,73.49029316191962,AI Recoverable,CONTINUE_MONITORING,1
25,10,6,0.0,NORMAL,LOW,67.08206660920001,100,0.059103877100261645,4,2,0.2502382955352224,44.7197228377,0,0.06096308135955082,0.0200815446776913,69.78966973865846,AI Recoverable,CONTINUE_MONITORING,0
25,10,7,0.270272013115564,NORMAL,LOW,82.2473497102,100,0.0,1,0,0.05,3.9402993145500003,0,0.0,0.07591711400560952,57.14255169081501,AI Recoverable,CONTINUE_MONITORING,0
25,10,8,0.0,NORMAL,LOW,62.44280819950001,100,0.005233133158865984,3,1,0.15392484986914948,46.677578689,0,0.004632809389289965,0.12878241627646714,65.43143035015854,AI Recoverable,CONTINUE_MONITORING,0
25,10,9,0.0,NORMAL,LOW,78.07897804995001,100,0.2158616562384915,4,2,0.3834824078027178,34.606595847150004,0,0.20819465694320577,0.08119251482477052,72.86936682358261,AI Recoverable,CONTINUE_MONITORING,1
25,10,10,0.3187754235017754,NORMAL,LOW,82.12295746665002,100,0.0,0,0,0.0,4.9067008965,0,0.0,0.07483920996049354,55.471879928425516,AI Recoverable,CONTINUE_MONITORING,0
25,11,1,0.0,NORMAL,LOW,66.13817008390001,100,0.028821202351173858,2,1,0.1216159017633804,43.536784315999995,0,0.026288075883366208,0.06610179728501331,67.68675987373179,AI Recoverable,CONTINUE_MONITORING,0
25,11,2,0.004841005451241671,NORMAL,LOW,63.251532015924994,100,0.015398286879607526,2,1,0.11154871515970566,46.23389789574999,0,0.01709016188579704,0.09886078730597081,66.33791248300739,AI Recoverable,CONTINUE_MONITORING,0
25,11,3,0.0,NORMAL,LOW,74.84212519139999,100,0.22689557788188208,3,1,0.32017168341141156,42.77565552,0,0.21989622735658387,0.10260704372952001,72.67169773796547,AI Recoverable,CONTINUE_MONITORING,1
25,11,4,0.303985917520337,NORMAL,LOW,83.7529992681,100,0.0,0,0,0.0,1.0073773246500002,0,0.0,0.06797830096992241,56.16103536254015,AI Recoverable,CONTINUE_MONITORING,0
25,11,5,0.0,NORMAL,LOW,79.08503041805001,100,0.24632686145510527,3,1,0.33474514609132894,33.118366975949996,0,0.24273862724201117,0.09372013485037933,73.51092013026272,AI Recoverable,CONTINUE_MONITORING,1
25,11,6,0.0,NORMAL,LOW,67.8391652974,100,0.057807122120946734,4,2,0.24913605380280474,43.389828654649996,0,0.06159252920205831,0.019763424799340457,69.77798211445601,AI Recoverable,CONTINUE_MONITORING,0
25,11,7,0.27025465547779526,NORMAL,LOW,83.426072732,100,0.0,1,0,0.05,2.2306273254,0,0.0,0.0714598564626352,57.25459064671128,AI Recoverable,CONTINUE_MONITORING,0
25,11,8,0.0,NORMAL,LOW,62.3035703095,100,0.004750869135462106,3,1,0.15356315185159658,46.787660460999994,0,0.005092867801805779,0.13217396595754582,65.34159691178864,AI Recoverable,CONTINUE_MONITORING,0
25,11,9,0.0,NORMAL,LOW,77.98929715029999,100,0.2131403736717856,4,2,0.3811693176210178,34.66056192415,0,0.21061488361003533,0.0795164718695276,72.88104451279787,AI Recoverable,CONTINUE_MONITORING,1
25,11,10,0.2895961180222485,NORMAL,LOW,82.79315919035,100,0.0,0,0,0.0,3.8682016915500004,0,0.0,0.07232411018080309,56.55603311470122,AI Recoverable,CONTINUE_MONITORING,0
25,12,1,0.0,NORMAL,LOW,65.80723626059999,100,0.02877254424920024,2,1,0.12157940818690019,43.7422080487,0,0.02768482297829684,0.060526866280662395,67.83912745775041,AI Recoverable,CONTINUE_MONITORING,0
25,12,2,0.0,NORMAL,LOW,64.82806737535,100,0.01964461880077077,2,1,0.11473346410057808,44.491495091,0,0.016786974846557175,0.09587505021830789,66.6638858690233,AI Recoverable,CONTINUE_MONITORING,0
25,12,3,0.0,NORMAL,LOW,75.46419021025,100,0.22406802880702772,3,1,0.31805102160527077,41.2416491045,0,0.22177083575650894,0.10104688405203877,72.67289683240466,AI Recoverable,CONTINUE_MONITORING,1
25,12,4,0.5744329328415552,NORMAL,LOW,84.1124624086,100,0.0,0,0,0.0,0.0,0,0.0,0.07301002414432722,46.569596746937385,Human Intervention Required,CONTINUE_MONITORING,0
25,12,5,0.0,NORMAL,LOW,79.19961020755,100,0.24165834484611512,3,1,0.3312437586345863,33.177889796,0,0.24356743903077302,0.09421797181460334,73.41339199186494,AI Recoverable,CONTINUE_MONITORING,1
25,12,6,0.0,NORMAL,LOW,68.6570702422,100,0.05529558927042167,4,2,0.24700125087985844,41.8087932621,0,0.05641716741710677,0.02442517448480719,69.55945409745931,AI Recoverable,CONTINUE_MONITORING,0
25,12,7,0.27025465547779526,NORMAL,LOW,83.94416059055001,100,0.0,1,0,0.05,0.9761419422000001,0,0.0,0.07570685025070589,57.14841580200951,AI Recoverable,CONTINUE_MONITORING,0
25,12,8,0.0,NORMAL,LOW,61.666768200025004,100,0.0049995034766634125,3,1,0.15374962760749755,48.3264582236,0,0.004623107086340497,0.12279655873857898,65.57630717193219,AI Recoverable,CONTINUE_MONITORING,0
25,12,9,0.0,NORMAL,LOW,77.5042788013,100,0.2126868636786713,4,2,0.3807838341268706,35.923332893449995,0,0.21076305231845283,0.08891766307228832,72.63842621995073,AI Recoverable,CONTINUE_MONITORING,1
25,12,10,0.2895961180222485,NORMAL,LOW,83.7284949455,100,0.0,0,0,0.0,2.44441306485,0,0.0,0.07430907973286338,56.506408875899716,AI Recoverable,CONTINUE_MONITORING,0
25,13,1,0.0,NORMAL,LOW,65.27575994119998,100,0.026862466818463937,2,1,0.12014685011384796,44.88678044775,0,0.02697676714728426,0.06487030460029097,67.68525939283484,AI Recoverable,CONTINUE_MONITORING,0
25,13,2,0.0,NORMAL,LOW,64.423866108175,100,0.015662843047071936,2,1,0.11174713228530396,44.975368352,0,0.01784741377146441,0.09989956954208801,66.49424176010388,AI Recoverable,CONTINUE_MONITORING,0
25,13,3,0.0,NORMAL,LOW,76.49513466734999,100,0.22777885677158935,3,1,0.320834142578692,38.951908859499994,0,0.22330387585370395,0.09786158912904364,72.84207616574272,AI Recoverable,CONTINUE_MONITORING,1
25,13,4,0.5454098115065014,NORMAL,LOW,84.5557762561,100,0.0,0,0,0.0,0.0,0,0.0,0.07227866195234967,47.60369004846371,Human Intervention Required,CONTINUE_MONITORING,0
25,13,5,0.0,NORMAL,LOW,79.07931825055,100,0.24243805246878797,3,1,0.33182853935159096,33.97894286565,0,0.24330955268497567,0.09547980430403502,73.39486146862464,AI Recoverable,CONTINUE_MONITORING,1
25,13,6,0.0,NORMAL,LOW,68.8914993001,100,0.055114127030573785,4,2,0.24684700797598774,41.442176982999996,0,0.05669089719119708,0.028473407346045754,69.4573563288723,AI Recoverable,CONTINUE_MONITORING,0
25,13,7,0.255724879296152,NORMAL,LOW,84.1964302554,100,0.0,1,0,0.05,0.9890095662000001,0,0.0,0.07748814171400653,57.612425681784515,AI Recoverable,CONTINUE_MONITORING,0
25,13,8,0.0,HIGH_PACKET_LOSS,HIGH,59.91281861085,100,0.003113058699802552,3,1,0.15233479402485192,50.498880518149996,0,0.004782029069996712,0.13249749422743418,60.29764410901015,AI Recoverable,CONTINUE_MONITORING,0
25,13,9,0.0,NORMAL,LOW,76.5852451575,100,0.21698374148907584,4,2,0.38443618026571447,37.277020345400004,0,0.21246886622326827,0.08762683859162923,72.77369252722346,AI Recoverable,CONTINUE_MONITORING,1
25,13,10,0.2895961180222485,NORMAL,LOW,83.3004255062,100,0.0,0,0,0.0,3.7593143716500004,0,0.0,0.07829392719424544,56.40678768936517,AI Recoverable,CONTINUE_MONITORING,0
25,14,1,0.0,NORMAL,LOW,64.48280791305,100,0.028193283168454913,2,1,0.12114496237634119,46.881557316750005,0,0.026493336909753695,0.06218382498428665,67.77420340785947,AI Recoverable,CONTINUE_MONITORING,0
25,14,2,0.0,NORMAL,LOW,64.32990983635,100,0.01617115730761773,2,1,0.1121283679807133,44.910371693,0,0.016420553728263357,0.09826778397379965,66.53093408408999,AI Recoverable,CONTINUE_MONITORING,0
25,14,3,0.0,NORMAL,LOW,77.1722343901,100,0.23180501286576477,3,1,0.3238537596493236,37.88043621315,0,0.2259642981436456,0.09951588025362257,72.90784623241117,AI Recoverable,CONTINUE_MONITORING,1
25,14,4,0.3039912135914566,NORMAL,LOW,83.6611816607,100,0.0,0,0,0.0,1.4767545501000001,0,0.0,0.06554945663912681,56.221571108320845,AI Recoverable,CONTINUE_MONITORING,0
25,14,5,0.0,NORMAL,LOW,79.32849379100001,100,0.24807459787999822,3,1,0.33605594840999864,34.01250659775,0,0.2440003607684314,0.10180268700807904,73.3564283900823,AI Recoverable,CONTINUE_MONITORING,1
25,14,6,0.0,NORMAL,LOW,68.46776369174998,100,0.057533933951115564,4,2,0.24890384385844824,43.09134934275,0,0.056799552947037,0.033703647583573804,69.37608301890333,AI Recoverable,CONTINUE_MONITORING,0
25,14,7,0.255724879296152,NORMAL,LOW,83.4963232555,100,0.0,1,0,0.05,2.16391638645,0,0.0,0.07158332965678993,57.76004598321492,AI Recoverable,CONTINUE_MONITORING,0
25,14,8,0.0,NORMAL,LOW,59.652590045625,100,0.0033057147373168187,3,1,0.1524792860529876,52.0719889605,0,0.0040445815143386335,0.13261229139940944,65.29125282490448,AI Recoverable,CONTINUE_MONITORING,0
25,14,9,0.0,NORMAL,LOW,76.1486086955,100,0.218275626415716,4,2,0.38553428245335863,39.14189463699999,0,0.21526853183933728,0.08845152997164996,72.80690959741644,AI Recoverable,CONTINUE_MONITORING,1
25,14,10,0.2895961180222485,NORMAL,LOW,83.56765703765001,100,0.0,0,0,0.0,2.4266060694,0,0.0,0.07319397753473733,56.534286430852866,AI Recoverable,CONTINUE_MONITORING,0
25,15,1,0.0,NORMAL,LOW,65.10502606805,100,0.03208956142891967,2,1,0.12406717107168977,45.958455087199994,0,0.02761701102665111,0.05657577615737519,68.00356693491052,AI Recoverable,CONTINUE_MONITORING,0
25,15,2,0.0,NORMAL,LOW,64.88605237815,100,0.022403995349606097,2,1,0.11680299651220458,44.395862665699994,0,0.01648336435969259,0.08989153083547496,66.86562527970217,AI Recoverable,CONTINUE_MONITORING,0
25,15,3,0.0,NORMAL,LOW,77.77336223520001,100,0.22421327710815867,3,1,0.318159957831119,36.017904377549996,0,0.22860743915935366,0.09906896356962336,72.79361584451611,AI Recoverable,CONTINUE_MONITORING,1
25,15,4,0.5454098115065014,NORMAL,LOW,84.69709624945001,100,0.0,0,0,0.0,0.0,0,0.0,0.0744991845284605,47.548176984060945,Human Intervention Required,CONTINUE_MONITORING,0
25,15,5,0.0,NORMAL,LOW,78.03255193484999,100,0.23778257729212005,3,1,0.32833693296909006,35.94307819065,0,0.2458313069676526,0.0964421524855964,73.302910803379,AI Recoverable,CONTINUE_MONITORING,1
25,15,6,0.0,NORMAL,LOW,67.1941530212,100,0.05618177812299575,4,2,0.2477545114045464,45.05166704959999,0,0.057139831111599385,0.027148296699794794,69.51632645608102,AI Recoverable,CONTINUE_MONITORING,0
25,15,7,0.255724879296152,NORMAL,LOW,82.72632149200001,100,0.0,1,0,0.05,3.90283843185,0,0.0,0.07465699838172657,57.68320426509151,AI Recoverable,CONTINUE_MONITORING,0
25,15,8,0.0,NORMAL,LOW,60.861616666474994,100,0.006301795926591443,3,1,0.15472634694494358,50.65448156865,0,0.003988033510330568,0.11050932077790587,65.90318323418748,AI Recoverable,CONTINUE_MONITORING,0
25,15,9,0.0,NORMAL,LOW,74.9167189512,100,0.2045106139694806,4,2,0.37383402187405856,41.021315394,0,0.2162554445338384,0.08576219155340126,72.60871193589297,AI Recoverable,CONTINUE_MONITORING,1
25,15,10,0.3187754235017754,NORMAL,LOW,83.58647790685,100,0.0,0,0,0.0,1.57365323775,0,0.0,0.07132178785796162,55.55981548098882,AI Recoverable,CONTINUE_MONITORING,0
25,16,1,0.0,NORMAL,LOW,64.87657154429999,100,0.034032585917058246,2,1,0.12552443943779368,46.421323674049994,0,0.029890336550945668,0.044284880856243714,68.37243306244453,AI Recoverable,CONTINUE_MONITORING,0
25,16,2,0.0,NORMAL,LOW,65.42198591844999,100,0.02737216977123245,2,1,0.12052912732842434,43.676355296,0,0.019220524798736194,0.07936320129485552,67.25556861104062,AI Recoverable,CONTINUE_MONITORING,0
25,16,3,0.0,NORMAL,LOW,78.3615152036,100,0.22823601419322181,3,1,0.3211770106449163,34.9830869519,0,0.22613048861326673,0.0934147696114821,72.99065592971003,AI Recoverable,CONTINUE_MONITORING,1
25,16,4,0.255724879296152,NORMAL,LOW,84.14750756235001,100,0.0,0,0,0.0,1.1600995252500002,0,0.0,0.07058960924865598,57.784888993418285,AI Recoverable,CONTINUE_MONITORING,0
25,16,5,0.0,NORMAL,LOW,76.8111090078,100,0.24147436668056194,3,1,0.3311057750104215,37.9630183975,0,0.24161403393953373,0.09575363496769596,73.35178679881416,AI Recoverable,CONTINUE_MONITORING,1
25,16,6,0.0,NORMAL,LOW,67.53505646254999,100,0.05995700206170269,4,2,0.2509634517524473,44.4686227974,0,0.05632509050634621,0.02312941468285723,69.68415557922609,AI Recoverable,CONTINUE_MONITORING,0
25,16,7,0.255724879296152,NORMAL,LOW,82.21383880155,100,0.0,1,0,0.05,6.023799557999999,0,0.0,0.08053325599066286,57.53629782486811,AI Recoverable,CONTINUE_MONITORING,0
25,16,8,0.0,NORMAL,LOW,60.48523146089999,100,0.007088257384311263,3,1,0.15531619303823344,51.311730347499996,0,0.00503647065459452,0.0995266842005853,66.20396274921752,AI Recoverable,CONTINUE_MONITORING,0
25,16,9,0.0,NORMAL,LOW,75.314477688,100,0.20651383984709823,4,2,0.37553676387003354,40.4510093745,0,0.21053679488230628,0.0869778188088356,72.56119927554414,AI Recoverable,CONTINUE_MONITORING,1
25,16,10,0.2895961180222485,NORMAL,LOW,83.0329127045,100,0.0,0,0,0.0,3.6287598055499997,0,0.0,0.07558587431406949,56.47448901136956,AI Recoverable,CONTINUE_MONITORING,0
25,17,1,0.0,NORMAL,LOW,65.32674854254999,100,0.03380496917110169,2,1,0.12535372687832627,46.01072800305,0,0.031202837596611056,0.048654214639096915,68.27177239341071,AI Recoverable,CONTINUE_MONITORING,0
25,17,2,0.004841005451241671,NORMAL,LOW,65.89191386365,100,0.030978218108454175,2,1,0.12323366358134064,43.335851903,0,0.02238732073005159,0.07224228362848573,67.36794528796398,AI Recoverable,CONTINUE_MONITORING,0
25,17,3,0.0,NORMAL,LOW,78.7779385765,100,0.22924035907538565,3,1,0.32193026930653923,33.582988009,0,0.22752497082237327,0.09122129151794234,73.07952460178288,AI Recoverable,CONTINUE_MONITORING,1
25,17,4,0.5648450578167052,NORMAL,LOW,84.3858795601,100,0.0,0,0,0.0,0.0,0,0.0,0.07322394784607222,46.89982428026351,Human Intervention Required,CONTINUE_MONITORING,0
25,17,5,0.00969176314844732,NORMAL,LOW,76.89189796535001,100,0.24545412280596293,3,1,0.33409059210447223,37.794522484,0,0.24204222148763022,0.09669364953268733,73.07295172248273,AI Recoverable,CONTINUE_MONITORING,1
25,17,6,0.0,NORMAL,LOW,66.5302277516,100,0.0590866274314732,4,2,0.25022363331675224,46.2303521795,0,0.05775864087966412,0.02701091030933056,69.58404619969284,AI Recoverable,CONTINUE_MONITORING,0
25,17,7,0.255724879296152,NORMAL,LOW,82.79973336200001,100,0.0,1,0,0.05,4.9505999355000005,0,0.0,0.08140162705296217,57.51458854831062,AI Recoverable,CONTINUE_MONITORING,0
25,17,8,0.0,NORMAL,LOW,60.397850054125,100,0.0069578772179839715,3,1,0.15521840791348798,51.9378219255,0,0.005599643446749347,0.10390910641844209,66.09742631836612,AI Recoverable,CONTINUE_MONITORING,0
25,17,9,0.0,NORMAL,LOW,74.53065816774999,100,0.20931034899410125,4,2,0.3779137966449861,42.396690681,0,0.21021004791013537,0.09059081273440273,72.5235371406233,AI Recoverable,CONTINUE_MONITORING,1
25,17,10,0.2895961180222485,NORMAL,LOW,83.90066635775,100,0.0,0,0,0.0,2.3867959707,0,0.0,0.0766519354999331,56.44783748172297,AI Recoverable,CONTINUE_MONITORING,0
25,18,1,0.0,NORMAL,LOW,64.95490084949999,100,0.03542562672515705,2,1,0.12656922004386778,46.218444859449995,0,0.03183909206189029,0.03915915109254353,68.54792467780845,AI Recoverable,CONTINUE_MONITORING,0
25,18,2,0.0,NORMAL,LOW,65.0467204295,100,0.031583574933188314,2,1,0.12368768119989124,44.5178480118,0,0.025055839134293788,0.06581168648631841,67.73693772784874,AI Recoverable,CONTINUE_MONITORING,0
25,18,3,0.0,NORMAL,LOW,78.2256555688,100,0.22396777689512004,3,1,0.31797583267134,33.761122074,0,0.22855040052459252,0.09041512329221402,73.00448146084297,AI Recoverable,CONTINUE_MONITORING,1
25,18,4,0.5454098115065014,NORMAL,LOW,84.70796925204999,100,0.0,0,0,0.0,0.0,0,0.0,0.07471361208819494,47.54281629506758,Human Intervention Required,CONTINUE_MONITORING,0
25,18,5,0.0,NORMAL,LOW,77.0177305727,100,0.236614414940176,3,1,0.327460811205132,37.3696722812,0,0.24376755723962923,0.09649275962707371,73.25764488052296,AI Recoverable,CONTINUE_MONITORING,1
25,18,6,0.0,NORMAL,LOW,66.604986919,100,0.058439207311381275,4,2,0.24967332621467409,46.3594917015,0,0.058028273833142505,0.02746982718700497,69.56232120488393,AI Recoverable,CONTINUE_MONITORING,0
25,18,7,0.255724879296152,NORMAL,LOW,83.50955620280001,100,0.0,1,0,0.05,3.3534985437000002,0,0.0,0.0795994819538326,57.55964217578886,AI Recoverable,CONTINUE_MONITORING,0
25,18,8,0.0,NORMAL,LOW,59.406388053125006,100,0.006925469413344098,3,1,0.15519410206000805,54.0252720705,0,0.005834701720636038,0.10480792166459996,66.07665836385824,AI Recoverable,CONTINUE_MONITORING,0
25,18,9,0.0,NORMAL,LOW,74.71787976395,100,0.2027695332626277,4,2,0.3723541032732336,40.714225234,0,0.21057628859839644,0.08265902269242376,72.59467798392592,AI Recoverable,CONTINUE_MONITORING,1
25,18,10,0.2895961180222485,NORMAL,LOW,83.59461427585,100,0.0,0,0,0.0,2.20775532795,0,0.0,0.07276622275857658,56.54498030025689,AI Recoverable,CONTINUE_MONITORING,0
25,19,1,0.0,NORMAL,LOW,64.51896257745001,100,0.04021010091929798,2,1,0.1301575756894735,46.9771035964,0,0.03352413171504393,0.03092513960650567,68.86631484537375,AI Recoverable,CONTINUE_MONITORING,0
25,19,2,0.0,NORMAL,LOW,64.44969700735001,100,0.033330800090925296,2,1,0.12499810006819398,45.24912558065,0,0.027466348645770314,0.06653847884032738,67.77781751726802,AI Recoverable,CONTINUE_MONITORING,0
25,19,3,0.0,NORMAL,LOW,77.61274033375001,100,0.2226621431172372,3,1,0.3169966073379279,35.43973261795,0,0.22643507468780716,0.09280277060869291,72.89752434400549,AI Recoverable,CONTINUE_MONITORING,1
25,19,4,0.6179315165726659,NORMAL,LOW,84.28923772705002,100,0.0,0,0,0.0,0.0,0,0.0,0.07279617279926709,46.90460276332365,Human Intervention Required,NOTIFY_OPERATOR,1
25,19,5,0.0,NORMAL,LOW,76.23574451775,100,0.23025824090147998,3,1,0.32269368067611,37.912749502349996,0,0.24030033562588743,0.09148256851993763,73.22110396129003,AI Recoverable,CONTINUE_MONITORING,1
25,19,6,0.0,NORMAL,LOW,66.57709823329999,100,0.05625268739459743,4,2,0.24781478428540782,45.27677037085,0,0.058299559036427966,0.02467440661722864,69.59118917282551,AI Recoverable,CONTINUE_MONITORING,0
25,19,7,0.255724879296152,NORMAL,LOW,82.2512334423,100,0.0,1,0,0.05,5.178853134,0,0.0,0.0795288815304166,57.56140718637426,AI Recoverable,CONTINUE_MONITORING,0
25,19,8,0.0,NORMAL,LOW,59.715028029749995,100,0.006384347877134326,3,1,0.15478826090785075,53.181334541,0,0.0063587168791398915,0.11141984680450256,65.90577795622151,AI Recoverable,CONTINUE_MONITORING,0
25,19,9,0.0,NORMAL,LOW,74.80707229320001,100,0.19838453336562983,4,2,0.3686268533607854,40.3768085535,0,0.20662405472725162,0.08068854121685087,72.51671768416384,AI Recoverable,CONTINUE_MONITORING,1
25,19,10,0.3236147379099168,NORMAL,LOW,82.81207621995001,100,0.0,0,0,0.0,3.3983298625500002,0,0.0,0.07285852181766905,55.35202112771118,AI Recoverable,CONTINUE_MONITORING,0
25,20,1,0.0,NORMAL,LOW,64.02104574775001,100,0.0394040113116561,2,1,0.12955300848374207,47.9790365495,0,0.03664182845840424,0.0299177013012234,68.90655597828658,AI Recoverable,CONTINUE_MONITORING,0
25,20,2,0.0,NORMAL,LOW,64.1900734513,100,0.03869508007072604,2,1,0.12902131005304454,46.18199845595001,0,0.03039286618275447,0.05540324779998129,68.19274906824253,AI Recoverable,CONTINUE_MONITORING,0
25,20,3,0.0,NORMAL,LOW,77.68225040200001,100,0.23260388241074342,3,1,0.3244529118080576,36.4459289554,0,0.2247633827896484,0.09557235515569762,73.01040259721891,AI Recoverable,CONTINUE_MONITORING,1
25,20,4,0.2991518991833152,NORMAL,LOW,83.45907993295,100,0.0,0,0,0.0,1.5691049433000002,0,0.0,0.06597232699791344,56.380375353636126,AI Recoverable,CONTINUE_MONITORING,0
25,20,5,0.0,NORMAL,LOW,76.3636072793,100,0.24250018710575463,3,1,0.331875140329316,38.148108308,0,0.2358991934372861,0.09532792633716713,73.32579751805876,AI Recoverable,CONTINUE_MONITORING,1
25,20,6,0.0,NORMAL,LOW,65.8118460516,100,0.06063299831353161,4,2,0.25153804856650186,47.065201845000004,0,0.05746422854348028,0.026434129524493866,69.62644901359309,AI Recoverable,CONTINUE_MONITORING,0
25,20,7,0.255724879296152,NORMAL,LOW,82.52442467135,100,0.0,1,0,0.05,4.746887244,0,0.0,0.07824890815649743,57.59340652072225,AI Recoverable,CONTINUE_MONITORING,0
25,20,8,0.0,NORMAL,LOW,59.64734441252501,100,0.00761240932040166,3,1,0.15570930699030125,53.2740412305,0,0.006627389057851412,0.09576040614450365,66.32451192337395,AI Recoverable,CONTINUE_MONITORING,0
25,20,9,0.0,NORMAL,LOW,74.34959514425,100,0.21049676535817932,4,2,0.37892225055445244,41.490247400499996,0,0.2025238017311402,0.08368510257635486,72.6430457600661,AI Recoverable,CONTINUE_MONITORING,1
25,20,10,0.299346976618667,NORMAL,LOW,83.29016930690001,100,0.0,0,0,0.0,1.70618194845,0,0.0,0.07099101893813364,56.24808034489332,AI Recoverable,CONTINUE_MONITORING,0
25,21,1,0.0,NORMAL,LOW,63.77227856545,100,0.04501989507538197,2,1,0.1337649213065365,49.6260253205,0,0.03742402455969478,0.016047465094644386,69.37345151973847,AI Recoverable,CONTINUE_MONITORING,0
25,21,2,0.0,NORMAL,LOW,64.32653045369999,100,0.045575831415037765,2,1,0.13418187356127834,46.44267201779999,0,0.03428290203765149,0.04485570247761761,68.63295308673682,AI Recoverable,CONTINUE_MONITORING,0
25,21,3,0.0,NORMAL,LOW,77.2633510838,100,0.23179691643320843,3,1,0.3238476873249063,37.236224740599994,0,0.22892058932006215,0.09415414877244543,73.07129050255364,AI Recoverable,CONTINUE_MONITORING,1
25,21,4,0.255724879296152,NORMAL,LOW,82.83959721295,100,0.0,0,0,0.0,3.7555513623,0,0.0,0.06937417981175698,57.81527472934075,AI Recoverable,CONTINUE_MONITORING,0
25,21,5,0.0,NORMAL,LOW,75.51596414605001,100,0.23488310498467246,3,1,0.32616232873850437,39.686721712,0,0.24023224267247736,0.09507968168600534,73.22299248426809,AI Recoverable,CONTINUE_MONITORING,1
25,21,6,0.0,NORMAL,LOW,65.55639977595,100,0.057763794628321395,4,2,0.2490992254340732,46.8320187405,0,0.05940149264583555,0.02755586431182444,69.56039421122917,AI Recoverable,CONTINUE_MONITORING,0
25,21,7,0.255724879296152,NORMAL,LOW,83.40771299325,100,0.0,1,0,0.05,3.3891884982,0,0.0,0.08068097979333655,57.532604729801264,AI Recoverable,CONTINUE_MONITORING,0
25,21,8,0.0,NORMAL,LOW,61.221240844149996,100,0.01195460982388475,3,1,0.15896595736791355,51.2951020975,0,0.007179293365965043,0.08085179423583266,66.78959027424153,AI Recoverable,CONTINUE_MONITORING,0
25,21,9,0.0,NORMAL,LOW,73.84242156994999,100,0.21142686567616725,4,2,0.3797128358247422,43.694182564,0,0.20699553252332287,0.09043205021466927,72.53769138338984,AI Recoverable,CONTINUE_MONITORING,1
25,21,10,0.32844875624693864,NORMAL,LOW,83.99403978825,100,0.0,0,0,0.0,0.7483947678,0,0.0,0.07721578474412027,55.07389891275414,AI Recoverable,CONTINUE_MONITORING,0
25,22,1,0.0,NORMAL,LOW,63.62294930670001,100,0.04636460424073372,2,1,0.13477345318055028,49.40578060599999,0,0.040647012970977864,0.016755393988717393,69.41487736480651,AI Recoverable,CONTINUE_MONITORING,0
25,22,2,0.0,NORMAL,LOW,63.4300280945,100,0.03712325859041881,2,1,0.1278424439428141,48.1593129865,0,0.03889564007107776,0.057470983183872004,68.19464699292234,AI Recoverable,CONTINUE_MONITORING,0
25,22,3,0.0,NORMAL,LOW,76.70152067945001,100,0.2252253248092925,3,1,0.3189189936069694,37.54626069225,0,0.22917702584039976,0.09308387050188704,72.96917999204268,AI Recoverable,CONTINUE_MONITORING,1
25,22,4,0.255724879296152,NORMAL,LOW,83.69443933505,100,0.0,0,0,0.0,2.6870061114,0,0.0,0.07547677164366284,57.66270993354311,AI Recoverable,CONTINUE_MONITORING,0
25,22,5,0.0,NORMAL,LOW,75.9164162379,100,0.23388010192616918,3,1,0.3254100764446269,39.6704643675,0,0.23702434139872813,0.09687263126711732,73.12602967083272,AI Recoverable,CONTINUE_MONITORING,1
25,22,6,0.0,NORMAL,LOW,65.67037560335001,100,0.05280910663479245,4,2,0.24488774063957358,45.269093561649996,0,0.05823368249959909,0.025561410833200626,69.49948368686182,AI Recoverable,CONTINUE_MONITORING,0
25,22,7,0.255724879296152,NORMAL,LOW,82.76916882200001,100,0.0,1,0,0.05,5.0193701505,0,0.0,0.08129639673663858,57.51721930621871,AI Recoverable,CONTINUE_MONITORING,0
25,22,8,0.0,NORMAL,LOW,60.416744682999976,100,0.010182641233504363,3,1,0.15763698092512826,52.936585634,0,0.009163242858550257,0.08640767273073013,66.63509343498733,AI Recoverable,CONTINUE_MONITORING,0
25,22,9,0.0,NORMAL,LOW,74.04845391340001,100,0.2059572772582169,4,2,0.3750636856694844,42.1722391635,0,0.2079623862347889,0.0854441831790731,72.5626648280354,AI Recoverable,CONTINUE_MONITORING,1
25,22,10,0.29933416768852256,NORMAL,LOW,83.52460447105001,100,0.0,0,0,0.0,1.9277126252999999,0,0.0,0.07121138407186023,56.2430195291052,AI Recoverable,CONTINUE_MONITORING,0
25,23,1,0.0,NORMAL,LOW,64.20074714525,100,0.046498844089552134,2,1,0.13487413306716411,47.428190879499994,0,0.042808774630331864,0.020515136933457412,69.34518620475791,AI Recoverable,CONTINUE_MONITORING,0
25,23,2,0.0,NORMAL,LOW,62.50448459000001,100,0.03330504349512483,2,1,0.12497878262134363,50.4925706905,0,0.037220173891167115,0.05848565550087914,68.07616122129218,AI Recoverable,CONTINUE_MONITORING,0
25,23,3,0.0,NORMAL,LOW,76.48712299365002,100,0.22582200810650258,3,1,0.31936650607987693,37.42192833035,0,0.22664344355597194,0.09329333802397966,72.95054114709028,AI Recoverable,CONTINUE_MONITORING,1
25,23,4,0.255724879296152,NORMAL,LOW,83.47367037495002,100,0.0,0,0,0.0,2.83770213255,0,0.0,0.07100960713754512,57.77438904619605,AI Recoverable,CONTINUE_MONITORING,0
25,23,5,0.0,NORMAL,LOW,76.4880106196,100,0.2386728706005084,3,1,0.3290046529503813,39.015783596,0,0.23510307755800608,0.09604665968618487,73.2233216954356,AI Recoverable,CONTINUE_MONITORING,1
25,23,6,0.0,NORMAL,LOW,65.79480644300001,100,0.056518471730335786,4,2,0.24804070097078543,44.461339843249995,0,0.05586842319000512,0.025888017596435775,69.54185322659586,AI Recoverable,CONTINUE_MONITORING,0
25,23,7,0.255724879296152,NORMAL,LOW,82.85491347605,100,0.0,1,0,0.05,4.6596790935,0,0.0,0.08226911921859015,57.49290124416993,AI Recoverable,CONTINUE_MONITORING,0
25,23,8,0.0,NORMAL,LOW,59.552762570249996,100,0.00982327480326026,3,1,0.15736745610244518,54.77360851849999,0,0.009083119243608996,0.0870967491416339,66.60987795996044,AI Recoverable,CONTINUE_MONITORING,0
25,23,9,0.0,NORMAL,LOW,73.87299111199998,100,0.21324850686640012,4,2,0.38126123083644015,42.5675447725,0,0.20585207966638,0.08651402346814785,72.6606403472881,AI Recoverable,CONTINUE_MONITORING,1
25,23,10,0.512139419419626,NORMAL,LOW,84.23947119025001,100,0.0,0,0,0.0,0.0,0,0.0,0.07785468922956296,48.62875308957401,Human Intervention Required,CONTINUE_MONITORING,0
25,24,1,0.0,NORMAL,LOW,64.7495197927,100,0.04980860675880328,2,1,0.13735645506910246,45.71919093205,0,0.044399297015992704,0.026659298033075207,69.2736826545091,AI Recoverable,CONTINUE_MONITORING,0
25,24,2,0.0,NORMAL,LOW,62.336312806500004,100,0.033237861905651415,2,1,0.12492839642923856,50.0770089835,0,0.03631571496125003,0.062446454329122436,67.96675302949747,AI Recoverable,CONTINUE_MONITORING,0
25,24,3,0.0,NORMAL,LOW,76.5169479985,100,0.21641894674502704,3,1,0.31231421005877025,36.238928071749996,0,0.22708204091472853,0.09218433846839669,72.79459088233791,AI Recoverable,CONTINUE_MONITORING,1
25,24,4,0.255724879296152,NORMAL,LOW,83.00367943935001,100,0.0,0,0,0.0,4.025699165250001,0,0.0,0.07351015681370554,57.711875304292036,AI Recoverable,CONTINUE_MONITORING,0
25,24,5,0.0,NORMAL,LOW,76.66789729825,100,0.2366522720817072,3,1,0.32748920406128035,38.193471018500006,0,0.23682909195275437,0.09690105380455649,73.17881001604776,AI Recoverable,CONTINUE_MONITORING,1
25,24,6,0.0,NORMAL,LOW,65.6533096607,100,0.05244322266684018,4,2,0.24457673926681417,44.922411388300006,0,0.05671232973732175,0.016849937231497747,69.69473931992258,AI Recoverable,CONTINUE_MONITORING,0
25,24,7,0.255724879296152,NORMAL,LOW,82.01779917595,100,0.0,1,0,0.05,6.361324537500001,0,0.0,0.07962433763260379,57.559020783819584,AI Recoverable,CONTINUE_MONITORING,0
25,24,8,0.0,HIGH_PACKET_LOSS,HIGH,60.069767984375,100,0.011206493078663298,3,1,0.15840486980899746,53.125494726,0,0.009381002069124027,0.07952724090884189,61.82975885954346,AI Recoverable,CONTINUE_MONITORING,0
25,24,9,0.0,NORMAL,LOW,73.96023075955,100,0.20934555699722981,4,2,0.3779437234476454,42.649413382999995,0,0.2095065048533631,0.08609879703069889,72.62950626271075,AI Recoverable,CONTINUE_MONITORING,1
25,24,10,0.478219450669673,NORMAL,LOW,84.42470861860001,100,0.0,0,0,0.0,0.0,0,0.0,0.07610768480446684,49.85962710644977,Human Intervention Required,CONTINUE_MONITORING,0
25,25,1,0.0,NORMAL,LOW,63.358666336499994,100,0.043902151202880324,2,1,0.13292661340216025,48.371083253500004,0,0.046736016634298785,0.02919728219690021,69.11547113547809,AI Recoverable,CONTINUE_MONITORING,0
25,25,2,0.0,NORMAL,LOW,62.09736816200001,100,0.03365833740028056,2,1,0.12524375305021043,50.281118393499995,0,0.03628254913846967,0.061301327766759894,68.00345904522132,AI Recoverable,CONTINUE_MONITORING,0
25,25,3,0.0,NORMAL,LOW,76.0301942388,100,0.21855221042269327,3,1,0.3139141578170199,37.76494076145,0,0.22338707501417643,0.09106663092188327,72.82824918554854,AI Recoverable,CONTINUE_MONITORING,1
25,25,4,0.255724879296152,NORMAL,LOW,82.667833528,100,0.0,0,0,0.0,5.247374562,0,0.0,0.07713914359884366,57.621150634663586,AI Recoverable,CONTINUE_MONITORING,0
25,25,5,0.0,NORMAL,LOW,77.08077960620001,100,0.2404061645413254,3,1,0.3303046234059941,36.66989132795,0,0.2371180767623458,0.09577756997655262,73.28486480903614,AI Recoverable,CONTINUE_MONITORING,1
25,25,6,0.0,NORMAL,LOW,66.46497569254998,100,0.05527908760128536,4,2,0.24698722446109256,44.41430900135,0,0.05495642995638705,0.018580520166996628,69.69063304741465,AI Recoverable,CONTINUE_MONITORING,0
25,25,7,0.255724879296152,NORMAL,LOW,81.5621932,100,0.0,1,0,0.05,7.7350653,0,0.0,0.0824493136791411,57.48839638265615,AI Recoverable,CONTINUE_MONITORING,0
25,25,8,0.0,NORMAL,LOW,60.06504964949999,100,0.009526352324225494,3,1,0.15714476424316912,53.2071900565,0,0.010471067879958995,0.08664669049454377,66.62907046292051,AI Recoverable,CONTINUE_MONITORING,0
25,25,9,0.0,NORMAL,LOW,74.12106377295001,100,0.21129023001632563,4,2,0.3795966955138768,42.168003754000004,0,0.20987016320103602,0.08684955753913981,72.65326729385836,AI Recoverable,CONTINUE_MONITORING,1
25,25,10,0.42986150628386094,NORMAL,LOW,84.52162383710001,100,0.0,0,0,0.0,0.07062099390000001,0,0.0,0.07733303650456591,51.52152136745072,Human Intervention Required,CONTINUE_MONITORING,0
25,26,1,0.0,NORMAL,LOW,63.48146022225,100,0.04344944970914043,2,1,0.1325870872818553,48.753468255,0,0.045593819552293295,0.03029777976356074,69.06748269561672,AI Recoverable,CONTINUE_MONITORING,0
25,26,2,0.0,NORMAL,LOW,62.120998514250005,100,0.03715972965766266,2,1,0.127869797243247,50.739568419499996,0,0.03570354781299604,0.05800331774456313,68.15014712766913,AI Recoverable,CONTINUE_MONITORING,0
25,26,3,0.0,NORMAL,LOW,75.3550167695,100,0.21595572614873076,3,1,0.3119667946115481,38.12899302094999,0,0.2220598200391493,0.09406323894412538,72.68813174976296,AI Recoverable,CONTINUE_MONITORING,1
25,26,4,0.255724879296152,NORMAL,LOW,82.11029139010002,100,0.0,0,0,0.0,6.2395633935,0,0.0,0.07760922784193158,57.60939852858639,AI Recoverable,CONTINUE_MONITORING,0
25,26,5,0.0,NORMAL,LOW,77.94578577105001,100,0.23170555021066183,3,1,0.32377916265799633,34.8137259896,0,0.23795108134121118,0.08483756543265575,73.39268268180895,AI Recoverable,CONTINUE_MONITORING,1
25,26,6,0.0,NORMAL,LOW,66.63202363275002,100,0.053391272862331564,4,2,0.24538258193298185,44.534067718,0,0.05505764193700613,0.010815771123819373,69.8480075985212,AI Recoverable,CONTINUE_MONITORING,0
25,26,7,0.255724879296152,NORMAL,LOW,80.986999116,100,0.0,1,0,0.05,9.029251989,0,0.0,0.08290387326982696,57.47703239288901,AI Recoverable,CONTINUE_MONITORING,0
25,26,8,0.0,NORMAL,LOW,60.16921346665001,100,0.011157927416680813,3,1,0.15836844556251062,53.30224636,0,0.01023497767416299,0.08237532661672597,66.76612515965708,AI Recoverable,CONTINUE_MONITORING,0
25,26,9,0.0,NORMAL,LOW,73.93226403950001,100,0.1990803987489346,4,2,0.36921833893659445,41.745965348,0,0.21056465015890521,0.08318154665613176,72.50771581016446,AI Recoverable,CONTINUE_MONITORING,1
25,26,10,0.4587308495425376,NORMAL,LOW,84.46600085394999,100,0.0,0,0,0.0,0.0,0,0.0,0.07711772296134412,50.516477191977586,Human Intervention Required,CONTINUE_MONITORING,0
25,27,1,0.0,NORMAL,LOW,64.21881964849999,100,0.039564153496468066,2,1,0.12967311512235105,47.2497112855,0,0.045238146752897515,0.0322845003246065,68.93655202934316,AI Recoverable,CONTINUE_MONITORING,0
25,27,2,0.0,HIGH_PACKET_LOSS,HIGH,61.9545011515,100,0.037448809466229686,2,1,0.12808660709967226,50.3333337845,0,0.03557571124417815,0.059734850470075096,63.1113620400145,AI Recoverable,CONTINUE_MONITORING,0
25,27,3,0.0,NORMAL,LOW,74.94786836865,100,0.21560156724556692,3,1,0.3117011754341752,38.21840423635,0,0.21906310811713367,0.09607505608437328,72.60078602397334,AI Recoverable,CONTINUE_MONITORING,1
25,27,4,0.255724879296152,NORMAL,LOW,81.01333138790001,100,0.0,0,0,0.0,8.3674849815,0,0.0,0.07435608633560775,57.690727066244484,AI Recoverable,CONTINUE_MONITORING,0
25,27,5,0.0,NORMAL,LOW,77.79135884385,100,0.23222741343650205,3,1,0.32417056007737655,34.7479489361,0,0.2348960393736506,0.08379415647623123,73.39865475056077,AI Recoverable,CONTINUE_MONITORING,1
25,27,6,0.0,NORMAL,LOW,65.29397711085,100,0.05123909707041027,4,2,0.24355323250984875,46.651145532499996,0,0.05387914446808141,0.019757980590955793,69.56962387131512,AI Recoverable,CONTINUE_MONITORING,0
25,27,7,0.255724879296152,NORMAL,LOW,81.25191349,100,0.0,1,0,0.05,8.4331946475,0,0.0,0.0824493136791411,57.48839638265615,AI Recoverable,CONTINUE_MONITORING,0
25,27,8,0.0,HIGH_PACKET_LOSS,HIGH,60.13762350970001,100,0.013693453490670159,3,1,0.1602700901180026,53.263144329,0,0.010612914664891034,0.07883064711513366,61.90923203858398,AI Recoverable,CONTINUE_MONITORING,0
25,27,9,0.0,NORMAL,LOW,73.10499883025,100,0.1906228816717621,4,2,0.3620294494209978,43.856883302,0,0.20517319540887535,0.07964553937539043,72.37305110313923,AI Recoverable,CONTINUE_MONITORING,1
25,27,10,0.4587308495425376,NORMAL,LOW,84.7691664421,100,0.0,0,0,0.0,0.0,0,0.0,0.0800485424063826,50.443206705851615,Human Intervention Required,CONTINUE_MONITORING,0
25,28,1,0.0,NORMAL,LOW,64.93649566455,100,0.04372526925769803,2,1,0.13279395194327354,47.138773541999996,0,0.043120494784898614,0.018797192000918894,69.33578053297997,AI Recoverable,CONTINUE_MONITORING,0
25,28,2,0.0,HIGH_PACKET_LOSS,HIGH,61.764710151,100,0.042567934264589324,2,1,0.13192595069844198,51.4119921765,0,0.03570801230936179,0.05861633483624429,63.2430304374793,AI Recoverable,CONTINUE_MONITORING,0
25,28,3,0.0,NORMAL,LOW,74.67411095175001,100,0.21342816474277715,3,1,0.3100711235570829,38.6775980235,0,0.21760953438726294,0.09421762744554729,72.5892179525895,AI Recoverable,CONTINUE_MONITORING,1
25,28,4,0.255724879296152,NORMAL,LOW,80.40025584550001,100,0.0,0,0,0.0,9.656518383,0,0.0,0.07652404706827654,57.63652804792776,AI Recoverable,CONTINUE_MONITORING,0
25,28,5,0.0,NORMAL,LOW,77.86633864885,100,0.22638790987552065,3,1,0.31979093240664047,34.2867719093,0,0.23482122195284927,0.08762332940999529,73.18538718178901,AI Recoverable,CONTINUE_MONITORING,1
25,28,6,0.0,NORMAL,LOW,65.65529265325,100,0.04717307637007881,4,2,0.240097114914567,46.1300200273,0,0.05301369039149152,0.017595763681463872,69.5337043392799,AI Recoverable,CONTINUE_MONITORING,0
25,28,7,0.255724879296152,NORMAL,LOW,80.723310576,100,0.0,1,0,0.05,9.622551204,0,0.0,0.08571927499024212,57.406647349878625,AI Recoverable,CONTINUE_MONITORING,0
25,28,8,0.0,HIGH_PACKET_LOSS,HIGH,60.25928096987501,100,0.01698225642839668,3,1,0.1627366923212975,53.21499502699999,0,0.01186508620309105,0.07697922862443263,62.03381527498804,AI Recoverable,CONTINUE_MONITORING,0
25,28,9,0.0,NORMAL,LOW,72.41558379905,100,0.1841164043060343,4,2,0.3564989436601292,44.638526469,0,0.20048912490361995,0.07941504754313344,72.20184314657855,AI Recoverable,CONTINUE_MONITORING,1
25,28,10,0.29933416768852256,NORMAL,LOW,83.50465877290002,100,0.0,0,0,0.0,1.8569646697500002,0,0.0,0.07121138407186023,56.2430195291052,AI Recoverable,CONTINUE_MONITORING,0
25,29,1,0.0,NORMAL,LOW,65.0419090903,100,0.046626007249169585,2,1,0.1349695054368772,47.592473998,0,0.04398052903680802,0.01253641177251097,69.5589151410387,AI Recoverable,CONTINUE_MONITORING,0
25,29,2,0.0,HIGH_PACKET_LOSS,HIGH,62.939674031500005,100,0.04954642207741335,2,1,0.13715981655806003,49.497912410999994,0,0.03854055445659471,0.04422429224800706,63.770726679914034,AI Recoverable,CONTINUE_MONITORING,0
25,29,3,0.0,NORMAL,LOW,75.08967617205002,100,0.20791723921752406,3,1,0.305937929413143,37.401276059450005,0,0.21522237556550447,0.09190736623298978,72.51288438418078,AI Recoverable,CONTINUE_MONITORING,1
25,29,4,0.27025465547779526,NORMAL,LOW,79.80831026345,100,0.0,0,0,0.0,10.3461465285,0,0.0,0.08028514509892404,57.033958430804056,AI Recoverable,CONTINUE_MONITORING,0
25,29,5,0.00969176314844732,NORMAL,LOW,77.78900103055001,100,0.2168938426756922,3,1,0.3126703820067691,34.008030639999994,0,0.23134947638305658,0.0857620401839303,72.66810890255049,AI Recoverable,CONTINUE_MONITORING,1
25,29,6,0.0,NORMAL,LOW,65.0221671704,100,0.04463444879443422,4,2,0.2379392814752691,46.2737677737,0,0.050485528830956104,0.025831058630579773,69.25176779843375,AI Recoverable,CONTINUE_MONITORING,0
25,29,7,0.255724879296152,NORMAL,LOW,80.8995538253,100,0.0,1,0,0.05,8.5785199785,0,0.0,0.07952486136888604,57.561507690412526,AI Recoverable,CONTINUE_MONITORING,0
25,29,8,0.0,HIGH_PACKET_LOSS,HIGH,61.5938365972,100,0.023218801309763126,3,1,0.16741410098232234,50.764461350999994,0,0.013853984511928104,0.06835121480268969,62.394135501247305,AI Recoverable,CONTINUE_MONITORING,0
25,29,9,0.0,NORMAL,LOW,72.52693699665,100,0.17777145434511993,4,2,0.35110573619335195,43.151972169000004,0,0.19445868733545038,0.06874842331428666,72.28130537739973,AI Recoverable,CONTINUE_MONITORING,1
25,29,10,0.29933416768852256,NORMAL,LOW,83.37218316915,100,0.0,0,0,0.0,2.1968150274,0,0.0,0.07099814109152092,56.24835060361369,AI Recoverable,CONTINUE_MONITORING,0
25,30,1,0.0,NORMAL,LOW,64.745478712,100,0.04506684022343807,2,1,0.13380013016757855,48.7528122025,0,0.044405186502900776,0.01746074425093791,69.40887006322431,AI Recoverable,CONTINUE_MONITORING,0
25,30,2,0.0,HIGH_PACKET_LOSS,HIGH,61.830970381499995,100,0.04013633791407164,2,1,0.13010225343555373,50.563256822,0,0.042917299224488586,0.06029590896542181,63.22450202639078,AI Recoverable,CONTINUE_MONITORING,0
25,30,3,0.0,NORMAL,LOW,76.22718341885,100,0.21373069521238672,3,1,0.31029802140929,35.83844525555,0,0.2123788588540781,0.09132162555135892,72.61536185400453,AI Recoverable,CONTINUE_MONITORING,1
25,30,4,0.2991518991833152,NORMAL,LOW,79.0459579958,100,0.0,0,0,0.0,11.573101386,0,0.0,0.08097656246890161,56.00526946686143,AI Recoverable,CONTINUE_MONITORING,0
25,30,5,0.0,NORMAL,LOW,77.17237019885002,100,0.21889521962203096,3,1,0.3141714147165232,35.27099087245,0,0.22573507610626597,0.09108295972675529,72.8581811603344,AI Recoverable,CONTINUE_MONITORING,1
25,30,6,0.0,NORMAL,LOW,64.94840064639999,100,0.04514335036928083,4,2,0.2383718478138887,46.491425964049995,0,0.0486307122161259,0.022464451480737058,69.32756284252845,AI Recoverable,CONTINUE_MONITORING,0
25,30,7,0.255724879296152,NORMAL,LOW,80.55363609935,100,0.0,1,0,0.05,9.4821067575,0,0.0,0.08247082685046858,57.48785855337296,AI Recoverable,CONTINUE_MONITORING,0
25,30,8,0.0,HIGH_PACKET_LOSS,HIGH,61.687392208125004,100,0.018985500298333884,3,1,0.1642391252237504,50.549902583999994,0,0.017406671128692014,0.07482427547614168,62.183169830350074,AI Recoverable,CONTINUE_MONITORING,0
25,30,9,0.0,NORMAL,LOW,72.00664744295001,100,0.184913670489563,4,2,0.3571766199161286,44.36437329300001,0,0.1881348279758807,0.07208551872421542,72.27748372144468,AI Recoverable,CONTINUE_MONITORING,1
25,30,10,0.2895961180222485,NORMAL,LOW,83.80334468820001,100,0.0,0,0,0.0,1.9023757965,0,0.0,0.07340796347718281,56.52893678229173,AI Recoverable,CONTINUE_MONITORING,0
25,31,1,0.0,NORMAL,LOW,64.27251319115001,100,0.04409830676460809,2,1,0.13307373007345608,48.832832119,0,0.044100492858059406,0.016209886438208976,69.41772390291753,AI Recoverable,CONTINUE_MONITORING,0
25,31,2,0.0,HIGH_PACKET_LOSS,HIGH,61.52084302149999,100,0.046769473901028764,2,1,0.1350771054257716,51.573579648,0,0.04100119404741682,0.06193755104048759,63.29696264248255,AI Recoverable,CONTINUE_MONITORING,0
25,31,3,0.0,NORMAL,LOW,76.7063942427,100,0.21874299193460328,3,1,0.31405724395095247,35.44705277715,0,0.21344788352309396,0.09322963064442646,72.67859790781233,AI Recoverable,CONTINUE_MONITORING,1
25,31,4,0.255724879296152,NORMAL,LOW,79.83316270205,100,0.0,0,0,0.0,10.5160403025,0,0.0,0.08084327445689954,57.52854736321219,AI Recoverable,CONTINUE_MONITORING,0
25,31,5,0.0,NORMAL,LOW,77.9575587084,100,0.22477291090333154,3,1,0.31857968317749863,34.5773685124,0,0.22332395690146634,0.08855874102335959,73.01472926149731,AI Recoverable,CONTINUE_MONITORING,1
25,31,6,0.0,NORMAL,LOW,66.09781606140001,100,0.05215822365865214,4,2,0.24433449010985434,44.41282610665,0,0.04736437947609924,0.01607662961944778,69.61489252744784,AI Recoverable,CONTINUE_MONITORING,0
25,31,7,0.27025465547779526,NORMAL,LOW,79.6794347976,100,0.0,1,0,0.05,10.586741481,0,0.0,0.08539420651882956,56.906231895306426,AI Recoverable,CONTINUE_MONITORING,0
25,31,8,0.0,HIGH_PACKET_LOSS,HIGH,62.764022505274994,100,0.020868061206622348,3,1,0.16565104590496676,48.192589833250004,0,0.017460961541638415,0.07452656095443833,62.228806815687875,AI Recoverable,CONTINUE_MONITORING,0
25,31,9,0.0,NORMAL,LOW,72.41628977604998,100,0.1895096044403828,4,2,0.3610831637743254,43.907948463000004,0,0.18658477448546684,0.07391762763223297,72.30809914285649,AI Recoverable,CONTINUE_MONITORING,1
25,31,10,0.2895961180222485,NORMAL,LOW,83.02484746735001,100,0.0,0,0,0.0,3.45689190045,0,0.0,0.07452989552302225,56.500888481145736,AI Recoverable,CONTINUE_MONITORING,0
25,32,1,0.0,NORMAL,LOW,64.12087655155001,100,0.04204875188967831,2,1,0.13153656391725874,49.190854413,0,0.04390077280817588,0.02506062607359949,69.15346711403534,AI Recoverable,CONTINUE_MONITORING,0
25,32,2,0.0,HIGH_PACKET_LOSS,HIGH,61.46300619625001,100,0.048518440137634254,2,1,0.1363888301032257,52.952987356,0,0.044336499037575215,0.052109852274336066,63.610987486270034,AI Recoverable,CONTINUE_MONITORING,0
25,32,3,0.0,NORMAL,LOW,77.1659176729,100,0.2208214815029078,3,1,0.31561611112718085,35.37986897355,0,0.2153417897497811,0.09341840728634532,72.73438734539734,AI Recoverable,CONTINUE_MONITORING,1
25,32,4,0.255724879296152,NORMAL,LOW,80.3160686865,100,0.0,0,0,0.0,9.384084828,0,0.0,0.07695434519724154,57.62577059470364,AI Recoverable,CONTINUE_MONITORING,0
25,32,5,0.0,NORMAL,LOW,79.03053965574999,100,0.2310173954169261,3,1,0.32326304656269456,33.528098705999994,0,0.2241166947828303,0.09626261913868439,72.9549493776997,AI Recoverable,CONTINUE_MONITORING,1
25,32,6,0.0,NORMAL,LOW,65.35037382875,100,0.05484562780474447,4,2,0.24661878363403283,46.322205200000006,0,0.04929621457439552,0.026358653844967606,69.43090835571465,AI Recoverable,CONTINUE_MONITORING,0
25,32,7,0.255724879296152,NORMAL,LOW,80.5086453518,100,0.0,1,0,0.05,9.485168895000001,0,0.0,0.0820367976078622,57.49870928443812,AI Recoverable,CONTINUE_MONITORING,0
25,32,8,0.0,HIGH_PACKET_LOSS,HIGH,63.37214382999999,100,0.02049003108769094,3,1,0.1653675233157682,47.50432748675,0,0.019385148544716773,0.07774570755219323,62.16000941839616,AI Recoverable,CONTINUE_MONITORING,0
25,32,9,0.0,NORMAL,LOW,73.48908027064999,100,0.19566848429064918,4,2,0.3663182116470518,41.4468382995,0,0.18662364346751553,0.07709091990296435,72.35233312291402,AI Recoverable,CONTINUE_MONITORING,1
25,32,10,0.2895961180222485,NORMAL,LOW,83.10915667535002,100,0.0,0,0,0.0,3.9995265082500002,0,0.0,0.07882802501965835,56.39343524372984,AI Recoverable,CONTINUE_MONITORING,0
25,33,1,0.0,NORMAL,LOW,64.23749309385,100,0.04129176168951291,2,1,0.1309688212671347,48.338316602,0,0.043633750120746384,0.023708508840282416,69.16946001399066,AI Recoverable,CONTINUE_MONITORING,0
25,33,2,0.0,HIGH_PACKET_LOSS,HIGH,61.55033435725,100,0.05350283923210506,2,1,0.1401271294240788,52.7010379785,0,0.0464109372025535,0.05967215351901933,63.542362318692156,AI Recoverable,CONTINUE_MONITORING,0
25,33,3,0.0,NORMAL,LOW,76.25032359615001,100,0.21928186787386664,3,1,0.3144614009054,37.18147628005,0,0.21669612461630017,0.09206452205807647,72.75098555218842,AI Recoverable,CONTINUE_MONITORING,1
25,33,4,0.255724879296152,NORMAL,LOW,79.7462203791,100,0.0,0,0,0.0,10.834390584,0,0.0,0.08084327445689954,57.52854736321219,AI Recoverable,CONTINUE_MONITORING,0
25,33,5,0.0,NORMAL,LOW,78.49582013695,100,0.2283121620265542,3,1,0.3212341215199156,33.618537909,0,0.22582063761416804,0.09182274748802355,73.02888092947217,AI Recoverable,CONTINUE_MONITORING,1
25,33,6,0.0,NORMAL,LOW,65.25462440555,100,0.05661162278133895,4,2,0.24811987936413812,47.3588452645,0,0.05060735012103001,0.026177334885804315,69.48387258469197,AI Recoverable,CONTINUE_MONITORING,0
25,33,7,0.255724879296152,NORMAL,LOW,79.9294634386,100,0.0,1,0,0.05,11.187956925,0,0.0,0.09129101714937271,57.267353795900355,AI Recoverable,CONTINUE_MONITORING,0
25,33,8,0.0,HIGH_PACKET_LOSS,HIGH,62.053988440524996,100,0.0189474263061788,3,1,0.1642105697296341,49.547136299499996,0,0.020223260372620257,0.07417663956580134,62.22676514070476,AI Recoverable,CONTINUE_MONITORING,0
25,33,9,0.0,NORMAL,LOW,72.96331023434999,100,0.19349175132267596,4,2,0.3644679886242746,42.3520060705,0,0.1891776917892396,0.07689585089409778,72.33921567199346,AI Recoverable,CONTINUE_MONITORING,1
25,33,10,0.2895961180222485,NORMAL,LOW,82.97014264,100,0.0,0,0,0.0,4.56717906,0,0.0,0.07882802501965835,56.39343524372984,AI Recoverable,CONTINUE_MONITORING,0
25,34,1,0.0,NORMAL,LOW,66.42181899515002,100,0.052454305223224126,2,1,0.1393407289174181,45.28264563035,0,0.04306596200115085,0.019294608469134666,69.49738051274763,AI Recoverable,CONTINUE_MONITORING,0
25,34,2,0.0,HIGH_PACKET_LOSS,HIGH,63.033939793250006,100,0.06583695206269731,2,1,0.149377714047023,51.75090629750001,0,0.04943714362634694,0.051888513594169794,64.01389763766318,AI Recoverable,CONTINUE_MONITORING,0
25,34,3,0.0,NORMAL,LOW,74.98940307535001,100,0.21590270703498218,3,1,0.31192703027623664,39.463271077,0,0.21705375896594037,0.09210492068997145,72.68596871310976,AI Recoverable,CONTINUE_MONITORING,1
25,34,4,0.255724879296152,NORMAL,LOW,80.20491361220002,100,0.0,0,0,0.0,10.087707226500001,0,0.0,0.07997771040055135,57.55018646462089,AI Recoverable,CONTINUE_MONITORING,0
25,34,5,0.0,NORMAL,LOW,78.609401005,100,0.226640013451345,3,1,0.31998001008850874,33.675096829000005,0,0.22527846289820114,0.09026983479820094,73.02883902805388,AI Recoverable,CONTINUE_MONITORING,1
25,34,6,0.0,NORMAL,LOW,64.65265882145,100,0.053818218028678894,4,2,0.24574548532437707,48.1767680835,0,0.05245854511158477,0.021285776514112564,69.5688053988366,AI Recoverable,CONTINUE_MONITORING,0
25,34,7,0.255724879296152,NORMAL,LOW,79.56520530225,100,0.0,1,0,0.05,10.9992800565,0,0.0,0.08643827318975528,57.3886723948908,AI Recoverable,CONTINUE_MONITORING,0
25,34,8,0.0,HIGH_PACKET_LOSS,HIGH,61.69994877162499,100,0.02148341792072061,3,1,0.16611256344054046,50.337761218,0,0.02003560272105611,0.07257684858853719,62.31560317091154,AI Recoverable,CONTINUE_MONITORING,0
25,34,9,0.0,NORMAL,LOW,72.34100421005,100,0.19244996577437565,4,2,0.3635824709082193,43.426446490000004,0,0.18983722048117752,0.07826299626979616,72.29079661355438,AI Recoverable,CONTINUE_MONITORING,1
25,34,10,0.2895961180222485,NORMAL,LOW,83.11512545890001,100,0.0,0,0,0.0,3.34521750285,0,0.0,0.07463182259032242,56.498340304463234,AI Recoverable,CONTINUE_MONITORING,0
25,35,1,0.0,NORMAL,LOW,65.52340001545001,100,0.05172024960783745,2,1,0.1387901872058781,46.998864284999996,0,0.04723068677763185,0.013623201576335231,69.66613182052468,AI Recoverable,CONTINUE_MONITORING,0
25,35,2,0.0,HIGH_PACKET_LOSS,HIGH,62.14157272150002,100,0.05883753681367465,2,1,0.144128152610256,53.80416371,0,0.055418051673464364,0.05439900229889172,63.87095619553585,AI Recoverable,CONTINUE_MONITORING,0
25,35,3,0.0,NORMAL,LOW,75.30552484584999,100,0.2178948117702792,3,1,0.31342110882770935,38.3704606109,0,0.21715797620871916,0.09410907627020271,72.67674909073772,AI Recoverable,CONTINUE_MONITORING,1
25,35,4,0.255724879296152,NORMAL,LOW,81.43229711785,100,0.0,0,0,0.0,8.0037613755,0,0.0,0.07743107941049421,57.61385223937232,AI Recoverable,CONTINUE_MONITORING,0
25,35,5,0.0,NORMAL,LOW,78.46726517175,100,0.22734924021330427,3,1,0.3205119301599782,34.25672827645,0,0.22614128223422975,0.08902452670084182,73.08278445908734,AI Recoverable,CONTINUE_MONITORING,1
25,35,6,0.0,NORMAL,LOW,64.04288329500001,100,0.05064486559255476,4,2,0.24304813575367157,48.280200375999996,0,0.052906251378581,0.019458587317473297,69.55549514270005,AI Recoverable,CONTINUE_MONITORING,0
25,35,7,0.27992222207052625,NORMAL,LOW,78.81812780065,100,0.0,1,0,0.05,11.888967793499999,0,0.0,0.08586703137398621,56.55604644318193,AI Recoverable,CONTINUE_MONITORING,0
25,35,8,0.0,HIGH_PACKET_LOSS,HIGH,62.519985930875,100,0.021342497634959982,3,1,0.16600687322622,49.192586795,0,0.020553446530952705,0.07530531811757502,62.24975146506936,AI Recoverable,CONTINUE_MONITORING,0
25,35,9,0.0,NORMAL,LOW,72.62410114750001,100,0.20212167185192406,4,2,0.37180342107413544,42.5035688,0,0.19157967641678322,0.08643694436790139,72.29730659200877,AI Recoverable,CONTINUE_MONITORING,1
25,35,10,0.29933416768852256,NORMAL,LOW,82.24376974445,100,0.0,0,0,0.0,4.7655419085,0,0.0,0.07483920996049354,56.152323881889366,AI Recoverable,CONTINUE_MONITORING,0
25,36,1,0.0,NORMAL,LOW,66.71196652595002,100,0.055982107161849703,2,1,0.14198658037138728,45.2461421379,0,0.04794194740683176,0.024465992356335398,69.48741180839693,AI Recoverable,CONTINUE_MONITORING,0
25,36,2,0.0,HIGH_PACKET_LOSS,HIGH,60.971387035,100,0.05601780993071668,2,1,0.1420133574480375,55.645481940500005,0,0.055936394944702,0.057866047555353184,63.73306895917753,AI Recoverable,CONTINUE_MONITORING,0
25,36,3,0.0,NORMAL,LOW,75.76832916250001,100,0.22016533925387946,3,1,0.31512400444040956,37.52619304125,0,0.21833858394741323,0.09330798619325709,72.75399296972029,AI Recoverable,CONTINUE_MONITORING,1
25,36,4,0.255724879296152,NORMAL,LOW,81.28531589,100,0.0,0,0,0.0,7.508378718,0,0.0,0.07233865451487609,57.741162861762774,AI Recoverable,CONTINUE_MONITORING,0
25,36,5,0.0,NORMAL,LOW,78.46535799910001,100,0.2285816559397533,3,1,0.32143624195481496,33.609726493,0,0.2275376131455958,0.0913089273954788,73.06428606536406,AI Recoverable,CONTINUE_MONITORING,1
25,36,6,0.0,NORMAL,LOW,64.16170615425001,100,0.05530601963667492,4,2,0.2470101166911737,48.470632727499996,0,0.052724457779002115,0.026035925978436292,69.4824668210626,AI Recoverable,CONTINUE_MONITORING,0
25,36,7,0.270272013115564,NORMAL,LOW,78.68045941495,100,0.0,1,0,0.05,11.996286489000001,0,0.0,0.0852126526172512,56.91016322552398,AI Recoverable,CONTINUE_MONITORING,0
25,36,8,0.0,HIGH_PACKET_LOSS,HIGH,62.409334650725,100,0.017749177332188934,3,1,0.1633118829991417,49.3336756355,0,0.02084115007235217,0.07408956546974754,62.21115591062362,AI Recoverable,CONTINUE_MONITORING,0
25,36,9,0.0,NORMAL,LOW,71.73600210650001,100,0.20509832644381903,4,2,0.3743335774772462,44.0030344845,0,0.19689030843077832,0.09062717051835256,72.30519035022535,AI Recoverable,CONTINUE_MONITORING,1
25,36,10,0.2944893530100727,NORMAL,LOW,81.62192113790002,100,0.0,0,0,0.0,5.240302713,0,0.0,0.07614750674291504,56.28918497607458,AI Recoverable,CONTINUE_MONITORING,0
25,37,1,0.0,NORMAL,LOW,66.19481942605,100,0.05771086885228899,2,1,0.14328315163921673,46.1162537545,0,0.050884236728649265,0.022956785078957043,69.58914011735834,AI Recoverable,CONTINUE_MONITORING,0
25,37,2,0.0,HIGH_PACKET_LOSS,HIGH,60.61688907,100,0.054652421515656295,2,1,0.14098931613674223,56.4574017315,0,0.056385243923970915,0.056848396962786985,63.73569094548316,AI Recoverable,CONTINUE_MONITORING,0
25,37,3,0.0,NORMAL,LOW,74.7696406617,100,0.2186599589088871,3,1,0.3139949691816653,39.151663600499994,0,0.21921887081719196,0.09446321606565622,72.70380748470825,AI Recoverable,CONTINUE_MONITORING,1
25,37,4,0.27025465547779526,NORMAL,LOW,80.39538781840001,100,0.0,0,0,0.0,8.859672729,0,0.0,0.07444640760616716,57.179926868122976,AI Recoverable,CONTINUE_MONITORING,0
25,37,5,0.0,NORMAL,LOW,78.74747625395,100,0.23109559111157685,3,1,0.32332169333368266,33.8583279944,0,0.22844056216862954,0.08950879992976957,73.16859744567358,AI Recoverable,CONTINUE_MONITORING,1
25,37,6,0.0,NORMAL,LOW,65.232150182,100,0.056767945843840345,4,2,0.24825275396726432,46.5316106025,0,0.054563495429161356,0.02937151053350595,69.44670610783076,AI Recoverable,CONTINUE_MONITORING,0
25,37,7,0.27992222207052625,NORMAL,LOW,78.9452904052,100,0.0,1,0,0.05,11.6386695315,0,0.0,0.08586703137398621,56.55604644318193,AI Recoverable,CONTINUE_MONITORING,0
25,37,8,0.0,HIGH_PACKET_LOSS,HIGH,62.265943247925,100,0.015046640295961516,3,1,0.16128498022197113,48.09436957504999,0,0.019326510239100175,0.0755423519302647,62.10563911005362,AI Recoverable,CONTINUE_MONITORING,0
25,37,9,0.0,NORMAL,LOW,71.5129866585,100,0.20069419308063427,4,2,0.3705900641185391,44.415430463,0,0.19996572588882786,0.09025947448831795,72.25705425829301,AI Recoverable,CONTINUE_MONITORING,1
25,37,10,0.2944893530100727,NORMAL,LOW,81.63777128015,100,0.0,0,0,0.0,4.5317089215,0,0.0,0.07962479873966732,56.20225267615577,AI Recoverable,CONTINUE_MONITORING,0
25,38,1,0.0,NORMAL,LOW,67.79585794365,100,0.06644503095533864,2,1,0.14983377321650398,44.26243858584999,0,0.053595561610546544,0.021421778428277083,69.82931177450531,AI Recoverable,CONTINUE_MONITORING,0
25,38,2,0.0,HIGH_PACKET_LOSS,HIGH,61.403610965199995,100,0.06622770785901363,2,1,0.14967078089426022,56.798847200000004,0,0.05683438479237589,0.06137005572872256,63.85864661188596,AI Recoverable,CONTINUE_MONITORING,0
25,38,3,0.0,NORMAL,LOW,74.66614342599999,100,0.22108048769446761,3,1,0.3158103657708507,38.986332882,0,0.21846464355053136,0.09579143351441066,72.71147035153439,AI Recoverable,CONTINUE_MONITORING,1
25,38,4,0.255724879296152,NORMAL,LOW,80.62270305145,100,0.0,0,0,0.0,9.1294975665,0,0.0,0.07480196788368221,57.67958002754262,AI Recoverable,CONTINUE_MONITORING,0
25,38,5,0.0,NORMAL,LOW,77.5282095023,100,0.22980110800494893,3,1,0.3223508310037117,35.54450210295,0,0.22920569011742775,0.0928153119212759,73.06769626324136,AI Recoverable,CONTINUE_MONITORING,1
25,38,6,0.0,NORMAL,LOW,65.42381837650001,100,0.05906991232129905,4,2,0.2502094254731042,46.4777254865,0,0.0552711978167844,0.03126087024179092,69.45258846854905,AI Recoverable,CONTINUE_MONITORING,0
25,38,7,0.255724879296152,NORMAL,LOW,78.76136820105,100,0.0,1,0,0.05,12.815753008500002,0,0.0,0.08793661759961502,57.35121378464431,AI Recoverable,CONTINUE_MONITORING,0
25,38,8,0.0,HIGH_PACKET_LOSS,HIGH,62.625124250824996,100,0.018397765011040266,3,1,0.16379832375828018,49.02987483375,0,0.01775367441738983,0.07423352874586131,62.18965382574817,AI Recoverable,CONTINUE_MONITORING,0
25,38,9,0.0,NORMAL,LOW,70.87588903225,100,0.19828482653389434,4,2,0.36854210255381026,44.9593075605,0,0.1993480851104703,0.09019763612116438,72.20423647875347,AI Recoverable,CONTINUE_MONITORING,1
25,38,10,0.2944893530100727,NORMAL,LOW,82.37939436485,100,0.0,0,0,0.0,3.5608057033500002,0,0.0,0.07512469211891759,56.31475534167451,AI Recoverable,CONTINUE_MONITORING,0
25,39,1,0.0,NORMAL,LOW,68.0684259364,100,0.07318389538865465,2,1,0.154887921541491,44.845255809499996,0,0.05973726793867703,0.025895237843218677,69.9136696410794,AI Recoverable,CONTINUE_MONITORING,0
25,39,2,0.0,HIGH_PACKET_LOSS,HIGH,61.442113625249995,100,0.06803218969902626,2,1,0.1510241422742697,57.683189647999995,0,0.062088452303150285,0.05409385914948284,64.12918183827496,AI Recoverable,CONTINUE_MONITORING,0
25,39,3,0.0,NORMAL,LOW,75.11640211785,100,0.22385425788388083,3,1,0.31789069341291065,37.40862404115,0,0.21944260896108964,0.10009327266565471,72.66917943064715,AI Recoverable,CONTINUE_MONITORING,1
25,39,4,0.2991518991833152,NORMAL,LOW,81.00610630385002,100,0.0,0,0,0.0,7.2868172714999995,0,0.0,0.07266606113052343,56.21303200032089,AI Recoverable,CONTINUE_MONITORING,0
25,39,5,0.0,NORMAL,LOW,77.342914301,100,0.22840421388065013,3,1,0.32130316041048756,35.92086029744999,0,0.22902579762241462,0.09303593674976762,73.03244383509295,AI Recoverable,CONTINUE_MONITORING,1
25,39,6,0.0,NORMAL,LOW,64.34256563474999,100,0.05699795125350005,4,2,0.24844825856547506,47.694168812,0,0.05630594829561643,0.03181042133268874,69.40775797470894,AI Recoverable,CONTINUE_MONITORING,0
25,39,7,0.255724879296152,NORMAL,LOW,78.11487956755,100,0.0,1,0,0.05,14.273734950000001,0,0.0,0.09035920185989776,57.29064917813723,AI Recoverable,CONTINUE_MONITORING,0
25,39,8,0.0,HIGH_PACKET_LOSS,HIGH,62.907560561150014,100,0.01816667062900058,3,1,0.16362500297175042,48.14124425965,0,0.01868205925059406,0.07471841527658041,62.18219362317144,AI Recoverable,CONTINUE_MONITORING,0
25,39,9,0.0,NORMAL,LOW,70.01106267549999,100,0.20343947158325448,4,2,0.37292355084576634,46.598251274000006,0,0.19929630567601891,0.10206549111289054,72.010115210603,AI Recoverable,CONTINUE_MONITORING,1
25,39,10,0.299346976618667,NORMAL,LOW,83.31103536870002,100,0.0,0,0,0.0,1.6790033493,0,0.0,0.07099101893813364,56.24808034489332,AI Recoverable,CONTINUE_MONITORING,0
25,40,1,0.0,NORMAL,LOW,68.08653598155001,100,0.06822220533544142,2,1,0.15116665400158108,44.37961630785,0,0.06466106989183211,0.021420687537695438,69.97553761718476,AI Recoverable,CONTINUE_MONITORING,0
25,40,2,0.0,HIGH_PACKET_LOSS,HIGH,60.10270560894999,100,0.05844768084227779,2,1,0.14383576063170833,59.532683368,0,0.06293713012424013,0.06874628944343042,63.579667682002196,AI Recoverable,CONTINUE_MONITORING,0
25,40,3,0.0,NORMAL,LOW,74.86592297600001,100,0.22385493138800722,3,1,0.31789119854100545,38.621561665,0,0.22138795713675943,0.09858559173707548,72.72633840570084,AI Recoverable,CONTINUE_MONITORING,1
25,40,4,0.255724879296152,NORMAL,LOW,81.5825455618,100,0.0,0,0,0.0,6.729799707000001,0,0.0,0.07297996108298077,57.72513019756016,AI Recoverable,CONTINUE_MONITORING,0
25,40,5,0.0,NORMAL,LOW,78.2836801321,100,0.22925276688368212,3,1,0.3219395751627616,34.676231463099995,0,0.2288537174452277,0.08863151785156698,73.15780456583674,AI Recoverable,CONTINUE_MONITORING,1
25,40,6,0.0,NORMAL,LOW,64.85716147474999,100,0.057909431241796754,4,2,0.24922301655552725,45.8544537295,0,0.05612952262675168,0.040726067752209216,69.20133215729822,AI Recoverable,CONTINUE_MONITORING,0
25,40,7,0.2991518991833152,NORMAL,LOW,77.3348475984,100,0.0,1,0,0.05,15.3053818335,0,0.0,0.10774390553130686,55.33608589030129,AI Recoverable,CONTINUE_MONITORING,0
25,40,8,0.0,HIGH_PACKET_LOSS,HIGH,62.07663513325,100,0.015384128524170941,3,1,0.1615380963931282,49.385144238500004,0,0.018148386315141353,0.07462539104400867,62.12353165753461,AI Recoverable,CONTINUE_MONITORING,0
25,40,9,0.0,NORMAL,LOW,69.20964175325,100,0.20283613040939413,4,2,0.37241071084798505,48.070693008999996,0,0.20238123000407,0.10516742790061939,71.95134921071309,AI Recoverable,CONTINUE_MONITORING,1
25,40,10,0.2944893530100727,NORMAL,LOW,82.385660822,100,0.0,0,0,0.0,2.89362187125,0,0.0,0.0762569166532664,56.28644972831579,AI Recoverable,CONTINUE_MONITORING,0
25,41,1,0.0,NORMAL,LOW,68.03456613255,100,0.0708643890480907,2,1,0.15314829178606804,44.0184574806,0,0.0654828366777327,0.02389057257143712,69.97485183345322,AI Recoverable,CONTINUE_MONITORING,0
25,41,2,0.0,HIGH_PACKET_LOSS,HIGH,61.299085623100005,100,0.0688707545988069,2,1,0.1516530659491052,57.694642172,0,0.06000719763122003,0.05807097675852513,64.02571264932521,AI Recoverable,CONTINUE_MONITORING,0
25,41,3,0.0,NORMAL,LOW,74.85061770925,100,0.2237349269748017,3,1,0.3178011952311013,39.019042508,0,0.22222257593447925,0.09725170857263787,72.76563158452487,AI Recoverable,CONTINUE_MONITORING,1
25,41,4,0.27025465547779526,NORMAL,LOW,81.09491478895,100,0.0,0,0,0.0,7.351437122999999,0,0.0,0.07242868819591908,57.23036985337918,AI Recoverable,CONTINUE_MONITORING,0
25,41,5,0.0,NORMAL,LOW,77.16072009515001,100,0.2220515429197151,3,1,0.31653865718978635,35.934472897250004,0,0.2293747770799902,0.09111182799263817,72.95698292937824,AI Recoverable,CONTINUE_MONITORING,1
25,41,6,0.0,NORMAL,LOW,64.0282698655,100,0.05485796634861662,4,2,0.24662927139632415,48.243822535999996,0,0.057420005814134575,0.028500649491088992,69.45884314783645,AI Recoverable,CONTINUE_MONITORING,0
25,41,7,0.27025465547779526,NORMAL,LOW,78.55370486160001,100,0.0,1,0,0.05,13.1850822015,0,0.0,0.08715359396759492,56.86224720908729,AI Recoverable,CONTINUE_MONITORING,0
25,41,8,0.0,HIGH_PACKET_LOSS,HIGH,62.85047930105,100,0.020020802990035298,3,1,0.16501560224252648,47.7941674215,0,0.016479452008181995,0.07471577011599018,62.197316326982765,AI Recoverable,CONTINUE_MONITORING,0
25,41,9,0.0,NORMAL,LOW,68.15515810225001,100,0.20632600443821705,4,2,0.37537710377248457,49.8110168305,0,0.2023002518499577,0.10597313539549402,72.00019422237656,AI Recoverable,CONTINUE_MONITORING,1
25,41,10,0.29932337134709447,NORMAL,LOW,83.28052350325001,100,0.0,0,0,0.0,1.08090671535,0,0.0,0.0778716831232048,56.076889924771564,AI Recoverable,CONTINUE_MONITORING,0
25,42,1,0.0,NORMAL,LOW,68.70194390385001,100,0.07401861136239346,2,1,0.15551395852179511,42.2880337988,0,0.06835901125560122,0.026498482430830528,70.00150027903311,AI Recoverable,CONTINUE_MONITORING,0
25,42,2,0.0,HIGH_PACKET_LOSS,HIGH,61.34863162960001,100,0.07774571397069575,2,1,0.1583092854780218,58.7112758805,0,0.0649335320117114,0.07356496333629814,63.86512551612358,AI Recoverable,CONTINUE_MONITORING,0
25,42,3,0.0,NORMAL,LOW,74.990861522,100,0.2178166752465188,3,1,0.31336250643488905,38.4871757415,0,0.22268631689144675,0.0952348110412069,72.70232639781467,AI Recoverable,CONTINUE_MONITORING,1
25,42,4,0.255724879296152,NORMAL,LOW,80.71866354705001,100,0.0,0,0,0.0,9.0674429085,0,0.0,0.07457046547801349,57.68536758768435,AI Recoverable,CONTINUE_MONITORING,0
25,42,5,0.0,NORMAL,LOW,78.2222234031,100,0.21901154651809285,3,1,0.3142586598885696,34.1727774449,0,0.22630019406799473,0.08528813892185216,73.0110293979955,AI Recoverable,CONTINUE_MONITORING,1
25,42,6,0.0,NORMAL,LOW,63.3117800435,100,0.05548681967714049,4,2,0.24716379672556943,49.099692065,0,0.056441838885852386,0.0365016738593833,69.26161293591674,AI Recoverable,CONTINUE_MONITORING,0
25,42,7,0.27025465547779526,NORMAL,LOW,79.4577998423,100,0.0,1,0,0.05,11.05431615,0,0.0,0.08587526523363054,56.8942054274364,AI Recoverable,CONTINUE_MONITORING,0
25,42,8,0.0,HIGH_PACKET_LOSS,HIGH,63.32674566459999,100,0.023752053431719152,3,1,0.16781404007378936,47.4384834943,0,0.018188481940039792,0.06903242133763632,62.43111535459388,AI Recoverable,CONTINUE_MONITORING,0
25,42,9,0.0,NORMAL,LOW,67.50358635975,100,0.19985878230239268,4,2,0.3698799649570338,49.845227896999994,0,0.2035190889778203,0.10699433677545434,71.85750811643969,AI Recoverable,CONTINUE_MONITORING,1
25,42,10,0.2944893530100727,NORMAL,LOW,82.73655615170001,100,0.0,0,0,0.0,2.6649936378000003,0,0.0,0.07229345886438387,56.385536173037856,AI Recoverable,CONTINUE_MONITORING,0
25,43,1,0.0,NORMAL,LOW,68.22326162009999,100,0.07555077690618513,2,1,0.15666308267963885,43.58478310524999,0,0.07158836190130669,0.025624861731475157,70.08627761384989,AI Recoverable,CONTINUE_MONITORING,0
25,43,2,0.0,HIGH_PACKET_LOSS,HIGH,61.33174069199999,100,0.08940954007597922,2,1,0.16705715505698443,59.95859316549999,0,0.07082908076698358,0.07772645990020433,64.05332011168431,AI Recoverable,CONTINUE_MONITORING,0
25,43,3,0.0,NORMAL,LOW,75.105324956,100,0.2200907102957475,3,1,0.3150680327218106,39.22904743,0,0.2207927816602303,0.09014469378914025,72.85612467778874,AI Recoverable,CONTINUE_MONITORING,1
25,43,4,0.255724879296152,NORMAL,LOW,80.10524261,100,0.0,0,0,0.0,11.0132041275,0,0.0,0.0862853037639475,57.392496630535994,AI Recoverable,CONTINUE_MONITORING,0
25,43,5,0.0,NORMAL,LOW,78.08053747404999,100,0.2220606359924323,3,1,0.3165454769943242,35.2246371722,0,0.22369642890442032,0.09691782763478896,72.75523131802312,AI Recoverable,CONTINUE_MONITORING,1
25,43,6,0.0,NORMAL,LOW,63.73372196025,100,0.05734701589821546,4,2,0.24874496351348316,49.0871421175,0,0.05645113722107156,0.032586345269534966,69.39679305843664,AI Recoverable,CONTINUE_MONITORING,0
25,43,7,0.255724879296152,NORMAL,LOW,80.18092517785,100,0.0,1,0,0.05,9.7588988595,0,0.0,0.08181989308356874,57.50413189754546,AI Recoverable,CONTINUE_MONITORING,0
25,43,8,0.0,HIGH_PACKET_LOSS,HIGH,63.43157353285002,100,0.026341453210309604,3,1,0.1697560899077322,46.730911980500004,0,0.020526614911551017,0.06611257332853193,62.5792808801084,AI Recoverable,CONTINUE_MONITORING,0
25,43,9,0.0,NORMAL,LOW,68.0588771605,100,0.2091651484359693,4,2,0.377790376170574,49.0281397635,0,0.20146196482811918,0.10877281757503832,71.97860217762461,AI Recoverable,CONTINUE_MONITORING,1
25,43,10,0.2944893530100727,NORMAL,LOW,82.31817331695001,100,0.0,0,0,0.0,3.41728037145,0,0.0,0.07613012944638242,56.28961940848789,AI Recoverable,CONTINUE_MONITORING,0
25,44,1,0.0,NORMAL,LOW,68.711141016,100,0.07473516901777598,2,1,0.15605137676333197,42.74085014645,0,0.07332281599756268,0.02869947703520992,70.01044461445089,AI Recoverable,CONTINUE_MONITORING,0
25,44,2,0.0,HIGH_PACKET_LOSS,HIGH,62.5460584696,100,0.09764070124461459,2,1,0.17323052593346094,57.4516441895,0,0.07757368510894379,0.07339933102550056,64.39356760034421,AI Recoverable,CONTINUE_MONITORING,0
25,44,3,0.0,NORMAL,LOW,75.83959632530001,100,0.22683361286203288,3,1,0.3201252096465247,37.67339878605,0,0.2213364233391781,0.0932051693648327,72.91990725651162,AI Recoverable,CONTINUE_MONITORING,1
25,44,4,0.255724879296152,NORMAL,LOW,78.92798424285,100,0.0,0,0,0.0,13.1568076125,0,0.0,0.08561072523396307,57.409361093785606,AI Recoverable,CONTINUE_MONITORING,0
25,44,5,0.0,NORMAL,LOW,78.9333544015,100,0.23158484875941593,3,1,0.3236886365695619,33.510062418000004,0,0.22352748966496983,0.09212141927894557,73.06393638986437,AI Recoverable,CONTINUE_MONITORING,1
25,44,6,0.0,NORMAL,LOW,65.1296206285,100,0.06117365566831793,4,2,0.25199760731807025,46.622791128,0,0.05676799058816234,0.03779887710592067,69.34618109159996,AI Recoverable,CONTINUE_MONITORING,0
25,44,7,0.255724879296152,NORMAL,LOW,80.57429977805,100,0.0,1,0,0.05,9.1734915735,0,0.0,0.07999453971935011,57.54976573165093,AI Recoverable,CONTINUE_MONITORING,0
25,44,8,0.0,HIGH_PACKET_LOSS,HIGH,64.451249155,100,0.02757243187330183,3,1,0.17067932390497637,44.46097542004999,0,0.02241555119302586,0.06389775689103872,62.67816022712033,AI Recoverable,CONTINUE_MONITORING,0
25,44,9,0.0,NORMAL,LOW,68.75570813075,100,0.2123546410252374,4,2,0.3805014448714518,48.458109018,0,0.20577711973448265,0.10851551072694943,72.09197624967584,AI Recoverable,CONTINUE_MONITORING,1
25,44,10,0.2944893530100727,NORMAL,LOW,82.98439810440001,100,0.0,0,0,0.0,1.2657239721,0,0.0,0.0754363778080035,56.30696319944737,AI Recoverable,CONTINUE_MONITORING,0
25,45,1,0.0,NORMAL,LOW,68.47067917390001,100,0.08097432683461694,2,1,0.16073074512596272,43.39736724765,0,0.07329531193911692,0.02392707144551265,70.25426286994568,AI Recoverable,CONTINUE_MONITORING,0
25,45,2,0.0,HIGH_PACKET_LOSS,HIGH,62.91908539855,100,0.11126837964259392,2,1,0.18345128473194544,58.7529648815,0,0.08418822507591676,0.075800574511242,64.67223548083,AI Recoverable,CONTINUE_MONITORING,0
25,45,3,0.0,NORMAL,LOW,76.8720772274,100,0.2269113955686686,3,1,0.32018354667650145,36.0304803979,0,0.22377640380600497,0.09340649589483019,72.94082955206265,AI Recoverable,CONTINUE_MONITORING,1
25,45,4,0.255724879296152,NORMAL,LOW,79.353010508,100,0.0,0,0,0.0,12.705726357000001,0,0.0,0.08756444500394167,57.36051809953614,AI Recoverable,CONTINUE_MONITORING,0
25,45,5,0.0,NORMAL,LOW,79.29261434725,100,0.23602168427306258,3,1,0.32701626320479693,33.363945597,0,0.22683004237809212,0.10013547474989604,72.98534724049478,AI Recoverable,CONTINUE_MONITORING,1
25,45,6,0.0,NORMAL,LOW,64.36261477250001,100,0.05859392917728912,4,2,0.24980483980069576,48.733580450000005,0,0.058500581137267596,0.029184517128308052,69.52727146671074,AI Recoverable,CONTINUE_MONITORING,0
25,45,7,0.255724879296152,NORMAL,LOW,81.37566782880002,100,0.0,1,0,0.05,7.009274799,0,0.0,0.07808533107202409,57.597495947834076,AI Recoverable,CONTINUE_MONITORING,0
25,45,8,0.0,HIGH_PACKET_LOSS,HIGH,65.8550590312,100,0.03360205779569161,3,1,0.17520154334676868,43.100513297999996,0,0.024101651366125704,0.046208312760525616,63.25784985056194,AI Recoverable,CONTINUE_MONITORING,0
25,45,9,0.0,NORMAL,LOW,68.84704717525001,100,0.21849915621164306,4,2,0.3857242827798966,48.7499137055,0,0.2079820912331407,0.10985179398517475,72.2035091869349,AI Recoverable,CONTINUE_MONITORING,1
25,45,10,0.2944893530100727,NORMAL,LOW,82.67201726565001,100,0.0,0,0,0.0,2.6258524065,0,0.0,0.0727934390604208,56.37303666813693,AI Recoverable,CONTINUE_MONITORING,0
25,46,1,0.0,NORMAL,LOW,69.01592501190001,100,0.07580673816420931,2,1,0.156855053623157,41.8669956108,0,0.07695235629405378,0.028449877950859515,70.07441137745323,AI Recoverable,CONTINUE_MONITORING,0
25,46,2,0.0,HIGH_PACKET_LOSS,HIGH,61.47468837185001,100,0.09905019634202214,2,1,0.1742876472565166,60.2221143115,0,0.09567142642735482,0.07924890986633482,64.45649544445561,AI Recoverable,CONTINUE_MONITORING,0
25,46,3,0.0,NORMAL,LOW,77.06306001485001,100,0.22868379737170547,3,1,0.3215128480287791,36.60611787255,0,0.22422764360328828,0.09371507183171279,72.97307558767416,AI Recoverable,CONTINUE_MONITORING,1
25,46,4,0.255724879296152,NORMAL,LOW,78.451653682,100,0.0,0,0,0.0,14.7337792155,0,0.0,0.0948882270052318,57.17742354950388,AI Recoverable,CONTINUE_MONITORING,0
25,46,5,0.0,NORMAL,LOW,79.14345330100001,100,0.23248270954255185,3,1,0.32436203215691384,33.481897511999996,0,0.2291087414666994,0.09790860481136532,72.9930264852339,AI Recoverable,CONTINUE_MONITORING,1
25,46,6,0.0,NORMAL,LOW,63.57016388999999,100,0.054857169547718757,4,2,0.24662859411556096,50.057199403999995,0,0.05782249290092788,0.026360744182307827,69.51634971540595,AI Recoverable,CONTINUE_MONITORING,0
25,46,7,0.255724879296152,NORMAL,LOW,80.84516898330001,100,0.0,1,0,0.05,8.5654785375,0,0.0,0.07909282465207534,57.57230860833279,AI Recoverable,CONTINUE_MONITORING,0
25,46,8,0.0,HIGH_PACKET_LOSS,HIGH,66.36197385235,100,0.034550547867387524,3,1,0.17591291090054065,43.017697532,0,0.02846104924085553,0.040299779089223886,63.46812697252571,AI Recoverable,CONTINUE_MONITORING,0
25,46,9,0.0,NORMAL,LOW,68.8768273705,100,0.21970524604285713,4,2,0.38674945913642855,47.9951293045,0,0.21201826940137725,0.10899388453948089,72.28944050138388,AI Recoverable,CONTINUE_MONITORING,1
25,46,10,0.3187754235017754,NORMAL,LOW,82.43357996690001,100,0.0,0,0,0.0,4.1028782004,0,0.0,0.07305552500599533,55.516472052287966,AI Recoverable,CONTINUE_MONITORING,0
25,47,1,0.0,NORMAL,LOW,69.08433779625001,100,0.07565295053894061,2,1,0.15673971290420546,40.9062547199,0,0.0760940085691881,0.03480820251279959,69.9037940336507,AI Recoverable,CONTINUE_MONITORING,0
25,47,2,0.0,HIGH_PACKET_LOSS,HIGH,61.5967587785,100,0.09426443827515624,2,1,0.1706983287063672,59.134797391,0,0.09623109328123343,0.07790139386546258,64.40006485167889,AI Recoverable,CONTINUE_MONITORING,0
25,47,3,0.0,NORMAL,LOW,76.1953403703,100,0.2212746188138913,3,1,0.3159559641104185,38.2567604578,0,0.2254522059997659,0.09267375929893584,72.86317045380208,AI Recoverable,CONTINUE_MONITORING,1
25,47,4,0.255724879296152,NORMAL,LOW,77.777517188,100,0.0,0,0,0.0,16.250586327,0,0.0,0.12023851023551146,56.54366646874689,AI Recoverable,CONTINUE_MONITORING,0
25,47,5,0.0,NORMAL,LOW,78.76374896500002,100,0.22356644093849795,3,1,0.3176748307038735,33.781498205,0,0.2295074123747433,0.0948278734250163,72.89570610689198,AI Recoverable,CONTINUE_MONITORING,1
25,47,6,0.0,NORMAL,LOW,64.22150179865001,100,0.05050814359467459,4,2,0.24293192205547343,48.7700248495,0,0.05670135345993106,0.016239373944707758,69.6711920578751,AI Recoverable,CONTINUE_MONITORING,0
25,47,7,0.255724879296152,NORMAL,LOW,80.7832637258,100,0.0,1,0,0.05,9.432779904,0,0.0,0.08637416816861776,57.39027502041923,AI Recoverable,CONTINUE_MONITORING,0
25,47,8,0.0,HIGH_PACKET_LOSS,HIGH,65.70826275969999,100,0.030537649274505002,3,1,0.17290323695587875,44.59806202645,0,0.030779760545193616,0.05813980037857858,62.96505558147757,AI Recoverable,CONTINUE_MONITORING,0
25,47,9,0.0,NORMAL,LOW,67.74680877750001,100,0.20468834645956097,4,2,0.3739850944906269,49.79164204,0,0.21425319017539107,0.10647006965229966,72.07454708963763,AI Recoverable,CONTINUE_MONITORING,1
25,47,10,0.2944893530100727,NORMAL,LOW,82.64436532750001,100,0.0,0,0,0.0,2.79536082075,0,0.0,0.07200887804390688,56.39265069354978,AI Recoverable,CONTINUE_MONITORING,0
25,48,1,0.0,NORMAL,LOW,67.53726003015001,100,0.06455032983899756,2,1,0.14841274737924817,43.0068834757,0,0.0762766797663241,0.023962741451457936,69.95470485815673,AI Recoverable,CONTINUE_MONITORING,0
25,48,2,0.0,HIGH_PACKET_LOSS,HIGH,61.44545320225,100,0.07865256983031599,2,1,0.158989427372737,57.959500064500006,0,0.09710798726379812,0.06981405858983558,64.29877980449841,AI Recoverable,CONTINUE_MONITORING,0
25,48,3,0.0,NORMAL,LOW,75.70246384874999,100,0.21956763077948738,3,1,0.31467572308461556,39.2742746235,0,0.22371356453185376,0.09308117121266024,72.80145898059178,AI Recoverable,CONTINUE_MONITORING,1
25,48,4,0.255724879296152,NORMAL,LOW,77.97508571600001,100,0.0,0,0,0.0,15.806057139000002,0,0.0,0.11800264252414072,56.599563161531165,AI Recoverable,CONTINUE_MONITORING,0
25,48,5,0.0,NORMAL,LOW,77.8431507577,100,0.22565075555721292,3,1,0.31923806666790966,35.6249660072,0,0.22747021701238385,0.09314233582984754,72.95915888552192,AI Recoverable,CONTINUE_MONITORING,1
25,48,6,0.0,NORMAL,LOW,63.39036520504999,100,0.04953502474741128,4,2,0.2421047710352996,50.841455366,0,0.05469963102247259,0.017421538526758873,69.60215834200397,AI Recoverable,CONTINUE_MONITORING,0
25,48,7,0.255724879296152,NORMAL,LOW,80.74313746440001,100,0.0,1,0,0.05,9.364542282,0,0.0,0.08540758324216624,57.414439643580515,AI Recoverable,CONTINUE_MONITORING,0
25,48,8,0.0,HIGH_PACKET_LOSS,HIGH,65.76793192195,100,0.027398651909383065,3,1,0.1705489889320373,43.673635695,0,0.03052587438531888,0.06777215515434087,62.658927903182324,AI Recoverable,CONTINUE_MONITORING,0
25,48,9,0.0,NORMAL,LOW,67.99816741625,100,0.20908000591582682,4,2,0.3777180050284528,48.955735729,0,0.21042425928240577,0.10945111919691941,72.04956473121761,AI Recoverable,CONTINUE_MONITORING,1
25,48,10,0.2944893530100727,NORMAL,LOW,82.78982869735,100,0.0,0,0,0.0,1.68350414445,0,0.0,0.0756511224674451,56.30159458296132,AI Recoverable,CONTINUE_MONITORING,0
25,49,1,0.0,NORMAL,LOW,67.67532012340001,100,0.06434973986349467,2,1,0.148262304897621,42.811669640299996,0,0.07140583096693492,0.025993635921114477,69.85121220891138,AI Recoverable,CONTINUE_MONITORING,0
25,49,2,0.0,HIGH_PACKET_LOSS,HIGH,60.7436384045,100,0.0766449199569543,2,1,0.15748368996771572,58.739035195499994,0,0.09091845089595318,0.07803685201931632,63.9911616076157,AI Recoverable,CONTINUE_MONITORING,0
25,49,3,0.0,NORMAL,LOW,76.16314209974999,100,0.2153055438979375,3,1,0.31147915792345315,37.50855235155,0,0.22312823698925616,0.09371090861557496,72.69462053246193,AI Recoverable,CONTINUE_MONITORING,1
25,49,4,0.255724879296152,NORMAL,LOW,78.113068284,100,0.0,0,0,0.0,15.495596360999999,0,0.0,0.11846101399910947,56.58810387465694,AI Recoverable,CONTINUE_MONITORING,0
25,49,5,0.0,NORMAL,LOW,78.94057194775,100,0.22770906538377317,3,1,0.3207817990378299,33.642259777999996,0,0.22859812813706765,0.09686310158724598,72.91858504936498,AI Recoverable,CONTINUE_MONITORING,1
25,49,6,0.0,NORMAL,LOW,62.8208290623,100,0.04806700772845949,4,2,0.2408569565691906,51.8325448605,0,0.05331401660718102,0.023028195220469727,69.41877544012925,AI Recoverable,CONTINUE_MONITORING,0
25,49,7,0.255724879296152,NORMAL,LOW,81.1435348274,100,0.0,1,0,0.05,7.978600566,0,0.0,0.07930880647171479,57.56690906284181,AI Recoverable,CONTINUE_MONITORING,0
25,49,8,0.0,HIGH_PACKET_LOSS,HIGH,65.11903230450001,100,0.027790724497049085,3,1,0.1708430433727868,44.8885060901,0,0.029732182993652587,0.06279859202664873,62.7831715192113,AI Recoverable,CONTINUE_MONITORING,0
25,49,9,0.0,NORMAL,LOW,67.0592835345,100,0.2047569882961435,4,2,0.37404344005172196,50.121391143000004,0,0.2117298371664656,0.10890508102747509,71.98981111190065,AI Recoverable,CONTINUE_MONITORING,1
25,49,10,0.2944893530100727,NORMAL,LOW,82.06537067725,100,0.0,0,0,0.0,3.5375214618000004,0,0.0,0.07824384797144368,56.23677644536136,AI Recoverable,CONTINUE_MONITORING,0
25,50,1,0.0,NORMAL,LOW,66.6231524531,100,0.05697884690746205,2,1,0.14273413518059655,45.1945704794,0,0.06989169389268468,0.025185217156405093,69.70886344816596,AI Recoverable,CONTINUE_MONITORING,0
25,50,2,0.0,HIGH_PACKET_LOSS,HIGH,60.09746599775001,100,0.06459399817807716,2,1,0.14844549863355788,59.1327736325,0,0.08737674655367225,0.07356331934025317,63.82656444559194,AI Recoverable,CONTINUE_MONITORING,0
25,50,3,0.0,NORMAL,LOW,76.66565486910001,100,0.21528202875294766,3,1,0.31146152156471074,36.10739981489999,0,0.22023568126981785,0.09196400168105257,72.70889734573082,AI Recoverable,CONTINUE_MONITORING,1
25,50,4,0.255724879296152,NORMAL,LOW,76.69653398585,100,0.0,0,0,0.0,17.735817379500002,0,0.0,0.11615944418028201,56.64564312012763,AI Recoverable,CONTINUE_MONITORING,0
25,50,5,0.0,NORMAL,LOW,78.63756043255002,100,0.231045418907774,3,1,0.3232840641808305,34.53105427145,0,0.22867301141244573,0.09516223954387226,73.02858250368311,AI Recoverable,CONTINUE_MONITORING,1
25,50,6,0.0,NORMAL,LOW,63.49811255225001,100,0.0494532579875081,4,2,0.2420352692893819,50.234347111,0,0.051038680789915296,0.019645287210287132,69.50831978739213,AI Recoverable,CONTINUE_MONITORING,0
25,50,7,0.255724879296152,NORMAL,LOW,80.92476388855002,100,0.0,1,0,0.05,8.215924176,0,0.0,0.07909282465207534,57.57230860833279,AI Recoverable,CONTINUE_MONITORING,0
25,50,8,0.0,HIGH_PACKET_LOSS,HIGH,64.71243194815,100,0.021537367601126133,3,1,0.1661530257008446,44.278605377,0,0.02988036573727701,0.08365182706344776,62.1382553328091,AI Recoverable,CONTINUE_MONITORING,0
25,50,9,0.0,NORMAL,LOW,67.88949614274999,100,0.20543320222435743,4,2,0.3746182218907038,48.61710093,0,0.20936926049848747,0.1078431066721196,72.00627898266903,AI Recoverable,CONTINUE_MONITORING,1
25,50,10,0.2944893530100727,NORMAL,LOW,82.4604306619,100,0.0,0,0,0.0,3.26168017245,0,0.0,0.07408436667310514,56.34076347781982,AI Recoverable,CONTINUE_MONITORING,0
25,51,1,0.0,NORMAL,LOW,66.21570048745001,100,0.04827467481840443,2,1,0.13620600611380335,44.50193329769999,0,0.06432105881607321,0.00873833552773684,69.8902456963354,AI Recoverable,CONTINUE_MONITORING,0
25,51,2,0.0,HIGH_PACKET_LOSS,HIGH,59.13199855050001,100,0.05461534640134394,2,1,0.14096150980100797,59.83683162,0,0.07722705661497677,0.07251452833361682,63.551714285836226,AI Recoverable,CONTINUE_MONITORING,0
25,51,3,0.0,NORMAL,LOW,77.1848459131,100,0.22293042505868302,3,1,0.31719781879401227,36.37547224385,0,0.21860051537212,0.0926870549851555,72.82743728026597,AI Recoverable,CONTINUE_MONITORING,1
25,51,4,0.255724879296152,NORMAL,LOW,75.8653936375,100,0.0,0,0,0.0,19.743739038,0,0.0,0.12168586640079337,56.50748256461484,AI Recoverable,CONTINUE_MONITORING,0
25,51,5,0.0,NORMAL,LOW,79.00414144204998,100,0.24250173928895372,3,1,0.3318763044667153,34.40561880794999,0,0.22897724031850558,0.09554790140647651,73.25110965380222,AI Recoverable,CONTINUE_MONITORING,1
25,51,6,0.0,NORMAL,LOW,63.200622125049996,100,0.053188786264024006,4,2,0.24521046832442042,51.434477293,0,0.05017486190106054,0.026394408464836205,69.40566413267017,AI Recoverable,CONTINUE_MONITORING,0
25,51,7,0.27025465547779526,NORMAL,LOW,80.11753704715001,100,0.0,1,0,0.05,9.641133053999999,0,0.0,0.08169441626767293,56.99872665158534,AI Recoverable,CONTINUE_MONITORING,0
25,51,8,0.0,HIGH_PACKET_LOSS,HIGH,64.03470551384999,100,0.01765313041611263,3,1,0.16323984781208448,45.9034591801,0,0.026315302041260952,0.08144099853059994,62.08019066546987,AI Recoverable,CONTINUE_MONITORING,0
25,51,9,0.0,NORMAL,LOW,66.90833906750001,100,0.21088842141018463,4,2,0.37925515819865696,50.22563017,0,0.20774289111873165,0.10980981530607703,72.04995195673908,AI Recoverable,CONTINUE_MONITORING,1
25,51,10,0.2944893530100727,NORMAL,LOW,81.55576426775,100,0.0,0,0,0.0,5.4257734755,0,0.0,0.07614750674291504,56.28918497607458,AI Recoverable,CONTINUE_MONITORING,0
25,52,1,0.0,NORMAL,LOW,66.41421627965,100,0.04086382934852746,2,1,0.1306478720113956,42.87286608865,0,0.05785531832094322,0.028046052717866643,69.1946784522333,AI Recoverable,CONTINUE_MONITORING,0
25,52,2,0.0,HIGH_PACKET_LOSS,HIGH,58.143735605,100,0.04951571834205578,2,1,0.13713678875654184,61.9980434535,0,0.06801258209026184,0.07554955479923386,63.281701317762895,AI Recoverable,CONTINUE_MONITORING,0
25,52,3,0.0,NORMAL,LOW,77.84079816230002,100,0.22814235884936615,3,1,0.32110676913702463,34.6759392177,0,0.22008956214001746,0.08879009806827798,73.04399034668056,AI Recoverable,CONTINUE_MONITORING,1
25,52,4,0.255724879296152,NORMAL,LOW,75.32183861045,100,0.0,0,0,0.0,21.102836395500002,0,0.0,0.12168586640079337,56.50748256461484,AI Recoverable,CONTINUE_MONITORING,0
25,52,5,0.0,NORMAL,LOW,79.620016816,100,0.24841142368743635,3,1,0.33630856776557727,32.960863726999996,0,0.23381680059735574,0.09801746842748849,73.35595976903507,AI Recoverable,CONTINUE_MONITORING,1
25,52,6,0.0,NORMAL,LOW,63.642797175599995,100,0.05761446959020785,4,2,0.24897229915167668,51.9133554115,0,0.051061946724298035,0.025983783984598663,69.51331425943216,AI Recoverable,CONTINUE_MONITORING,0
25,52,7,0.27025465547779526,NORMAL,LOW,80.75825059065001,100,0.0,1,0,0.05,8.3016353745,0,0.0,0.07930880647171479,57.058366896484294,AI Recoverable,CONTINUE_MONITORING,0
25,52,8,0.0,HIGH_PACKET_LOSS,HIGH,64.27639243097501,100,0.015949397642745576,3,1,0.16196204823205917,44.938313218,0,0.022784392442578415,0.08268032448627372,61.979823765123854,AI Recoverable,CONTINUE_MONITORING,0
25,52,9,0.0,NORMAL,LOW,67.04068052475,100,0.21956227432034103,4,2,0.38662793317228994,50.31679069650001,0,0.20814510142590564,0.11379007604231461,72.12794459960801,AI Recoverable,CONTINUE_MONITORING,1
25,52,10,0.2944893530100727,NORMAL,LOW,81.6331953273,100,0.0,0,0,0.0,4.755984709500001,0,0.0,0.07796136842964507,56.243838433906326,AI Recoverable,CONTINUE_MONITORING,0
25,53,1,0.0,NORMAL,LOW,65.59046251599999,100,0.03796261893865845,2,1,0.12847196420399384,44.8495036295,0,0.0507615877133223,0.029846680495713707,69.02070124351354,AI Recoverable,CONTINUE_MONITORING,0
25,53,2,0.0,HIGH_PACKET_LOSS,HIGH,56.668844269,100,0.04199669348219766,2,1,0.13149752011164825,63.853756266,0,0.06021787288184133,0.08646236391917306,62.78055350048304,AI Recoverable,CONTINUE_MONITORING,0
25,53,3,0.0,NORMAL,LOW,78.39632339824999,100,0.2353108841241275,3,1,0.32648316309309566,33.53757719155,0,0.22261462588218886,0.09037150129372251,73.17307640896136,AI Recoverable,CONTINUE_MONITORING,1
25,53,4,0.255724879296152,NORMAL,LOW,74.44769566685,100,0.0,0,0,0.0,22.9650403815,0,0.0,0.12168586640079337,56.50748256461484,AI Recoverable,CONTINUE_MONITORING,0
25,53,5,0.0,NORMAL,LOW,79.5184882564,100,0.2466539431795362,3,1,0.33499045738465216,33.017201537,0,0.23906800350175195,0.0957530360833081,73.42993299652554,AI Recoverable,CONTINUE_MONITORING,1
25,53,6,0.0,NORMAL,LOW,64.35732440580001,100,0.059084978628098396,4,2,0.25022223183388365,49.583128165,0,0.05338453736152786,0.027675666026332646,69.52365329551893,AI Recoverable,CONTINUE_MONITORING,0
25,53,7,0.27025465547779526,NORMAL,LOW,81.5321312782,100,0.0,1,0,0.05,6.545211736500001,0,0.0,0.0771793829142241,57.11160248542156,AI Recoverable,CONTINUE_MONITORING,0
25,53,8,0.0,HIGH_PACKET_LOSS,HIGH,62.8709730686,100,0.013336548459893207,3,1,0.1600024113449199,47.2643393475,0,0.02023091738212198,0.08362140628019887,61.878504986014114,AI Recoverable,CONTINUE_MONITORING,0
25,53,9,0.0,NORMAL,LOW,67.96947629499999,100,0.2265412963471601,4,2,0.3925601018950861,48.6799192505,0,0.2128296071994618,0.11599819518849352,72.25916711922548,AI Recoverable,CONTINUE_MONITORING,1
25,53,10,0.2944893530100727,NORMAL,LOW,82.07801397370001,100,0.0,0,0,0.0,2.8895347458000002,0,0.0,0.08033698305506798,56.184448068270754,AI Recoverable,CONTINUE_MONITORING,0
25,54,1,0.0,NORMAL,LOW,65.80593020985,100,0.04044443978778437,2,1,0.13033332984083829,45.077607797199995,0,0.04616894506431412,0.03390053962867545,68.92306475568193,AI Recoverable,CONTINUE_MONITORING,0
25,54,2,0.0,HIGH_PACKET_LOSS,HIGH,56.995043781999996,100,0.05178968489869299,2,1,0.13884226367401975,64.9251440785,0,0.052830342735147334,0.07705432084262565,63.137739104259694,AI Recoverable,CONTINUE_MONITORING,0
25,54,3,0.0,NORMAL,LOW,79.10856181705,100,0.24189321764384517,3,1,0.3314199132328839,33.162570278,0,0.2269692389328669,0.09553932999867576,73.21907349223868,AI Recoverable,CONTINUE_MONITORING,1
25,54,4,0.3039912135914566,NORMAL,LOW,74.9220682736,100,0.0,0,0,0.0,21.146965155,0,0.0,0.12125930502232085,54.82882489874099,Human Intervention Required,CONTINUE_MONITORING,0
25,54,5,0.0,NORMAL,LOW,79.0514256753,100,0.24992821652256828,3,1,0.3374461623919262,34.74552191395,0,0.2414812056165071,0.09963007776706356,73.42262444243983,AI Recoverable,CONTINUE_MONITORING,1
25,54,6,0.0,NORMAL,LOW,64.8237159205,100,0.06251312239509793,4,2,0.2531361540358332,48.95502478149999,0,0.05516268361619121,0.02878460083544876,69.58227426317765,AI Recoverable,CONTINUE_MONITORING,0
25,54,7,0.255724879296152,NORMAL,LOW,81.90426215990001,100,0.0,1,0,0.05,6.008328216,0,0.0,0.07741096205712483,57.614355173206555,AI Recoverable,CONTINUE_MONITORING,0
25,54,8,0.0,HIGH_PACKET_LOSS,HIGH,62.918220491125,100,0.015402345905695261,3,1,0.16155175942927144,47.50485085535,0,0.01747836814433769,0.07724554409120188,62.05169199727724,AI Recoverable,CONTINUE_MONITORING,0
25,54,9,0.0,NORMAL,LOW,68.24207850949999,100,0.2295439257814975,4,2,0.3951123369142729,47.59354713250001,0,0.21736789446789417,0.11590292727286611,72.36698427848722,AI Recoverable,CONTINUE_MONITORING,1
25,54,10,0.2944893530100727,NORMAL,LOW,82.94239719264999,100,0.0,0,0,0.0,1.5702598845,0,0.0,0.0758659397858249,56.29622415000183,AI Recoverable,CONTINUE_MONITORING,0
25,55,1,0.0,NORMAL,LOW,64.03503022644999,100,0.03557355090447846,2,1,0.12668016317835884,47.32973867775,0,0.04356674930845246,0.03794521628131664,68.69850810414118,AI Recoverable,CONTINUE_MONITORING,0
25,55,2,0.0,HIGH_PACKET_LOSS,HIGH,57.05829374700001,100,0.04725683572114058,2,1,0.13544262679085545,64.496725189,0,0.05228850725193935,0.07515712117769402,63.08909375749986,AI Recoverable,CONTINUE_MONITORING,0
25,55,3,0.0,NORMAL,LOW,78.28649836940001,100,0.24227983437579806,3,1,0.3317098757818485,34.4513226922,0,0.23266621331320927,0.08964352868001269,73.43117060364773,AI Recoverable,CONTINUE_MONITORING,1
25,55,4,0.270272013115564,NORMAL,LOW,73.8638139522,100,0.0,0,0,0.0,22.9594063095,0,0.0,0.1210545906492988,56.01411477472279,AI Recoverable,CONTINUE_MONITORING,0
25,55,5,0.0,NORMAL,LOW,80.2072109288,100,0.2592753024923784,3,1,0.3444564768692838,32.69465979145,0,0.24557416877884808,0.108283930009763,73.43414948739196,AI Recoverable,CONTINUE_MONITORING,1
25,55,6,0.0,NORMAL,LOW,65.1275151098,100,0.06624905163105214,4,2,0.25631169388639435,48.817424129500004,0,0.05821358279962045,0.02742466025064072,69.72150035435122,AI Recoverable,CONTINUE_MONITORING,0
25,55,7,0.255724879296152,NORMAL,LOW,83.15472404770001,100,0.0,1,0,0.05,4.00743126,0,0.0,0.08140162705296217,57.51458854831062,AI Recoverable,CONTINUE_MONITORING,0
25,55,8,0.0,HIGH_PACKET_LOSS,HIGH,61.714232100050005,100,0.012145566835600263,3,1,0.1591091751267002,49.265799274049996,0,0.016363734375288774,0.0791648290398268,61.927427954469216,AI Recoverable,CONTINUE_MONITORING,0
25,55,9,0.0,NORMAL,LOW,69.700094961,100,0.2389368504066975,4,2,0.40309632284569286,45.3193360995,0,0.22173885454614492,0.11686457103744852,72.57451127765918,AI Recoverable,CONTINUE_MONITORING,1
26,0,1,0.28474318309489677,NORMAL,LOW,84.82626248580002,100,0.0,1,0,0.05,0.39090940695000004,0,0.0,0.08533295142092734,56.40066480615543,AI Recoverable,CONTINUE_MONITORING,0
26,0,2,0.0,NORMAL,LOW,77.25430481725,100,0.18981334245320086,3,1,0.2923600068399006,34.971687001999996,0,0.18981334245320086,0.07798108715111707,72.24487309481809,AI Recoverable,CONTINUE_MONITORING,1
26,0,3,0.0,NORMAL,LOW,67.36509216925,100,0.037265962814324385,1,0,0.07422287582931085,42.786420206,0,0.037265962814324385,0.060372909182116574,68.10865615487681,AI Recoverable,CONTINUE_MONITORING,0
26,0,4,0.0,NORMAL,LOW,70.3378269912,100,0.0812872299824376,3,1,0.2109654224868282,41.5757260818,0,0.0812872299824376,0.03186268886628629,70.14204967781595,AI Recoverable,CONTINUE_MONITORING,0
26,0,5,0.0,NORMAL,LOW,65.88198245725,100,0.024546648014462245,2,1,0.1184099860108467,43.958810213999996,0,0.02454664801446224,0.08909583934595466,67.009003456785,AI Recoverable,CONTINUE_MONITORING,0
26,0,6,0.0,NORMAL,LOW,65.20570311799999,100,0.020618817306727953,3,1,0.16546411298004596,44.7018849715,0,0.020618817306727953,0.08082105245644766,67.09803820779064,AI Recoverable,CONTINUE_MONITORING,0
26,0,7,0.0,NORMAL,LOW,78.0898420594,100,0.2168490104030154,2,1,0.2626367578022616,34.87787878934999,0,0.2168490104030154,0.07660231633224024,73.09041240378444,AI Recoverable,CONTINUE_MONITORING,1
26,0,8,0.0,NORMAL,LOW,72.1765154526,100,0.10226995947620027,2,1,0.1767024696071502,39.405182324,0,0.10226995947620027,0.03732071962634198,70.63508079362745,AI Recoverable,CONTINUE_MONITORING,0
26,0,9,0.0,NORMAL,LOW,67.36509216925,100,0.037265962814324385,1,0,0.07422287582931085,42.786420206,0,0.037265962814324385,0.0584973459710747,68.15554523515287,AI Recoverable,CONTINUE_MONITORING,0
26,0,10,0.0,NORMAL,LOW,64.37178634942501,100,0.017033220095162102,2,1,0.11277491507137158,45.799643947199996,0,0.017033220095162102,0.09798794491433338,66.56129797999652,AI Recoverable,CONTINUE_MONITORING,0
26,1,1,0.5454098115065014,NORMAL,LOW,85.00000000000001,100,0.0,1,0,0.05,0.0,0,0.0,0.08663516216159106,47.24477754323268,Human Intervention Required,CONTINUE_MONITORING,0
26,1,2,0.0,NORMAL,LOW,76.60358261409999,100,0.18457054061555406,3,1,0.2884279054616655,35.167161884,0,0.18981334245320086,0.08087350953119266,72.06770649856327,AI Recoverable,CONTINUE_MONITORING,1
26,1,3,0.0,NORMAL,LOW,65.4487445778,100,0.02896639336612141,1,0,0.06882815568797893,44.7512709413,0,0.037265962814324385,0.0721601691533793,67.6479832666312,AI Recoverable,CONTINUE_MONITORING,0
26,1,4,0.0,NORMAL,LOW,69.7506823258,100,0.07808834925695018,3,1,0.20856626194271263,42.442872941299996,0,0.0812872299824376,0.03355781195952212,70.03569398597531,AI Recoverable,CONTINUE_MONITORING,0
26,1,5,0.0,NORMAL,LOW,65.78359626595,100,0.02708200114940937,2,1,0.12031150086205704,43.704392548,0,0.02454664801446224,0.07541029381335296,67.40184915779898,AI Recoverable,CONTINUE_MONITORING,0
26,1,6,0.0,NORMAL,LOW,64.49194062927499,100,0.02106357175163965,3,1,0.16579767881372973,46.399527140349996,0,0.020618817306727953,0.08151199438231116,67.08965974854229,AI Recoverable,CONTINUE_MONITORING,0
26,1,7,0.0,NORMAL,LOW,78.69654647925,100,0.22558238830042315,2,1,0.2691867912253174,34.06505089549999,0,0.2168490104030154,0.08147275863116532,73.14331890425947,AI Recoverable,CONTINUE_MONITORING,1
26,1,8,0.0,NORMAL,LOW,71.8548613787,100,0.1006986251489806,2,1,0.17552396886173546,40.0769868063,0,0.10226995947620027,0.03383056188985434,70.69090805049525,AI Recoverable,CONTINUE_MONITORING,0
26,1,9,0.0,NORMAL,LOW,66.2670437089,100,0.02896639336612141,1,0,0.06882815568797893,43.897171033099994,0,0.037265962814324385,0.07620280704580351,67.54691731932058,AI Recoverable,CONTINUE_MONITORING,0
26,1,10,0.0,NORMAL,LOW,63.476224126450006,100,0.015800437352732132,2,1,0.11185032801454911,46.52849239894999,0,0.017033220095162102,0.0943652103465713,66.62721068934196,AI Recoverable,CONTINUE_MONITORING,0
26,2,1,0.5454098115065014,NORMAL,LOW,85.00000000000001,100,0.0,1,0,0.05,0.0,0,0.0,0.08663516216159106,47.24477754323268,Human Intervention Required,CONTINUE_MONITORING,0
26,2,2,0.0,NORMAL,LOW,76.18090439085,100,0.189745291426355,3,1,0.29230896856976624,37.1470410292,0,0.18640552125873044,0.08194865422598885,72.11024468546466,AI Recoverable,CONTINUE_MONITORING,1
26,2,3,0.0,NORMAL,LOW,66.7991384566,100,0.033845871176171015,1,0,0.07199981626451116,43.078829602999996,0,0.03187124267299245,0.0623396468127404,67.93713867993483,AI Recoverable,CONTINUE_MONITORING,0
26,2,4,0.0,NORMAL,LOW,70.6491332999,100,0.07775824662363197,3,1,0.208318684967724,40.50294952785,0,0.07920795751087077,0.038543287292873374,69.88366232525951,AI Recoverable,CONTINUE_MONITORING,0
26,2,5,0.0,NORMAL,LOW,65.518137498625,100,0.023426711802331492,2,1,0.11757003385174862,44.075370508999995,0,0.026194627552177878,0.08724557271725086,67.04934119363712,AI Recoverable,CONTINUE_MONITORING,0
26,2,6,0.0,NORMAL,LOW,63.84168821805002,100,0.0211303463442555,3,1,0.1658477597581916,47.8458516363,0,0.020907907695920554,0.08111867160721664,67.1037192136639,AI Recoverable,CONTINUE_MONITORING,0
26,2,7,0.0,NORMAL,LOW,78.3558969325,100,0.21405516594468807,2,1,0.26054137445851605,34.100241065,0,0.22252570603633043,0.07862369902222432,73.04076790370145,AI Recoverable,CONTINUE_MONITORING,1
26,2,8,0.0,NORMAL,LOW,72.31596758274999,100,0.10865936430450994,2,1,0.18149452322838244,39.771294999,0,0.10124859216350748,0.039697656950628435,70.69323178395955,AI Recoverable,CONTINUE_MONITORING,0
26,2,9,0.0,NORMAL,LOW,66.8175941323,100,0.033845871176171015,1,0,0.07199981626451116,43.47840011495,0,0.03187124267299245,0.06220760740168396,67.94043966521124,AI Recoverable,CONTINUE_MONITORING,0
26,2,10,0.0,NORMAL,LOW,64.336962403825,100,0.018952408826236274,2,1,0.11421430661967721,44.571496799,0,0.01623191131258262,0.0924502004539084,66.73011227830284,AI Recoverable,CONTINUE_MONITORING,0
26,3,1,0.5454098115065014,NORMAL,LOW,84.60788661550001,100,0.0,1,0,0.05,0.0,0,0.0,0.0837751730302363,47.31627727151654,Human Intervention Required,CONTINUE_MONITORING,0
26,3,2,0.0,NORMAL,LOW,76.12853610530001,100,0.1830762232485975,3,1,0.28730716743644813,36.13859673475,0,0.18855372814343213,0.08032730024541046,72.03887924027102,AI Recoverable,CONTINUE_MONITORING,1
26,3,3,0.0,NORMAL,LOW,66.4216136988,100,0.03368938878732336,1,0,0.07189810271176018,44.2730996289,0,0.0335053477360619,0.06342957030653484,67.9231019954437,AI Recoverable,CONTINUE_MONITORING,0
26,3,4,0.0,NORMAL,LOW,69.5725449171,100,0.0757196421920971,3,1,0.20678973164407283,42.52277501825,0,0.07865870002179419,0.034229649870012646,69.94523859730955,AI Recoverable,CONTINUE_MONITORING,0
26,3,5,0.0,NORMAL,LOW,64.4604251215,100,0.016483161835531848,2,1,0.1123623713766489,44.870691025,0,0.02454093109948017,0.08704086473448203,66.89905092934339,AI Recoverable,CONTINUE_MONITORING,0
26,3,6,0.0,NORMAL,LOW,62.88709332899999,100,0.018304196141881435,3,1,0.16372814710641106,49.42479297599999,0,0.020995408830555375,0.07695075381765015,67.15226916570191,AI Recoverable,CONTINUE_MONITORING,0
26,3,7,0.0,NORMAL,LOW,78.75627769555,100,0.22741898865661442,2,1,0.27056424149246083,33.642467196,0,0.21739674820130261,0.07988980584872152,73.22510210892726,AI Recoverable,CONTINUE_MONITORING,1
26,3,8,0.0,NORMAL,LOW,71.14671335755,100,0.09829210129028249,2,1,0.17371907596771186,40.589824795949994,0,0.10531099737494751,0.028528431543020094,70.80574121097962,AI Recoverable,CONTINUE_MONITORING,0
26,3,9,0.0,NORMAL,LOW,66.97781869525001,100,0.03368938878732336,1,0,0.07189810271176018,43.092554328,0,0.0335053477360619,0.06570636759694537,67.86618206318344,AI Recoverable,CONTINUE_MONITORING,0
26,3,10,0.0,NORMAL,LOW,63.49138933012502,100,0.020220622600196952,2,1,0.11516546695014772,46.3333866578,0,0.017769138111834667,0.09095945360534285,66.80811749298871,AI Recoverable,CONTINUE_MONITORING,0
26,4,1,0.5454098115065014,NORMAL,LOW,85.00000000000001,100,0.0,1,0,0.05,0.0,0,0.0,0.08663516216159106,47.24477754323268,Human Intervention Required,CONTINUE_MONITORING,0
26,4,2,0.0,NORMAL,LOW,76.11191719845,100,0.1814341287615256,3,1,0.28607559657114423,36.37926013175,0,0.18568381157972802,0.07802841796082904,72.03481024200707,AI Recoverable,CONTINUE_MONITORING,1
26,4,3,0.0,NORMAL,LOW,65.6860888027,100,0.027809785295700072,1,0,0.06807636044220505,44.132402141499995,0,0.033516149461386535,0.07486478023001664,67.51973769477743,AI Recoverable,CONTINUE_MONITORING,0
26,4,4,0.0,NORMAL,LOW,68.595127615,100,0.07236820162021056,3,1,0.2042761512151579,44.538771047,0,0.07746524956727457,0.03352901639192518,69.88379111827882,AI Recoverable,CONTINUE_MONITORING,0
26,4,5,0.0,NORMAL,LOW,64.953251134975,100,0.020355031342074545,2,1,0.11526627350655591,44.410205231,0,0.02096419004096317,0.0890451387342398,66.89061405889512,AI Recoverable,CONTINUE_MONITORING,0
26,4,6,0.0,NORMAL,LOW,63.835689252375005,100,0.019903199552592798,3,1,0.16492739966444458,47.605679824599996,0,0.019686721862852724,0.08169662904507125,67.0525154835536,AI Recoverable,CONTINUE_MONITORING,0
26,4,7,0.0,NORMAL,LOW,78.6458630749,100,0.22616819310712677,2,1,0.2696261448303451,33.684728479,0,0.222909168425314,0.07941271288130758,73.26713772436297,AI Recoverable,CONTINUE_MONITORING,1
26,4,8,0.0,NORMAL,LOW,72.04731609085,100,0.09736337449773805,2,1,0.17302253087330355,39.3282420899,0,0.10122363917558007,0.03664104230214471,70.54347782415694,AI Recoverable,CONTINUE_MONITORING,0
26,4,9,0.0,NORMAL,LOW,66.29339764675001,100,0.027809785295700072,1,0,0.06807636044220505,43.633585335999996,0,0.033516149461386535,0.08300108734286027,67.31633001695634,AI Recoverable,CONTINUE_MONITORING,0
26,4,10,0.0,NORMAL,LOW,62.880776265825,100,0.01945643898434384,2,1,0.11459232923825788,48.3962365992,0,0.01866735733306639,0.09089903042674208,66.803326592349,AI Recoverable,CONTINUE_MONITORING,0
26,5,1,0.255724879296152,NORMAL,LOW,84.1952119232,100,0.0,1,0,0.05,1.8107731728000003,0,0.0,0.08235485492621586,57.49075785147928,AI Recoverable,CONTINUE_MONITORING,0
26,5,2,0.0,NORMAL,LOW,75.56313612955,100,0.17680808268312279,3,1,0.28260606201234206,36.7130559912,0,0.1844397723391903,0.07015927399836008,72.12657752709535,AI Recoverable,CONTINUE_MONITORING,1
26,5,3,0.0,NORMAL,LOW,65.97823903019999,100,0.033673905478960625,1,0,0.0718880385613244,43.94829082305,0,0.030963771790259654,0.05726948458688308,68.05137871280974,AI Recoverable,CONTINUE_MONITORING,0
26,5,4,0.0,NORMAL,LOW,69.09469234835001,100,0.06740153600033359,3,1,0.2005511520002502,42.8554769959,0,0.07564149424060901,0.031885016745020645,69.80732024378725,AI Recoverable,CONTINUE_MONITORING,0
26,5,5,0.0,NORMAL,LOW,64.362070700175,100,0.021886814589791317,2,1,0.1164151109423435,46.1990608002,0,0.02177160698275569,0.08658955703836746,66.99071343566419,AI Recoverable,CONTINUE_MONITORING,0
26,5,6,0.0,NORMAL,LOW,64.44113176262502,100,0.019044577273040708,3,1,0.16428343295478054,46.089443705499995,0,0.020113778219371464,0.0821906398660206,67.02726333100401,AI Recoverable,CONTINUE_MONITORING,0
26,5,7,0.0,NORMAL,LOW,78.85538089350001,100,0.23592876149834502,2,1,0.27694657112375876,33.395469581549996,0,0.22326078242979952,0.08204271124279938,73.40011527319491,AI Recoverable,CONTINUE_MONITORING,1
26,5,8,0.0,NORMAL,LOW,71.7705233452,100,0.09833766744746121,2,1,0.17375325058559593,39.11550753665,0,0.100228691809801,0.029949550751226073,70.72030149826656,AI Recoverable,CONTINUE_MONITORING,0
26,5,9,0.0,NORMAL,LOW,66.81350517355,100,0.033673905478960625,1,0,0.0718880385613244,43.09391406899999,0,0.030963771790259654,0.06197121824367724,67.93383537138989,AI Recoverable,CONTINUE_MONITORING,0
26,5,10,0.0,NORMAL,LOW,62.990610248974995,100,0.016399940927097675,2,1,0.11229995569532326,46.5868907641,0,0.01864176959551713,0.09323232473220577,66.68360839619199,AI Recoverable,CONTINUE_MONITORING,0
26,6,1,0.255724879296152,NORMAL,LOW,83.8596328758,100,0.0,1,0,0.05,2.54930010165,0,0.0,0.08165907177070797,57.50815243036698,AI Recoverable,CONTINUE_MONITORING,0
26,6,2,0.0,NORMAL,LOW,75.02442288585,100,0.176249278193011,3,1,0.2821869586447583,38.5418770669,0,0.18123122214785853,0.07185709489875802,72.04087041286984,AI Recoverable,CONTINUE_MONITORING,1
26,6,3,0.0,NORMAL,LOW,64.69638663400002,100,0.024947268440537605,1,0,0.06621572448634945,45.4593662775,0,0.03222011981828689,0.08543795984157987,67.18519757095413,AI Recoverable,CONTINUE_MONITORING,0
26,6,4,0.0,NORMAL,LOW,68.8371868833,100,0.0644086389340455,3,1,0.19830647920053412,43.087809647949996,0,0.07220749739715135,0.035485148893692364,69.6231190303101,AI Recoverable,CONTINUE_MONITORING,0
26,6,5,0.0,NORMAL,LOW,65.30271355462502,100,0.02282492579047913,2,1,0.11711869434285935,44.50356337895,0,0.021858765277616796,0.0839320489326203,67.07678494527023,AI Recoverable,CONTINUE_MONITORING,0
26,6,6,0.0,NORMAL,LOW,65.87936575495002,100,0.025363399656361463,3,1,0.1690225497422711,44.118559296799994,0,0.019635797930789626,0.0742309242607796,67.34785286591563,AI Recoverable,CONTINUE_MONITORING,0
26,6,7,0.0,NORMAL,LOW,79.00175782865001,100,0.24533509626888697,2,1,0.28400132220166524,34.48257862215,0,0.22886011810051113,0.08216257076056499,73.64123883736873,AI Recoverable,CONTINUE_MONITORING,1
26,6,8,0.0,NORMAL,LOW,72.4345402375,100,0.10507891924520284,2,1,0.17880918943390212,38.569870326,0,0.09997045881069447,0.03459373463020676,70.73643960725582,AI Recoverable,CONTINUE_MONITORING,0
26,6,9,0.0,NORMAL,LOW,65.27952013365001,100,0.024947268440537605,1,0,0.06621572448634945,44.186844055499996,0,0.03222011981828689,0.08147552911918998,67.28425833901387,AI Recoverable,CONTINUE_MONITORING,0
26,6,10,0.0,NORMAL,LOW,65.71408333675,100,0.028035688637349544,2,1,0.12102676647801217,43.611795838,0,0.017636161094814265,0.07653141708790101,67.3237899564976,AI Recoverable,CONTINUE_MONITORING,0
26,7,1,0.255724879296152,NORMAL,LOW,83.1800336918,100,0.0,1,0,0.05,4.094924193450001,0,0.0,0.08286861936998557,57.477913740385034,AI Recoverable,CONTINUE_MONITORING,0
26,7,2,0.0,NORMAL,LOW,75.27575478624999,100,0.17629183609887858,3,1,0.28221887707415894,36.9698272603,0,0.17989860406166897,0.06890927446049455,72.1020909010819,AI Recoverable,CONTINUE_MONITORING,1
26,7,3,0.0,NORMAL,LOW,64.26928740729998,100,0.01965533572892643,1,0,0.06277596822380219,45.0368499857,0,0.029039451217178252,0.09245236792330735,66.87219202866763,AI Recoverable,CONTINUE_MONITORING,0
26,7,4,0.0,NORMAL,LOW,69.03513419325,100,0.06642561981588302,3,1,0.19981921486191226,42.877097553999995,0,0.06939446883205827,0.03325676723315307,69.6910379038094,AI Recoverable,CONTINUE_MONITORING,0
26,7,5,0.0,NORMAL,LOW,64.182357372775,100,0.016354000722262032,2,1,0.11226550054169653,46.06940984485,0,0.021544208087572903,0.08841138743513377,66.83223740944261,AI Recoverable,CONTINUE_MONITORING,0
26,7,6,0.0,NORMAL,LOW,64.054682190075,100,0.019104663195770547,3,1,0.1643284973968279,46.9719017548,0,0.022133420552446905,0.08126934572162303,67.0716938263993,AI Recoverable,CONTINUE_MONITORING,0
26,7,7,0.0,NORMAL,LOW,78.1419547763,100,0.24536938588311968,2,1,0.28402703941233975,35.781348166049995,0,0.23444739764725867,0.08566827297758739,73.6101548696953,AI Recoverable,CONTINUE_MONITORING,1
26,7,8,0.0,NORMAL,LOW,72.53213431075001,100,0.10234980496879266,2,1,0.1767623537265945,38.705586539,0,0.10260607552348808,0.0388302716342076,70.60230006375554,AI Recoverable,CONTINUE_MONITORING,0
26,7,9,0.004854481955762516,NORMAL,LOW,64.3215829315,100,0.01965533572892643,1,0,0.06277596822380219,44.489945489,0,0.029039451217178252,0.09009238945067222,66.76128462203181,AI Recoverable,CONTINUE_MONITORING,0
26,7,10,0.0,NORMAL,LOW,64.52832987452501,100,0.022069026927669478,2,1,0.11655177019575211,44.220479048,0,0.02283982058773626,0.0872231270465208,66.98920056826773,AI Recoverable,CONTINUE_MONITORING,0
26,8,1,0.255724879296152,NORMAL,LOW,83.48551290740001,100,0.0,1,0,0.05,3.40759595835,0,0.0,0.08233113937221481,57.4913507403293,AI Recoverable,CONTINUE_MONITORING,0
26,8,2,0.0,NORMAL,LOW,76.12873963485,100,0.1905607568547314,3,1,0.29292056764104857,36.12716780795,0,0.17802788768758254,0.0785570338998951,72.12756816647308,AI Recoverable,CONTINUE_MONITORING,1
26,8,3,0.0,NORMAL,LOW,63.24998022849999,100,0.014084205569217552,1,0,0.05915473361999141,45.183716343,0,0.025465196441080657,0.09680512709878775,66.61620789832546,AI Recoverable,CONTINUE_MONITORING,0
26,8,4,0.0,NORMAL,LOW,70.07821351010001,100,0.06914053220732873,3,1,0.20185539915549655,40.8408821819,0,0.06841299534352466,0.03468980235530916,69.69969553869907,AI Recoverable,CONTINUE_MONITORING,0
26,8,5,0.0,NORMAL,LOW,64.62741288492501,100,0.01828476771552922,2,1,0.11371357578664693,45.5048002737,0,0.01861275101589805,0.09007947312454756,66.79983603635587,AI Recoverable,CONTINUE_MONITORING,0
26,8,6,0.0,NORMAL,LOW,62.980592667549985,100,0.01688687748559235,3,1,0.16266515811419424,48.8963886497,0,0.019972203973481737,0.0788198564534246,67.06696317811105,AI Recoverable,CONTINUE_MONITORING,0
26,8,7,0.0,NORMAL,LOW,77.76592074934999,100,0.21903348057451114,2,1,0.26427511043088336,34.92437800755,0,0.2388416753229089,0.07252317601269676,73.4560069644019,AI Recoverable,CONTINUE_MONITORING,1
26,8,8,0.0,NORMAL,LOW,73.57939332235,100,0.12111651677141608,2,1,0.19083738757856206,37.801944433,0,0.10090400293356461,0.045969656795123326,70.7821289448859,AI Recoverable,CONTINUE_MONITORING,0
26,8,9,0.0,NORMAL,LOW,62.76716332004999,100,0.014084205569217552,1,0,0.05915473361999141,45.93344818455,0,0.025465196441080657,0.09775615238393343,66.59243226619681,AI Recoverable,CONTINUE_MONITORING,0
26,8,10,0.0,NORMAL,LOW,63.782984523974996,100,0.01554456828760798,2,1,0.11165842621570599,45.205614602699995,0,0.02148614860903289,0.09612680606642732,66.62258270018181,AI Recoverable,CONTINUE_MONITORING,0
26,9,1,0.255724879296152,NORMAL,LOW,83.00390253280001,100,0.0,1,0,0.05,4.4912193012,0,0.0,0.08330321160224674,57.467048934578514,AI Recoverable,CONTINUE_MONITORING,0
26,9,2,0.0,NORMAL,LOW,75.80295652715002,100,0.17991442127362162,3,1,0.2849358159552162,36.76331252105,0,0.18335639861919711,0.07337318891793498,72.09752268871601,AI Recoverable,CONTINUE_MONITORING,1
26,9,3,0.0,NORMAL,LOW,63.677014630749994,100,0.0169521679363311,1,0,0.061018909158615214,44.812220995,0,0.021049131742633183,0.08691608275709073,66.87663260722567,AI Recoverable,CONTINUE_MONITORING,0
26,9,4,0.0,NORMAL,LOW,69.53138785615002,100,0.061290670883677754,3,1,0.1959680031627583,41.030662451,0,0.0683063936630908,0.046968500202025476,69.23466484925382,AI Recoverable,CONTINUE_MONITORING,0
26,9,5,0.0,NORMAL,LOW,65.44982808175,100,0.021338278971241603,2,1,0.1160037092284312,44.300432148,0,0.019444205937077838,0.090993608797031,66.84636741886983,AI Recoverable,CONTINUE_MONITORING,0
26,9,6,0.0,NORMAL,LOW,63.606250818950016,100,0.018392537619657746,3,1,0.1637944032147433,47.068082282549994,0,0.019108443648547805,0.07537415643351031,67.17458127804086,AI Recoverable,CONTINUE_MONITORING,0
26,9,7,0.0,NORMAL,LOW,78.31980054065,100,0.21761014245293428,2,1,0.2632076068397007,33.999693776149996,0,0.22976693259883185,0.07596542153702113,73.25073663662147,AI Recoverable,CONTINUE_MONITORING,1
26,9,8,0.0,NORMAL,LOW,73.04036763699999,100,0.11090823240446805,2,1,0.18318117430335104,38.284678669,0,0.10972943464171034,0.04466249371924558,70.69889665152532,AI Recoverable,CONTINUE_MONITORING,0
26,9,9,0.0,NORMAL,LOW,63.366764293299994,100,0.0169521679363311,1,0,0.061018909158615214,44.812220995,0,0.021049131742633183,0.09537572890149937,66.66514145361546,AI Recoverable,CONTINUE_MONITORING,0
26,9,10,0.0,NORMAL,LOW,63.93766322207502,100,0.015665501623299608,2,1,0.11174912621747471,45.245402476799995,0,0.018874163413251988,0.0958591724626946,66.60557235503114,AI Recoverable,CONTINUE_MONITORING,0
26,10,1,0.255724879296152,NORMAL,LOW,82.77585641600001,100,0.0,1,0,0.05,5.004323064,0,0.0,0.08125357665287247,57.51828980831286,AI Recoverable,CONTINUE_MONITORING,0
26,10,2,0.0,NORMAL,LOW,76.63509605195,100,0.193334506853469,3,1,0.29500088014010173,34.9250173696,0,0.17994973889655766,0.06965806421846032,72.42473592057344,AI Recoverable,CONTINUE_MONITORING,1
26,10,3,0.0,NORMAL,LOW,63.812620954299994,100,0.019140111037200258,1,0,0.06244107217418017,45.379603849549994,0,0.020389454022455594,0.09154291762526756,66.79812382033687,AI Recoverable,CONTINUE_MONITORING,0
26,10,4,0.0,NORMAL,LOW,69.66586961555,100,0.06949390931913899,3,1,0.20212043198935423,41.1376125412,0,0.06440058096288093,0.026042384321714906,69.88282438796871,AI Recoverable,CONTINUE_MONITORING,0
26,10,5,0.0,NORMAL,LOW,65.02285292559999,100,0.019002137668169487,2,1,0.11425160325112713,44.6590680614,0,0.020497913981874942,0.09032013174735953,66.82701859949815,AI Recoverable,CONTINUE_MONITORING,0
26,10,6,0.0,NORMAL,LOW,62.62584150595001,100,0.016268844843186542,3,1,0.1622016336323899,48.27694429885,0,0.019348649018156517,0.07578434262199796,67.12425482149533,AI Recoverable,CONTINUE_MONITORING,0
26,10,7,0.0,NORMAL,LOW,77.42484872780001,100,0.212028637393988,2,1,0.259021478045491,35.768785464749996,0,0.22814180407077186,0.07726380061658022,73.09039577317297,AI Recoverable,CONTINUE_MONITORING,1
26,10,8,0.0,NORMAL,LOW,73.51191567560001,100,0.12337231522079666,2,1,0.1925292364155975,38.363746753399994,0,0.10856322943856812,0.04592355936350512,70.90498961471398,AI Recoverable,CONTINUE_MONITORING,0
26,10,9,0.0,NORMAL,LOW,64.01995826645,100,0.019140111037200258,1,0,0.06244107217418017,44.758571134099995,0,0.020389454022455594,0.08864733033939487,66.87051350248369,AI Recoverable,CONTINUE_MONITORING,0
26,10,10,0.0,NORMAL,LOW,63.8382782173,100,0.013747685216004274,2,1,0.11031076391200322,45.229699916,0,0.018379712183413284,0.10139260473714484,66.42393570772558,AI Recoverable,CONTINUE_MONITORING,0
26,11,1,0.255724879296152,NORMAL,LOW,82.912981634,100,0.0,1,0,0.05,4.6957913235,0,0.0,0.0837380979731589,57.4561767753057,AI Recoverable,CONTINUE_MONITORING,0
26,11,2,0.0,NORMAL,LOW,76.35354212384999,100,0.18731221120259348,3,1,0.2904841584019451,35.52285991235,0,0.18628946395436033,0.077141925481094,72.18059072656811,AI Recoverable,CONTINUE_MONITORING,1
26,11,3,0.0,NORMAL,LOW,63.22975269032499,100,0.01753317181849083,1,0,0.06139656168201904,46.5289037165,0,0.019011105730869886,0.08869000029849028,66.82352448621624,AI Recoverable,CONTINUE_MONITORING,0
26,11,4,0.0,NORMAL,LOW,68.44697518494999,100,0.06427414073991236,3,1,0.19820560555493427,42.9117254639,0,0.06715448475815206,0.024523644895857788,69.8439365399833,AI Recoverable,CONTINUE_MONITORING,0
26,11,5,0.0,NORMAL,LOW,64.63814257829999,100,0.01703836176105601,2,1,0.112778771320792,45.20151475695,0,0.01939321682192625,0.08997506208264283,66.78532285137429,AI Recoverable,CONTINUE_MONITORING,0
26,11,6,0.0,NORMAL,LOW,61.42519557747499,100,0.01246353287836631,3,1,0.15934764965877474,50.69023776,0,0.01832293864503557,0.07993114546900204,66.93422140729263,AI Recoverable,CONTINUE_MONITORING,0
26,11,7,0.0,NORMAL,LOW,78.42987394325,100,0.22072916855131197,2,1,0.26554687641348396,34.35952009825,0,0.223121335178478,0.07926553740181663,73.16415828776559,AI Recoverable,CONTINUE_MONITORING,1
26,11,8,0.0,NORMAL,LOW,72.7355046768,100,0.12207062299653464,2,1,0.19155296724740098,39.106797980799996,0,0.11580730497173367,0.035919038607762244,71.20150954445397,AI Recoverable,CONTINUE_MONITORING,0
26,11,9,0.0,NORMAL,LOW,63.567646979775006,100,0.01753317181849083,1,0,0.06139656168201904,46.214466380299996,0,0.019011105730869886,0.09458635958379225,66.6761155040837,AI Recoverable,CONTINUE_MONITORING,0
26,11,10,0.0,NORMAL,LOW,62.81790105017501,100,0.008602434987423286,2,1,0.10645182624056747,46.019588374,0,0.017433051461671602,0.11004425019282094,66.09527295954464,AI Recoverable,CONTINUE_MONITORING,0
26,12,1,0.255724879296152,NORMAL,LOW,82.31842639075,100,0.0,1,0,0.05,5.304768246,0,0.0,0.079873640792959,57.5527882048107,AI Recoverable,CONTINUE_MONITORING,0
26,12,2,0.0,NORMAL,LOW,76.5196094248,100,0.18914365412563128,3,1,0.2918577405942234,35.005962625,0,0.1860315858804392,0.08025960323507209,72.13669886044022,AI Recoverable,CONTINUE_MONITORING,1
26,12,3,0.0,NORMAL,LOW,63.973673673025,100,0.021497120299422922,1,0,0.0639731281946249,44.88467631089999,0,0.01749105043817051,0.08646389192275916,66.94325561230117,AI Recoverable,CONTINUE_MONITORING,0
26,12,4,0.0,NORMAL,LOW,69.17678186875,100,0.067093261686481,3,1,0.20031994626486074,41.26574507,0,0.06556972443720542,0.024596038775245743,69.88266150872053,AI Recoverable,CONTINUE_MONITORING,0
26,12,5,0.0,NORMAL,LOW,63.52828322542502,100,0.014379219601402272,2,1,0.11078441470105171,47.06675594495,0,0.01799396508567297,0.0912921043861521,66.68522143323098,AI Recoverable,CONTINUE_MONITORING,0
26,12,6,0.0,NORMAL,LOW,61.0454979537,100,0.012455627750904632,3,1,0.15934172081317846,50.7010207175,0,0.015375363706670182,0.07926055951085798,66.92135220431334,AI Recoverable,CONTINUE_MONITORING,0
26,12,7,0.0,NORMAL,LOW,80.09377415875,100,0.2553524023123213,2,1,0.291514301734241,32.727459295,0,0.22228666464521468,0.09648831036979144,73.41770693345377,AI Recoverable,CONTINUE_MONITORING,1
26,12,8,0.0,NORMAL,LOW,73.53284769115,100,0.1321879072325135,2,1,0.19914093042438513,37.305425052000004,0,0.11779563582964152,0.04600480403006402,71.17159440219507,AI Recoverable,CONTINUE_MONITORING,0
26,12,9,0.004854481955762516,NORMAL,LOW,64.406814035875,100,0.021497120299422922,1,0,0.0639731281946249,44.282937821999994,0,0.01749105043817051,0.0900211597507724,66.68441704814916,AI Recoverable,CONTINUE_MONITORING,0
26,12,10,0.0,NORMAL,LOW,63.328726400949996,100,0.010670101567300406,2,1,0.10800257617547532,45.679566939,0,0.013168820882107633,0.1056387193055176,66.20412225752914,AI Recoverable,CONTINUE_MONITORING,0
26,13,1,0.255724879296152,NORMAL,LOW,83.14293368780001,100,0.0,1,0,0.05,3.43587607695,0,0.0,0.08097242970061314,57.525318482119346,AI Recoverable,CONTINUE_MONITORING,0
26,13,2,0.0,NORMAL,LOW,77.0291833618,100,0.19074537121090415,3,1,0.2930590284081781,34.946191025000005,0,0.18838027328109594,0.07208534911801456,72.39657642907868,AI Recoverable,CONTINUE_MONITORING,1
26,13,3,0.0,NORMAL,LOW,64.67328813275,100,0.029706001101414633,1,0,0.06930890071591951,45.18338456939999,0,0.01893808482231965,0.0714687206818968,67.49678285320407,AI Recoverable,CONTINUE_MONITORING,0
26,13,4,0.0,NORMAL,LOW,68.93807836645,100,0.06507251186842719,3,1,0.19880438390132038,40.788364128,0,0.06650893058305973,0.02847154022204179,69.75475103764809,AI Recoverable,CONTINUE_MONITORING,0
26,13,5,0.0,NORMAL,LOW,63.67948858542499,100,0.017377526919632985,2,1,0.11303314518972474,46.78087507355,0,0.016919753080856484,0.08462136675794563,66.90121390025257,AI Recoverable,CONTINUE_MONITORING,0
26,13,6,0.0,NORMAL,LOW,60.70915239325,100,0.013033321934221841,3,1,0.15977499145066637,52.4559068715,0,0.014442127206150448,0.07893156269082957,66.93179864347519,AI Recoverable,CONTINUE_MONITORING,0
26,13,7,0.0,NORMAL,LOW,79.165319935,100,0.23283471464029248,2,1,0.2746260359802194,33.460819154999996,0,0.2340712570736057,0.08596042748786159,73.34839617634536,AI Recoverable,CONTINUE_MONITORING,1
26,13,8,0.0,NORMAL,LOW,72.48418856385,100,0.1323293455676015,2,1,0.19924700917570115,39.00447177355,0,0.1250081554173561,0.0432309308016805,71.31589519548358,AI Recoverable,CONTINUE_MONITORING,0
26,13,9,0.0,NORMAL,LOW,65.36597838405001,100,0.029706001101414633,1,0,0.06930890071591951,43.826350024949996,0,0.01893808482231965,0.06368065017402824,67.69148461590078,AI Recoverable,CONTINUE_MONITORING,0
26,13,10,0.0,NORMAL,LOW,63.209124925374994,100,0.009312887261986702,2,1,0.10698466544649003,45.898562631,0,0.012193271305619098,0.10936815219475537,66.07398665342704,AI Recoverable,CONTINUE_MONITORING,0
26,14,1,0.255724879296152,NORMAL,LOW,83.80174853005,100,0.0,1,0,0.05,1.78167991365,0,0.0,0.07892921515076667,57.576398845865505,AI Recoverable,CONTINUE_MONITORING,0
26,14,2,0.0,NORMAL,LOW,76.7586197065,100,0.17948858094905112,3,1,0.2846164357117883,35.366641443,0,0.18888663441654197,0.08047527997302817,71.96675596382073,AI Recoverable,CONTINUE_MONITORING,1
26,14,3,0.0,NORMAL,LOW,64.24636894875,100,0.03546067560983689,1,0,0.07304943914639399,46.78716354855,0,0.02358780043742475,0.05542852230726569,68.05937845888934,AI Recoverable,CONTINUE_MONITORING,0
26,14,4,0.0,NORMAL,LOW,68.3690476136,100,0.06205409553556643,3,1,0.19654057165167482,41.236286830599994,0,0.06533318279019738,0.03241115041270737,69.58413497829561,AI Recoverable,CONTINUE_MONITORING,0
26,14,5,0.0,NORMAL,LOW,64.45110730545,100,0.02083273091246883,2,1,0.11562454818435162,46.340864003600004,0,0.017692231564900227,0.08951935450950887,66.85559307116064,AI Recoverable,CONTINUE_MONITORING,0
26,14,6,0.0,NORMAL,LOW,62.311009510875,100,0.015006634426112352,3,1,0.16125497581958426,49.95965707949999,0,0.014075937683953741,0.07755968716382178,67.00189988626623,AI Recoverable,CONTINUE_MONITORING,0
26,14,7,0.0,NORMAL,LOW,79.45957986619999,100,0.2572109246744995,2,1,0.2929081935058746,33.54163659055,0,0.22924812354120644,0.08692726838144105,73.76351801936603,AI Recoverable,CONTINUE_MONITORING,1
26,14,8,0.0,NORMAL,LOW,72.03404195924999,100,0.12037008849684142,2,1,0.19027756637263107,39.33827763225,0,0.12662038294934846,0.03218934219900693,71.36887204445512,AI Recoverable,CONTINUE_MONITORING,0
26,14,9,0.0,NORMAL,LOW,66.0449879805,100,0.03546067560983689,1,0,0.07304943914639399,43.772133861149996,0,0.02358780043742475,0.04815857118794853,68.24112723687227,AI Recoverable,CONTINUE_MONITORING,0
26,14,10,0.0,NORMAL,LOW,63.13337880205,100,0.010133977310230507,2,1,0.10760048298267288,45.764307727,0,0.010913671670438009,0.10631104612075915,66.15404010989,AI Recoverable,CONTINUE_MONITORING,0
26,15,1,0.255724879296152,NORMAL,LOW,83.2825683484,100,0.0,1,0,0.05,2.9920221477,0,0.0,0.07859007630949044,57.58487731689742,AI Recoverable,CONTINUE_MONITORING,0
26,15,2,0.0,NORMAL,LOW,75.39486122005002,100,0.17445690544656783,3,1,0.2808426790849259,37.343378133250006,0,0.1854499796925462,0.0692509394034847,72.1123644207697,AI Recoverable,CONTINUE_MONITORING,1
26,15,3,0.0,NORMAL,LOW,63.7570781872,100,0.03326388388848577,1,0,0.07162152452751576,47.4126304066,0,0.02790539386424224,0.06041589597827601,67.93393421695524,AI Recoverable,CONTINUE_MONITORING,0
26,15,4,0.0,NORMAL,LOW,68.02817306815001,100,0.06036657064619736,3,1,0.19527492798464802,41.092271474,0,0.06453453734160355,0.04039697756240945,69.34275234727974,AI Recoverable,CONTINUE_MONITORING,0
26,15,5,0.0,NORMAL,LOW,63.75939997547499,100,0.022053105793790054,2,1,0.11653982934534254,48.20472428229999,0,0.01865801603452279,0.08700918183000506,66.9524127304709,AI Recoverable,CONTINUE_MONITORING,0
26,15,6,0.0,NORMAL,LOW,62.624539667475,100,0.020571362199160288,3,1,0.16542852164937022,49.86540396,0,0.014193904984424539,0.0728490949419931,67.23213892027762,AI Recoverable,CONTINUE_MONITORING,0
26,15,7,0.0,NORMAL,LOW,79.34105090165001,100,0.2748054947341899,2,1,0.30610412105064244,35.166370225499996,0,0.2421050960624877,0.1001778717970142,73.91271406038332,AI Recoverable,CONTINUE_MONITORING,1
26,15,8,0.0,NORMAL,LOW,70.93519158580001,100,0.11881257464844822,2,1,0.18910943098633617,40.95940816555,0,0.12435726568105268,0.034753935370219535,71.250975765524,AI Recoverable,CONTINUE_MONITORING,0
26,15,9,0.0,NORMAL,LOW,66.02195310525,100,0.03326388388848577,1,0,0.07162152452751576,44.1796674445,0,0.02790539386424224,0.058855962978382026,67.97293254195257,AI Recoverable,CONTINUE_MONITORING,0
26,15,10,0.0,NORMAL,LOW,63.99804203047501,100,0.019141143871953904,2,1,0.11435585790396544,46.32341553249999,0,0.010385585281081477,0.09333258134708466,66.65336419657277,AI Recoverable,CONTINUE_MONITORING,0
26,16,1,0.2991518991833152,NORMAL,LOW,83.306782623,100,0.0,1,0,0.05,2.0625556374,0,0.0,0.07682088338184201,56.109161444037916,AI Recoverable,CONTINUE_MONITORING,0
26,16,2,0.0,NORMAL,LOW,76.19075469745002,100,0.17970256683453256,3,1,0.2847769251258994,36.65852255155,0,0.18129761284483503,0.07669410062455095,71.98967494952522,AI Recoverable,CONTINUE_MONITORING,1
26,16,3,0.0,NORMAL,LOW,63.2764187247,100,0.030912988430824722,1,0,0.07009344248003607,49.008379945,0,0.029223684547016876,0.06406426329558679,67.80889003169699,AI Recoverable,CONTINUE_MONITORING,0
26,16,4,0.0,NORMAL,LOW,68.19704293320001,100,0.06431094701294518,3,1,0.1982332102597089,40.9971955688,0,0.06275045246058102,0.033769351660929536,69.56948967334147,AI Recoverable,CONTINUE_MONITORING,0
26,16,5,0.0,NORMAL,LOW,63.42424925329999,100,0.019129071467742294,2,1,0.11434680360080672,48.39563129595,0,0.019451264036506034,0.08638780731651519,66.91739888680702,AI Recoverable,CONTINUE_MONITORING,0
26,16,6,0.0,NORMAL,LOW,61.826893389875,100,0.015007353849388722,3,1,0.16125551538704153,50.176896022499996,0,0.016465675746175246,0.073874961931776,67.11792978615513,AI Recoverable,CONTINUE_MONITORING,0
26,16,7,0.0,NORMAL,LOW,80.044712551,100,0.2795014493975369,2,1,0.30962608704815264,33.8141512263,0,0.25617222710802307,0.09265756797492275,74.3353120596579,AI Recoverable,CONTINUE_MONITORING,1
26,16,8,0.0,NORMAL,LOW,70.98541762095,100,0.12323546815696461,2,1,0.19242660111772347,40.6766927077,0,0.12325164784640595,0.0409952269551771,71.17234516772393,AI Recoverable,CONTINUE_MONITORING,0
26,16,9,0.0,NORMAL,LOW,64.93815017155,100,0.030912988430824722,1,0,0.07009344248003607,45.32479443715,0,0.029223684547016876,0.06726974708830114,67.72875293687913,AI Recoverable,CONTINUE_MONITORING,0
26,16,10,0.0,NORMAL,LOW,61.74229307157499,100,0.011385130108162899,2,1,0.10853884758112217,49.170851198099996,0,0.013842819461431444,0.09708674047896992,66.43896228480331,AI Recoverable,CONTINUE_MONITORING,0
26,17,1,0.255724879296152,NORMAL,LOW,82.92793390905,100,0.0,1,0,0.05,3.9106588450500004,0,0.0,0.08162486626283927,57.509007568063694,AI Recoverable,CONTINUE_MONITORING,0
26,17,2,0.0,NORMAL,LOW,76.43714809975,100,0.17290429568488735,3,1,0.2796782217636655,35.621651332,0,0.18180596104969593,0.07860192137498778,71.81109748982001,AI Recoverable,CONTINUE_MONITORING,1
26,17,3,0.0,NORMAL,LOW,62.109818048449995,100,0.023137730171384496,1,0,0.06503952461139992,50.84414144499999,0,0.03039159023544531,0.0861109789920177,67.1138960309817,AI Recoverable,CONTINUE_MONITORING,0
26,17,4,0.0,NORMAL,LOW,67.74276431575,100,0.06042267792219254,3,1,0.1953170084416444,41.089213001,0,0.06393891824882994,0.042255548400258136,69.2914540309257,AI Recoverable,CONTINUE_MONITORING,0
26,17,5,0.0,NORMAL,LOW,61.86971197237501,100,0.013563790058471374,2,1,0.11017284254385354,50.593221781,0,0.018866753097627788,0.09013066281357796,66.70667676180625,AI Recoverable,CONTINUE_MONITORING,0
26,17,6,0.0,NORMAL,LOW,61.852403593350004,100,0.015357324925243172,3,1,0.16151799369393238,50.387915156000005,0,0.015152608177186912,0.07383054416953538,67.11290897603834,AI Recoverable,CONTINUE_MONITORING,0
26,17,7,0.0,NORMAL,LOW,79.98947838350001,100,0.2968132237928698,2,1,0.3226099178446523,34.4627202442,0,0.2658091328254987,0.10604265631492826,74.44328939623918,AI Recoverable,CONTINUE_MONITORING,1
26,17,8,0.0,NORMAL,LOW,69.98734210574999,100,0.11931514786596481,2,1,0.18948636089947363,42.3889650725,0,0.12474159422142106,0.03216339425852299,71.32963404307043,AI Recoverable,CONTINUE_MONITORING,0
26,17,9,0.0,NORMAL,LOW,64.29549714395,100,0.023137730171384496,1,0,0.06503952461139992,46.311343901499995,0,0.03039159023544531,0.0887495474592912,67.04793181929986,AI Recoverable,CONTINUE_MONITORING,0
26,17,10,0.0,NORMAL,LOW,62.81145953682501,100,0.017262192292684036,2,1,0.11294664421951303,48.9639551888,0,0.011905592649197688,0.0941050630022755,66.61167319728875,AI Recoverable,CONTINUE_MONITORING,0
26,18,1,0.255724879296152,NORMAL,LOW,83.1196769966,100,0.0,1,0,0.05,3.9040385202,0,0.0,0.08232061228389831,57.49161391753722,AI Recoverable,CONTINUE_MONITORING,0
26,18,2,0.0,NORMAL,LOW,75.77450615245002,100,0.17592269388297133,3,1,0.2819420204122285,37.32452810605,0,0.17749296952309823,0.07493746782322941,71.91994687730967,AI Recoverable,CONTINUE_MONITORING,1
26,18,3,0.0,NORMAL,LOW,60.811492454375006,100,0.017294494575987005,1,0,0.06124142147439156,52.93525451400001,0,0.028288698139687863,0.0890061016372613,66.90362433198509,AI Recoverable,CONTINUE_MONITORING,0
26,18,4,0.0,NORMAL,LOW,67.47403612475,100,0.062173041161360895,3,1,0.19662978087102068,41.440609868,0,0.061838555794603775,0.04028343873003559,69.35476041292236,AI Recoverable,CONTINUE_MONITORING,0
26,18,5,0.0,NORMAL,LOW,62.31381075995001,100,0.011872213397406284,2,1,0.10890416004805473,49.1473742678,0,0.017083008538836188,0.09468016305151628,66.54127027704858,AI Recoverable,CONTINUE_MONITORING,0
26,18,6,0.0,NORMAL,LOW,62.34179702762501,100,0.01954681632909275,3,1,0.16466011224681956,50.920528397,0,0.015663837104350643,0.08001592593199114,67.04717654932558,AI Recoverable,CONTINUE_MONITORING,0
26,18,7,0.0,NORMAL,LOW,81.82536345750002,100,0.32113159843383815,2,1,0.3408486988253786,31.622672559849995,0,0.27680718015137534,0.12021231009662803,74.6853960177748,AI Recoverable,CONTINUE_MONITORING,1
26,18,8,0.0,NORMAL,LOW,71.60391423319999,100,0.1294885618002768,2,1,0.1971164213502076,40.397504091849996,0,0.12176331182280434,0.04255545025399099,71.2435180978838,AI Recoverable,CONTINUE_MONITORING,0
26,18,9,0.0,NORMAL,LOW,62.53514720237499,100,0.017294494575987005,1,0,0.06124142147439156,49.15974197295,0,0.028288698139687863,0.09226556345376147,66.82213778657257,AI Recoverable,CONTINUE_MONITORING,0
26,18,10,0.0,NORMAL,LOW,65.18207277779999,100,0.029124894426219725,2,1,0.1218436708196648,45.46029478845,0,0.014591604006107737,0.07399271596810242,67.37859602938289,AI Recoverable,CONTINUE_MONITORING,0
26,19,1,0.255724879296152,NORMAL,LOW,83.13253682935,100,0.0,1,0,0.05,4.0838408874,0,0.0,0.08352061800793231,57.46161377443637,AI Recoverable,CONTINUE_MONITORING,0
26,19,2,0.0,NORMAL,LOW,76.3728722151,100,0.18641968142208093,3,1,0.2898147610665607,36.712698476650004,0,0.17632331415661281,0.08250319019429597,71.92904701515033,AI Recoverable,CONTINUE_MONITORING,1
26,19,3,0.0,NORMAL,LOW,60.49784428217501,100,0.012270738249368994,1,0,0.05797597986208985,53.0907107045,0,0.02479811654750875,0.0996372588789951,66.50246445848758,AI Recoverable,CONTINUE_MONITORING,0
26,19,4,0.0,NORMAL,LOW,68.583824095,100,0.07130492166432771,3,1,0.20347869124824577,40.405786205,0,0.061957738867365,0.03607953876771319,69.64368735276737,AI Recoverable,CONTINUE_MONITORING,0
26,19,5,0.0,NORMAL,LOW,62.847311573675,100,0.01255401428608375,2,1,0.10941551071456282,48.1306122507,0,0.01580479164740492,0.0964556780229956,66.49773625162082,AI Recoverable,CONTINUE_MONITORING,0
26,19,6,0.0,NORMAL,LOW,62.52251881892501,100,0.024300683028885075,3,1,0.1682255122716638,51.46566667199999,0,0.017832573740787443,0.07550414420562646,67.2767357928449,AI Recoverable,CONTINUE_MONITORING,0
26,19,7,0.0,NORMAL,LOW,80.57689021214999,100,0.31763107830172443,2,1,0.33822330872629336,33.4886313212,0,0.2964642562747622,0.11228723244358374,75.0100833176925,AI Recoverable,CONTINUE_MONITORING,1
26,19,8,0.0,NORMAL,LOW,71.73168880905,100,0.13840985332959244,2,1,0.20380738999719433,41.692057865500004,0,0.12441762627567243,0.04125360667829536,71.48103316239118,AI Recoverable,CONTINUE_MONITORING,0
26,19,9,0.0,NORMAL,LOW,61.85349965992503,100,0.012270738249368994,1,0,0.05797597986208985,48.640133499799994,0,0.02479811654750875,0.09750468292854331,66.55577885724888,AI Recoverable,CONTINUE_MONITORING,0
26,19,10,0.0,NORMAL,LOW,66.06683767885,100,0.039891605223614124,2,1,0.1299187039177106,45.27348189405,0,0.020924095649161065,0.047121484936175406,68.3290359375595,AI Recoverable,CONTINUE_MONITORING,0
26,20,1,0.255724879296152,NORMAL,LOW,82.440831144,100,0.0,1,0,0.05,5.7581299260000005,0,0.0,0.08016577947449599,57.54548473777228,AI Recoverable,CONTINUE_MONITORING,0
26,20,2,0.0,NORMAL,LOW,75.27508370820001,100,0.174440972214036,3,1,0.280830729160527,38.343369856799995,0,0.18044276448456986,0.07592695021694962,71.89507333370267,AI Recoverable,CONTINUE_MONITORING,1
26,20,3,0.0,NORMAL,LOW,61.55382799487501,100,0.017236321543607807,1,0,0.06120360900334508,52.1862236685,0,0.020044398419057835,0.09149556052308971,66.75778140198548,AI Recoverable,CONTINUE_MONITORING,0
26,20,4,0.0,NORMAL,LOW,67.4629975174,100,0.06501272136070668,3,1,0.19875954102053,41.5647171576,0,0.06599241867628163,0.03643076911336596,69.54940938614278,AI Recoverable,CONTINUE_MONITORING,0
26,20,5,0.0,NORMAL,LOW,63.46928293295,100,0.013588367936399314,2,1,0.1101912759522995,46.85225126085,0,0.01485031158631425,0.09364997122013319,66.57902119408779,AI Recoverable,CONTINUE_MONITORING,0
26,20,6,0.0,NORMAL,LOW,62.35029389569999,100,0.024330391432999896,3,1,0.16824779357474992,51.75131542649999,0,0.020559900555113322,0.07661767798137831,67.27676488467668,AI Recoverable,CONTINUE_MONITORING,0
26,20,7,0.0,NORMAL,LOW,81.87868540324999,100,0.3379843471675638,2,1,0.3534882603756728,31.060152805500003,0,0.3038729217429396,0.12695099810577082,75.1246412081364,AI Recoverable,CONTINUE_MONITORING,1
26,20,8,0.0,NORMAL,LOW,72.49773961660001,100,0.12921987186921577,2,1,0.19691490390191183,40.077437047900005,0,0.1296195808110523,0.04161359921546304,71.34025326510826,AI Recoverable,CONTINUE_MONITORING,0
26,20,9,0.0,NORMAL,LOW,61.887864482625,100,0.017236321543607807,1,0,0.06120360900334508,48.8520355329,0,0.020044398419057835,0.09275715490976011,66.72624154231873,AI Recoverable,CONTINUE_MONITORING,0
26,20,10,0.0,NORMAL,LOW,65.06769644175002,100,0.03817916349435706,2,1,0.1286343726207678,47.3526265265,0,0.028320176796253094,0.05057573642778557,68.28239162715502,AI Recoverable,CONTINUE_MONITORING,0
26,21,1,0.255724879296152,NORMAL,LOW,82.41845360855,100,0.0,1,0,0.05,5.6112709679999995,0,0.0,0.08124823599744335,57.518423324698595,AI Recoverable,CONTINUE_MONITORING,0
26,21,2,0.0,NORMAL,LOW,74.63731800224998,100,0.17656077882630622,3,1,0.2824205841197297,39.2969987669,0,0.17684692106960195,0.06959494272911682,72.05981121899421,AI Recoverable,CONTINUE_MONITORING,1
26,21,3,0.0,NORMAL,LOW,60.765406983374994,100,0.015212641571032644,1,0,0.059888217021171225,53.487145294499996,0,0.019290214679046562,0.0950714004352392,66.62036996733013,AI Recoverable,CONTINUE_MONITORING,0
26,21,4,0.0,NORMAL,LOW,67.38154332925001,100,0.06325491102027879,3,1,0.1974411832652091,40.906638948,0,0.06475521968522661,0.04964991257066442,69.17140260299122,AI Recoverable,CONTINUE_MONITORING,0
26,21,5,0.0,NORMAL,LOW,63.1120042304,100,0.015243360894017337,2,1,0.11143252067051301,48.214709604099994,0,0.013975554381374216,0.08709490642067197,66.76725010117728,AI Recoverable,CONTINUE_MONITORING,0
26,21,6,0.0,NORMAL,LOW,61.71614078230001,100,0.02427045395857155,3,1,0.16820284046892867,53.09624702199999,0,0.021095077169085312,0.0762508155576116,67.29008946192198,AI Recoverable,CONTINUE_MONITORING,0
26,21,7,0.0,NORMAL,LOW,81.81748906065,100,0.32810882518774825,2,1,0.34608161889081124,31.19582961105,0,0.31882394174336376,0.11877902377693739,75.28094032676516,AI Recoverable,CONTINUE_MONITORING,1
26,21,8,0.0,NORMAL,LOW,72.96391623529999,100,0.133809751317558,2,1,0.20035731348816851,39.316545621100005,0,0.12831960798384673,0.04212010595735394,71.40638845725576,AI Recoverable,CONTINUE_MONITORING,0
26,21,9,0.0,NORMAL,LOW,61.132407216175,100,0.015212641571032644,1,0,0.059888217021171225,50.744159773499995,0,0.019290214679046562,0.09062820488933587,66.73144985597771,AI Recoverable,CONTINUE_MONITORING,0
26,21,10,0.0,NORMAL,LOW,65.54724095249999,100,0.03538745761820163,2,1,0.12654059321365124,46.58327111724999,0,0.030471767024612413,0.061954005230850706,67.96361669183888,AI Recoverable,CONTINUE_MONITORING,0
26,22,1,0.255724879296152,NORMAL,LOW,81.640795664,100,0.0,1,0,0.05,7.558209756,0,0.0,0.0819596222562643,57.50063866822806,AI Recoverable,CONTINUE_MONITORING,0
26,22,2,0.0,NORMAL,LOW,75.81896855795,100,0.18873159737192102,3,1,0.2915486980289408,36.94708526495,0,0.17704301273213133,0.07729491880510975,72.11268910463198,AI Recoverable,CONTINUE_MONITORING,1
26,22,3,0.0,NORMAL,LOW,61.24821943225,100,0.019113817467321933,1,0,0.06242398135375926,53.28841567,0,0.016485062126903125,0.0945288641870431,66.68390536593938,AI Recoverable,CONTINUE_MONITORING,0
26,22,4,0.0,NORMAL,LOW,67.10515032955001,100,0.07073696597367649,3,1,0.20305272448025735,41.5864630222,0,0.06408003154412496,0.04918774147642824,69.32584609800408,AI Recoverable,CONTINUE_MONITORING,0
26,22,5,0.0,NORMAL,LOW,62.86267605997501,100,0.010909144177334056,2,1,0.10818185813300055,47.64383002415,0,0.013928052788338127,0.09732333793423897,66.42437996307407,AI Recoverable,CONTINUE_MONITORING,0
26,22,6,0.0,NORMAL,LOW,60.7929209791,100,0.01728846420369614,3,1,0.1629663481527721,53.18167783849999,0,0.022373929942042403,0.07563806835606524,67.17855687459272,AI Recoverable,CONTINUE_MONITORING,0
26,22,7,0.0,NORMAL,LOW,81.98545731225,100,0.3290787195656211,2,1,0.34680903967421584,31.462302592949996,0,0.32266631776004867,0.12459363451119498,75.19339670613302,AI Recoverable,CONTINUE_MONITORING,1
26,22,8,0.0,NORMAL,LOW,72.97293132955001,100,0.14555907323025832,2,1,0.20916930492269376,40.1649976146,0,0.1311769714608325,0.05009517422790566,71.47057182351584,AI Recoverable,CONTINUE_MONITORING,0
26,22,9,0.0,NORMAL,LOW,62.9336051506,100,0.019113817467321933,1,0,0.06242398135375926,48.2255491396,0,0.016485062126903125,0.09089903042674208,66.77465120994691,AI Recoverable,CONTINUE_MONITORING,0
26,22,10,0.0,NORMAL,LOW,64.91650868505,100,0.025129972866757683,2,1,0.11884747965006827,46.238080757700004,0,0.032994581113171204,0.08884767992012155,67.11135327046382,AI Recoverable,CONTINUE_MONITORING,0
26,23,1,0.255724879296152,NORMAL,LOW,80.96221573585001,100,0.0,1,0,0.05,8.8479796905,0,0.0,0.08477371946531242,57.43028623800187,AI Recoverable,CONTINUE_MONITORING,0
26,23,2,0.0,NORMAL,LOW,76.24600820854998,100,0.19276423420993596,3,1,0.294573175657452,36.024365205,0,0.18291008053200047,0.07898870798535318,72.20966778988489,AI Recoverable,CONTINUE_MONITORING,1
26,23,3,0.0,NORMAL,LOW,61.74660651237501,100,0.016706582564793883,1,0,0.060859278667116025,51.63145909799999,0,0.017092067117221152,0.0924217543191641,66.69450846448899,AI Recoverable,CONTINUE_MONITORING,0
26,23,4,0.0,NORMAL,LOW,67.9646509893,100,0.07567503152011612,3,1,0.20675627364008708,40.1479277637,0,0.06776864835735202,0.05313603660140731,69.36278619894067,AI Recoverable,CONTINUE_MONITORING,0
26,23,5,0.0,NORMAL,LOW,62.8933674117,100,0.012830090409333987,2,1,0.1096225678070005,48.0999138908,0,0.012256137349973918,0.09321121840659774,66.54888272152148,AI Recoverable,CONTINUE_MONITORING,0
26,23,6,0.0,NORMAL,LOW,60.99402618152499,100,0.018631273515898245,3,1,0.16397345513692368,52.1798738155,0,0.020549692514563195,0.07366157733302092,67.23658296213807,AI Recoverable,CONTINUE_MONITORING,0
26,23,7,0.0,NORMAL,LOW,80.90880804105001,100,0.3112006805156641,2,1,0.33340051038674806,32.0712772249,0,0.3274744554815957,0.11038858234772642,75.23904360643607,AI Recoverable,CONTINUE_MONITORING,1
26,23,8,0.0,LINK_FAILURE,HIGH,71.86619533635,100,0.1425929391639228,2,1,0.2069447043729421,42.1650553285,0,0.1383759175856437,0.04627596053154559,66.57871894584626,AI Recoverable,CONTINUE_MONITORING,0
26,23,9,0.0,NORMAL,LOW,61.53890761502501,100,0.016706582564793883,1,0,0.060859278667116025,50.5739087295,0,0.017092067117221152,0.09219717674491523,66.7001229038452,AI Recoverable,CONTINUE_MONITORING,0
26,23,10,0.0,NORMAL,LOW,64.9386015624,100,0.02551139084526085,2,1,0.11913354313394564,46.262892737849995,0,0.031018824968108333,0.08797129184641361,67.12113377042596,AI Recoverable,CONTINUE_MONITORING,0
26,24,1,0.255724879296152,NORMAL,LOW,80.1340659854,100,0.0,1,0,0.05,10.466136594,0,0.0,0.08717915498324558,57.37015035005354,AI Recoverable,CONTINUE_MONITORING,0
26,24,2,0.0,NORMAL,LOW,77.02351521039999,100,0.20699118178446127,3,1,0.3052433863383459,35.1043995695,0,0.18647768722918,0.08530217693633335,72.37204608457269,AI Recoverable,CONTINUE_MONITORING,1
26,24,3,0.0,NORMAL,LOW,61.483882481999984,100,0.014662328050274941,1,0,0.05953051323267872,51.736574438999995,0,0.016287588964895704,0.09559683839441646,66.56620149079404,AI Recoverable,CONTINUE_MONITORING,0
26,24,4,0.0,NORMAL,LOW,68.17518075775,100,0.07772937098412858,3,1,0.20829702823809643,40.024960828,0,0.07114034667150965,0.05118279659516689,69.4864209715185,AI Recoverable,CONTINUE_MONITORING,0
26,24,5,0.0,NORMAL,LOW,62.59772585495001,100,0.0077885392409499056,2,1,0.10584140443071244,47.276111333550006,0,0.012966524001243776,0.11340242838152792,65.95037531529323,AI Recoverable,CONTINUE_MONITORING,0
26,24,6,0.0,NORMAL,LOW,59.9614535826,100,0.017106620026456798,3,1,0.1628299650198426,54.157215816999994,0,0.0208243593143766,0.07650359646685034,67.13778608200164,AI Recoverable,CONTINUE_MONITORING,0
26,24,7,0.0,NORMAL,LOW,79.6370373238,100,0.2707983081749262,2,1,0.3030987311311947,32.243139327,0,0.3207207152580642,0.09171990381282946,74.83017572075842,AI Recoverable,CONTINUE_MONITORING,1
26,24,8,0.0,NORMAL,LOW,73.1533115813,100,0.16111727394402026,2,1,0.2208379554580152,41.6150300475,0,0.13932069019665344,0.06156497466264532,71.57642801428081,AI Recoverable,CONTINUE_MONITORING,1
26,24,9,0.0,NORMAL,LOW,60.885788086750004,100,0.014662328050274941,1,0,0.05953051323267872,52.334535586499996,0,0.016287588964895704,0.09168968509639874,66.66388032324448,AI Recoverable,CONTINUE_MONITORING,0
26,24,10,0.0,NORMAL,LOW,65.28404776365,100,0.03004393205508285,2,1,0.12253294904131215,46.29559536285,0,0.030627359860325044,0.07960232984590021,67.41709399355739,AI Recoverable,CONTINUE_MONITORING,0
26,25,1,0.255724879296152,NORMAL,LOW,80.25134106765,100,0.0,1,0,0.05,9.779327554500002,0,0.0,0.08423785556640029,57.443682835474675,AI Recoverable,CONTINUE_MONITORING,0
26,25,2,0.0,NORMAL,LOW,76.89615696035,100,0.20420161083248556,3,1,0.30315120812436414,35.39810158925,0,0.19362578155227084,0.08449509562136948,72.40791264163818,AI Recoverable,CONTINUE_MONITORING,1
26,25,3,0.0,NORMAL,LOW,61.575721664749985,100,0.010028897420973688,1,0,0.0565187833236329,50.28340049249999,0,0.016009135182666848,0.10256036446385375,66.2966601886498,AI Recoverable,CONTINUE_MONITORING,0
26,25,4,0.0,NORMAL,LOW,67.5965955595,100,0.07448233190733926,3,1,0.20586174893050443,40.2146069,0,0.0726560714154855,0.05647257276129214,69.30439303326933,AI Recoverable,CONTINUE_MONITORING,0
26,25,5,0.0,NORMAL,LOW,62.696147007925006,100,0.010790483530749594,2,1,0.1080928626480622,47.410103540250006,0,0.010786892144409815,0.09766356721343517,66.38208941172321,AI Recoverable,CONTINUE_MONITORING,0
26,25,6,0.0,NORMAL,LOW,59.67810090595,100,0.020143398496316568,3,1,0.16510754887223741,54.690000418500006,0,0.019359794447204207,0.07609007156580994,67.19421412525313,AI Recoverable,CONTINUE_MONITORING,0
26,25,7,0.0,NORMAL,LOW,79.6157654398,100,0.26791780592120545,2,1,0.3009383544409041,32.332380463,0,0.3020434157380911,0.09079402380099943,74.60893968078003,AI Recoverable,CONTINUE_MONITORING,1
26,25,8,0.0,NORMAL,LOW,72.651751962,100,0.1591286122628686,2,1,0.21934645919715146,43.127345452499995,0,0.14805702951670258,0.06778486438793851,71.46852093072593,AI Recoverable,CONTINUE_MONITORING,1
26,25,9,0.0,NORMAL,LOW,58.75216097795,100,0.010028897420973688,1,0,0.0565187833236329,55.05304399349999,0,0.016009135182666848,0.097662989725391,66.41909455711136,AI Recoverable,CONTINUE_MONITORING,0
26,25,10,0.0,NORMAL,LOW,64.60379911665,100,0.032391947479234726,2,1,0.12429396060942605,47.5783124008,0,0.030608447979677267,0.06454255113778617,67.8403596509368,AI Recoverable,CONTINUE_MONITORING,0
26,26,1,0.255724879296152,NORMAL,LOW,81.27009770695,100,0.0,1,0,0.05,8.184980394,0,0.0,0.08388255778032494,57.45256528012656,AI Recoverable,CONTINUE_MONITORING,0
26,26,2,0.0,NORMAL,LOW,77.81322713654998,100,0.219262134729757,3,1,0.31444660104731775,34.399209569599996,0,0.19695539967326106,0.08094785266001714,72.83110037482732,AI Recoverable,CONTINUE_MONITORING,1
26,26,3,0.0,NORMAL,LOW,60.99877207515,100,0.0068834393381852245,1,0,0.054474235569820395,49.683807892850005,0,0.0136100666167077,0.11228835987888464,65.96656045595864,AI Recoverable,CONTINUE_MONITORING,0
26,26,4,0.0,NORMAL,LOW,67.5002101316,100,0.0787788171748314,3,1,0.20908411288112355,40.7887177374,0,0.07300770516897727,0.048861763151493154,69.58410931639906,AI Recoverable,CONTINUE_MONITORING,0
26,26,5,0.0,NORMAL,LOW,62.620991090900006,100,0.010016284365092857,2,1,0.10751221327381964,47.892432262099994,0,0.011295771614558761,0.1005595628586965,66.29929433198004,AI Recoverable,CONTINUE_MONITORING,0
26,26,6,0.0,NORMAL,LOW,59.0240494452,100,0.01834461628820208,3,1,0.16375846221615156,56.126296440999994,0,0.01968464897702647,0.08100437046107578,67.03862955400741,AI Recoverable,CONTINUE_MONITORING,0
26,26,7,0.0,NORMAL,LOW,78.89986476774999,100,0.2579916793789246,2,1,0.29349375953419343,32.643675406,0,0.2913699492874847,0.0907629348871728,74.30445970827401,AI Recoverable,CONTINUE_MONITORING,1
26,26,8,0.0,NORMAL,LOW,74.25592795025,100,0.18000867991682185,2,1,0.23500650993761638,41.0221584635,0,0.1516476546674685,0.06991940180970846,71.8686650997684,AI Recoverable,CONTINUE_MONITORING,1
26,26,9,0.0,NORMAL,LOW,57.6972360218,100,0.0068834393381852245,1,0,0.054474235569820395,56.399493128,0,0.0136100666167077,0.1133921346998149,65.9389660854354,AI Recoverable,CONTINUE_MONITORING,0
26,26,10,0.0,NORMAL,LOW,62.94955573465001,100,0.029173736409322613,2,1,0.12188030230699197,50.032748752,0,0.030502642364805696,0.065995190199717,67.73862139684158,AI Recoverable,CONTINUE_MONITORING,0
26,27,1,0.255724879296152,NORMAL,LOW,82.17632388,100,0.0,1,0,0.05,6.3532712700000005,0,0.0,0.08065459781670992,57.53326427921694,AI Recoverable,CONTINUE_MONITORING,0
26,27,2,0.0,NORMAL,LOW,77.88325993705001,100,0.2124174606995788,3,1,0.3093130955246841,34.185943844,0,0.20745174666892557,0.07667936607582237,72.90588252878526,AI Recoverable,CONTINUE_MONITORING,1
26,27,3,0.0,NORMAL,LOW,60.34233376195001,100,0.004228754278252082,1,0,0.052748690280863854,50.1972776121,0,0.01150034087927252,0.1328739964120521,65.37772858405646,AI Recoverable,CONTINUE_MONITORING,0
26,27,4,0.0,NORMAL,LOW,66.80021286185,100,0.0790328662754074,3,1,0.20927464970655554,41.72748724265,0,0.07646999761086228,0.0489759473890784,69.62095861688981,AI Recoverable,CONTINUE_MONITORING,0
26,27,5,0.0,NORMAL,LOW,62.02927612227499,100,0.007455750907187403,2,1,0.10559181318039056,48.4416791631,0,0.010331721150812313,0.11354999964527712,65.91368223851994,AI Recoverable,CONTINUE_MONITORING,0
26,27,6,0.0,NORMAL,LOW,58.5953950966,100,0.01348825516646019,3,1,0.16011619137484515,54.99931017649999,0,0.018315397040740398,0.08152050864958782,66.91490635749689,AI Recoverable,CONTINUE_MONITORING,0
26,27,7,0.0,NORMAL,LOW,79.33170606025001,100,0.2967787452581472,2,1,0.3225840589436104,33.150873221750004,0,0.27857571091156513,0.10609237827263729,74.56902255746266,AI Recoverable,CONTINUE_MONITORING,1
26,27,8,0.0,NORMAL,LOW,73.67632169765001,100,0.17523030469316872,2,1,0.23142272851987655,41.9721168775,0,0.16437952496755143,0.07261468266394,71.8330342769404,AI Recoverable,CONTINUE_MONITORING,1
26,27,9,0.0,NORMAL,LOW,57.97152713645001,100,0.004228754278252082,1,0,0.052748690280863854,55.6967405865,0,0.01150034087927252,0.13290567117793362,65.37693671490942,AI Recoverable,CONTINUE_MONITORING,0
26,27,10,0.0,NORMAL,LOW,62.735580511250014,100,0.02129591663955,2,1,0.1159719374796625,49.2886191475,0,0.028667258074589003,0.08753134495795378,67.02430728958805,AI Recoverable,CONTINUE_MONITORING,0
26,28,1,0.255724879296152,NORMAL,LOW,81.8434152519,100,0.0,1,0,0.05,7.0552228185,0,0.0,0.08199920318935305,57.49964914490086,AI Recoverable,CONTINUE_MONITORING,0
26,28,2,0.0,NORMAL,LOW,77.0674879046,100,0.21633749100670702,3,1,0.3122531182550302,35.9856669848,0,0.20871436532574422,0.088504692531308,72.70127616010889,AI Recoverable,CONTINUE_MONITORING,1
26,28,3,0.0,NORMAL,LOW,61.31882524717499,100,0.006715335526088751,1,0,0.05436496809195769,48.07599149765,0,0.008620026514822798,0.11557642018315484,65.83109647109112,AI Recoverable,CONTINUE_MONITORING,0
26,28,4,0.0,NORMAL,LOW,66.9351157004,100,0.08074758387484011,3,1,0.21056068790613008,40.973580732849996,0,0.0777076383832774,0.057109008430144104,69.46430285057596,AI Recoverable,CONTINUE_MONITORING,0
26,28,5,0.0,NORMAL,LOW,60.86588756460001,100,0.005750740880769799,2,1,0.10431305566057736,50.433574112399995,0,0.009080086055620145,0.12020374046642512,65.70072216651097,AI Recoverable,CONTINUE_MONITORING,0
26,28,6,0.0,NORMAL,LOW,56.63523449712501,100,0.009282515211872178,3,1,0.15696188640890413,57.400237227999995,0,0.0163264594390048,0.09052822791273873,66.585709200809,AI Recoverable,CONTINUE_MONITORING,0
26,28,7,0.0,NORMAL,LOW,77.42045712855,100,0.26873718468001156,2,1,0.3015528885100087,35.6768541817,0,0.28568983427228556,0.09940162546735842,74.24660139963912,AI Recoverable,CONTINUE_MONITORING,1
26,28,8,0.0,NORMAL,LOW,72.88073466300001,100,0.17351636619668445,2,1,0.23013727464751335,43.659374082499994,0,0.1670999848052629,0.0738317442127926,71.7955335666665,AI Recoverable,CONTINUE_MONITORING,1
26,28,9,0.0,NORMAL,LOW,58.919181336925,100,0.006715335526088751,1,0,0.05436496809195769,54.99940151450001,0,0.008620026514822798,0.1143388927785538,65.86203465620615,AI Recoverable,CONTINUE_MONITORING,0
26,28,10,0.0,NORMAL,LOW,61.62720420995,100,0.013655787865396205,2,1,0.11024184089904716,50.541837336499995,0,0.02576714427184814,0.09451299560521131,66.66796230989613,AI Recoverable,CONTINUE_MONITORING,0
26,29,1,0.255724879296152,NORMAL,LOW,81.89843921845001,100,0.0,1,0,0.05,6.638120181,0,0.0,0.08109565399142349,57.52223787484909,AI Recoverable,CONTINUE_MONITORING,0
26,29,2,0.0,LINK_FAILURE,HIGH,76.22800364899999,100,0.2148219443869011,3,1,0.31111645829017587,37.0044037502,0,0.21319063036943064,0.08455147076056813,67.81455842241813,AI Recoverable,CONTINUE_MONITORING,1
26,29,3,0.0,NORMAL,LOW,60.332395962250004,100,0.0045450880221967254,1,0,0.05295430721442788,50.1986703682,0,0.00796722630375508,0.13071864503728192,65.40260789754944,AI Recoverable,CONTINUE_MONITORING,0
26,29,4,0.0,NORMAL,LOW,67.20518707195001,100,0.08359314964760418,3,1,0.21269486223570314,39.95237045005,0,0.07893221099276856,0.057628698085128716,69.52046765075156,AI Recoverable,CONTINUE_MONITORING,0
26,29,5,0.0,NORMAL,LOW,61.923293236650004,100,0.008989633549811762,2,1,0.10674222516235883,49.18408737735,0,0.007577474113695877,0.1027737440884341,66.18622380992234,AI Recoverable,CONTINUE_MONITORING,0
26,29,6,0.0,NORMAL,LOW,58.571171750625,100,0.014878607862431063,3,1,0.1611589558968233,54.631689679000004,0,0.013755911290064746,0.07903026867346574,66.95937455331263,AI Recoverable,CONTINUE_MONITORING,0
26,29,7,0.0,NORMAL,LOW,79.33363785085,100,0.28969353422757443,2,1,0.3172701506706809,33.121469971399996,0,0.27133247668185356,0.10092630049545481,74.48403793898363,AI Recoverable,CONTINUE_MONITORING,1
26,29,8,0.0,NORMAL,LOW,73.52769276655,100,0.17289072159213392,2,1,0.22966804119410045,42.103055315,0,0.17091508304090425,0.07197374662135347,71.86762159671788,AI Recoverable,CONTINUE_MONITORING,1
26,29,9,0.0,NORMAL,LOW,59.258916552200006,100,0.0045450880221967254,1,0,0.05295430721442788,53.484861214,0,0.00796722630375508,0.13288893019227666,65.34835076867456,AI Recoverable,CONTINUE_MONITORING,0
26,29,10,0.0,NORMAL,LOW,62.81828807005,100,0.02224337198015231,2,1,0.11668252898511425,48.816910842000006,0,0.02181532122242096,0.08536291927948692,67.0289476698401,AI Recoverable,CONTINUE_MONITORING,0
26,30,1,0.255724879296152,NORMAL,LOW,82.326426612,100,0.0,1,0,0.05,6.015540123,0,0.0,0.08016577947449599,57.54548473777228,AI Recoverable,CONTINUE_MONITORING,0
26,30,2,0.0,LINK_FAILURE,HIGH,76.70557821220001,100,0.2331138956431826,3,1,0.32483542173238694,36.063182116099995,0,0.21383227314783043,0.08905683921559038,68.07417966395221,AI Recoverable,CONTINUE_MONITORING,1
26,30,3,0.00969176314844732,NORMAL,LOW,59.60810068344999,100,0.005433887806451868,1,0,0.05353202707419372,51.5947025775,0,0.005899738448656522,0.12187721656952566,65.2815330161818,AI Recoverable,CONTINUE_MONITORING,0
26,30,4,0.0,NORMAL,LOW,66.4469211292,100,0.08525820728474104,3,1,0.21394365546355576,42.0155683173,0,0.08060680973748438,0.05241288636829011,69.70091008386241,AI Recoverable,CONTINUE_MONITORING,0
26,30,5,0.0,NORMAL,LOW,61.37484585217501,100,0.010125148751202134,2,1,0.1075938615634016,50.117372209799996,0,0.008717295117649126,0.09303085570469816,66.46390453358308,AI Recoverable,CONTINUE_MONITORING,0
26,30,6,0.0,NORMAL,LOW,59.237883820625,100,0.015599087870446091,3,1,0.16169931590283457,53.938416847999996,0,0.01512281738226881,0.07709806803458952,67.03575823036687,AI Recoverable,CONTINUE_MONITORING,0
26,30,7,0.0,NORMAL,LOW,76.619764361,100,0.24826141841910807,2,1,0.28619606381433105,36.079557953,0,0.28026471319349316,0.09371145209353593,73.92508919797869,AI Recoverable,CONTINUE_MONITORING,1
26,30,8,0.0,LINK_FAILURE,HIGH,74.5874715655,100,0.19935521420558439,2,1,0.2495164106541883,41.594229285,0,0.172375672330275,0.0840055071070307,67.11072332973866,AI Recoverable,CONTINUE_MONITORING,1
26,30,9,0.0,NORMAL,LOW,59.11345752400001,100,0.005433887806451868,1,0,0.05353202707419372,54.2504359965,0,0.005899738448656522,0.12470251139035116,65.55011235585683,AI Recoverable,CONTINUE_MONITORING,0
26,30,10,0.0,NORMAL,LOW,62.461872316750004,100,0.02225133673946418,2,1,0.11668850255459814,49.748892401,0,0.023299518046357513,0.08531769555714663,67.0450795263242,AI Recoverable,CONTINUE_MONITORING,0
26,31,1,0.255724879296152,NORMAL,LOW,81.594538158,100,0.0,0,0,0.0,7.6622891445,0,0.0,0.08279564915855597,57.479737995670774,AI Recoverable,CONTINUE_MONITORING,0
26,31,2,0.0,LINK_FAILURE,HIGH,75.6974694401,100,0.22132522875029625,3,1,0.3159939215627222,38.456267112499994,0,0.22336757839821247,0.08549517444130983,68.02280099795531,AI Recoverable,CONTINUE_MONITORING,1
26,31,3,0.0,NORMAL,LOW,59.09424547135001,100,0.006917686429172346,1,0,0.05449649617896203,53.0743390815,0,0.005523077037900011,0.11333294681517758,65.86026082858301,AI Recoverable,CONTINUE_MONITORING,0
26,31,4,0.0,NORMAL,LOW,65.6633142487,100,0.0786607602662088,3,1,0.2089955701996566,43.073318055049995,0,0.08261494958146169,0.05461447155291965,69.5340029123158,AI Recoverable,CONTINUE_MONITORING,0
26,31,5,0.0,NORMAL,LOW,61.99754521715,100,0.010153775902492987,2,1,0.10761533192686974,47.91014045715,0,0.008964802808929594,0.095814942701139,66.39734997861068,AI Recoverable,CONTINUE_MONITORING,0
26,31,6,0.0,NORMAL,LOW,59.2230099198,100,0.016796430820995734,2,1,0.1125973231157468,54.780318701,0,0.01470275789705145,0.07880604446095729,67.01280508386648,AI Recoverable,CONTINUE_MONITORING,0
26,31,7,0.0,NORMAL,LOW,76.10667605135,100,0.23838341256523898,2,1,0.27878755942392924,37.43733375315,0,0.2650831842006597,0.08425446906480893,73.81213836669114,AI Recoverable,CONTINUE_MONITORING,1
26,31,8,0.0,LINK_FAILURE,HIGH,73.22654563715,100,0.1791451223953711,2,1,0.23435884179652833,43.1262518305,0,0.18594674438629039,0.0724145020049658,67.13200734164619,AI Recoverable,CONTINUE_MONITORING,1
26,31,9,0.0,NORMAL,LOW,59.091828185000004,100,0.006917686429172346,1,0,0.05449649617896203,54.8620196025,0,0.005523077037900011,0.11486791164567589,65.82188670782054,AI Recoverable,CONTINUE_MONITORING,0
26,31,10,0.0,NORMAL,LOW,63.719050751500006,100,0.025102011326334606,2,1,0.11882650849475096,48.482482944,0,0.021882221970583194,0.08212431240835194,67.16775463602372,AI Recoverable,CONTINUE_MONITORING,0
26,32,1,0.255724879296152,NORMAL,LOW,82.05663706400001,100,0.0,0,0,0.0,6.622566606,0,0.0,0.08178231138084324,57.505071440113596,AI Recoverable,CONTINUE_MONITORING,0
26,32,2,0.0,LINK_FAILURE,HIGH,74.09629490415001,100,0.2086162145976773,3,1,0.30646216094825796,40.9921652425,0,0.22011981149322207,0.08538763850177067,67.7388314443415,AI Recoverable,CONTINUE_MONITORING,1
26,32,3,0.0,NORMAL,LOW,58.559522517075,100,0.005319966220328245,1,0,0.05345797804321336,54.558368135500004,0,0.005973011217454352,0.12819311041568948,65.46130167618887,AI Recoverable,CONTINUE_MONITORING,0
26,32,4,0.0,NORMAL,LOW,64.43658687125,100,0.07458644377495867,3,1,0.205939832831219,45.061117831000004,0,0.08061918750869486,0.06699151992224861,69.1231327525299,AI Recoverable,CONTINUE_MONITORING,0
26,32,5,0.0,NORMAL,LOW,62.510799143875,100,0.012443045241135821,2,1,0.10933228393085187,48.19416112019999,0,0.008992639769552868,0.09242426169233631,66.52818076020984,AI Recoverable,CONTINUE_MONITORING,0
26,32,6,0.00969176314844732,NORMAL,LOW,59.82117897707499,100,0.018352763140854374,2,1,0.11376457235564079,54.794617652,0,0.014845214816807456,0.07794857447593995,66.727581338891,AI Recoverable,CONTINUE_MONITORING,0
26,32,7,0.0,NORMAL,LOW,76.65549770204998,100,0.2634710472647355,2,1,0.29760328544855164,36.8724659177,0,0.25937462509058296,0.09703841481730857,73.93720682576782,AI Recoverable,CONTINUE_MONITORING,1
26,32,8,0.0,LINK_FAILURE,HIGH,72.13408347835001,100,0.16627405945184862,2,1,0.22470554458888647,44.6645790715,0,0.17976281879022327,0.07266019302751159,66.80660455125141,AI Recoverable,CONTINUE_MONITORING,1
26,32,9,0.0,NORMAL,LOW,57.93262300787501,100,0.005319966220328245,1,0,0.05345797804321336,56.8610782735,0,0.005973011217454352,0.12813181187261002,65.46283413976585,AI Recoverable,CONTINUE_MONITORING,0
26,32,10,0.0,NORMAL,LOW,64.24598886935001,100,0.02540719412836117,2,1,0.11905539559627087,47.80183831965,0,0.022167382835026003,0.08600806519679971,67.07961608099748,AI Recoverable,CONTINUE_MONITORING,0
26,33,1,0.255724879296152,NORMAL,LOW,82.98629541,100,0.0,1,0,0.05,4.5308353275,0,0.0,0.08395565152281548,57.45073793656429,AI Recoverable,CONTINUE_MONITORING,0
26,33,2,0.0,LINK_FAILURE,HIGH,74.19348538885001,100,0.19868942239802462,3,1,0.29901706679851847,40.02289929049999,0,0.2157749327931702,0.07965969956753904,67.64004528670372,AI Recoverable,CONTINUE_MONITORING,1
26,33,3,0.0,NORMAL,LOW,60.0110880786,100,0.007633314383811093,1,0,0.05496165434947721,52.0683050645,0,0.005646464826691784,0.10766380845261192,66.01753572462783,AI Recoverable,CONTINUE_MONITORING,0
26,33,4,0.0,NORMAL,LOW,63.231714550750006,100,0.07006651256326427,3,1,0.2025498844224482,46.834256376,0,0.07877439341125698,0.0646043449962671,69.07396556047118,AI Recoverable,CONTINUE_MONITORING,0
26,33,5,0.0,NORMAL,LOW,62.066680666975,100,0.011759659624283055,2,1,0.10881974471821229,48.73666862285,0,0.010377641777898496,0.09172224015081909,66.54591360649417,AI Recoverable,CONTINUE_MONITORING,0
26,33,6,0.0,NORMAL,LOW,60.465592026649986,100,0.016874630081532716,3,1,0.16265597256114953,52.7578570635,0,0.015993145629180236,0.07626676240937635,67.09075499768804,AI Recoverable,CONTINUE_MONITORING,0
26,33,7,0.0,NORMAL,LOW,78.02707923150001,100,0.2703827316785348,2,1,0.30278704875890117,34.656785410249995,0,0.2622378377813543,0.08976861523225488,74.28581763057787,AI Recoverable,CONTINUE_MONITORING,1
26,33,8,0.0,LINK_FAILURE,HIGH,71.14022633255,100,0.15883494217596988,2,1,0.2191262066319774,46.18414934,0,0.1746476255733817,0.07381988355311742,66.57767801042527,AI Recoverable,CONTINUE_MONITORING,1
26,33,9,0.0,NORMAL,LOW,58.79172841220001,100,0.007633314383811093,1,0,0.05496165434947721,55.335240557,0,0.005646464826691784,0.10894514527037957,65.98550230418364,AI Recoverable,CONTINUE_MONITORING,0
26,33,10,0.0,NORMAL,LOW,64.913230201,100,0.022910699998051294,2,1,0.11718302499853847,45.822415774250004,0,0.022834516524067535,0.09326280705798784,66.854988988752,AI Recoverable,CONTINUE_MONITORING,0
26,34,1,0.255724879296152,NORMAL,LOW,83.3611930902,100,0.0,1,0,0.05,3.68731554705,0,0.0,0.08295036365323005,57.47587013330393,AI Recoverable,CONTINUE_MONITORING,0
26,34,2,0.0,LINK_FAILURE,HIGH,75.00317041640001,100,0.21257702402445794,3,1,0.3094327680183434,39.5058788545,0,0.21032616552805883,0.08186324329938277,67.80822105328518,AI Recoverable,CONTINUE_MONITORING,1
26,34,3,0.0,NORMAL,LOW,58.74835406515,100,0.004435426986771992,1,0,0.0528830275414018,53.687678809,0,0.0064689863158177655,0.13218574707226938,65.34875472608688,AI Recoverable,CONTINUE_MONITORING,0
26,34,4,0.0,NORMAL,LOW,65.02602847735,100,0.07700220446422457,3,1,0.20775165334816842,44.31596761115,0,0.07592306406412805,0.05934462908914662,69.31565900269709,AI Recoverable,CONTINUE_MONITORING,0
26,34,5,0.0,NORMAL,LOW,62.89781527772501,100,0.01476330122529371,2,1,0.11107247591897029,47.465608196000005,0,0.011013874716934522,0.08528376010734018,66.7733107689917,AI Recoverable,CONTINUE_MONITORING,0
26,34,6,0.0,NORMAL,LOW,60.743274645949995,100,0.01802646302403637,3,1,0.16351984726802726,53.202101621,0,0.016612601793136214,0.07520181537671777,67.14660989399415,AI Recoverable,CONTINUE_MONITORING,0
26,34,7,0.0,NORMAL,LOW,79.55851893360001,100,0.2775269237161271,2,1,0.3081451927870953,32.263345378749996,0,0.2645417196852873,0.09428945720901127,74.33871924095013,AI Recoverable,CONTINUE_MONITORING,1
26,34,8,0.0,LINK_FAILURE,HIGH,72.65407106435,100,0.17672088957458051,2,1,0.23254066718093538,43.454097063999995,0,0.17036049102771808,0.07055150627703943,66.9742350448428,AI Recoverable,CONTINUE_MONITORING,1
26,34,9,0.0,NORMAL,LOW,57.1914886186,100,0.004435426986771992,1,0,0.0528830275414018,57.5849099875,0,0.0064689863158177655,0.13396848135332162,65.30418636906057,AI Recoverable,CONTINUE_MONITORING,0
26,34,10,0.0,NORMAL,LOW,65.4883533625,100,0.021615174982576014,2,1,0.11621138123693202,44.269977454,0,0.023381255983546286,0.09568524866215944,66.773984842933,AI Recoverable,CONTINUE_MONITORING,0
26,35,1,0.255724879296152,NORMAL,LOW,83.5176433447,100,0.0,0,0,0.0,2.4018475887,0,0.0,0.07903700690259374,57.57370405206983,AI Recoverable,CONTINUE_MONITORING,0
26,35,2,0.0,LINK_FAILURE,HIGH,75.10408586255001,100,0.2124842393863201,3,1,0.3093631795397401,38.39094155585,0,0.2141781571652468,0.08466149667649492,67.7749289424665,AI Recoverable,CONTINUE_MONITORING,1
26,35,3,0.0,NORMAL,LOW,58.28586790542501,100,0.0017456591380808806,1,0,0.05113467843975258,53.32239020299999,0,0.005494267551746574,0.13706486526112371,65.16323422675099,AI Recoverable,CONTINUE_MONITORING,0
26,35,4,0.0,NORMAL,LOW,65.378409807,100,0.0794659863459848,3,1,0.2095994897594886,44.76029759400001,0,0.077081039308743,0.05058566198240044,69.5954885704471,AI Recoverable,CONTINUE_MONITORING,0
26,35,5,0.0,NORMAL,LOW,63.38547717047501,100,0.012444792934644192,2,1,0.10933359470098315,45.540959813549996,0,0.012723280671805191,0.09845727820234607,66.41469671035229,AI Recoverable,CONTINUE_MONITORING,0
26,35,6,0.0,NORMAL,LOW,61.24219250984999,100,0.01690126130155378,2,1,0.11267594597616534,51.7113715395,0,0.01739885139851205,0.07508675725927261,67.13484480853438,AI Recoverable,CONTINUE_MONITORING,0
26,35,7,0.0,NORMAL,LOW,78.9650887529,100,0.2811844415670632,2,1,0.31088833117529735,34.04579716215,0,0.26498165182496236,0.09521500625038015,74.39313019333139,AI Recoverable,CONTINUE_MONITORING,1
26,35,8,0.0,LINK_FAILURE,HIGH,73.05703107410001,100,0.1740989774379927,2,1,0.23057423307849453,42.094666822,0,0.1762624987648438,0.06683302654039791,67.07377887289834,AI Recoverable,CONTINUE_MONITORING,1
26,35,9,0.0,NORMAL,LOW,57.019901766375014,100,0.0017456591380808806,1,0,0.05113467843975258,57.06023725399999,0,0.005494267551746574,0.13935644322340157,65.10594477769403,AI Recoverable,CONTINUE_MONITORING,0
26,35,10,0.0,NORMAL,LOW,65.13232523885,100,0.02203843297986323,2,1,0.11652882473489742,44.705883353199994,0,0.02290465089924302,0.08872029271140702,66.95180785080451,AI Recoverable,CONTINUE_MONITORING,0
26,36,1,0.27025465547779526,NORMAL,LOW,83.816993166,100,0.0,0,0,0.0,1.1992185171,0,0.0,0.07855374226980194,57.07724350153212,AI Recoverable,CONTINUE_MONITORING,0
26,36,2,0.0,LINK_FAILURE,HIGH,75.63599342630002,100,0.22038944766610072,3,1,0.31529208574957557,37.36025470765,0,0.2112621698978447,0.08842797909283362,67.80971117497961,AI Recoverable,CONTINUE_MONITORING,1
26,36,3,0.0,NORMAL,LOW,58.532037473125,100,0.0035294272280587693,1,0,0.052294127698238206,54.3567029735,0,0.004170985183567302,0.13613742572939092,65.20886275316207,AI Recoverable,CONTINUE_MONITORING,0
26,36,4,0.0,NORMAL,LOW,65.42952012625001,100,0.08447501320569327,3,1,0.21335625990426993,44.739560409999996,0,0.07700926294184518,0.05379992966147018,69.61459465199556,AI Recoverable,CONTINUE_MONITORING,0
26,36,5,0.0,NORMAL,LOW,61.394028091975,100,0.003488624748186352,2,1,0.10261646856113978,47.105646351,0,0.012352478370292224,0.1413611242809446,65.15926917164303,AI Recoverable,CONTINUE_MONITORING,0
26,36,6,0.0,NORMAL,LOW,61.718548083125,100,0.020009118890352784,2,1,0.1150068391677646,51.1292848245,0,0.01724359516212235,0.07600219744944114,67.17256339319223,AI Recoverable,CONTINUE_MONITORING,0
26,36,7,0.0,NORMAL,LOW,78.45193353315,100,0.2812216492872234,3,1,0.3609162369654175,36.06533668345,0,0.27068813042095685,0.10068114129032124,74.31428575769601,AI Recoverable,CONTINUE_MONITORING,1
26,36,8,0.0,LINK_FAILURE,HIGH,72.96716415990001,100,0.18554045150792067,3,1,0.2891553386309405,42.1989831135,0,0.17194005197640458,0.06705847357780781,67.25374771047726,AI Recoverable,CONTINUE_MONITORING,1
26,36,9,0.0,NORMAL,LOW,58.09843316062501,100,0.0035294272280587693,1,0,0.052294127698238206,55.682756317999996,0,0.004170985183567302,0.13742477232256067,65.17667908833282,AI Recoverable,CONTINUE_MONITORING,0
26,36,10,0.0,NORMAL,LOW,61.826752462049996,100,0.007363865677282432,2,1,0.10552289925796184,48.8654877787,0,0.02300182177208505,0.11427024787318207,66.02053933443693,AI Recoverable,CONTINUE_MONITORING,0
26,37,1,0.5696874278441314,NORMAL,LOW,84.15133776200001,100,0.0,0,0,0.0,0.14403908475000002,0,0.0,0.08010508144365336,46.55831298936406,Human Intervention Required,CONTINUE_MONITORING,0
26,37,2,0.0,LINK_FAILURE,HIGH,75.39368847125002,100,0.22839929173862977,3,1,0.3212994688039723,39.0061306905,0,0.21350272302999151,0.08812781419521287,67.99981771019218,AI Recoverable,CONTINUE_MONITORING,1
26,37,3,0.0,NORMAL,LOW,59.71022094237499,100,0.007094480481049146,1,0,0.05461141231268195,53.533494641500006,0,0.004231759322404768,0.11300553029563509,65.85906894545414,AI Recoverable,CONTINUE_MONITORING,0
26,37,4,0.0,NORMAL,LOW,66.05036427975,100,0.09088186215289844,3,1,0.21816139661467382,43.87253801399999,0,0.07932596641128556,0.05423341637456858,69.75506149780661,AI Recoverable,CONTINUE_MONITORING,0
26,37,5,0.0,NORMAL,LOW,61.046763499724996,100,0.004869760099476468,2,1,0.10365232007460735,48.262826480150004,0,0.008732506752751943,0.13123434257132238,65.40386170523398,AI Recoverable,CONTINUE_MONITORING,0
26,37,6,0.0,NORMAL,LOW,62.503318712974995,100,0.023088989784406207,2,1,0.11731674233830466,49.054317792,0,0.018625728768472037,0.06727085979029024,67.46626558861558,AI Recoverable,CONTINUE_MONITORING,0
26,37,7,0.0,NORMAL,LOW,77.56948012685,100,0.26358669710052796,3,1,0.34769002282539596,37.6725866305,0,0.27669664587808274,0.09607623663767473,74.13679448484952,AI Recoverable,CONTINUE_MONITORING,1
26,37,8,0.0,LINK_FAILURE,HIGH,74.19001700265,100,0.19577958978999407,3,1,0.29683469234249554,39.895721758,0,0.1762678402731399,0.07209395913707006,67.37592122010453,AI Recoverable,CONTINUE_MONITORING,1
26,37,9,0.0,NORMAL,LOW,58.21626831812499,100,0.007094480481049146,1,0,0.05461141231268195,56.616320657500005,0,0.004231759322404768,0.1124588591759419,65.87273572344648,AI Recoverable,CONTINUE_MONITORING,0
26,37,10,0.0,NORMAL,LOW,61.1705288622,100,0.009611675021582645,2,1,0.10720875626618699,50.357408609500006,0,0.01611611119044351,0.09887051267562286,66.3816317954455,AI Recoverable,CONTINUE_MONITORING,0
26,38,1,0.2751060314525858,NORMAL,LOW,83.52317327675,100,0.0,0,0,0.0,1.0720227316500002,0,0.0,0.07865062518977761,56.905023269415054,AI Recoverable,CONTINUE_MONITORING,0
26,38,2,0.0,LINK_FAILURE,HIGH,74.65987778315,100,0.21070602129881455,3,1,0.3080295159741109,40.107519796999995,0,0.21867530705148353,0.08164639747739455,67.85971355955625,AI Recoverable,CONTINUE_MONITORING,1
26,38,3,0.0,NORMAL,LOW,60.251619958,100,0.008568971154953059,1,0,0.055569831250719494,52.81173582699999,0,0.005549707294802806,0.10883384423184683,66.00603039025091,AI Recoverable,CONTINUE_MONITORING,0
26,38,4,0.0,NORMAL,LOW,66.56740577855001,100,0.08821398179003677,3,1,0.21616048634252757,42.0876449762,0,0.08352937966835867,0.052891932884179815,69.77727511037982,AI Recoverable,CONTINUE_MONITORING,0
26,38,5,0.0,NORMAL,LOW,60.148911146450004,100,0.0032724561769490713,2,1,0.1024543421327118,49.38019928365,0,0.008086587438306668,0.13934989175183332,65.1625677041262,AI Recoverable,CONTINUE_MONITORING,0
26,38,6,0.0,NORMAL,LOW,62.896910332374986,100,0.020306223625043345,2,1,0.11522966771878251,48.1499580793,0,0.020212761766785322,0.0754240210256677,67.22265156452703,AI Recoverable,CONTINUE_MONITORING,0
26,38,7,0.0,NORMAL,LOW,79.24865118295001,100,0.3027271305521747,3,1,0.377045347914131,36.893727682,0,0.2714223511990851,0.11468804999400961,74.4015648731841,AI Recoverable,CONTINUE_MONITORING,1
26,38,8,0.0,LINK_FAILURE,HIGH,73.37510117045,100,0.17160376334316424,3,1,0.2787028225073732,40.203542876499995,0,0.1834703560051023,0.06131050160267992,67.23401628684731,AI Recoverable,CONTINUE_MONITORING,1
26,38,9,0.0,NORMAL,LOW,58.16941805185001,100,0.008568971154953059,1,0,0.055569831250719494,56.241452312499995,0,0.005549707294802806,0.1045157997916274,66.1139815012564,AI Recoverable,CONTINUE_MONITORING,0
26,38,10,0.0,NORMAL,LOW,60.53982394047499,100,0.008796115503097404,2,1,0.10659708662732306,50.667009634500005,0,0.01457908131878458,0.10164468769595414,66.28059593085092,AI Recoverable,CONTINUE_MONITORING,0
26,39,1,0.2991518991833152,NORMAL,LOW,82.96709535170001,100,0.0,0,0,0.0,2.9851736751,0,0.0,0.0765905669511765,56.11491935480455,AI Recoverable,CONTINUE_MONITORING,0
26,39,2,0.0,LINK_FAILURE,HIGH,76.3339433034,100,0.22464013927878004,3,1,0.31848010445908503,37.83131308625,0,0.2150496497656496,0.08650750733367463,67.98061159989022,AI Recoverable,CONTINUE_MONITORING,1
26,39,3,0.0,NORMAL,LOW,58.914683950250016,100,0.004453407221952275,1,0,0.052894714694268985,54.2821669005,0,0.006123046444933855,0.13409486770570844,65.29792691624566,AI Recoverable,CONTINUE_MONITORING,0
26,39,4,0.0,NORMAL,LOW,66.4124250068,100,0.09370291323430278,3,1,0.22027718492572707,42.919749543950005,0,0.08526966125124832,0.05262398216006048,69.91115532319702,AI Recoverable,CONTINUE_MONITORING,0
26,39,5,0.0,NORMAL,LOW,60.137295150774996,100,0.004123463473493747,2,1,0.10309259760512031,49.30528518049999,0,0.006419187778921692,0.13193459781714167,65.34829620183055,AI Recoverable,CONTINUE_MONITORING,0
26,39,6,0.0,NORMAL,LOW,63.39215831385001,100,0.017471428573142673,2,1,0.11310357142985701,47.3253131222,0,0.01985835501506795,0.07601854523398388,67.14754849076392,AI Recoverable,CONTINUE_MONITORING,0
26,39,7,0.0,NORMAL,LOW,79.05706546684999,100,0.27192773624281075,3,1,0.353945802182108,36.012907982749994,0,0.28769269707688866,0.10091985349137644,74.29248535834068,AI Recoverable,CONTINUE_MONITORING,1
26,39,8,0.0,LINK_FAILURE,HIGH,73.3634914046,100,0.18600245107611343,3,1,0.2895018383070851,41.890278538,0,0.17800524303446055,0.07147462752266154,67.21323576380033,AI Recoverable,CONTINUE_MONITORING,1
26,39,9,0.0,NORMAL,LOW,57.645260103999995,100,0.004453407221952275,1,0,0.052894714694268985,55.2272286855,0,0.006123046444933855,0.13124154783685205,65.36925991296707,AI Recoverable,CONTINUE_MONITORING,0
26,39,10,0.0,NORMAL,LOW,61.692011368050004,100,0.008259301155395905,2,1,0.10619447586654693,48.746328945100004,0,0.012358371633945464,0.10811084852377284,66.08599852635305,AI Recoverable,CONTINUE_MONITORING,0
26,40,1,0.2991518991833152,NORMAL,LOW,83.47074055520001,100,0.0,0,0,0.0,1.8590688612000001,0,0.0,0.07725138241415108,56.09839896823019,AI Recoverable,CONTINUE_MONITORING,0
26,40,2,0.0,LINK_FAILURE,HIGH,76.82466244905001,100,0.23593611575698636,3,1,0.3269520868177398,37.271901654800004,0,0.22091872129524429,0.08982337966549514,68.1823250364548,AI Recoverable,CONTINUE_MONITORING,1
26,40,3,0.0,NORMAL,LOW,59.191111547999995,100,0.005616633131689913,1,0,0.05365081153559845,54.148881216,0,0.00489089449795886,0.12445531563889844,65.54985871664091,AI Recoverable,CONTINUE_MONITORING,0
26,40,4,0.0,NORMAL,LOW,67.77951077920001,100,0.09781681867480851,3,1,0.22336261400610638,40.504659695550004,0,0.08925443991233908,0.056665529749164834,69.93224252889044,AI Recoverable,CONTINUE_MONITORING,0
26,40,5,0.0,NORMAL,LOW,61.176832277375006,100,0.006748525362590029,2,1,0.10506139402194253,48.90920672235,0,0.0051849126826331,0.11315000021416766,65.85806962872392,AI Recoverable,CONTINUE_MONITORING,0
26,40,6,0.0,NORMAL,LOW,63.50189983954999,100,0.014699249668829968,2,1,0.11102443725162248,47.20507694245,0,0.018930211676372634,0.08222835615016189,66.92757820638626,AI Recoverable,CONTINUE_MONITORING,0
26,40,7,0.0,NORMAL,LOW,78.75612879319999,100,0.24892306891384305,3,1,0.3366923016853823,35.356424851549995,0,0.2776689925378152,0.09368777343543355,73.91295696776918,AI Recoverable,CONTINUE_MONITORING,1
26,40,8,0.0,LINK_FAILURE,HIGH,74.52802432214999,100,0.2008779855456748,3,1,0.3006584891592561,40.2198355475,0,0.18362426796455994,0.07736750868082132,67.41961467353856,AI Recoverable,CONTINUE_MONITORING,1
26,40,9,0.0,NORMAL,LOW,58.43163981334999,100,0.005616633131689913,1,0,0.05365081153559845,54.3804595365,0,0.00489089449795886,0.1194056541833064,65.67610025303071,AI Recoverable,CONTINUE_MONITORING,0
26,40,10,0.0,NORMAL,LOW,64.99433715365,100,0.025706194894307286,2,1,0.11927964617073047,45.684240181999996,0,0.010327504993829796,0.08624193844089656,66.96135048680203,AI Recoverable,CONTINUE_MONITORING,0
26,41,1,0.2751060314525858,NORMAL,LOW,83.6764985991,100,0.0,0,0,0.0,0.6992398746,0,0.0,0.08123978058622472,56.84029438450388,AI Recoverable,CONTINUE_MONITORING,0
26,41,2,0.0,LINK_FAILURE,HIGH,75.78643540990001,100,0.23911164571121754,3,1,0.32933373428341317,38.8491230425,0,0.22759077693059954,0.09123712499987546,68.27721255853346,AI Recoverable,CONTINUE_MONITORING,1
26,41,3,0.0,NORMAL,LOW,59.972843914025,100,0.007860870257418297,1,0,0.0551095656673219,52.7747620345,0,0.005781798629985416,0.10839825562014915,66.00507900094449,AI Recoverable,CONTINUE_MONITORING,0
26,41,4,0.0,NORMAL,LOW,67.16145920915,100,0.09724955003499024,3,1,0.22293716252624268,42.2561296356,0,0.09305772807052612,0.055022418744301804,70.0000078127975,AI Recoverable,CONTINUE_MONITORING,0
26,41,5,0.0,NORMAL,LOW,59.53172786125,100,0.0015224635868892878,2,1,0.10114184769016697,50.068210885999996,0,0.005174953789274402,0.13790578310887203,65.13455423190872,AI Recoverable,CONTINUE_MONITORING,0
26,41,6,0.0,NORMAL,LOW,62.58414178987501,100,0.013498796597960473,2,1,0.11012409744847036,48.96909119,0,0.017790276376497487,0.08246369279489507,66.8862863758518,AI Recoverable,CONTINUE_MONITORING,0
26,41,7,0.0,NORMAL,LOW,77.30206712295,100,0.2250715391105899,3,1,0.31880365433294244,37.1706240858,0,0.2662510001676741,0.08566696460792644,73.52226666869038,AI Recoverable,CONTINUE_MONITORING,1
26,41,8,0.0,LINK_FAILURE,HIGH,75.35453863305,100,0.20169482417504841,3,1,0.30127111813128626,39.107489895,0,0.19183598944050384,0.08110828358660527,67.42454928824088,AI Recoverable,CONTINUE_MONITORING,1
26,41,9,0.0,NORMAL,LOW,58.893562855225,100,0.007860870257418297,1,0,0.0551095656673219,54.847905230500004,0,0.005781798629985416,0.10406686026662826,66.11336388478252,AI Recoverable,CONTINUE_MONITORING,0
26,41,10,0.0,NORMAL,LOW,62.01153793897502,100,0.007229460116992045,2,1,0.10542209508774404,47.59967740595,0,0.01607505978352538,0.11288533040540794,65.9832065400399,AI Recoverable,CONTINUE_MONITORING,0
26,42,1,0.2991518991833152,NORMAL,LOW,83.56756597945001,100,0.0,0,0,0.0,1.4487523285500001,0,0.0,0.07661482912122541,56.114312800553336,AI Recoverable,CONTINUE_MONITORING,0
26,42,2,0.0,LINK_FAILURE,HIGH,76.5873217626,100,0.23571673654677575,3,1,0.32678755241008184,36.77683612055,0,0.23116454364318523,0.09109562162937546,68.24858962663299,AI Recoverable,CONTINUE_MONITORING,1
26,42,3,0.0,NORMAL,LOW,59.60087190604999,100,0.009256885711143028,1,0,0.05601697571224297,54.054769205,0,0.007061471791814265,0.10412271274996243,66.15268461339193,AI Recoverable,CONTINUE_MONITORING,0
26,42,4,0.0,NORMAL,LOW,67.1679054655,100,0.10207357303965793,3,1,0.22655517977974343,43.669096790000005,0,0.09467598263468222,0.04484055005743015,70.36721753570421,AI Recoverable,CONTINUE_MONITORING,0
26,42,5,0.0,NORMAL,LOW,61.34296139357498,100,0.0039279401167899,2,1,0.10294595508759243,47.424561731349996,0,0.0033318726939825906,0.13717779758276594,65.18243258970647,AI Recoverable,CONTINUE_MONITORING,0
26,42,6,0.0,NORMAL,LOW,62.10903988345001,100,0.015379395947270022,2,1,0.11153454696045252,50.0982043015,0,0.016518695334301715,0.07583280335102993,67.07695478851267,AI Recoverable,CONTINUE_MONITORING,0
26,42,7,0.0,NORMAL,LOW,77.45330088635,100,0.2428921798814271,3,1,0.33216913491107036,37.16097498405,0,0.2512345258019695,0.08565741174506603,73.72875356202158,AI Recoverable,CONTINUE_MONITORING,1
26,42,8,0.0,LINK_FAILURE,HIGH,74.06536446685,100,0.20161479323181603,3,1,0.301211094923862,41.124815782999995,0,0.19434265320271382,0.07797525554506646,67.52634100803681,AI Recoverable,CONTINUE_MONITORING,1
26,42,9,0.0,NORMAL,LOW,60.058805568450005,100,0.009256885711143028,1,0,0.05601697571224297,52.46597420299999,0,0.007061471791814265,0.10032695138042935,66.24757864763026,AI Recoverable,CONTINUE_MONITORING,0
26,42,10,0.0,NORMAL,LOW,66.62062483925001,100,0.034356143746585244,2,1,0.12576710780993894,44.003809362,0,0.010513222571890152,0.058396587929394284,67.83234040241575,AI Recoverable,CONTINUE_MONITORING,0
26,43,1,0.6179315165726659,NORMAL,LOW,84.18907885224999,100,0.0,0,0,0.0,0.0,0,0.0,0.08178535071034343,47.094402209025176,Human Intervention Required,NOTIFY_OPERATOR,1
26,43,2,0.0,LINK_FAILURE,HIGH,77.46630193585,100,0.24528109300022558,3,1,0.33396081975016917,35.302058927350004,0,0.2311705131669931,0.09291384536350433,68.39448085758684,AI Recoverable,CONTINUE_MONITORING,1
26,43,3,0.0,NORMAL,LOW,58.097378181675,100,0.00554243303517316,1,0,0.05360258147286256,55.309508854499995,0,0.007783013160144828,0.12296853221617243,65.61446548690061,AI Recoverable,CONTINUE_MONITORING,0
26,43,4,0.0,NORMAL,LOW,66.5768027275,100,0.10555903358189472,3,1,0.22916927518642105,45.3805846785,0,0.09769002906022885,0.05416287318147772,70.23400913270324,AI Recoverable,CONTINUE_MONITORING,0
26,43,5,0.0048033841754051496,NORMAL,LOW,60.336143032524994,100,0.001090540671027084,2,1,0.10081790550327031,47.945194996999994,0,0.0039216608553766545,0.1392639825045715,64.91130941322083,AI Recoverable,CONTINUE_MONITORING,0
26,43,6,0.0,NORMAL,LOW,61.37737995977499,100,0.012473866217838117,2,1,0.1093553996633786,51.322678138,0,0.016003532001895512,0.08388527572467397,66.81238075125886,AI Recoverable,CONTINUE_MONITORING,0
26,43,7,0.0,NORMAL,LOW,77.09179252935,100,0.22797360758325397,3,1,0.32098020568744046,37.47602427925,0,0.2536834856225465,0.08189778574496276,73.54886236426648,AI Recoverable,CONTINUE_MONITORING,1
26,43,8,0.0,LINK_FAILURE,HIGH,73.6242673579,100,0.21041346524791,3,1,0.3078100989359325,42.938122393,0,0.19513557240159915,0.08324907186586972,67.57839823232746,AI Recoverable,CONTINUE_MONITORING,1
26,43,9,0.0,NORMAL,LOW,58.77253397272499,100,0.00554243303517316,1,0,0.05360258147286256,54.980285474999995,0,0.007783013160144828,0.1237297195696675,65.59543580306322,AI Recoverable,CONTINUE_MONITORING,0
26,43,10,0.0,NORMAL,LOW,62.482477333549994,100,0.008213532344744907,2,1,0.10616014925855868,47.676732436950005,0,0.022115453282268473,0.11258785749980105,66.07072874222256,AI Recoverable,CONTINUE_MONITORING,0
26,44,1,0.6179315165726659,NORMAL,LOW,84.3091644874,100,0.0,0,0,0.0,0.0,0,0.0,0.08248127095777313,47.096312050458764,Human Intervention Required,NOTIFY_OPERATOR,1
26,44,2,0.0,LINK_FAILURE,HIGH,76.6209597918,100,0.23701369000154737,3,1,0.3277602675011605,36.070500671249995,0,0.2388803301412256,0.09544287370152549,68.24300525890507,AI Recoverable,CONTINUE_MONITORING,1
26,44,3,0.0,NORMAL,LOW,56.35384450705,100,0.0029720797964064914,1,0,0.05193185186766422,57.778525726000005,0,0.006244962020584682,0.13865391742664646,65.15554328046782,AI Recoverable,CONTINUE_MONITORING,0
26,44,4,0.0,NORMAL,LOW,66.92426708125001,100,0.09504230087685436,3,1,0.22128172565764076,44.53718525949999,0,0.10116397447376,0.04104562172031978,70.38634521926669,AI Recoverable,CONTINUE_MONITORING,0
26,44,5,0.0,NORMAL,LOW,60.88784361662499,100,0.0032786459399714433,2,1,0.10245898445497859,47.163789143,0,0.0027649728508187315,0.1437104205066817,65.00046213464056,AI Recoverable,CONTINUE_MONITORING,0
26,44,6,0.0,NORMAL,LOW,61.17267872562502,100,0.016567716932152664,2,1,0.1124257876991145,52.8907028415,0,0.014035343046057209,0.07977290312582597,66.97738519095797,AI Recoverable,CONTINUE_MONITORING,0
26,44,7,0.0,NORMAL,LOW,78.2821203029,100,0.23443620901648082,3,1,0.3258271567623606,35.13719697365,0,0.2387424207174456,0.08066914730558417,73.55941970486447,AI Recoverable,CONTINUE_MONITORING,1
26,44,8,0.0,LINK_FAILURE,HIGH,73.45851997745,100,0.20355835014136173,3,1,0.30266876260602127,42.314892940499995,0,0.2032085322730917,0.0800223047632227,67.60269470647758,AI Recoverable,CONTINUE_MONITORING,1
26,44,9,0.0,NORMAL,LOW,57.21847341099999,100,0.0029720797964064914,1,0,0.05193185186766422,57.2908756615,0,0.006244962020584682,0.1425279829936169,65.05869164129355,AI Recoverable,CONTINUE_MONITORING,0
26,44,10,0.0,NORMAL,LOW,62.45457615117501,100,0.012643380191719799,2,1,0.10948253514378986,48.3732236476,0,0.014191108219547026,0.0964742665649887,66.48292202190514,AI Recoverable,CONTINUE_MONITORING,0
26,45,1,0.5165386351580584,NORMAL,LOW,83.94694154635,100,0.0,0,0,0.0,0.13108999365000001,0,0.0,0.0803736803514874,48.41180576068077,Human Intervention Required,CONTINUE_MONITORING,0
26,45,2,0.0,LINK_FAILURE,HIGH,76.61694014715,100,0.23849811385003736,3,1,0.328873585387528,36.852659867,0,0.23813240634280955,0.09219658125065988,68.34637180916235,AI Recoverable,CONTINUE_MONITORING,1
26,45,3,0.0,NORMAL,LOW,55.32811271765,100,0.0013851501982837695,1,0,0.05090034762888445,59.342408694,0,0.005266470209378271,0.137675203522987,65.13848761798478,AI Recoverable,CONTINUE_MONITORING,0
26,45,4,0.0,NORMAL,LOW,66.12541949125,100,0.09431130447854355,3,1,0.22073347835890766,45.9974143855,0,0.09819646893220511,0.04894141442846922,70.1446554181812,AI Recoverable,CONTINUE_MONITORING,0
26,45,5,0.0,NORMAL,LOW,59.694493714725006,100,0.0020060651366816716,2,1,0.10150454885251126,49.22672683285,0,0.003303129976808917,0.14266645673427059,65.00649118414495,AI Recoverable,CONTINUE_MONITORING,0
26,45,6,0.0,NORMAL,LOW,60.647779553125005,100,0.014564675853312512,2,1,0.1109235068899844,53.593710121499996,0,0.015136978630612974,0.0809772425331221,66.91823224004433,AI Recoverable,CONTINUE_MONITORING,0
26,45,7,0.0,NORMAL,LOW,76.6235150449,100,0.19785490209485115,2,1,0.24839117657113838,35.60061753375,0,0.23543238733572752,0.07233809352633225,73.00296957709598,AI Recoverable,CONTINUE_MONITORING,1
26,45,8,0.0,LINK_FAILURE,HIGH,72.11941511245,100,0.19452365728634993,2,1,0.24589274296476246,44.860590056999996,0,0.20360982361026206,0.07718612462184982,67.49691826628337,AI Recoverable,CONTINUE_MONITORING,1
26,45,9,0.0,NORMAL,LOW,56.471845847000004,100,0.0013851501982837695,1,0,0.05090034762888445,58.0217428575,0,0.005266470209378271,0.1417940203305168,65.03551719779654,AI Recoverable,CONTINUE_MONITORING,0
26,45,10,0.0,NORMAL,LOW,61.02151097275,100,0.01032404344220624,2,1,0.10774303258165469,50.933230619,0,0.016133833638724837,0.09633407172669983,66.45946741206387,AI Recoverable,CONTINUE_MONITORING,0
26,46,1,0.27033723670318244,NORMAL,LOW,83.33626225620002,100,0.0,0,0,0.0,0.7906452345,0,0.0,0.08420359369852759,56.93310687292542,AI Recoverable,CONTINUE_MONITORING,0
26,46,2,0.0,LINK_FAILURE,HIGH,75.7811930279,100,0.2309111188624692,3,1,0.32318333914685193,37.997988332300004,0,0.23893641323038367,0.08853674378544751,68.29416791491704,AI Recoverable,CONTINUE_MONITORING,1
26,46,3,0.0,NORMAL,LOW,55.057964368875,100,0.002197312767537768,1,0,0.05142825329889955,60.9610252075,0,0.004197983719264595,0.14237686333021027,65.02650450928815,AI Recoverable,CONTINUE_MONITORING,0
26,46,4,0.0,NORMAL,LOW,65.6702075285,100,0.09194211945630375,3,1,0.2189565895922278,46.572292427499995,0,0.09748639802523477,0.04998302991659409,70.06413062146356,AI Recoverable,CONTINUE_MONITORING,0
26,46,5,0.0,NORMAL,LOW,59.16971901254999,100,0.0016412319465263798,2,1,0.10123092395989479,49.6884976677,0,0.0022574113041948156,0.1398187569398468,65.0599298284763,AI Recoverable,CONTINUE_MONITORING,0
26,46,6,0.0,NORMAL,LOW,61.259136197749996,100,0.012852415754972805,2,1,0.10963931181622961,51.782716308000005,0,0.014517225972788482,0.08228017120653064,66.84521629466407,AI Recoverable,CONTINUE_MONITORING,0
26,46,7,0.0,NORMAL,LOW,77.623995596,100,0.21692247477508805,2,1,0.26269185608131607,35.361582142749995,0,0.21730845190457973,0.07622837744241218,73.10582457848724,AI Recoverable,CONTINUE_MONITORING,1
26,46,8,0.0,LINK_FAILURE,HIGH,70.30805941410001,100,0.1839649744933335,2,1,0.23797373087000012,47.2685761285,0,0.20000980979745306,0.08164865826187051,67.13818113129444,AI Recoverable,CONTINUE_MONITORING,1
26,46,9,0.0,NORMAL,LOW,57.09562346017501,100,0.002197312767537768,1,0,0.05142825329889955,56.711780584,0,0.004197983719264595,0.14433708714995763,64.97749891379445,AI Recoverable,CONTINUE_MONITORING,0
26,46,10,0.0,NORMAL,LOW,60.95023585972499,100,0.011970687198470322,2,1,0.10897801539885274,51.9577141,0,0.013284531410576624,0.09904580352220038,66.39611397002015,AI Recoverable,CONTINUE_MONITORING,0
26,47,1,0.2751060314525858,NORMAL,LOW,83.6694392524,100,0.0,0,0,0.0,0.8610883861499999,0,0.0,0.08059009554914598,56.85653651043084,AI Recoverable,CONTINUE_MONITORING,0
26,47,2,0.0,LINK_FAILURE,HIGH,76.2249243585,100,0.23264147402465002,3,1,0.3244811055184875,37.492942140699995,0,0.2355122409752885,0.08772114909030204,68.31492316298834,AI Recoverable,CONTINUE_MONITORING,1
26,47,3,0.0,NORMAL,LOW,55.023301387625004,100,0.0015777874404943604,1,0,0.051025561836321336,61.429993177,0,0.00364873444145752,0.14051066113171262,65.05527656493165,AI Recoverable,CONTINUE_MONITORING,0
26,47,4,0.0,NORMAL,LOW,64.8248530345,100,0.0907731646907481,3,1,0.21807987351806107,48.374543499,0,0.09603260223754671,0.05505855302699991,69.89932549051542,AI Recoverable,CONTINUE_MONITORING,0
26,47,5,0.0,NORMAL,LOW,59.442290089400004,100,0.0011301515489211976,2,1,0.1008476136616909,48.41177067445,0,0.002164588917497421,0.13710518269301242,65.11661935282808,AI Recoverable,CONTINUE_MONITORING,0
26,47,6,0.0,NORMAL,LOW,61.540129287250004,100,0.016633582263806197,2,1,0.11247518669785465,52.079099693500005,0,0.0139130546252683,0.07859474102436814,67.0069336659196,AI Recoverable,CONTINUE_MONITORING,0
26,47,7,0.0,NORMAL,LOW,75.97693182514999,100,0.19450244121486635,2,1,0.24587683091114976,38.16584421585,0,0.2218878547016806,0.07606186355147271,72.70738078252732,AI Recoverable,CONTINUE_MONITORING,1
26,47,8,0.0,LINK_FAILURE,HIGH,70.39181249015,100,0.18546003979261355,2,1,0.23909502984446016,46.783071851,0,0.19436002600410798,0.08347533923006012,67.06591757514185,AI Recoverable,CONTINUE_MONITORING,1
26,47,9,0.0,NORMAL,LOW,56.317065333825,100,0.0015777874404943604,1,0,0.051025561836321336,57.22596074649999,0,0.00364873444145752,0.13806867347243834,65.11632625641349,AI Recoverable,CONTINUE_MONITORING,0
26,47,10,0.0,NORMAL,LOW,60.569983280425014,100,0.012170542083502989,2,1,0.10912790656262725,51.8967323295,0,0.014442296328862807,0.09662036527490947,66.47232467308594,AI Recoverable,CONTINUE_MONITORING,0
26,48,1,0.5600139291371896,NORMAL,LOW,83.92484839975,100,0.0,0,0,0.0,0.0,0,0.0,0.081914899541349,46.85163999166464,Human Intervention Required,CONTINUE_MONITORING,0
26,48,2,0.0,LINK_FAILURE,HIGH,76.05964638425,100,0.22114413933309987,3,1,0.3158581044998249,37.2784249085,0,0.2356008107708451,0.08766747551472087,68.08720400650242,AI Recoverable,CONTINUE_MONITORING,1
26,48,3,0.0,NORMAL,LOW,55.412833389750006,100,0.0027003072284617216,1,0,0.05175519969850012,61.282259079,0,0.002387803085453685,0.14240700624012048,65.01770901942075,AI Recoverable,CONTINUE_MONITORING,0
26,48,4,0.0,NORMAL,LOW,65.00232570925,100,0.08484016755976571,3,1,0.21363012566982428,47.470587274,0,0.09409985863903265,0.05159250670559712,69.84798926994571,AI Recoverable,CONTINUE_MONITORING,0
26,48,5,0.0,NORMAL,LOW,60.59686856612498,100,0.004121160882473806,2,1,0.10309087066185536,46.940136729,0,0.0016195743987142477,0.1403334086471435,65.09028374545804,AI Recoverable,CONTINUE_MONITORING,0
26,48,6,0.0,NORMAL,LOW,60.806571747350006,100,0.017822429257014882,2,1,0.11336682194276117,53.10634876799999,0,0.015222990662233381,0.07568261293759504,67.11661316832276,AI Recoverable,CONTINUE_MONITORING,0
26,48,7,0.0,NORMAL,LOW,76.89273216035,100,0.1967442674702481,2,1,0.24755820060268607,35.9163272152,0,0.20838728122029554,0.07196554564605795,72.71961952045646,AI Recoverable,CONTINUE_MONITORING,1
26,48,8,0.0,LINK_FAILURE,HIGH,69.39515490635002,100,0.1721691160894099,2,1,0.22912683706705744,48.605497610499995,0,0.19254688011240367,0.07686156695473012,66.94731194904399,AI Recoverable,CONTINUE_MONITORING,1
26,48,9,0.0,NORMAL,LOW,57.03745607110001,100,0.0027003072284617216,1,0,0.05175519969850012,55.4442706455,0,0.002387803085453685,0.14219044575803907,65.02312303147278,AI Recoverable,CONTINUE_MONITORING,0
26,48,10,0.0,NORMAL,LOW,63.86767295965,100,0.041129898151865095,2,1,0.13084742361389884,50.663421635999995,0,0.011396268561541092,0.046620885093257236,68.27103852132127,AI Recoverable,CONTINUE_MONITORING,0
26,49,1,0.26550321836616064,NORMAL,LOW,83.278654657,100,0.0,0,0,0.0,1.2050011629000001,0,0.0,0.07947760245623237,57.22044729577856,AI Recoverable,CONTINUE_MONITORING,0
26,49,2,0.0,LINK_FAILURE,HIGH,76.541695379,100,0.21941824691208356,3,1,0.31456368518406264,35.541087812949996,0,0.22877243684998247,0.08853963716792612,67.96259837754334,AI Recoverable,CONTINUE_MONITORING,1
26,49,3,0.0,NORMAL,LOW,54.837676680125,100,0.0024932553933952758,1,0,0.05162061600570693,62.455418451,0,0.0023266614089042918,0.1479372871709379,64.8746995426835,AI Recoverable,CONTINUE_MONITORING,0
26,49,4,0.0,NORMAL,LOW,64.75841060600001,100,0.08674919052309271,3,1,0.21506189289231953,47.877905119000005,0,0.08941931825663987,0.05251271956442727,69.81635900391755,AI Recoverable,CONTINUE_MONITORING,0
26,49,5,0.0048033841754051496,NORMAL,LOW,59.67052982500001,100,0.0012308047552454604,2,1,0.1009231035664341,47.878788266,0,0.0029411640283825715,0.14146457818818592,64.8492948345449,AI Recoverable,CONTINUE_MONITORING,0
26,49,6,0.0,NORMAL,LOW,60.3976570904,100,0.018616542033973508,2,1,0.11396240652548013,54.349933451,0,0.01632844358568073,0.07788495413697394,67.08849142311192,AI Recoverable,CONTINUE_MONITORING,0
26,49,7,0.0,NORMAL,LOW,76.37254811440002,100,0.1979905448124677,2,1,0.24849290860935078,37.5099091711,0,0.2046877214810892,0.07971132328671338,72.5139050288924,AI Recoverable,CONTINUE_MONITORING,1
26,49,8,0.0,LINK_FAILURE,HIGH,68.99260510675,100,0.16300452286145709,2,1,0.22225339214609283,48.084346030499994,0,0.18320539411925255,0.07728759193506163,66.65995460004513,AI Recoverable,CONTINUE_MONITORING,1
26,49,9,0.0,NORMAL,LOW,56.725428781525,100,0.0024932553933952758,1,0,0.05162061600570693,56.360439215999996,0,0.0023266614089042918,0.14209046607848885,65.02087006999473,AI Recoverable,CONTINUE_MONITORING,0
26,49,10,0.0,NORMAL,LOW,61.600724470874994,100,0.015506096358932943,2,1,0.11162957226919971,51.677960797500006,0,0.024692366595046547,0.09664594889875988,66.64089687066013,AI Recoverable,CONTINUE_MONITORING,0
26,50,1,0.30420520040016863,NORMAL,LOW,83.70505224365002,100,0.0,0,0,0.0,0.36793636605,0,0.0,0.08144903283199068,55.81659216519432,AI Recoverable,CONTINUE_MONITORING,0
26,50,2,0.0,LINK_FAILURE,HIGH,76.00312637889999,100,0.20459810784158247,3,1,0.30344858088118687,36.03449916059999,0,0.22579130709115264,0.08398356209299462,67.75028617541831,AI Recoverable,CONTINUE_MONITORING,1
26,50,3,0.0,NORMAL,LOW,54.83092538005,100,0.0017440646547247907,1,0,0.051133642025571115,61.830405905499994,0,0.002197510441962788,0.14145819216543998,65.02040159337811,AI Recoverable,CONTINUE_MONITORING,0
26,50,4,0.0,NORMAL,LOW,64.77972950224999,100,0.07933606339336897,3,1,0.20950204754502672,47.689736654,0,0.08883098969611135,0.05161225105323186,69.68472488849768,AI Recoverable,CONTINUE_MONITORING,0
26,50,5,0.0,NORMAL,LOW,58.487020709674994,100,0.0008657866012603732,2,1,0.10064933995094529,49.57127228995001,0,0.0017873594243524302,0.13405974634999052,65.18369566751896,AI Recoverable,CONTINUE_MONITORING,0
26,50,6,0.0,NORMAL,LOW,59.695607048225,100,0.01333992377240353,2,1,0.11000494282930265,55.27974498649999,0,0.01685351293302324,0.08633376240102053,66.77698954475278,AI Recoverable,CONTINUE_MONITORING,0
26,50,7,0.0,NORMAL,LOW,76.82079235135,100,0.19429605804516614,2,1,0.2457220435338746,35.70925520749999,0,0.19995921169519326,0.06817780142811014,72.6810682421525,AI Recoverable,CONTINUE_MONITORING,1
26,50,8,0.0,LINK_FAILURE,HIGH,68.34318710999999,100,0.14202089398019258,2,1,0.20651567048514444,48.6270756,0,0.1747784803316801,0.06251601758287628,66.52530224334873,AI Recoverable,CONTINUE_MONITORING,0
26,50,9,0.0,NORMAL,LOW,56.74338979800001,100,0.0017440646547247907,1,0,0.051133642025571115,55.035113239,0,0.002197510441962788,0.13919748451774938,65.07691928457038,AI Recoverable,CONTINUE_MONITORING,0
26,50,10,0.0,NORMAL,LOW,60.680236574,100,0.014913738610771698,2,1,0.11118530395807878,53.606170859,0,0.017406006320576744,0.09520880760604933,66.59211464526996,AI Recoverable,CONTINUE_MONITORING,0
26,51,1,0.28492514878711667,NORMAL,LOW,83.75743846415,100,0.0,0,0,0.0,0.44010782775,0,0.0,0.08102314564173507,56.50204115140753,AI Recoverable,CONTINUE_MONITORING,0
26,51,2,0.0,LINK_FAILURE,HIGH,75.82186620545001,100,0.2118817558812433,3,1,0.30891131691093243,36.3770582291,0,0.21659926452881867,0.0864159506234321,67.74322899732724,AI Recoverable,CONTINUE_MONITORING,1
26,51,3,0.0,NORMAL,LOW,55.297292530499995,100,0.0044452057604839655,1,0,0.05288938374431458,62.4176385115,0,0.0020230012442633855,0.14279436979199023,65.03927488285255,AI Recoverable,CONTINUE_MONITORING,0
26,51,4,0.0,NORMAL,LOW,64.4551903765,100,0.07535267061279646,3,1,0.20651450295959733,48.253101786,0,0.08451051780526977,0.05407149853450377,69.50037112694602,AI Recoverable,CONTINUE_MONITORING,0
26,51,5,0.014544161065825125,NORMAL,LOW,56.97434296765,100,3.7477129141091545e-05,2,1,0.10002810784685583,51.84287056025,0,0.001518214983197922,0.11451489191619957,65.14401375720593,AI Recoverable,CONTINUE_MONITORING,0
26,51,6,0.0,NORMAL,LOW,59.63000225309999,100,0.01054873778797703,2,1,0.10791155334098278,54.411745475,0,0.015099062163224986,0.08444700807818628,66.75079017543712,AI Recoverable,CONTINUE_MONITORING,0
26,51,7,0.0,NORMAL,LOW,75.74620665445,100,0.16371612985365555,2,1,0.22278709739024166,36.5191253138,0,0.19835262749804689,0.06417819376933165,72.15339402782028,AI Recoverable,CONTINUE_MONITORING,1
26,51,8,0.0,LINK_FAILURE,HIGH,69.502737767,100,0.15145432696462063,2,1,0.2135907452234655,46.23906178949999,0,0.16113300480443868,0.06361494833261716,66.55004287902138,AI Recoverable,CONTINUE_MONITORING,1
26,51,9,0.0,NORMAL,LOW,57.2282727881,100,0.0044452057604839655,1,0,0.05288938374431458,54.8931160075,0,0.0020230012442633855,0.1335315845819811,65.27084451310277,AI Recoverable,CONTINUE_MONITORING,0
26,51,10,0.0,NORMAL,LOW,59.84754123925,100,0.010826561964728879,2,1,0.10811992147354667,54.404155249,0,0.017870856319727534,0.09873439896781167,66.42687982829656,AI Recoverable,CONTINUE_MONITORING,0
26,52,1,0.2991518991833152,NORMAL,LOW,83.27615100605001,100,0.0,0,0,0.0,2.11058020215,0,0.0,0.07660574306721468,56.114539951903595,AI Recoverable,CONTINUE_MONITORING,0
26,52,2,0.0,LINK_FAILURE,HIGH,75.54446381435001,100,0.22536702712961668,3,1,0.3190252703472125,37.826160127,0,0.21612024812334524,0.09059787618091442,67.90359611930292,AI Recoverable,CONTINUE_MONITORING,1
26,52,3,0.0,NORMAL,LOW,54.774646015749994,100,0.002124537567376738,1,0,0.05138094941879488,61.8197802925,0,0.003148048595003605,0.14019485336311954,65.06909990321958,AI Recoverable,CONTINUE_MONITORING,0
26,52,4,0.0,NORMAL,LOW,65.48370183275,100,0.08203602300599919,3,1,0.21152701725449938,46.5167540145,0,0.08099297713300702,0.04982628888725715,69.70499300926862,AI Recoverable,CONTINUE_MONITORING,0
26,52,5,0.28963635778772795,NORMAL,LOW,81.8342561827,100,0.0,2,1,0.1,3.5309469145500003,0,0.0010451964671281974,0.08016471701402572,56.369061516750165,AI Recoverable,CONTINUE_MONITORING,0
26,52,6,0.0,NORMAL,LOW,63.16276807629999,100,0.03896673183243247,2,1,0.12922504887432434,51.4975981945,0,0.013939191452517628,0.03492403100961494,68.54562577593344,AI Recoverable,CONTINUE_MONITORING,0
26,52,7,0.0,NORMAL,LOW,74.7916391668,100,0.14811057928220997,2,1,0.2110829344616575,36.60565355,0,0.1817297607515932,0.052225248017258585,71.97387799272866,AI Recoverable,CONTINUE_MONITORING,0
26,52,8,0.0,LINK_FAILURE,HIGH,69.73840294775,100,0.1665822321289418,2,1,0.22493667409670637,45.83347821299999,0,0.1594115440457473,0.0753687869491938,66.54154040930646,AI Recoverable,CONTINUE_MONITORING,1
26,52,9,0.0,NORMAL,LOW,57.415011071250014,100,0.002124537567376738,1,0,0.05138094941879488,54.1288876225,0,0.003148048595003605,0.1428805361546972,65.00195783343014,AI Recoverable,CONTINUE_MONITORING,0
26,52,10,0.0,NORMAL,LOW,63.04893546579999,100,0.03896673183243247,2,1,0.12922504887432434,52.395053233,0,0.016484525793190888,0.05543757017112794,68.05824064030236,AI Recoverable,CONTINUE_MONITORING,0
26,53,1,0.260620522395552,NORMAL,LOW,84.1534396898,100,0.0,0,0,0.0,0.68651734725,0,0.0,0.08066305365684578,57.36170537473453,AI Recoverable,CONTINUE_MONITORING,0
26,53,2,0.0,LINK_FAILURE,HIGH,75.20134623824998,100,0.24242458416265286,3,1,0.33181843812198963,38.744947791,0,0.21914740693255264,0.09936898001167915,68.05574125228661,AI Recoverable,CONTINUE_MONITORING,1
26,53,3,0.0,NORMAL,LOW,55.3769231225,100,0.0028179688824804083,1,0,0.05183167977361227,61.4297234745,0,0.0025283931548349702,0.14122118918973237,65.05111357945464,AI Recoverable,CONTINUE_MONITORING,0
26,53,4,0.0,NORMAL,LOW,65.9276738145,100,0.09277862493384913,3,1,0.21958396870038682,46.1691844295,0,0.08177478301510296,0.04922335852253712,69.94273636576457,AI Recoverable,CONTINUE_MONITORING,0
26,53,5,0.28963635778772795,NORMAL,LOW,81.56910785290002,100,0.0,2,1,0.1,3.6868494411,0,0.0008757321115369023,0.08201368922586072,56.32114256789838,AI Recoverable,CONTINUE_MONITORING,0
26,53,6,0.0,NORMAL,LOW,63.54612769629999,100,0.04710011416913103,2,1,0.13532508562684828,52.4173795655,0,0.02559123060546194,0.02831959036515197,68.98992483030844,AI Recoverable,CONTINUE_MONITORING,0
26,53,7,0.0,NORMAL,LOW,75.12648640930001,100,0.1478552388887101,2,1,0.21089142916653258,36.616343333,0,0.17055323490958763,0.058662710316160216,71.69606936896606,AI Recoverable,CONTINUE_MONITORING,0
26,53,8,0.0,LINK_FAILURE,HIGH,70.42479513225,100,0.17984539147079778,2,1,0.23488404360309834,44.332806223,0,0.16130702252212958,0.07317387286636579,66.88063123297809,AI Recoverable,CONTINUE_MONITORING,1
26,53,9,0.0,NORMAL,LOW,56.982767593649996,100,0.0028179688824804083,1,0,0.05183167977361227,54.7819000245,0,0.0025283931548349702,0.14142857978444545,65.04592881458682,AI Recoverable,CONTINUE_MONITORING,0
26,53,10,0.0,NORMAL,LOW,63.42466032789999,100,0.04710011416913103,2,1,0.13532508562684828,52.3581517175,0,0.02867804331835209,0.04033617976401316,68.72037822246581,AI Recoverable,CONTINUE_MONITORING,0
26,54,1,0.27025465547779526,NORMAL,LOW,83.26411266755001,100,0.0,0,0,0.0,2.52970827615,0,0.0,0.0763906755207745,57.131320170257794,AI Recoverable,CONTINUE_MONITORING,0
26,54,2,0.0,LINK_FAILURE,HIGH,75.92943555384998,100,0.24862200289698774,3,1,0.33646650217274077,37.150986162150005,0,0.22724393631860088,0.10164122372296547,68.20384882805163,AI Recoverable,CONTINUE_MONITORING,1
26,54,3,0.0,NORMAL,LOW,54.499706134875005,100,0.0018660110495230156,1,0,0.05121290718218996,62.51901343299999,0,0.002752895180928687,0.14650333355503564,64.90226583392385,AI Recoverable,CONTINUE_MONITORING,0
26,54,4,0.0,NORMAL,LOW,65.960703898,100,0.1041832889221644,3,1,0.2281374666916233,47.275148996,0,0.08610894762582963,0.055093524667445326,70.06741713801544,AI Recoverable,CONTINUE_MONITORING,0
26,54,5,0.004814007183170857,NORMAL,LOW,57.358740645,100,0.00015925371385886754,2,1,0.10011944028539416,50.22604865325,0,0.00029876958799056954,0.1270812373468554,65.16065158507472,AI Recoverable,CONTINUE_MONITORING,0
26,54,6,0.0,NORMAL,LOW,60.395860715750004,100,0.012658378798294824,2,1,0.10949378409872113,53.673867660999996,0,0.03213012119416776,0.08340211414359233,66.98941593431776,AI Recoverable,CONTINUE_MONITORING,0
26,54,7,0.0,NORMAL,LOW,75.71429385249999,100,0.1582738753603997,2,1,0.21870540652029977,36.187427715,0,0.16363216879012235,0.06449014951407905,71.68954545725722,AI Recoverable,CONTINUE_MONITORING,1
26,54,8,0.0,LINK_FAILURE,HIGH,70.0479796215,100,0.18649468004589329,2,1,0.23987101003441996,45.814294246,0,0.16636064887808072,0.08189155083184274,66.84621131890262,AI Recoverable,CONTINUE_MONITORING,1
26,54,9,0.0,NORMAL,LOW,57.10308117387501,100,0.0018660110495230156,1,0,0.05121290718218996,54.755602853499994,0,0.002752895180928687,0.13901142361272234,65.08956358248167,AI Recoverable,CONTINUE_MONITORING,0
26,54,10,0.0,NORMAL,LOW,63.64641745685,100,0.04511348186014815,2,1,0.13383511139511112,50.639696294,0,0.03195388826177889,0.03180792242997421,68.9266104590714,AI Recoverable,CONTINUE_MONITORING,0
26,55,1,0.2991518991833152,NORMAL,LOW,82.53880135190002,100,0.0,0,0,0.0,3.68496391005,0,0.0,0.07843359072870204,56.06884376036641,AI Recoverable,CONTINUE_MONITORING,0
26,55,2,0.0,LINK_FAILURE,HIGH,76.2371400727,100,0.24888506112324127,3,1,0.33666379584243095,36.4092460013,0,0.23319168777678798,0.10197448458950886,68.260255985495,AI Recoverable,CONTINUE_MONITORING,1
26,55,3,0.0,NORMAL,LOW,54.356418111475,100,0.0005790458943987478,1,0,0.05037637983135919,61.626226079000006,0,0.0023794936228993526,0.1307132817850829,65.2675438094899,AI Recoverable,CONTINUE_MONITORING,0
26,55,4,0.0,NORMAL,LOW,66.49716416325,100,0.1008015559746048,3,1,0.2256011669809536,46.03004732549999,0,0.09197112059819426,0.0484053719721903,70.22560802616928,AI Recoverable,CONTINUE_MONITORING,0
26,55,5,0.004814007183170857,NORMAL,LOW,57.12042164680001,100,6.920861136548723e-05,2,1,0.10005190645852412,50.2398246602,0,0.00019652855635410679,0.12449068001734953,65.22259220594613,AI Recoverable,CONTINUE_MONITORING,0
26,55,6,0.0,NORMAL,LOW,61.410510881075,100,0.015595925117933609,2,1,0.11169694383845022,51.838234997,0,0.020963457729921888,0.07781842544539042,67.07609244352314,AI Recoverable,CONTINUE_MONITORING,0
26,55,7,0.0,NORMAL,LOW,76.2372761785,100,0.16864870850281272,2,1,0.22648653137710953,35.774169007,0,0.1611974260083397,0.0685299667119813,71.7716992623401,AI Recoverable,CONTINUE_MONITORING,1
26,55,8,0.0,LINK_FAILURE,HIGH,70.72918747599999,100,0.19391730671918408,2,1,0.24543798003938808,44.108995238,0,0.17164405745643044,0.08439533210403993,66.98490340634699,AI Recoverable,CONTINUE_MONITORING,1
26,55,9,0.0,NORMAL,LOW,57.07123599227501,100,0.0005790458943987478,1,0,0.05037637983135919,54.36975589400001,0,0.0023794936228993526,0.12208142108353692,65.48334032702854,AI Recoverable,CONTINUE_MONITORING,0
26,55,10,0.0,NORMAL,LOW,65.3338427605,100,0.05829719530577629,2,1,0.14372289647933223,49.15019820249999,0,0.03550293253925415,0.035494065720882984,69.133621588486,AI Recoverable,CONTINUE_MONITORING,0
26,56,1,0.26550321836616064,NORMAL,LOW,82.52512007735,100,0.0,0,0,0.0,3.2720562269999998,0,0.0,0.0775845985535627,57.267772393345304,AI Recoverable,CONTINUE_MONITORING,0
26,56,2,0.0,LINK_FAILURE,HIGH,75.65657441865001,100,0.2417872519881417,3,1,0.33134043899110627,37.36998275885,0,0.23947077870409625,0.09755184495509783,68.29165670292635,AI Recoverable,CONTINUE_MONITORING,1
26,56,3,0.03401206578469356,NORMAL,LOW,53.946162450125,100,2.6620153704579893e-05,1,0,0.05001730309990798,61.796403173,0,0.0018303014499164267,0.11905787184239947,64.351966319049,AI Recoverable,CONTINUE_MONITORING,0
26,56,4,0.0,NORMAL,LOW,66.3504211985,100,0.09483496913122905,3,1,0.2211262268484218,45.716525125000004,0,0.0939617696752994,0.04898408592265713,70.11171493131114,AI Recoverable,CONTINUE_MONITORING,0
26,56,5,0.004814007183170857,NORMAL,LOW,57.221240324925006,100,0.00015678966849144555,2,1,0.10011759225136858,50.0122237962,0,5.799410702080865e-05,0.1270812373468554,65.15819454935766,AI Recoverable,CONTINUE_MONITORING,0
26,56,6,0.0,NORMAL,LOW,61.25516370750002,100,0.01980592214443563,2,1,0.11485444160832672,53.420116289000006,0,0.022160561814187733,0.08065608837851934,67.10132185156759,AI Recoverable,CONTINUE_MONITORING,0
26,56,7,0.0,NORMAL,LOW,75.66313056850001,100,0.16773172527915117,2,1,0.2257987939593634,36.99948349649999,0,0.16071924701513415,0.06398545425114799,71.86219061945566,AI Recoverable,CONTINUE_MONITORING,1
26,56,8,0.0,LINK_FAILURE,HIGH,71.16095586875001,100,0.19451754993661236,2,1,0.24588816245245929,43.712068475500004,0,0.1811363432418765,0.08040841782475106,67.19150398553224,AI Recoverable,CONTINUE_MONITORING,1
26,56,9,0.03401206578469356,NORMAL,LOW,56.760883341475,100,2.6620153704579893e-05,1,0,0.05001730309990798,54.286480163,0,0.0018303014499164267,0.1164964788384637,64.41600114414739,AI Recoverable,CONTINUE_MONITORING,0
26,56,10,0.0,NORMAL,LOW,65.52878513459999,100,0.07233166063122089,2,1,0.15424874547341566,49.406714502,0,0.045531730510243236,0.03137216011599697,69.61764651482692,AI Recoverable,CONTINUE_MONITORING,0
26,57,1,0.27025465547779526,NORMAL,LOW,83.01234032635001,100,0.0,0,0,0.0,2.9970041957999998,0,0.0,0.0765905669511765,57.126322884497746,AI Recoverable,CONTINUE_MONITORING,0
26,57,2,0.0,LINK_FAILURE,HIGH,75.789298548,100,0.22927678749785113,3,1,0.32195759062338836,37.057192362,0,0.24152820541853215,0.09326923002083853,68.16908705362138,AI Recoverable,CONTINUE_MONITORING,1
26,57,3,0.0,NORMAL,LOW,55.209843585725004,100,0.00037009166161816565,1,0,0.05024055958005181,59.3545228245,0,0.0010459717427590625,0.12580112922485076,65.37283332003868,AI Recoverable,CONTINUE_MONITORING,0
26,57,4,0.0,NORMAL,LOW,64.88788347175,100,0.08342042243151654,3,1,0.21256531682363738,47.237546965,0,0.09489931541486722,0.05346672186125745,69.78073355624755,AI Recoverable,CONTINUE_MONITORING,0
26,57,5,0.0,NORMAL,LOW,57.53772819944999,100,0.00029330547091649986,2,1,0.10021997910318738,49.476760167799995,0,0.0001009721796676457,0.12661703551932735,65.34144994323181,AI Recoverable,CONTINUE_MONITORING,0
26,57,6,0.0,NORMAL,LOW,61.39495075885,100,0.016809686355563014,2,1,0.11260726476667227,51.9008168805,0,0.02471956673204255,0.07568630627017348,67.19123173767734,AI Recoverable,CONTINUE_MONITORING,0
26,57,7,0.0,NORMAL,LOW,74.76579265400001,100,0.16851440931610004,2,1,0.22638580698707503,38.2417965231,0,0.16100633540760506,0.05831567918188996,72.02245956085079,AI Recoverable,CONTINUE_MONITORING,1
26,57,8,0.0,LINK_FAILURE,HIGH,70.87967665824999,100,0.17894570073406624,2,1,0.23420927555054968,42.3215016725,0,0.18734526742318378,0.07289135586337814,67.13008279232871,AI Recoverable,CONTINUE_MONITORING,1
26,57,9,0.0,NORMAL,LOW,56.762189379525,100,0.00037009166161816565,1,0,0.05024055958005181,55.9380005145,0,0.0010459717427590625,0.12201260083006893,65.46754652990823,AI Recoverable,CONTINUE_MONITORING,0
26,57,10,0.0,NORMAL,LOW,65.11860595569999,100,0.05865027398594223,2,1,0.14398770548945666,49.280848516999995,0,0.058352783921185494,0.03608616251047525,69.35437925616881,AI Recoverable,CONTINUE_MONITORING,0
26,58,1,0.3039912135914566,NORMAL,LOW,82.83442996650001,100,0.0,0,0,0.0,3.34891471095,0,0.0,0.07748787754061881,55.92311058578354,AI Recoverable,CONTINUE_MONITORING,0
26,58,2,0.0,LINK_FAILURE,HIGH,76.38706280905,100,0.22017363064092493,3,1,0.3151302229806937,35.907470144099996,0,0.23832243252299778,0.08864381735708982,68.07060150412123,AI Recoverable,CONTINUE_MONITORING,1
26,58,3,0.0,NORMAL,LOW,56.01043298665,100,0.000826947329473204,1,0,0.05053751576415758,58.017946842499995,0,0.0009033907683269382,0.1337418561603112,65.18202645026494,AI Recoverable,CONTINUE_MONITORING,0
26,58,4,0.0,NORMAL,LOW,63.914513852,100,0.08349314336186768,3,1,0.21261985752140075,48.5308858925,0,0.0916687673245259,0.05945202640286262,69.60024988041104,AI Recoverable,CONTINUE_MONITORING,0
26,58,5,0.0,NORMAL,LOW,57.630345538825,100,0.000733565948405503,2,1,0.10055017446130413,50.43738586204999,0,0.00018298968632347198,0.1311216222822279,65.23846065877564,AI Recoverable,CONTINUE_MONITORING,0
26,58,6,0.0,NORMAL,LOW,62.644948903724995,100,0.02307569953083492,2,1,0.1173067746481262,49.721373094,0,0.020718709628619037,0.07089700976497915,67.39627584277841,AI Recoverable,CONTINUE_MONITORING,0
26,58,7,0.0,NORMAL,LOW,77.19309582305,100,0.19308207439260874,2,1,0.24481155579445657,35.333505362450005,0,0.16409767682343435,0.07473367420518506,72.13427640095689,AI Recoverable,CONTINUE_MONITORING,1
26,58,8,0.0,LINK_FAILURE,HIGH,70.22135510550001,100,0.17663644822061597,2,1,0.23247733616546198,43.28665304650001,0,0.1844045982671374,0.07556600297556704,66.98762487269451,AI Recoverable,CONTINUE_MONITORING,1
26,58,9,0.0,NORMAL,LOW,57.8826127395,100,0.000826947329473204,1,0,0.05053751576415758,53.408647480999996,0,0.0009033907683269382,0.12733551215208638,65.34218505047056,AI Recoverable,CONTINUE_MONITORING,0
26,58,10,0.0,NORMAL,LOW,66.4314982109,100,0.07657912419606476,2,1,0.15743434314704857,47.9170260815,0,0.057004063829093274,0.030514931430614345,69.83874983644687,AI Recoverable,CONTINUE_MONITORING,0
26,59,1,0.255724879296152,NORMAL,LOW,83.16129904885001,100,0.0,0,0,0.0,3.26338563825,0,0.0,0.07949020866804635,57.562374007933514,AI Recoverable,CONTINUE_MONITORING,0
26,59,2,0.0,LINK_FAILURE,HIGH,76.02217916745,100,0.216954537896856,3,1,0.312715903422642,35.69090225355,0,0.232476351972878,0.091843654834727,67.86776290679772,AI Recoverable,CONTINUE_MONITORING,1
26,59,3,0.0,NORMAL,LOW,55.7286567935,100,0.0012666686705714821,1,0,0.050823334635871464,59.597059554999994,0,0.0007617044512624409,0.1400724697301765,65.03113867466963,AI Recoverable,CONTINUE_MONITORING,0
26,59,4,0.0,NORMAL,LOW,63.432182281500005,100,0.07961195569605577,3,1,0.20970896677204182,49.23283016149999,0,0.09039061618355385,0.060348116430627874,69.48744236499095,AI Recoverable,CONTINUE_MONITORING,0
26,59,5,0.0,NORMAL,LOW,58.12259501732502,100,0.000957925830845923,2,1,0.10071844437313444,50.06571716655,0,0.00041776706234694335,0.13296059635756186,65.19932127830134,AI Recoverable,CONTINUE_MONITORING,0
26,59,6,0.0,NORMAL,LOW,62.469597615649995,100,0.026176929444371406,2,1,0.11963269708327856,51.0981118955,0,0.019235095531839157,0.06364636870662022,67.6247303265403,AI Recoverable,CONTINUE_MONITORING,0
26,59,7,0.0,NORMAL,LOW,77.26842093204999,100,0.1923807478346405,2,1,0.24428556087598038,34.874396028,0,0.17779973331693275,0.06837073813595018,72.41634383646338,AI Recoverable,CONTINUE_MONITORING,1
26,59,8,0.0,LINK_FAILURE,HIGH,71.04315652675001,100,0.178917441341766,2,1,0.2341880810063245,41.32077372,0,0.18326257045807687,0.07331919533153264,67.07799464812778,AI Recoverable,CONTINUE_MONITORING,1
26,59,9,0.0,NORMAL,LOW,58.5964460537,100,0.0012666686705714821,1,0,0.050823334635871464,51.417475077249996,0,0.0007617044512624409,0.1375466807677651,65.09428339872991,AI Recoverable,CONTINUE_MONITORING,0
26,59,10,0.0,NORMAL,LOW,66.3012549801,100,0.08563544364983708,2,1,0.1642265827373778,48.335299677,0,0.06650978029590075,0.03368538504269758,70.03567204988829,AI Recoverable,CONTINUE_MONITORING,0
26,60,1,0.255724879296152,NORMAL,LOW,84.38572380135001,100,0.0,0,0,0.0,1.3307942286,0,0.0,0.08231900980383766,57.49165397953874,AI Recoverable,CONTINUE_MONITORING,0
26,60,2,0.0,LINK_FAILURE,HIGH,75.65907394470001,100,0.21413044712421053,3,1,0.3105978353431579,35.735574275299996,0,0.2270771790496389,0.0912974471472553,67.77094455429922,AI Recoverable,CONTINUE_MONITORING,1
26,60,3,0.0,NORMAL,LOW,56.68960112922501,100,0.0025525893508352143,1,0,0.05165918307804289,58.1937791975,0,0.0008097129205387097,0.14247743288176462,64.99721309417798,AI Recoverable,CONTINUE_MONITORING,0
26,60,4,0.0,NORMAL,LOW,64.35368293275,100,0.08260264527937106,3,1,0.2119519839595283,47.901660166999996,0,0.08578627323215507,0.05784903735522817,69.56368970402825,AI Recoverable,CONTINUE_MONITORING,0
26,60,5,0.0,NORMAL,LOW,58.17402859997499,100,0.0007885296140216153,2,1,0.10059139721051621,50.724577468949995,0,0.0005968891234572571,0.13011706133524326,65.26881295013392,AI Recoverable,CONTINUE_MONITORING,0
26,60,6,0.0,NORMAL,LOW,62.45958179525001,100,0.026805648345114133,2,1,0.12010423625883561,50.757262933999996,0,0.02205806159635082,0.06280405929513355,67.68659210048745,AI Recoverable,CONTINUE_MONITORING,0
26,60,7,0.0,NORMAL,LOW,78.01762827475001,100,0.21694633385888876,2,1,0.26270975039416655,34.000012751999996,0,0.18236429749593597,0.07588175057631885,72.76552588772917,AI Recoverable,CONTINUE_MONITORING,1
26,60,8,0.0,LINK_FAILURE,HIGH,70.553659368,100,0.1807565280944075,2,1,0.23556739607080565,41.7406730255,0,0.18288605497584404,0.07926572233019191,66.96234805339178,AI Recoverable,CONTINUE_MONITORING,1
26,60,9,0.0,NORMAL,LOW,58.39310701657501,100,0.0025525893508352143,1,0,0.05165918307804289,52.0047024335,0,0.0008097129205387097,0.1436156363609622,64.96875800719803,AI Recoverable,CONTINUE_MONITORING,0
26,60,10,0.0,NORMAL,LOW,66.40356944295,100,0.08962110507377194,2,1,0.16721582880532895,48.142638706,0,0.0748997507825889,0.03634606957937192,70.13276786981703,AI Recoverable,CONTINUE_MONITORING,0
26,61,1,0.260620522395552,NORMAL,LOW,84.73966384660001,100,0.0,0,0,0.0,0.58575634515,0,0.0,0.08511493201894116,57.250408415682145,AI Recoverable,CONTINUE_MONITORING,0
26,61,2,0.0,LINK_FAILURE,HIGH,77.107099765,100,0.22425668856823808,3,1,0.3181925164261785,33.771235683,0,0.22136430585798095,0.08724338741841997,68.01769214448406,AI Recoverable,CONTINUE_MONITORING,1
26,61,3,0.0,NORMAL,LOW,55.309834682449996,100,0.0010230762015296217,1,0,0.05066499953099426,59.702774151999996,0,0.0014717852085189345,0.13833949356234498,65.07669203705714,AI Recoverable,CONTINUE_MONITORING,0
26,61,4,0.0,NORMAL,LOW,64.6744356515,100,0.08319654191500753,3,1,0.21239740643625565,47.392627885500005,0,0.08413563260981692,0.05432838537913309,69.64707752991998,AI Recoverable,CONTINUE_MONITORING,0
26,61,5,0.0,NORMAL,LOW,58.647767777675,100,0.0011823072703543828,2,1,0.10088673045276579,49.69793513825,0,0.0006467751987818227,0.13867114799348357,65.0633351975578,AI Recoverable,CONTINUE_MONITORING,0
26,61,6,0.0,NORMAL,LOW,63.10636367885001,100,0.02979312455808008,2,1,0.12234484341856006,50.345562817,0,0.023816038518378914,0.056274327003557945,67.92716470125643,AI Recoverable,CONTINUE_MONITORING,0
26,61,7,0.0,NORMAL,LOW,76.7940625904,100,0.19746337041572926,2,1,0.24809752781179695,35.2957343169,0,0.1964956408530611,0.07173420007739972,72.6208688149102,AI Recoverable,CONTINUE_MONITORING,1
26,61,8,0.0,LINK_FAILURE,HIGH,71.41559368375002,100,0.20162817988022866,2,1,0.2512211349101715,41.4524229725,0,0.18159527199416778,0.08845901319774396,67.13704098760266,AI Recoverable,CONTINUE_MONITORING,1
26,61,9,0.0,NORMAL,LOW,56.6877099485,100,0.0010230762015296217,1,0,0.05066499953099426,53.7636001495,0,0.0014717852085189345,0.1375454933003991,65.0965420436058,AI Recoverable,CONTINUE_MONITORING,0
26,61,10,0.0,NORMAL,LOW,66.206524745,100,0.09661466973125156,2,1,0.1724610022984387,49.698518295,0,0.08048079657728874,0.040293046009197586,70.22977521016797,AI Recoverable,CONTINUE_MONITORING,0
26,62,1,0.5454098115065014,NORMAL,LOW,84.66827781970001,100,0.0,0,0,0.0,0.0,0,0.0,0.08442809217790781,47.29995429282476,Human Intervention Required,CONTINUE_MONITORING,0
26,62,2,0.0,LINK_FAILURE,HIGH,77.74169994325,100,0.24186832599659996,3,1,0.33140124449745,33.190774273,0,0.2219478994124027,0.09455701851637843,68.19292005114657,AI Recoverable,CONTINUE_MONITORING,1
26,62,3,0.0,NORMAL,LOW,53.929489389675,100,0.0002495132419143742,1,0,0.050162183607244344,62.05327042099999,0,0.0011524351104227626,0.12571163204051372,65.37372381492968,AI Recoverable,CONTINUE_MONITORING,0
26,62,4,0.0,NORMAL,LOW,65.16123808725001,100,0.08677705149975269,3,1,0.2150827886248145,45.9068376445,0,0.08268442179023686,0.057427851586371315,69.62668895823813,AI Recoverable,CONTINUE_MONITORING,0
26,62,5,0.0,NORMAL,LOW,59.123116135725,100,0.0025677734368656497,2,1,0.10192583007764924,50.41752196505,0,0.0009084809599424641,0.14297755862454375,64.98600131272315,AI Recoverable,CONTINUE_MONITORING,0
26,62,6,0.0,NORMAL,LOW,62.03153228549999,100,0.02709015133649639,2,1,0.1203176135023723,52.600888241499995,0,0.026110489720178924,0.0657422426163804,67.6593518585222,AI Recoverable,CONTINUE_MONITORING,0
26,62,7,0.0,NORMAL,LOW,75.6220169417,100,0.18010376107941584,2,1,0.23507782080956188,35.804010637999994,0,0.19481318213923418,0.06075222640117239,72.53140138295134,AI Recoverable,CONTINUE_MONITORING,1
26,62,8,0.0,NORMAL,LOW,71.05584199299999,100,0.22189007105166522,2,1,0.26641755328874894,42.878236733,0,0.18885225572202038,0.0948047010006835,72.45620645323642,AI Recoverable,CONTINUE_MONITORING,1
26,62,9,0.0,NORMAL,LOW,56.412050437425,100,0.0002495132419143742,1,0,0.050162183607244344,52.48263380269999,0,0.0011524351104227626,0.12118437891080336,65.48690514317244,AI Recoverable,CONTINUE_MONITORING,0
26,62,10,0.0,NORMAL,LOW,64.9917307762,100,0.07756699488250035,2,1,0.15817524616187528,50.195063325,0,0.08597848724853692,0.04194857896779869,69.8624102959404,AI Recoverable,CONTINUE_MONITORING,0
26,63,1,0.5696874278441314,NORMAL,LOW,84.2043869206,100,0.0,0,0,0.0,0.0899469765,0,0.0,0.08161349190836376,46.52060272774631,Human Intervention Required,CONTINUE_MONITORING,0
26,63,2,0.0,NORMAL,LOW,77.65104264325001,100,0.24017237459875554,3,1,0.3301292809490667,33.248184917,0,0.2289942060307361,0.09429002596548097,73.23613890314545,AI Recoverable,CONTINUE_MONITORING,1
26,63,3,0.0,NORMAL,LOW,54.67191861815001,100,0.0005710760756364127,1,0,0.05037119944916367,60.149529608499996,0,0.0009034852437796577,0.12869136613333698,65.3031722206171,AI Recoverable,CONTINUE_MONITORING,0
26,63,4,0.0,NORMAL,LOW,65.60679831875001,100,0.09297263972563691,3,1,0.2197294797942277,45.979852576499994,0,0.08422850273521347,0.05414992003915253,69.84798982088604,AI Recoverable,CONTINUE_MONITORING,0
26,63,5,0.0,NORMAL,LOW,60.01092740947501,100,0.0038141888694790626,2,1,0.1028606416521093,48.4271518438,0,0.001642546325128725,0.1388883276946543,65.12050104827452,AI Recoverable,CONTINUE_MONITORING,0
26,63,6,0.0,NORMAL,LOW,61.70382659387501,100,0.02328497256414113,2,1,0.11746372942310584,52.8294038835,0,0.026738862851034488,0.07637285375415004,67.3237667359394,AI Recoverable,CONTINUE_MONITORING,0
26,63,7,0.0,NORMAL,LOW,77.0604401986,100,0.21459051848350322,3,1,0.31094288886262744,34.081630839,0,0.19122780858520438,0.07369965028587033,72.86159719837535,AI Recoverable,CONTINUE_MONITORING,1
26,63,8,0.0,NORMAL,LOW,70.5471693945,100,0.22366685776447176,3,1,0.31775014332335383,43.797301422000004,0,0.2009430349179152,0.09862079045042837,72.51724774320788,AI Recoverable,CONTINUE_MONITORING,1
26,63,9,0.0,NORMAL,LOW,55.611916848,100,0.0005710760756364127,1,0,0.05037119944916367,54.019881342999994,0,0.0009034852437796577,0.12510582495479805,65.39281075008057,AI Recoverable,CONTINUE_MONITORING,0
26,63,10,0.0,NORMAL,LOW,64.3992636477,100,0.05925775924816595,2,1,0.14444331943612448,49.4425648535,0,0.0829125257194297,0.037389323077795966,69.5795473652127,AI Recoverable,CONTINUE_MONITORING,0
26,64,1,0.511769840408655,NORMAL,LOW,83.7950005736,100,0.0,0,0,0.0,0.13266374175,0,0.0,0.08141958717382736,48.55256590635139,Human Intervention Required,CONTINUE_MONITORING,0
26,64,2,0.0,NORMAL,LOW,76.43932428024999,100,0.2194835062508634,3,1,0.3146126296881475,33.933279707000004,0,0.23128524476547904,0.08800683096339301,73.00235179858723,AI Recoverable,CONTINUE_MONITORING,1
26,64,3,0.0,NORMAL,LOW,54.82531365097499,100,0.0012009294969295636,1,0,0.05078060417300422,60.071088646999996,0,0.0009641321183591184,0.1357916469934748,65.13886873628532,AI Recoverable,CONTINUE_MONITORING,0
26,64,4,0.0,NORMAL,LOW,66.17637573175,100,0.08591415536735807,3,1,0.21443561652551854,44.8309416945,0,0.08741430869390643,0.044668291624313294,69.97571890367838,AI Recoverable,CONTINUE_MONITORING,0
26,64,5,0.0,NORMAL,LOW,60.444624530875004,100,0.0022619221611492367,2,1,0.10169644162086193,47.476514879999996,0,0.0024477581638630472,0.14882142555704903,64.84918038593538,AI Recoverable,CONTINUE_MONITORING,0
26,64,6,0.0,NORMAL,LOW,61.732605039150016,100,0.022757485193140196,2,1,0.11706811389485515,52.079180506,0,0.02562660744399078,0.07305658224015721,67.38500122229877,AI Recoverable,CONTINUE_MONITORING,0
26,64,7,0.0,NORMAL,LOW,77.27109771595,100,0.22094164599010754,2,1,0.2657062344925807,33.886884123899996,0,0.20458501797915582,0.0780690965501486,73.01295568583998,AI Recoverable,CONTINUE_MONITORING,1
26,64,8,0.0,NORMAL,LOW,69.032756371,100,0.19715615226918257,2,1,0.24786711420188692,45.51185574749999,0,0.208060328267897,0.09619669660105434,72.11880891303626,AI Recoverable,CONTINUE_MONITORING,1
26,64,9,0.0,NORMAL,LOW,56.786366628975,100,0.0012009294969295636,1,0,0.05078060417300422,51.818639153149995,0,0.0009641321183591184,0.13908350375628076,65.05657231721516,AI Recoverable,CONTINUE_MONITORING,0
26,64,10,0.0,NORMAL,LOW,65.253137412,100,0.06459324691802767,2,1,0.14844493518852075,47.64014991250001,0,0.07499476393642354,0.03804959137160646,69.59057279343462,AI Recoverable,CONTINUE_MONITORING,0
26,65,1,0.2991518991833152,NORMAL,LOW,83.34647041635,100,0.0,0,0,0.0,1.7427654409500002,0,0.0,0.07585348639273282,56.13334636876564,AI Recoverable,CONTINUE_MONITORING,0
26,65,2,0.0,NORMAL,LOW,77.58414911125,100,0.2380085820076537,3,1,0.3285064365057403,33.317868024999996,0,0.22543263983067247,0.0940689769589409,73.16277361448627,AI Recoverable,CONTINUE_MONITORING,1
26,65,3,0.00969176314844732,NORMAL,LOW,54.6815648288,100,0.0028202334192269545,1,0,0.05183315172249752,61.45182956299999,0,0.001143884660437195,0.13929244613198033,64.74632065149373,AI Recoverable,CONTINUE_MONITORING,0
26,65,4,0.0,NORMAL,LOW,65.451106399,100,0.08694660329651405,3,1,0.21520995247238553,45.9031964955,0,0.08617907134040509,0.056289484336692897,69.693485670917,AI Recoverable,CONTINUE_MONITORING,0
26,65,5,0.0048033841754051496,NORMAL,LOW,59.448768149425014,100,0.001002324754052115,2,1,0.10075174356553909,47.98915916200001,0,0.0021646376376065635,0.14075380324496833,64.8547293441937,AI Recoverable,CONTINUE_MONITORING,0
26,65,6,0.0,NORMAL,LOW,60.58142223072501,100,0.01619903364061855,2,1,0.11214927523046392,52.48945612949999,0,0.02498963903751813,0.07445606566355023,67.2124754215988,AI Recoverable,CONTINUE_MONITORING,0
26,65,7,0.0,NORMAL,LOW,76.009946524,100,0.20215274092045146,2,1,0.25161455569033864,34.520213078,0,0.2104888819729025,0.07460193751388755,72.78289520029085,AI Recoverable,CONTINUE_MONITORING,1
26,65,8,0.0,NORMAL,LOW,68.92864572425,100,0.21444752509266587,2,1,0.2608356438194994,45.983574494,0,0.20266053614914856,0.1066163224904324,72.15014780108399,AI Recoverable,CONTINUE_MONITORING,1
26,65,9,0.0,NORMAL,LOW,56.503923581750016,100,0.0028202334192269545,1,0,0.05183315172249752,53.3618719025,0,0.001143884660437195,0.14590229651276487,64.92028610216978,AI Recoverable,CONTINUE_MONITORING,0
26,65,10,0.0,NORMAL,LOW,63.52456602750001,100,0.049680547948920274,2,1,0.13726041096169023,48.700356798499996,0,0.07364950269492875,0.03554594056962812,69.341457471687,AI Recoverable,CONTINUE_MONITORING,0
26,66,1,0.6179315165726659,NORMAL,LOW,84.28967070595002,100,0.0,0,0,0.0,0.0,0,0.0,0.08248127095777313,47.09826142860376,Human Intervention Required,NOTIFY_OPERATOR,1
26,66,2,0.0,NORMAL,LOW,77.823425044,100,0.2511800317199301,3,1,0.33838502378994756,32.894331195,0,0.23433310144139158,0.09947174138774928,73.3801381141188,AI Recoverable,CONTINUE_MONITORING,1
26,66,3,0.0,NORMAL,LOW,55.965068205675,100,0.005268664876435602,1,0,0.05342463216968314,58.972772605,0,0.0016671460067012559,0.12731198113048636,65.43924522933355,AI Recoverable,CONTINUE_MONITORING,0
26,66,4,0.0,NORMAL,LOW,65.09101495774999,100,0.08808889968163619,3,1,0.21606667476122715,47.543549014999996,0,0.0870969598415519,0.053639261230364554,69.79176606128912,AI Recoverable,CONTINUE_MONITORING,0
26,66,5,0.0,NORMAL,LOW,59.40139398385001,100,0.001677793794909054,2,1,0.10125834534618179,48.83089286055,0,0.0018166897350816971,0.13941486873689468,65.06635105482663,AI Recoverable,CONTINUE_MONITORING,0
26,66,6,0.0,NORMAL,LOW,59.96478574692499,100,0.013592503753789056,2,1,0.1101943778153418,53.0424853895,0,0.021537177513132253,0.07490008268232773,67.11471978314891,AI Recoverable,CONTINUE_MONITORING,0
26,66,7,0.0,NORMAL,LOW,74.51799147084999,100,0.1893890478000414,2,1,0.24204178585003105,37.2261053684,0,0.20278110744062444,0.06692419620662049,72.64248712524156,AI Recoverable,CONTINUE_MONITORING,1
26,66,8,0.0,NORMAL,LOW,69.887171725,100,0.22307134412415508,2,1,0.2673035080931163,44.9629248495,0,0.21256468757594973,0.1004036135602917,72.57698341923529,AI Recoverable,CONTINUE_MONITORING,1
26,66,9,0.0,NORMAL,LOW,56.236799432625006,100,0.005268664876435602,1,0,0.05342463216968314,54.456620305,0,0.0016671460067012559,0.13400107024565033,65.27201800145446,AI Recoverable,CONTINUE_MONITORING,0
26,66,10,0.0,NORMAL,LOW,61.763461644749995,100,0.03694580088165766,2,1,0.12770935066124325,51.735726416,0,0.0635840150067173,0.056006004064471315,68.47460606608853,AI Recoverable,CONTINUE_MONITORING,0
26,67,1,0.2991518991833152,NORMAL,LOW,83.3343523884,100,0.0,0,0,0.0,2.0374587621,0,0.0,0.07682088338184201,56.109161444037916,AI Recoverable,CONTINUE_MONITORING,0
26,67,2,0.0,NORMAL,LOW,77.7460693915,100,0.2546232478560731,3,1,0.3409674358920548,32.797496251999995,0,0.2420538043963114,0.10510737225371847,73.38531869474161,AI Recoverable,CONTINUE_MONITORING,1
26,67,3,0.0,NORMAL,LOW,54.75708069574999,100,0.004441353112505207,1,0,0.052886879523128386,60.896817135,0,0.0029960578583506877,0.13384972689316987,65.27254446850436,AI Recoverable,CONTINUE_MONITORING,0
26,67,4,0.0,NORMAL,LOW,65.90193475525,100,0.09047819626844752,3,1,0.21785864720133563,46.142821962499994,0,0.08812457884441655,0.05103223975857085,69.91500371984884,AI Recoverable,CONTINUE_MONITORING,0
26,67,5,0.0,NORMAL,LOW,59.12929807345001,100,0.0022888694448784056,2,1,0.1017166520836588,49.923291575549996,0,0.0020886985607764326,0.1447521033242979,64.94786179139787,AI Recoverable,CONTINUE_MONITORING,0
26,67,6,0.0,NORMAL,LOW,58.982481920450006,100,0.011907650989721918,2,1,0.10893073824229144,54.688677878,0,0.018487131634482665,0.07974283738408938,66.92945340153703,AI Recoverable,CONTINUE_MONITORING,0
26,67,7,0.0,NORMAL,LOW,76.12711521085002,100,0.2096210102532923,2,1,0.25721575768996924,35.1944039249,0,0.19782159433830512,0.07925361986316581,72.68929565186976,AI Recoverable,CONTINUE_MONITORING,1
26,67,8,0.0,NORMAL,LOW,69.47734009125,100,0.2365952366301785,2,1,0.2774464274726339,46.010563956999995,0,0.21815387627954616,0.11232562032328453,72.60530298731692,AI Recoverable,CONTINUE_MONITORING,1
26,67,9,0.0,NORMAL,LOW,56.773724883750006,100,0.004441353112505207,1,0,0.052886879523128386,53.3573279595,0,0.0029960578583506877,0.13748332364029126,65.18170454982632,AI Recoverable,CONTINUE_MONITORING,0
26,67,10,0.0,NORMAL,LOW,61.9394458475,100,0.02903692212588643,2,1,0.12177769159441483,51.04380228549999,0,0.05140994924759536,0.062335880821965284,68.03644091444454,AI Recoverable,CONTINUE_MONITORING,0
26,68,1,0.27025465547779526,NORMAL,LOW,83.98444037120001,100,0.0,0,0,0.0,1.0004511951,0,0.0,0.07637462395931172,57.13172145929437,AI Recoverable,CONTINUE_MONITORING,0
26,68,2,0.0,NORMAL,LOW,77.92264685199999,100,0.2494604002182224,3,1,0.33709530016366684,32.948768497,0,0.24487245829748053,0.09858098684718941,73.4734079161595,AI Recoverable,CONTINUE_MONITORING,1
26,68,3,0.0,NORMAL,LOW,55.74451365495,100,0.008505842183346716,1,0,0.055528797419175366,59.86361988600001,0,0.0033347219110542855,0.10604905042615809,66.05223780212353,AI Recoverable,CONTINUE_MONITORING,0
26,68,4,0.0,NORMAL,LOW,65.179864073,100,0.0878731863963453,3,1,0.21590488979725897,47.01911134150001,0,0.08935952808807723,0.054525948968466964,69.78791028459601,AI Recoverable,CONTINUE_MONITORING,0
26,68,5,0.0,NORMAL,LOW,59.08128814272501,100,0.00184001153438742,2,1,0.10138000865079057,49.37462200495,0,0.0022329746968890235,0.1412730887046233,65.02730276004105,AI Recoverable,CONTINUE_MONITORING,0
26,68,6,0.0,NORMAL,LOW,58.865402790474995,100,0.011531041286418173,2,1,0.10864828096481363,53.9423626455,0,0.015856125756714093,0.0817231444547507,66.84610347192674,AI Recoverable,CONTINUE_MONITORING,0
26,68,7,0.0,NORMAL,LOW,75.12370234815,100,0.19486546236469265,2,1,0.2461490967735195,35.665909711850006,0,0.2080235979586231,0.07211714812268322,72.674616523813,AI Recoverable,CONTINUE_MONITORING,1
26,68,8,0.0,NORMAL,LOW,68.17001499599999,100,0.2194220938061187,2,1,0.2645665703545891,47.3967282435,0,0.22426976721234507,0.110315248333403,72.37325833991073,AI Recoverable,CONTINUE_MONITORING,1
26,68,9,0.0,NORMAL,LOW,57.869972003250005,100,0.008505842183346716,1,0,0.055528797419175366,53.198394931500005,0,0.0033347219110542855,0.10601558569298664,66.0530744204528,AI Recoverable,CONTINUE_MONITORING,0
26,68,10,0.0,NORMAL,LOW,61.896097694199995,100,0.029539302639026013,2,1,0.12215447697926951,51.113160498499994,0,0.04224307543493804,0.0622435312483991,67.95712852591991,AI Recoverable,CONTINUE_MONITORING,0
26,69,1,0.6179315165726659,NORMAL,LOW,84.14642215885,100,0.0,0,0,0.0,0.0,0,0.0,0.08178535071034343,47.09866787836518,Human Intervention Required,NOTIFY_OPERATOR,1
26,69,2,0.0,NORMAL,LOW,77.97775343949999,100,0.2584009809533658,3,1,0.34380073571502434,32.671871067,0,0.2446239275928507,0.10555701601309964,73.47533349466832,AI Recoverable,CONTINUE_MONITORING,1
26,69,3,0.0,NORMAL,LOW,56.859047524475,100,0.009992667988290037,1,0,0.05649523419238853,57.5252251755,0,0.0056649358873861804,0.10145110438880933,66.22022510891942,AI Recoverable,CONTINUE_MONITORING,0
26,69,4,0.0,NORMAL,LOW,64.35828840024999,100,0.08478651810760048,3,1,0.21358988858070035,48.1724839675,0,0.08786410166034574,0.057946762645697425,69.62570231261303,AI Recoverable,CONTINUE_MONITORING,0
26,69,5,0.0,NORMAL,LOW,58.671002564649996,100,0.0006420629309027208,2,1,0.10048154719817705,49.052612789899996,0,0.0018219324968288984,0.13325279502885434,65.19974070786499,AI Recoverable,CONTINUE_MONITORING,0
26,69,6,0.0,NORMAL,LOW,58.94845923930001,100,0.010330105237324331,2,1,0.10774757892799325,53.153068639,0,0.014097592466841757,0.08202558584877684,66.79693838319548,AI Recoverable,CONTINUE_MONITORING,0
26,69,7,0.0,NORMAL,LOW,74.704520797,100,0.17675663146821902,2,1,0.23256747360116428,35.460013732,0,0.20083542573540974,0.06967908987282612,72.30150963989782,AI Recoverable,CONTINUE_MONITORING,1
26,69,8,0.0,NORMAL,LOW,69.72519966425,100,0.22910200325166297,2,1,0.27182650243874723,44.83300993000001,0,0.2185235574109577,0.10302323524682855,72.69169475797212,AI Recoverable,CONTINUE_MONITORING,1
26,69,9,0.0,NORMAL,LOW,58.632971971625004,100,0.009992667988290037,1,0,0.05649523419238853,52.286958078,0,0.0056649358873861804,0.09807325809969214,66.30467126614735,AI Recoverable,CONTINUE_MONITORING,0
26,69,10,0.0,NORMAL,LOW,62.335323423,100,0.031660967649915134,2,1,0.12374572573743636,49.4798236095,0,0.03823320566360033,0.06324584987404869,67.93440516278308,AI Recoverable,CONTINUE_MONITORING,0
26,70,1,0.5454098115065014,NORMAL,LOW,84.5336749231,100,0.0,0,0,0.0,0.0,0,0.0,0.08173895288168209,47.367182775230404,Human Intervention Required,CONTINUE_MONITORING,0
26,70,2,0.0,NORMAL,LOW,77.44478199024998,100,0.247884268722257,3,1,0.33591320154169274,33.010858635,0,0.25275454827174404,0.10108732886742633,73.45804763547692,AI Recoverable,CONTINUE_MONITORING,1
26,70,3,0.0,NORMAL,LOW,55.435182625275004,100,0.006198863543836271,1,0,0.05402926130349358,59.45363525,0,0.007341827017659643,0.11920403421760961,65.71729468561308,AI Recoverable,CONTINUE_MONITORING,0
26,70,4,0.0,NORMAL,LOW,64.37835520899999,100,0.080900338664373,3,1,0.21067525399827974,48.142022483,0,0.08678023195735624,0.054418848336124426,69.6253378844579,AI Recoverable,CONTINUE_MONITORING,0
26,70,5,0.009617391358576007,NORMAL,LOW,58.499631446875,100,0.0002084759843899183,2,1,0.10015635698829245,48.544393396,0,0.0012357676235489764,0.1308867764706828,64.90774908660605,AI Recoverable,CONTINUE_MONITORING,0
26,70,6,0.0,NORMAL,LOW,58.311784031625,100,0.009613158286796854,2,1,0.10720986871509765,54.370916131499996,0,0.011997478458299385,0.0845270639693878,66.69906135108423,AI Recoverable,CONTINUE_MONITORING,0
26,70,7,0.0,NORMAL,LOW,76.17331043425,100,0.20048921020574864,2,1,0.25036690765431147,34.579889725,0,0.18921687443340324,0.07171739522579723,72.60901806780407,AI Recoverable,CONTINUE_MONITORING,1
26,70,8,0.0,NORMAL,LOW,69.708900736,100,0.2196662919797864,2,1,0.2647497189848398,43.302965919500004,0,0.22589994938216829,0.09647155612447034,72.74053643030565,AI Recoverable,CONTINUE_MONITORING,1
26,70,9,0.0,NORMAL,LOW,58.335623830874994,100,0.006198863543836271,1,0,0.05402926130349358,51.422603591,0,0.007341827017659643,0.11875820764004186,65.72844035005228,AI Recoverable,CONTINUE_MONITORING,0
26,70,10,0.0,NORMAL,LOW,62.172110531550004,100,0.03299844201788316,2,1,0.12474883151341237,51.0581569695,0,0.03425918606933131,0.0585717671376742,68.0382665226091,AI Recoverable,CONTINUE_MONITORING,0
26,71,1,0.2991518991833152,NORMAL,LOW,83.434491897,100,0.0,0,0,0.0,1.6381712925,0,0.0,0.07682997251012269,56.1089342158309,AI Recoverable,CONTINUE_MONITORING,0
26,71,2,0.0,NORMAL,LOW,77.48015492425002,100,0.246756224447424,3,1,0.33506716833556804,33.041592936,0,0.25098213074245584,0.10039081568830877,73.4351754041653,AI Recoverable,CONTINUE_MONITORING,1
26,71,3,0.0,NORMAL,LOW,55.823346026550006,100,0.005987654406878831,1,0,0.05389197536447124,58.770291143499996,0,0.0066766939017688185,0.12034550476790906,65.67788240795753,AI Recoverable,CONTINUE_MONITORING,0
26,71,4,0.0,NORMAL,LOW,64.80127303750002,100,0.08204874254281046,3,1,0.21153655690710782,46.538993233999996,0,0.08476790107588825,0.05683363819298959,69.56781290679035,AI Recoverable,CONTINUE_MONITORING,0
26,71,5,0.03885090023544137,NORMAL,LOW,58.01701019055001,100,2.3808055184585566e-05,2,1,0.10001785604138845,49.850297559,0,0.0009945527118424282,0.12172145216479902,64.10760387586168,AI Recoverable,CONTINUE_MONITORING,0
26,71,6,0.0,NORMAL,LOW,58.517159892625,100,0.009947623586437629,2,1,0.10746071768982823,53.194009516,0,0.010860371823606102,0.08328710477717538,66.72537857053543,AI Recoverable,CONTINUE_MONITORING,0
26,71,7,0.0,NORMAL,LOW,75.51276999160001,100,0.1958920009613864,2,1,0.2469190007210398,35.252548878149994,0,0.19610375375460373,0.07210479440098772,72.57625769674907,AI Recoverable,CONTINUE_MONITORING,1
26,71,8,0.0,NORMAL,LOW,70.05900248575001,100,0.21694810842426906,2,1,0.2627110813182018,41.6916523445,0,0.22379986336480215,0.09735945430897552,72.642974444409,AI Recoverable,CONTINUE_MONITORING,1
26,71,9,0.0,NORMAL,LOW,58.01597509375001,100,0.005987654406878831,1,0,0.05389197536447124,52.2415147705,0,0.0066766939017688185,0.12082562766713356,65.66587933547692,AI Recoverable,CONTINUE_MONITORING,0
26,71,10,0.0,NORMAL,LOW,63.162368569600005,100,0.0378676804066235,2,1,0.12840076030496764,49.976697924499994,0,0.032324933549376524,0.04565838408014122,68.43914334162271,AI Recoverable,CONTINUE_MONITORING,0
26,72,1,0.4345787021703667,NORMAL,LOW,84.17475857055001,100,0.0,0,0,0.0,0.33748222005,0,0.0,0.08118743521107896,51.26005954376019,Human Intervention Required,CONTINUE_MONITORING,0
26,72,2,0.0,NORMAL,LOW,76.5062407345,100,0.23152352623153713,3,1,0.32364264467365284,33.540519974999995,0,0.2500243844418551,0.09808152105246148,73.17867634273775,AI Recoverable,CONTINUE_MONITORING,1
26,72,3,0.0,NORMAL,LOW,56.36442260294999,100,0.009838773586448791,1,0,0.05639520283119172,59.443653531500004,0,0.006713989694943637,0.10222976833594333,66.20817116027983,AI Recoverable,CONTINUE_MONITORING,0
26,72,4,0.0,NORMAL,LOW,64.19349466300001,100,0.07400289940698856,3,1,0.20550217455524142,46.388240928500004,0,0.08426680023998387,0.06655187739780322,69.15892905559453,AI Recoverable,CONTINUE_MONITORING,0
26,72,5,0.0,NORMAL,LOW,58.80196838822501,100,0.0006011482284391942,2,1,0.1004508611713294,48.68604521335,0,0.0007075943295194027,0.13455122017840027,65.15531840340397,AI Recoverable,CONTINUE_MONITORING,0
26,72,6,0.0,NORMAL,LOW,59.400993675875,100,0.013260255025331024,2,1,0.10994519126899827,52.0806417845,0,0.010450428190069135,0.07986143868822493,66.87317341520168,AI Recoverable,CONTINUE_MONITORING,0
26,72,7,0.0,NORMAL,LOW,76.24889125,100,0.20744595084082296,2,1,0.2555844631306172,34.331951126,0,0.19563500442388337,0.07607898689921389,72.70329438857493,AI Recoverable,CONTINUE_MONITORING,1
26,72,8,0.0,NORMAL,LOW,70.16965889,100,0.20028067600724467,2,1,0.2502105070054335,40.1077878245,0,0.22212715530016292,0.08937295242504184,72.49256126252047,AI Recoverable,CONTINUE_MONITORING,1
26,72,9,0.0,NORMAL,LOW,59.77941138099999,100,0.009838773586448791,1,0,0.05639520283119172,50.437661516,0,0.006713989694943637,0.09834179623711725,66.30537046275047,AI Recoverable,CONTINUE_MONITORING,0
26,72,10,0.0,NORMAL,LOW,63.572916729599996,100,0.04234871651265976,2,1,0.13176153738449484,49.800487915000005,0,0.03391476819949384,0.03723054756757338,68.75535832305879,AI Recoverable,CONTINUE_MONITORING,0
26,73,1,0.6179315165726659,NORMAL,LOW,84.1456103716,100,0.0,1,0,0.05,0.0,0,0.0,0.08178535071034343,47.09874905709018,Human Intervention Required,NOTIFY_OPERATOR,1
26,73,2,0.0,NORMAL,LOW,75.84148236924999,100,0.21832108922394852,3,1,0.3137408169179614,33.98387013,0,0.24222061394965402,0.09427470626431456,72.93176026736764,AI Recoverable,CONTINUE_MONITORING,1
26,73,3,0.0,NORMAL,LOW,55.4983981499,100,0.007058719059370405,1,0,0.054588167388590764,61.3416495595,0,0.008624964315166727,0.1158557055081827,65.83103138663449,AI Recoverable,CONTINUE_MONITORING,0
26,73,4,0.0,NORMAL,LOW,65.06250505925,100,0.07464909883764116,3,1,0.20598682412823088,44.816759132,0,0.07954650573863306,0.059279735087042984,69.30645365696309,AI Recoverable,CONTINUE_MONITORING,0
26,73,5,0.0,NORMAL,LOW,58.107731450775,100,0.0006574015846730958,2,1,0.10049305118850482,50.823159834049996,0,0.0006445154111942956,0.12905744310233058,65.29315710824713,AI Recoverable,CONTINUE_MONITORING,0
26,73,6,0.0,NORMAL,LOW,57.66709398300001,100,0.009251964495048316,3,1,0.15693897337128623,54.926040674999996,0,0.01163358218672243,0.08700294338139047,66.62630152723342,AI Recoverable,CONTINUE_MONITORING,0
26,73,7,0.0,NORMAL,LOW,77.818038691,100,0.24047533260059706,2,1,0.2803564994504478,33.208126715999995,0,0.19879668106996862,0.08648213879400424,73.1354199928615,AI Recoverable,CONTINUE_MONITORING,1
26,73,8,0.0,NORMAL,LOW,68.84782444075,100,0.18888966482447775,2,1,0.2416672486183583,41.712072649,0,0.21204288708784486,0.08528912437928948,72.26599405788575,AI Recoverable,CONTINUE_MONITORING,1
26,73,9,0.0,NORMAL,LOW,59.601143847549984,100,0.007058719059370405,1,0,0.054588167388590764,50.75997695904999,0,0.008624964315166727,0.11171493787318276,65.9345505775095,AI Recoverable,CONTINUE_MONITORING,0
26,73,10,0.0,NORMAL,LOW,61.32626168675001,100,0.02780036762502009,2,1,0.12085027571876508,52.403115864499995,0,0.037122730245452984,0.06750708539729178,67.73955752002263,AI Recoverable,CONTINUE_MONITORING,0
26,74,1,0.303985917520337,NORMAL,LOW,83.72466433975,100,0.0,0,0,0.0,1.15169710005,0,0.0,0.07812236237665993,55.9074338273717,AI Recoverable,CONTINUE_MONITORING,0
26,74,2,0.0,NORMAL,LOW,76.42541582425001,100,0.23148642945839945,3,1,0.32361482209379955,33.541851128,0,0.23390037930817908,0.09920331452701214,72.98864951907447,AI Recoverable,CONTINUE_MONITORING,1
26,74,3,0.0,NORMAL,LOW,56.53412409032501,100,0.007913722681124988,1,0,0.055143919742731244,59.877522037999995,0,0.007588350719686528,0.1079683721148339,66.0349486579485,AI Recoverable,CONTINUE_MONITORING,0
26,74,4,0.0,NORMAL,LOW,65.10052949450001,100,0.07709094894287,3,1,0.20781821170715248,44.6565560845,0,0.07788899330961026,0.059578975486096364,69.33123452480109,AI Recoverable,CONTINUE_MONITORING,0
26,74,5,0.28963635778772795,NORMAL,LOW,81.84539070605001,100,0.0,2,1,0.1,3.8451312702000005,0,0.0004958260251044608,0.07864046796147184,56.40167403864377,AI Recoverable,CONTINUE_MONITORING,0
26,74,6,0.0,NORMAL,LOW,60.579693930199994,100,0.032382379674672196,2,1,0.12428678475600416,54.1864213895,0,0.010112024276845837,0.05679795552158662,67.82881894822222,AI Recoverable,CONTINUE_MONITORING,0
26,74,7,0.0,NORMAL,LOW,76.426434304,100,0.2099594986654306,2,1,0.2574696239990729,34.243398293,0,0.21509087743092747,0.07683931929226528,72.92911576531125,AI Recoverable,CONTINUE_MONITORING,1
26,74,8,0.0,NORMAL,LOW,70.22687757950001,100,0.20683176338560202,2,1,0.2551238225392015,40.112257119,0,0.20435104367558501,0.0904902862165139,72.41788854905504,AI Recoverable,CONTINUE_MONITORING,1
26,74,9,0.0,NORMAL,LOW,60.224561125525,100,0.007913722681124988,1,0,0.055143919742731244,50.38887452015,0,0.007588350719686528,0.10693964948110901,66.06066672379163,AI Recoverable,CONTINUE_MONITORING,0
26,74,10,0.0,NORMAL,LOW,61.79150232599999,100,0.032382379674672196,2,1,0.12428678475600416,51.9259765475,0,0.03251477467720025,0.05885205532917792,68.00149395703599,AI Recoverable,CONTINUE_MONITORING,0
26,75,1,0.27992222207052625,NORMAL,LOW,83.2004048366,100,0.0,1,0,0.05,2.0495335747500003,0,0.0,0.0769175030770094,56.779784650606345,AI Recoverable,CONTINUE_MONITORING,0
26,75,2,0.0,NORMAL,LOW,75.82814524225,100,0.2181940676305525,2,1,0.2636455507229144,33.984626639,0,0.23408194416921907,0.09405366243944802,72.85335923331704,AI Recoverable,CONTINUE_MONITORING,1
26,75,3,0.0,NORMAL,LOW,56.4569417329,100,0.011070073158249434,1,0,0.05719554755286214,60.965638549999994,0,0.007553799463209797,0.10428650213055968,66.18977690453309,AI Recoverable,CONTINUE_MONITORING,0
26,75,4,0.0,NORMAL,LOW,65.73373252860002,100,0.0719293496386252,3,1,0.20394701222896888,43.64166984840001,0,0.07754416865811664,0.05126831904006879,69.43232070335195,AI Recoverable,CONTINUE_MONITORING,0
26,75,5,0.28963635778772795,NORMAL,LOW,81.8609989311,100,0.0,2,1,0.1,3.2085969083999997,0,0.0002087167393761511,0.08034456339363771,56.35620055998234,AI Recoverable,CONTINUE_MONITORING,0
26,75,6,0.0,NORMAL,LOW,59.97632795525001,100,0.03309539648250634,3,1,0.17482154736187974,55.218423417000004,0,0.0201384672519617,0.0562837725604306,67.95619828815897,AI Recoverable,CONTINUE_MONITORING,0
26,75,7,0.0,NORMAL,LOW,75.3657365434,100,0.2113807091537025,1,0,0.1873974609499066,35.862739912100004,0,0.21058452865798716,0.07992795873314484,72.8352605013253,AI Recoverable,CONTINUE_MONITORING,1
26,75,8,0.0,LINK_FAILURE,HIGH,68.53086935825002,100,0.18816805350051913,2,1,0.24112604012538935,42.8144115225,0,0.20661583966267377,0.08539398592630654,67.19466981847945,AI Recoverable,CONTINUE_MONITORING,1
26,75,9,0.0,NORMAL,LOW,60.872323724850006,100,0.011070073158249434,1,0,0.05719554755286214,49.17299111629999,0,0.007553799463209797,0.09791549703264357,66.349052031981,AI Recoverable,CONTINUE_MONITORING,0
26,75,10,0.0,NORMAL,LOW,61.4175773298,100,0.03309539648250634,2,1,0.12482154736187975,52.613899026,0,0.03399037597556188,0.05813186986091623,68.04851494288285,AI Recoverable,CONTINUE_MONITORING,0
26,76,1,0.3234694727036711,NORMAL,LOW,84.04945831950002,100,0.0,1,0,0.05,0.49775390010000004,0,0.0,0.0809708179716766,55.15429800607959,AI Recoverable,CONTINUE_MONITORING,0
26,76,2,0.0,NORMAL,LOW,75.37528128025001,100,0.20551693491060607,3,1,0.3041377011829546,34.421308907,0,0.22593760746802638,0.08908325936449013,72.64263328878013,AI Recoverable,CONTINUE_MONITORING,1
26,76,3,0.0,NORMAL,LOW,57.10358479005001,100,0.011150808947180013,1,0,0.057248025815667014,60.223257214,0,0.009182673952364972,0.10382499125889977,66.21921813699475,AI Recoverable,CONTINUE_MONITORING,0
26,76,4,0.0,NORMAL,LOW,65.34279346105001,100,0.07167636045914651,3,1,0.20375727034435986,44.4945267597,0,0.07473975040323852,0.05514567834285944,69.30228275464383,AI Recoverable,CONTINUE_MONITORING,0
26,76,5,0.004814007183170857,NORMAL,LOW,56.141403997299996,100,7.819492648010642e-05,2,1,0.10005864619486009,54.070455134,0,0.00017953010156156258,0.1171981010007116,65.40491642311645,AI Recoverable,CONTINUE_MONITORING,0
26,76,6,0.0,NORMAL,LOW,57.13086868212499,100,0.012772081833152812,3,1,0.1595790613748646,57.4065983515,0,0.023639885641711274,0.0869831303148969,66.81726223520774,AI Recoverable,CONTINUE_MONITORING,0
26,76,7,0.0,NORMAL,LOW,76.20296334144999,100,0.2364748074664701,2,1,0.2773561055998526,34.89093176655,0,0.21253570165718222,0.0809296130490681,73.33161283967452,AI Recoverable,CONTINUE_MONITORING,1
26,76,8,0.0,LINK_FAILURE,HIGH,68.23067996225,100,0.16963902220276728,2,1,0.22722926665207546,42.976368186,0,0.19660697331005147,0.08093953636451878,66.83536176804289,AI Recoverable,CONTINUE_MONITORING,1
26,76,9,0.0,NORMAL,LOW,61.73946685545001,100,0.011150808947180013,1,0,0.057248025815667014,47.472866705499996,0,0.009182673952364972,0.09885377002335938,66.34349866788327,AI Recoverable,CONTINUE_MONITORING,0
26,76,10,0.0,NORMAL,LOW,63.17500163515,100,0.04716909907547956,2,1,0.1353768243066097,50.972684817499996,0,0.034217854642959365,0.03390090875125906,68.9380378091577,AI Recoverable,CONTINUE_MONITORING,0
26,77,1,0.303985917520337,NORMAL,LOW,83.67756272895002,100,0.0,1,0,0.05,1.0934398381500001,0,0.0,0.07812236237665993,55.9074338273717,AI Recoverable,CONTINUE_MONITORING,0
26,77,2,0.0,NORMAL,LOW,75.61234105975,100,0.20825525020970728,3,1,0.30619143765728046,34.32114953,0,0.21636096711688793,0.0881522731144283,72.6249078475023,AI Recoverable,CONTINUE_MONITORING,1
26,77,3,0.0,NORMAL,LOW,57.989264112274995,100,0.014936577822991872,1,0,0.05970877558494472,59.431850028999996,0,0.009929736324686312,0.10283379477227117,66.32718405039992,AI Recoverable,CONTINUE_MONITORING,0
26,77,4,0.0,NORMAL,LOW,65.4684243837,100,0.06965477207059789,3,1,0.2022410790529484,44.461054144550005,0,0.07321172015768196,0.05051774648558682,69.36226898084911,AI Recoverable,CONTINUE_MONITORING,0
26,77,5,0.2944939813963223,NORMAL,LOW,81.45230522675,100,0.0,2,1,0.1,5.852245104,0,0.0002106027414869674,0.07752554657585797,56.256678014147134,AI Recoverable,CONTINUE_MONITORING,0
26,77,6,0.0,NORMAL,LOW,62.14328449175001,100,0.049200699757401496,3,1,0.1869005248180511,53.4668495475,0,0.017938315401445342,0.02685396936780582,68.99204791496733,AI Recoverable,CONTINUE_MONITORING,0
26,77,7,0.0,NORMAL,LOW,74.36307432365,100,0.20833153295006424,2,1,0.2562486497125482,36.4216581276,0,0.22574552406172427,0.08765395344260318,72.73273706355344,AI Recoverable,CONTINUE_MONITORING,1
26,77,8,0.0,NORMAL,LOW,69.05584417275,100,0.16496470470008337,2,1,0.22372352852506253,41.574462285,0,0.18442499184971567,0.07616177107771993,71.73949973555582,AI Recoverable,CONTINUE_MONITORING,1
26,77,9,0.0,NORMAL,LOW,62.80309084637501,100,0.014936577822991872,1,0,0.05970877558494472,45.069645484,0,0.009929736324686312,0.10085223868621984,66.3767229525512,AI Recoverable,CONTINUE_MONITORING,0
26,77,10,0.0,NORMAL,LOW,63.228057274250006,100,0.049200699757401496,2,1,0.13690052481805112,50.197924272,0,0.03974216403449118,0.03386338368414732,69.03485104338924,AI Recoverable,CONTINUE_MONITORING,0
26,78,1,0.3718218003267488,NORMAL,LOW,83.79005962015,100,0.0,1,0,0.05,0.30121354440000003,0,0.0,0.0806222057015955,53.47068184602391,Human Intervention Required,CONTINUE_MONITORING,0
26,78,2,0.0,NORMAL,LOW,75.61380075860001,100,0.218283868698557,3,1,0.31371290152391773,34.38469410165,0,0.21392490306356213,0.09231436882542143,72.69706718397123,AI Recoverable,CONTINUE_MONITORING,1
26,78,3,0.0,NORMAL,LOW,57.26826459522499,100,0.009767007281723033,1,0,0.05634855473311998,59.4907898645,0,0.0117791595805459,0.1069865665480596,66.13846757773842,AI Recoverable,CONTINUE_MONITORING,0
26,78,4,0.0,NORMAL,LOW,65.67205209725,100,0.07675687404230447,3,1,0.20756765553172835,44.8441314025,0,0.07199650581402267,0.050502073530941494,69.49255070071277,AI Recoverable,CONTINUE_MONITORING,0
26,78,5,0.31392242827943073,NORMAL,LOW,81.2314747424,100,0.0,2,1,0.1,6.8726309400000005,0,0.0001029835115614483,0.07820003696283884,55.558743921264565,AI Recoverable,CONTINUE_MONITORING,0
26,78,6,0.0,NORMAL,LOW,61.5695893866,100,0.04398876895749273,3,1,0.18299157671811955,53.9267055665,0,0.03389856304120981,0.035129010713224273,68.84053574173134,AI Recoverable,CONTINUE_MONITORING,0
26,78,7,0.0,NORMAL,LOW,74.5106545238,100,0.20908122233136978,2,1,0.2568109167485273,35.981683393199994,0,0.21742652320209627,0.08699776209527765,72.6809456262664,AI Recoverable,CONTINUE_MONITORING,1
26,78,8,0.0,NORMAL,LOW,70.30652842049999,100,0.18355895125664182,2,1,0.23766921344248138,39.7962127875,0,0.17807846061590793,0.08354115104445659,71.86343485518049,AI Recoverable,CONTINUE_MONITORING,1
26,78,9,0.0,NORMAL,LOW,62.127874857325004,100,0.009767007281723033,1,0,0.05634855473311998,45.823610963,0,0.0117791595805459,0.10713551242382624,66.13474393084427,AI Recoverable,CONTINUE_MONITORING,0
26,78,10,0.0,NORMAL,LOW,63.241751693750004,100,0.04398876895749273,2,1,0.13299157671811956,49.6859366975,0,0.041310921893331604,0.04033167237690849,68.78459278866045,AI Recoverable,CONTINUE_MONITORING,0
26,79,1,0.27992222207052625,NORMAL,LOW,83.5469424607,100,0.0,1,0,0.05,1.28665757745,0,0.0,0.07671141751632926,56.78493678962335,AI Recoverable,CONTINUE_MONITORING,0
26,79,2,0.0,LINK_FAILURE,HIGH,76.00322832045,100,0.21991774049241591,3,1,0.3149383053693119,34.55695578705,0,0.2169282777366622,0.08852395177907113,67.85453879273817,AI Recoverable,CONTINUE_MONITORING,1
26,79,3,0.0,NORMAL,LOW,58.3810189649,100,0.013596283347280923,1,0,0.05883758417573261,57.591015524999996,0,0.010607448769294616,0.09857856150486144,66.41353611701702,AI Recoverable,CONTINUE_MONITORING,0
26,79,4,0.0,NORMAL,LOW,64.66400915050001,100,0.07204971995389131,3,1,0.20403728996541848,45.594384034,0,0.07442222493418751,0.06198180108049545,69.1356716214073,AI Recoverable,CONTINUE_MONITORING,0
26,79,5,0.014544161065825125,NORMAL,LOW,55.724561921500005,100,4.853138812673802e-05,2,1,0.10003639854109506,56.360072797,0,1.0947289707214898e-05,0.11507391497959973,65.11518658886573,AI Recoverable,CONTINUE_MONITORING,0
26,79,6,0.0,NORMAL,LOW,61.815296199200006,100,0.059387934358270555,3,1,0.19454095076870292,54.928903643,0,0.0371981364259794,0.043686928166816075,68.9675668472548,AI Recoverable,CONTINUE_MONITORING,0
26,79,7,0.0,NORMAL,LOW,72.85027129540002,100,0.19176892750897495,2,1,0.24382669563173123,38.37612637935,0,0.21325625457879616,0.08218244434944721,72.41337998723128,AI Recoverable,CONTINUE_MONITORING,1
26,79,8,0.0,NORMAL,LOW,70.6172483483,100,0.18025272591249364,2,1,0.23518954443437023,38.0304797297,0,0.18291043468337845,0.08379384993340833,71.83931261674844,AI Recoverable,CONTINUE_MONITORING,1
26,79,9,0.0,NORMAL,LOW,62.56054129549998,100,0.013596283347280923,1,0,0.05883758417573261,46.243293368399996,0,0.010607448769294616,0.09762794995613044,66.4373014057353,AI Recoverable,CONTINUE_MONITORING,0
26,79,10,0.0,NORMAL,LOW,59.945633386124996,100,0.015707965591600197,2,1,0.11178097419370016,51.585187472,0,0.04201371883990514,0.0934415099661855,66.89825875107641,AI Recoverable,CONTINUE_MONITORING,0
26,80,1,0.511769840408655,NORMAL,LOW,83.90371948305,100,0.0,1,0,0.05,0.1747257975,0,0.0,0.0803736803514874,48.57871357690989,Human Intervention Required,CONTINUE_MONITORING,0
26,80,2,0.0,NORMAL,LOW,74.53275308420002,100,0.21292683055119774,3,1,0.3096951229133983,36.6958238253,0,0.21579882281958218,0.09582349461493089,72.52093747384649,AI Recoverable,CONTINUE_MONITORING,1
26,80,3,0.0,NORMAL,LOW,58.256631207825,100,0.01473325398819105,1,0,0.05957661509232419,58.938171152500004,0,0.012551790082223815,0.10460255940904606,66.3051189953599,AI Recoverable,CONTINUE_MONITORING,0
26,80,4,0.0,NORMAL,LOW,65.5797911213,100,0.07033824314938404,3,1,0.20275368236203803,43.603799439949995,0,0.07230430664920653,0.05220256293470904,69.32474385611202,AI Recoverable,CONTINUE_MONITORING,0
26,80,5,0.004814007183170857,NORMAL,LOW,56.154799768774986,100,0.0001571601476753233,2,1,0.1001178701107565,56.705580473,0,3.2301100482979625e-05,0.12052253076434216,65.3219126934388,AI Recoverable,CONTINUE_MONITORING,0
26,80,6,0.0,NORMAL,LOW,57.64591723767501,100,0.016350212430049763,3,1,0.1622626593225373,57.898700393,0,0.04559866370191651,0.08570753706827705,67.14030245891323,AI Recoverable,CONTINUE_MONITORING,0
26,80,7,0.0,NORMAL,LOW,75.1946078367,100,0.2267840373312568,2,1,0.27008802799844256,36.349856922549996,0,0.2055158861701739,0.09137215226102302,72.8065358018013,AI Recoverable,CONTINUE_MONITORING,1
26,80,8,0.0,NORMAL,LOW,70.5872835887,100,0.17303593063895692,2,1,0.2297769479792177,37.92223153305,0,0.17819750183389882,0.08207648156249481,71.69078159205574,AI Recoverable,CONTINUE_MONITORING,1
26,80,9,0.0,NORMAL,LOW,61.756004686825015,100,0.01473325398819105,1,0,0.05957661509232419,47.71352613655,0,0.012551790082223815,0.09541303710711058,66.5348570529083,AI Recoverable,CONTINUE_MONITORING,0
26,80,10,0.0,NORMAL,LOW,60.821609743125,100,0.018662644018157662,2,1,0.11399698301361826,49.648106866499994,0,0.031195059858507304,0.09450801725231106,66.82250304764045,AI Recoverable,CONTINUE_MONITORING,0
26,81,1,0.5600139291371896,NORMAL,LOW,83.91003941305,100,0.0,1,0,0.05,0.0,0,0.0,0.081914899541349,46.85163999166464,Human Intervention Required,CONTINUE_MONITORING,0
26,81,2,0.0,NORMAL,LOW,74.33850511620001,100,0.2039267084742286,3,1,0.3029450313556714,36.0216370798,0,0.21296413664610708,0.0928753081170014,72.38629283302059,AI Recoverable,CONTINUE_MONITORING,1
26,81,3,0.0,NORMAL,LOW,58.367839026025,100,0.019019695605496018,1,0,0.06236280214357241,59.407972644500006,0,0.013405726590688678,0.10313930162265295,66.43596863745047,AI Recoverable,CONTINUE_MONITORING,0
26,81,4,0.0,NORMAL,LOW,65.88381935805,100,0.06365474189756104,3,1,0.19774105642317077,42.7448230267,0,0.07156810869936059,0.05332635776640382,69.15561698078471,AI Recoverable,CONTINUE_MONITORING,0
26,81,5,0.0,NORMAL,LOW,56.889087161700004,100,0.0013420301682069645,2,1,0.10100652262615523,56.368879227,0,8.689214902210047e-05,0.13888262729486767,65.05564384248265,AI Recoverable,CONTINUE_MONITORING,0
26,81,6,0.0,NORMAL,LOW,57.8220242485,100,0.01937255048576334,3,1,0.1645294128643225,58.529676709,0,0.030343021356106357,0.08621217241204882,67.0355769129751,AI Recoverable,CONTINUE_MONITORING,0
26,81,7,0.0,NORMAL,LOW,75.78150526785001,100,0.22746556547764513,2,1,0.27059917410823386,35.87968217015,0,0.21817688506171606,0.08612922457590055,73.07784954577255,AI Recoverable,CONTINUE_MONITORING,1
26,81,8,0.0,NORMAL,LOW,70.68972275155,100,0.16433320011087257,2,1,0.22324990008315443,36.94747412145,0,0.1739139660512191,0.08300635054162986,71.45064489918889,AI Recoverable,CONTINUE_MONITORING,1
26,81,9,0.0,NORMAL,LOW,63.097371250975,100,0.019019695605496018,1,0,0.06236280214357241,46.599907627700006,0,0.013405726590688678,0.0925412582348456,66.70091972214566,AI Recoverable,CONTINUE_MONITORING,0
26,81,10,0.0,NORMAL,LOW,61.22213602475001,100,0.023665523557183692,2,1,0.11774914266788777,50.521451954499994,0,0.030060878041465726,0.08423583444603921,67.16802339040734,AI Recoverable,CONTINUE_MONITORING,0
26,82,1,0.2991518991833152,NORMAL,LOW,83.42607671175001,100,0.0,1,0,0.05,1.82968722,0,0.0,0.0772194414181504,56.099197493130205,AI Recoverable,CONTINUE_MONITORING,0
26,82,2,0.0,NORMAL,LOW,75.47408155149999,100,0.20755429702893405,3,1,0.30566572277170057,34.348938393,0,0.2100414683219235,0.08863589474845679,72.53560325508649,AI Recoverable,CONTINUE_MONITORING,1
26,82,3,0.0,NORMAL,LOW,58.469593411275,100,0.01750435154332871,1,0,0.061377828503163666,59.074659639000004,0,0.01579330320804441,0.10141671236703287,66.4726022537712,AI Recoverable,CONTINUE_MONITORING,0
26,82,4,0.0,NORMAL,LOW,66.59946406795,100,0.06834053053660977,3,1,0.20125539790245733,42.478417626799995,0,0.06844003172519174,0.04578423087287575,69.40660515616221,AI Recoverable,CONTINUE_MONITORING,0
26,82,5,0.0,NORMAL,LOW,55.783196177624994,100,0.0012739318828681831,2,1,0.10095544891215115,58.17856176950001,0,0.000619290089023353,0.13817447139138128,65.07730975376306,AI Recoverable,CONTINUE_MONITORING,0
26,82,6,0.0,NORMAL,LOW,58.62809366277501,100,0.019606976249860318,3,1,0.16470523218739525,56.405546907499996,0,0.03217378838418591,0.08446496724292518,67.10225322776593,AI Recoverable,CONTINUE_MONITORING,0
26,82,7,0.0,NORMAL,LOW,76.47276818270001,100,0.22915734975817154,2,1,0.27186801231862867,35.4036340303,0,0.21712004962719703,0.08451792727834007,73.14139930947691,AI Recoverable,CONTINUE_MONITORING,1
26,82,8,0.0,NORMAL,LOW,71.46729122125,100,0.16284884671961455,2,1,0.22213663503971093,36.026374989,0,0.17056033179992852,0.08475206169055216,71.34377871012776,AI Recoverable,CONTINUE_MONITORING,1
26,82,9,0.0,NORMAL,LOW,61.57147556047499,100,0.01750435154332871,1,0,0.061377828503163666,48.7648992924,0,0.01579330320804441,0.09450507480538106,66.64539319281249,AI Recoverable,CONTINUE_MONITORING,0
26,82,10,0.0,NORMAL,LOW,60.5896892465,100,0.01969525150482795,2,1,0.11477143862862096,51.220926213,0,0.028271241330612117,0.09070409198804863,66.90901514370147,AI Recoverable,CONTINUE_MONITORING,0
26,83,1,0.6179315165726659,NORMAL,LOW,84.30045463495,100,0.0,1,0,0.05,0.0,0,0.0,0.08248127095777313,47.09718303570377,Human Intervention Required,NOTIFY_OPERATOR,1
26,83,2,0.0,NORMAL,LOW,74.9631794485,100,0.1968384366203071,3,1,0.29762882746523034,34.733117892,0,0.21103161144302687,0.08502045246116685,72.42157353530723,AI Recoverable,CONTINUE_MONITORING,1
26,83,3,0.0,NORMAL,LOW,57.10742484582501,100,0.011463887780516728,1,0,0.057451527057335874,59.816135842,0,0.015698188310241376,0.10065841416895116,66.36979928448896,AI Recoverable,CONTINUE_MONITORING,0
26,83,4,0.0,NORMAL,LOW,65.9979997356,100,0.061946594487920496,3,1,0.19645994586594037,43.56624366265,0,0.06966177450214801,0.04862350762755285,69.21996194409105,AI Recoverable,CONTINUE_MONITORING,0
26,83,5,0.0,NORMAL,LOW,55.22426005405,100,0.00039996631292278005,2,1,0.10029997473469209,57.948926005000004,0,0.0007772110670232642,0.12359657430077398,65.42585707940933,AI Recoverable,CONTINUE_MONITORING,0
26,83,6,0.0,NORMAL,LOW,58.32906505637499,100,0.021113425928826944,3,1,0.1658350694466202,57.5530217195,0,0.02810099482235923,0.08501056889155023,67.07801424451137,AI Recoverable,CONTINUE_MONITORING,0
26,83,7,0.0,NORMAL,LOW,75.72980514100001,100,0.23932601425462244,2,1,0.27949451069096687,36.97209088975,0,0.22054319926448998,0.08984914797619592,73.24572357833244,AI Recoverable,CONTINUE_MONITORING,1
26,83,8,0.0,NORMAL,LOW,70.3406543152,100,0.15339043189108792,2,1,0.21504282391831595,38.391639077549996,0,0.16981880566528548,0.07171981460470511,71.47300132935698,AI Recoverable,CONTINUE_MONITORING,1
26,83,9,0.0,NORMAL,LOW,59.69590646312499,100,0.011463887780516728,1,0,0.057451527057335874,50.7819903235,0,0.015698188310241376,0.09696236668258673,66.46220047164807,AI Recoverable,CONTINUE_MONITORING,0
26,83,10,0.0,NORMAL,LOW,60.506022055875,100,0.020079952023603548,2,1,0.11505996401770266,51.35446840749999,0,0.022949396959545093,0.09004480668798476,66.8799728428679,AI Recoverable,CONTINUE_MONITORING,0
26,84,1,0.37173304654039896,NORMAL,LOW,84.59225788155,100,0.0,1,0,0.05,0.3372807096,0,0.0,0.08269585598508755,53.421946971458844,Human Intervention Required,CONTINUE_MONITORING,0
26,84,2,0.0,NORMAL,LOW,73.74348814375,100,0.19305325071667276,3,1,0.29478993803750453,36.999433059,0,0.20481449282948377,0.08767991976134926,72.21721194859455,AI Recoverable,CONTINUE_MONITORING,1
26,84,3,0.0,NORMAL,LOW,57.019486802850004,100,0.012728979258646796,1,0,0.05827383651812042,60.34114600149999,0,0.014123612451228899,0.10462882257418549,66.28009514533058,AI Recoverable,CONTINUE_MONITORING,0
26,84,4,0.0,NORMAL,LOW,64.72914699260001,100,0.06012611403247827,3,1,0.1950945855243587,45.29729157215,0,0.06567015454992747,0.0600242239099652,68.8586182283997,AI Recoverable,CONTINUE_MONITORING,0
26,84,5,0.0,NORMAL,LOW,55.87238863767499,100,0.0008966175348698491,2,1,0.10067246315115239,57.4720531005,0,0.0005710166798488324,0.13166840339994568,65.23193243249723,AI Recoverable,CONTINUE_MONITORING,0
26,84,6,0.0,NORMAL,LOW,58.02107128149999,100,0.017366566834102967,3,1,0.16302492512557723,58.212152078500004,0,0.025350381702036014,0.08575500738497555,66.95695996907803,AI Recoverable,CONTINUE_MONITORING,0
26,84,7,0.0,NORMAL,LOW,75.69498691625,100,0.26472896499768234,2,1,0.29854672374826174,38.12025533,0,0.22782806948268064,0.10042340132608663,73.56227496162828,AI Recoverable,CONTINUE_MONITORING,1
26,84,8,0.0,NORMAL,LOW,70.5207404448,100,0.15699742783089748,2,1,0.2177480708731731,38.27830422745,0,0.16275768850554995,0.0751938074086339,71.38768025645761,AI Recoverable,CONTINUE_MONITORING,1
26,84,9,0.0,NORMAL,LOW,60.637667537350005,100,0.012728979258646796,1,0,0.05827383651812042,49.21351918914999,0,0.014123612451228899,0.0958891029561747,66.49858813578085,AI Recoverable,CONTINUE_MONITORING,0
26,84,10,0.0,NORMAL,LOW,59.47516946025,100,0.018577029588119357,2,1,0.11393277219108952,53.11514076099999,0,0.01971757274443329,0.09125076165669488,66.78744727778934,AI Recoverable,CONTINUE_MONITORING,0
26,85,1,0.255724879296152,NORMAL,LOW,84.00187778415,100,0.0,1,0,0.05,1.19655558945,0,0.0,0.07738508647698106,57.615002062710154,AI Recoverable,CONTINUE_MONITORING,0
26,85,2,0.0,NORMAL,LOW,74.64437951905,100,0.19474658977702441,3,1,0.29605994233276833,35.801730362449995,0,0.19991790848978946,0.08826339730612498,72.18752594778526,AI Recoverable,CONTINUE_MONITORING,1
26,85,3,0.0,NORMAL,LOW,58.26660913235001,100,0.016827479093944275,1,0,0.06093786141106378,58.97778504349999,0,0.014381717322259142,0.09932553997727389,66.49722825566963,AI Recoverable,CONTINUE_MONITORING,0
26,85,4,0.0,NORMAL,LOW,65.12783949415001,100,0.0623878732320473,3,1,0.19679090492403548,44.54721820485,0,0.06345470558429697,0.05118648092086042,69.1026424974624,AI Recoverable,CONTINUE_MONITORING,0
26,85,5,0.0,NORMAL,LOW,57.62707361235,100,0.0022076764046031964,2,1,0.1016557573034524,55.0641986735,0,0.0008387441069769887,0.14152595100643528,65.01439219400093,AI Recoverable,CONTINUE_MONITORING,0
26,85,6,0.0,NORMAL,LOW,58.69444208787501,100,0.021593113131047295,3,1,0.16619483484828546,58.479976602499995,0,0.01834333252023536,0.08680255336811915,66.9452317536203,AI Recoverable,CONTINUE_MONITORING,0
26,85,7,0.0,NORMAL,LOW,75.93462720104999,100,0.2497378666528141,2,1,0.28730339998961063,36.4119706007,0,0.24566335995401764,0.09678065833873939,73.53187447412796,AI Recoverable,CONTINUE_MONITORING,1
26,85,8,0.0,NORMAL,LOW,69.51604328555,100,0.15110028287497168,2,1,0.21332521215622877,40.400160893700004,0,0.16058404555606937,0.06607818334092475,71.47589152953701,AI Recoverable,CONTINUE_MONITORING,1
26,85,9,0.0,NORMAL,LOW,61.46063995350001,100,0.016827479093944275,1,0,0.06093786141106378,48.62901741125,0,0.014381717322259142,0.09500835773612182,66.60515781169842,AI Recoverable,CONTINUE_MONITORING,0
26,85,10,0.0,NORMAL,LOW,59.143274300125,100,0.02277233528497674,2,1,0.11707925146373256,54.0295368235,0,0.019668364973300715,0.09269425174689494,66.83477406176017,AI Recoverable,CONTINUE_MONITORING,0
26,86,1,0.2991518991833152,NORMAL,LOW,82.7647676098,100,0.0,1,0,0.05,3.20734582875,0,0.0,0.07698898067149629,56.10495901179656,AI Recoverable,CONTINUE_MONITORING,0
26,86,2,0.0,NORMAL,LOW,74.84902041125,100,0.1958754284097633,3,1,0.29690657130732245,35.10573955975,0,0.1978806764995107,0.09030968554894114,72.13857319446684,AI Recoverable,CONTINUE_MONITORING,1
26,86,3,0.0,NORMAL,LOW,56.178580285299994,100,0.011515582926976938,1,0,0.057485128902535015,61.5412134295,0,0.015904458787653834,0.10593322468403665,66.24102562931515,AI Recoverable,CONTINUE_MONITORING,0
26,86,4,0.0,NORMAL,LOW,66.0462917251,100,0.06741524208721653,3,1,0.2005614315654124,43.4163450274,0,0.06302018155574055,0.04402942755001038,69.37777096855147,AI Recoverable,CONTINUE_MONITORING,0
26,86,5,0.0,NORMAL,LOW,57.15397490275001,100,0.0013557536672897746,2,1,0.10101681525046734,55.845250076499994,0,0.001519134043866895,0.1391188390172574,65.06433543835303,AI Recoverable,CONTINUE_MONITORING,0
26,86,6,0.0,NORMAL,LOW,58.46403006095,100,0.02009564163885165,3,1,0.16507173122913874,59.2287411645,0,0.020345302507458307,0.08989744569297153,66.85792971552732,AI Recoverable,CONTINUE_MONITORING,0
26,86,7,0.0,NORMAL,LOW,77.0647400123,100,0.2478798934679636,2,1,0.2859099201009727,34.57818527945,0,0.24437956655557522,0.08483066401508244,73.78062693453795,AI Recoverable,CONTINUE_MONITORING,1
26,86,8,0.0,NORMAL,LOW,70.3120667382,100,0.14505578109552306,2,1,0.2087918358216423,38.45960667805,0,0.15574391138233368,0.06739721801376053,71.27362428538979,AI Recoverable,CONTINUE_MONITORING,0
26,86,9,0.0,NORMAL,LOW,60.67385849265,100,0.011515582926976938,1,0,0.057485128902535015,49.53465734424999,0,0.015904458787653834,0.0961367117933265,66.48593845158291,AI Recoverable,CONTINUE_MONITORING,0
26,86,10,0.0,NORMAL,LOW,58.840053167499995,100,0.02088151832776075,2,1,0.11566113874582057,53.57815101899999,0,0.0215023134597126,0.09460234680967683,66.76759483091041,AI Recoverable,CONTINUE_MONITORING,0
26,87,1,0.255724879296152,NORMAL,LOW,82.5258012726,100,0.0,1,0,0.05,4.6520548515,0,0.0,0.08144025227263074,57.51362291781891,AI Recoverable,CONTINUE_MONITORING,0
26,87,2,0.0,NORMAL,LOW,73.40290358595,100,0.18263888039223405,3,1,0.28697916029417553,37.763605431550005,0,0.19709214888030718,0.08109118351860634,72.09641950868259,AI Recoverable,CONTINUE_MONITORING,1
26,87,3,0.0,NORMAL,LOW,56.023341914025,100,0.008600506354922422,1,0,0.05559032913069958,61.1670335525,0,0.013260314162570966,0.11043571682864584,66.04372034800801,AI Recoverable,CONTINUE_MONITORING,0
26,87,4,0.0,NORMAL,LOW,66.69081937620001,100,0.06466312816853108,3,1,0.1984973461263983,41.77871595305,0,0.06505486223884309,0.051227717719842025,69.163118242763,AI Recoverable,CONTINUE_MONITORING,0
26,87,5,0.0,NORMAL,LOW,57.1427713598,100,0.0010920115111816549,2,1,0.10081900863338625,55.9084020805,0,0.001265478512544462,0.13782470221178145,65.08887746005453,AI Recoverable,CONTINUE_MONITORING,0
26,87,6,0.0,NORMAL,LOW,57.50476607495,100,0.01886359337211981,3,1,0.16414769502908985,60.258348974499995,0,0.019997293821231978,0.09095456672810054,66.80338063745221,AI Recoverable,CONTINUE_MONITORING,0
26,87,7,0.0,NORMAL,LOW,77.2591587885,100,0.2762075756639929,2,1,0.3071556817479947,35.787950831,0,0.24668018051876464,0.10279858546097687,73.92098868194307,AI Recoverable,CONTINUE_MONITORING,1
26,87,8,0.0,NORMAL,LOW,68.73032606379999,100,0.1278405194254941,2,1,0.19588038956912057,41.24827568945,0,0.15123172218635017,0.05759063811901555,71.12936165739798,AI Recoverable,CONTINUE_MONITORING,0
26,87,9,0.0,NORMAL,LOW,59.780158830325014,100,0.008600506354922422,1,0,0.05559032913069958,50.51497626755,0,0.013260314162570966,0.10446180376673286,66.19306817455582,AI Recoverable,CONTINUE_MONITORING,0
26,87,10,0.0,NORMAL,LOW,57.83692978237499,100,0.017789060269247894,2,1,0.11334179520193592,55.05664295,0,0.02054530764042859,0.09643085002821805,66.65046303108379,AI Recoverable,CONTINUE_MONITORING,0
26,88,1,0.255724879296152,NORMAL,LOW,82.57562066210001,100,0.0,1,0,0.05,4.316649943050001,0,0.0,0.07783036111556141,57.603870196745646,AI Recoverable,CONTINUE_MONITORING,0
26,88,2,0.0,NORMAL,LOW,73.52873291679998,100,0.1788886257105861,3,1,0.28416646928293954,36.43068263745,0,0.18963302614591043,0.08384709339129692,71.87792544088839,AI Recoverable,CONTINUE_MONITORING,1
26,88,3,0.0,NORMAL,LOW,55.732725589025,100,0.005200988805086235,1,0,0.05338064272330605,60.1243205675,0,0.011139252864577728,0.12926180817950705,65.48386710025983,AI Recoverable,CONTINUE_MONITORING,0
26,88,4,0.0,NORMAL,LOW,67.26259433275,100,0.06232975552993876,3,1,0.19674731664745407,40.96438292,0,0.06371439173170644,0.05084935957394432,69.11250503856724,AI Recoverable,CONTINUE_MONITORING,0
26,88,5,0.0,NORMAL,LOW,58.34705547825,100,0.002495301414169728,2,1,0.1018714760606273,53.852757906,0,0.0011608870136759122,0.14200024341534412,65.01150881303654,AI Recoverable,CONTINUE_MONITORING,0
26,88,6,0.0,NORMAL,LOW,57.223016627700005,100,0.020385206890339014,3,1,0.16528890516775424,61.86380578400001,0,0.019523605738328752,0.09471676439591337,66.73502108529222,AI Recoverable,CONTINUE_MONITORING,0
26,88,7,0.0,NORMAL,LOW,76.3217681834,100,0.2699806048849692,2,1,0.3024854536637269,36.68632870635,0,0.26176551680438837,0.10081689478337996,73.99684489615876,AI Recoverable,CONTINUE_MONITORING,1
26,88,8,0.0,NORMAL,LOW,69.24061522795,100,0.1218279779398816,2,1,0.19137098345491121,40.399745709049995,0,0.14116597786416463,0.05462217394965829,70.98266498869782,AI Recoverable,CONTINUE_MONITORING,0
26,88,9,0.0,NORMAL,LOW,58.188906629825,100,0.005200988805086235,1,0,0.05338064272330605,53.1244766615,0,0.011139252864577728,0.1280512800801321,65.5141303027442,AI Recoverable,CONTINUE_MONITORING,0
26,88,10,0.0,NORMAL,LOW,58.692053867625006,100,0.020388945455239713,2,1,0.11529170909142979,53.70465786849999,0,0.019350703449893526,0.09394876961802245,66.75256670315316,AI Recoverable,CONTINUE_MONITORING,0
26,89,1,0.2991518991833152,NORMAL,LOW,81.44489140735001,100,0.0,1,0,0.05,6.291028161,0,0.0,0.07825217290705067,56.073379205907706,AI Recoverable,CONTINUE_MONITORING,0
26,89,2,0.0,NORMAL,LOW,74.0424824515,100,0.17627213596898791,3,1,0.28220410197674095,35.49139442,0,0.1859949762140551,0.08323189126709818,71.80459519984285,AI Recoverable,CONTINUE_MONITORING,1
26,89,3,0.0,NORMAL,LOW,54.918618924899995,100,0.003721928369749237,1,0,0.05241925344033701,60.402135758,0,0.009242591743066603,0.13429722950641798,65.30943374716519,AI Recoverable,CONTINUE_MONITORING,0
26,89,4,0.0,NORMAL,LOW,67.59545592024999,100,0.06531495626634444,3,1,0.19898621719975834,40.775023356,0,0.0630680224860113,0.04471584132003614,69.3190833171861,AI Recoverable,CONTINUE_MONITORING,0
26,89,5,0.0,NORMAL,LOW,59.26655202825001,100,0.002397878557538658,2,1,0.101798408918154,52.433048093,0,0.0018752208987469067,0.14134047065173583,65.03319801384484,AI Recoverable,CONTINUE_MONITORING,0
26,89,6,0.0,NORMAL,LOW,56.656701897374994,100,0.02154961409003425,3,1,0.16616221056752567,62.9023375505,0,0.019878139128406205,0.10054042324916557,66.6162630918556,AI Recoverable,CONTINUE_MONITORING,0
26,89,7,0.0,NORMAL,LOW,78.07290660349999,100,0.3088167658477121,2,1,0.33161257438578406,35.6879093235,0,0.26418906825892985,0.12229726550907383,74.26079436181668,AI Recoverable,CONTINUE_MONITORING,1
26,89,8,0.0,NORMAL,LOW,68.91586952265001,100,0.12142542951589753,2,1,0.19106907213692315,40.1637719651,0,0.134943471865312,0.05899641311360648,70.8030329811309,AI Recoverable,CONTINUE_MONITORING,0
26,89,9,0.0,NORMAL,LOW,56.92210921645,100,0.003721928369749237,1,0,0.05241925344033701,55.5022968575,0,0.009242591743066603,0.1372197966808657,65.236369567804,AI Recoverable,CONTINUE_MONITORING,0
26,89,10,0.0,NORMAL,LOW,58.25752566649999,100,0.02463403829282567,2,1,0.11847552871961925,54.6274177475,0,0.020173928086120136,0.09914491505805656,66.7157971702663,AI Recoverable,CONTINUE_MONITORING,0
27,0,1,0.4538778543201928,NORMAL,LOW,84.68397113215,100,0.0,0,0,0.0,0.0,0,0.0,0.081325543213562,50.581136518454194,Human Intervention Required,CONTINUE_MONITORING,0
27,0,2,0.0,NORMAL,LOW,72.11255443165,100,0.10013681766569775,3,1,0.2251026132492733,38.811230302999995,0,0.10013681766569774,0.03121384888501655,70.72375830784551,AI Recoverable,CONTINUE_MONITORING,0
27,0,3,0.0,NORMAL,LOW,73.7467737715,100,0.12222460627125598,3,1,0.24166845470344198,37.743168278,0,0.12222460627125596,0.06264011234235622,70.60073537957877,AI Recoverable,CONTINUE_MONITORING,0
27,0,4,0.0,NORMAL,LOW,74.82313559595002,100,0.161182400564364,1,0,0.15476856036683662,37.93435716595,0,0.161182400564364,0.06683330293969403,71.66463944343856,AI Recoverable,CONTINUE_MONITORING,1
27,0,5,0.0,NORMAL,LOW,67.639227277,100,0.04276942665480914,3,1,0.18207706999110684,42.343028839,0,0.04276942665480914,0.038866010604632684,68.81143253452845,AI Recoverable,CONTINUE_MONITORING,0
27,0,6,0.0,NORMAL,LOW,66.4475899276,100,0.0315603308395751,2,1,0.12367024812968133,43.282699678,0,0.0315603308395751,0.06250583137771881,67.88416414074428,AI Recoverable,CONTINUE_MONITORING,0
27,0,7,0.009577787272978389,NORMAL,LOW,69.1655058192,100,0.05905205188511824,1,0,0.08838383372532685,41.257249179249996,0,0.05905205188511823,0.04001966042094096,68.93584749147578,AI Recoverable,CONTINUE_MONITORING,0
27,0,8,0.0,NORMAL,LOW,64.246425807725,100,0.01942171826708426,2,1,0.1145662887003132,46.6084617159,0,0.019421718267084255,0.08603921694257788,66.93167112444807,AI Recoverable,CONTINUE_MONITORING,0
27,0,9,0.0,NORMAL,LOW,75.76239709415003,100,0.161182400564364,1,0,0.15476856036683662,36.17498309125,0,0.161182400564364,0.06700219353650361,71.66041717851832,AI Recoverable,CONTINUE_MONITORING,1
27,0,10,0.2895961180222485,NORMAL,LOW,84.4351889985,100,0.0,0,0,0.0,1.12971129795,0,0.0,0.07912753229743208,56.3859475617855,AI Recoverable,CONTINUE_MONITORING,0
27,1,1,0.28474312279990377,NORMAL,LOW,83.72919473595,100,0.0,0,0,0.0,1.9707326658000002,0,0.0,0.07471617638125305,56.66608629247204,AI Recoverable,CONTINUE_MONITORING,0
27,1,2,0.0,NORMAL,LOW,72.13772208230003,100,0.1011945882514234,3,1,0.22589594118856754,39.1126224095,0,0.10013681766569774,0.0326514907960308,70.70897267178468,AI Recoverable,CONTINUE_MONITORING,0
27,1,3,0.0,NORMAL,LOW,73.2166765767,100,0.12727148554451226,3,1,0.24545361415838418,38.4703781936,0,0.12222460627125596,0.05706889223454514,70.84095346773918,AI Recoverable,CONTINUE_MONITORING,0
27,1,4,0.0,NORMAL,LOW,75.52300040809999,100,0.18426735133253294,1,0,0.16977377836614643,38.48755978090001,0,0.161182400564364,0.08142771193449172,71.76147823393198,AI Recoverable,CONTINUE_MONITORING,1
27,1,5,0.0,NORMAL,LOW,67.72194057745,100,0.04122629882187139,3,1,0.18091972411640353,42.464362261999995,0,0.04276942665480914,0.04734880266404062,68.5685001763845,AI Recoverable,CONTINUE_MONITORING,0
27,1,6,0.0,NORMAL,LOW,65.9250797906,100,0.025815668174399377,2,1,0.11936175113079954,44.099780817399996,0,0.0315603308395751,0.07249294429508513,67.5195930645066,AI Recoverable,CONTINUE_MONITORING,0
27,1,7,0.0048263888888888905,NORMAL,LOW,68.10972936220001,100,0.0455458317922187,1,0,0.07960479066494217,42.129811464,0,0.05905205188511823,0.03948543301403207,68.84537771823364,AI Recoverable,CONTINUE_MONITORING,0
27,1,8,0.0,NORMAL,LOW,64.55748728415001,100,0.02077600762649087,2,1,0.11558200571986815,45.860941262,0,0.019421718267084255,0.08550055638667087,66.97222342553387,AI Recoverable,CONTINUE_MONITORING,0
27,1,9,0.0,NORMAL,LOW,76.9950759445,100,0.18426735133253294,1,0,0.16977377836614643,35.17538982400001,0,0.161182400564364,0.08002091055673444,71.79664826837592,AI Recoverable,CONTINUE_MONITORING,1
27,1,10,0.36703668838507775,NORMAL,LOW,84.8408220972,100,0.0,0,0,0.0,0.3581502813,0,0.0,0.07996043130022101,53.65470512401676,Human Intervention Required,CONTINUE_MONITORING,0
27,2,1,0.2944811724661778,NORMAL,LOW,82.75598457185001,100,0.0,0,0,0.0,3.6719782303499997,0,0.0,0.07549118167044644,56.30587942192261,AI Recoverable,CONTINUE_MONITORING,0
27,2,2,0.0,NORMAL,LOW,72.21384262665,100,0.10645984235348735,3,1,0.2298448817651155,39.804548797349995,0,0.10082436854641941,0.035325134637977595,70.7543121665845,AI Recoverable,CONTINUE_MONITORING,0
27,2,3,0.0,NORMAL,LOW,73.56497868715,100,0.1296631039431178,3,1,0.24724732795733834,37.40561549,0,0.12550507779887254,0.056901111311608354,70.92578507406087,AI Recoverable,CONTINUE_MONITORING,0
27,2,4,0.0,NORMAL,LOW,75.09515086435,100,0.1860829789179828,1,0,0.1709539362966888,39.57572428665,0,0.17618761856367382,0.07970852462961064,71.99082264825613,AI Recoverable,CONTINUE_MONITORING,1
27,2,5,0.0,NORMAL,LOW,68.25839707600001,100,0.04620640179737152,3,1,0.18465480134802864,42.080407592,0,0.0417663935633996,0.03495032451467517,68.96803385871453,AI Recoverable,CONTINUE_MONITORING,0
27,2,6,0.0,NORMAL,LOW,66.0656678845,100,0.025978818210088767,2,1,0.11948411365756659,43.813635579,0,0.02782630010721088,0.07542284836966251,67.41226815603231,AI Recoverable,CONTINUE_MONITORING,0
27,2,7,0.0048263888888888905,NORMAL,LOW,67.74807129955,100,0.04406474872126784,1,0,0.0786420866688241,42.242580694,0,0.05027300882473353,0.03787180909270338,68.768306224244,AI Recoverable,CONTINUE_MONITORING,0
27,2,8,0.0,NORMAL,LOW,65.53242919374999,100,0.021934154523204644,2,1,0.11645061589240349,44.235135017,0,0.020302006350698554,0.08695713892960333,66.967774680731,AI Recoverable,CONTINUE_MONITORING,0
27,2,9,0.0,NORMAL,LOW,76.46656867120001,100,0.1860829789179828,1,0,0.1709539362966888,35.804118042599995,0,0.17618761856367382,0.06969158305560075,72.24124618760636,AI Recoverable,CONTINUE_MONITORING,1
27,2,10,0.4587308495425376,NORMAL,LOW,85.00000000000001,100,0.0,0,0,0.0,0.0,0,0.0,0.08125178818786993,50.41312556131443,Human Intervention Required,CONTINUE_MONITORING,0
27,3,1,0.28474312279990377,NORMAL,LOW,83.72217603415,100,0.0,0,0,0.0,1.7064326916,0,0.0,0.07168129518937705,56.741958322268935,AI Recoverable,CONTINUE_MONITORING,0
27,3,2,0.0,NORMAL,LOW,71.9500756912,100,0.10812683569462156,3,1,0.23109512677096616,40.5494849738,0,0.10375591063585485,0.03634003324693447,70.7915949890776,AI Recoverable,CONTINUE_MONITORING,0
27,3,3,0.0,NORMAL,LOW,73.51037506625,100,0.12973116858442182,3,1,0.24729837643831637,38.50772869715,0,0.12736941019334205,0.056784671760820804,70.94870067960133,AI Recoverable,CONTINUE_MONITORING,0
27,3,4,0.0,NORMAL,LOW,74.21020192389999,100,0.168165395573172,1,0,0.1593075071225618,39.9297690218,0,0.1798491975322001,0.06936994627885862,71.92755122981399,AI Recoverable,CONTINUE_MONITORING,1
27,3,5,0.0,NORMAL,LOW,68.15616870685002,100,0.04544722899993601,3,1,0.18408542174995202,42.137484754,0,0.04424241690315693,0.03734935113050586,68.91763497076764,AI Recoverable,CONTINUE_MONITORING,0
27,3,6,0.0,NORMAL,LOW,66.1268743645,100,0.026464748883651187,2,1,0.1198485616627384,43.765240528999996,0,0.027243102815308052,0.07454502603311974,67.4381003549981,AI Recoverable,CONTINUE_MONITORING,0
27,3,7,0.0,NORMAL,LOW,66.731611988,100,0.040412901492196354,1,0,0.07626838596992763,44.41056577975,0,0.04790737217605479,0.04578836028862876,68.64262274438875,AI Recoverable,CONTINUE_MONITORING,0
27,3,8,0.0,NORMAL,LOW,66.01346484954999,100,0.028515975269734643,2,1,0.12138698145230098,43.565759717,0,0.021077685120876672,0.06740766663393838,67.59590469075499,AI Recoverable,CONTINUE_MONITORING,0
27,3,9,0.0,NORMAL,LOW,75.74103933629999,100,0.168165395573172,1,0,0.1593075071225618,35.93488400795,0,0.1798491975322001,0.06242589507151375,72.1011525099976,AI Recoverable,CONTINUE_MONITORING,1
27,3,10,0.4587308495425376,NORMAL,LOW,85.00000000000001,100,0.0,0,0,0.0,0.0,0,0.0,0.08125178818786993,50.41312556131443,Human Intervention Required,CONTINUE_MONITORING,0
27,4,1,0.28474312279990377,NORMAL,LOW,83.96118427285,100,0.0,0,0,0.0,2.12749386705,0,0.0,0.0790455903297983,56.5578509437584,AI Recoverable,CONTINUE_MONITORING,0
27,4,2,0.0,NORMAL,LOW,72.52832225830002,100,0.10738348103977204,3,1,0.23053761077982904,38.448426385999994,0,0.10522371540230172,0.0345417854495389,70.83636213857999,AI Recoverable,CONTINUE_MONITORING,0
27,4,3,0.0,NORMAL,LOW,72.97002605184998,100,0.12379461065939698,3,1,0.24284595799454772,39.0165414735,0,0.1279751643354054,0.055580993009941126,70.86611903129345,AI Recoverable,CONTINUE_MONITORING,0
27,4,4,0.0,NORMAL,LOW,75.2408990696,100,0.17861299022961238,1,0,0.16609844364924806,38.727418070400006,0,0.17289679078986064,0.07677349066753547,71.88189044580245,AI Recoverable,CONTINUE_MONITORING,1
27,4,5,0.0,NORMAL,LOW,67.82266337214999,100,0.0451208697129188,3,1,0.1838406522846891,42.162221812000006,0,0.04437280604792871,0.029790579614185186,69.10138096438303,AI Recoverable,CONTINUE_MONITORING,0
27,4,6,0.0,NORMAL,LOW,66.18355864539998,100,0.02795039434037556,2,1,0.12096279575528168,43.620087551,0,0.027157848733945382,0.07101774315153742,67.55514279535852,AI Recoverable,CONTINUE_MONITORING,0
27,4,7,0.0,NORMAL,LOW,67.3687533405,100,0.04668053727788122,1,0,0.08034234923062279,44.1477801235,0,0.0452120888785491,0.03416875666354158,69.03151271775457,AI Recoverable,CONTINUE_MONITORING,0
27,4,8,0.0,NORMAL,LOW,65.9081579767,100,0.032438784523749334,2,1,0.12432908839281201,45.047520910699994,0,0.024418167326060412,0.06518140336663603,67.76342227956968,AI Recoverable,CONTINUE_MONITORING,0
27,4,9,0.0,NORMAL,LOW,76.724591644,100,0.17861299022961238,1,0,0.16609844364924806,35.389109778000005,0,0.17289679078986064,0.07525952526262791,71.91973958092515,AI Recoverable,CONTINUE_MONITORING,1
27,4,10,0.4587308495425376,NORMAL,LOW,84.8754977344,100,0.0,0,0,0.0,0.0,0,0.0,0.08211907745840163,50.391443329551144,Human Intervention Required,CONTINUE_MONITORING,0
27,5,1,0.28474312279990377,NORMAL,LOW,83.2602674788,100,0.0,0,0,0.0,3.9143981727,0,0.0,0.08030623698110273,56.526334777475796,AI Recoverable,CONTINUE_MONITORING,0
27,5,2,0.0,NORMAL,LOW,72.50172461704999,100,0.10614275919223504,3,1,0.22960706939417627,39.038757302549996,0,0.10547726341263192,0.03743659945947686,70.7417128314841,AI Recoverable,CONTINUE_MONITORING,0
27,5,3,0.0,NORMAL,LOW,73.58929314665,100,0.12695844592945668,3,1,0.2452188344470925,37.63761772485,0,0.12571427969819776,0.0566435360387586,70.88022331460215,AI Recoverable,CONTINUE_MONITORING,0
27,5,4,0.0,NORMAL,LOW,76.26460667315,100,0.19173396308280521,1,0,0.17462707600382338,37.3311906001,0,0.17654745339535668,0.08468013824985487,71.9831503393633,AI Recoverable,CONTINUE_MONITORING,1
27,5,5,0.0,NORMAL,LOW,67.73773097784999,100,0.04409403098332233,3,1,0.18307052323749173,42.240606576999994,0,0.0444440925520426,0.033715432867194695,68.98343572350699,AI Recoverable,CONTINUE_MONITORING,0
27,5,6,0.0,NORMAL,LOW,66.3153308257,100,0.02929014513881345,2,1,0.1219676088541101,43.492476632999995,0,0.027672912764845264,0.06698749367691925,67.68784468850173,AI Recoverable,CONTINUE_MONITORING,0
27,5,7,0.0,NORMAL,LOW,67.3347328195,100,0.05315447483239629,1,0,0.08455040864105759,45.0870184745,0,0.04701001114697989,0.04405614178780992,68.93178606342248,AI Recoverable,CONTINUE_MONITORING,0
27,5,8,0.0,NORMAL,LOW,65.59636575534999,100,0.024141169306948474,2,1,0.11810587698021136,44.243184854149995,0,0.026963764986561722,0.07967607169481494,67.2605592436342,AI Recoverable,CONTINUE_MONITORING,0
27,5,9,0.0,NORMAL,LOW,76.89882388615,100,0.19173396308280521,1,0,0.17462707600382338,34.898153965000006,0,0.17654745339535668,0.06416094152044594,72.49613025759852,AI Recoverable,CONTINUE_MONITORING,1
27,5,10,0.36703668838507775,NORMAL,LOW,84.6830400945,100,0.0,0,0,0.0,0.3437299944,0,0.0,0.07923092881419125,53.67294268616749,Human Intervention Required,CONTINUE_MONITORING,0
27,6,1,0.28474312279990377,NORMAL,LOW,84.19133323480001,100,0.0,0,0,0.0,1.8195002216999998,0,0.0,0.0785454256072099,56.57035506182312,AI Recoverable,CONTINUE_MONITORING,0
27,6,2,0.0,NORMAL,LOW,72.7740853951,100,0.10659025452007183,3,1,0.22994269089005387,38.488123423,0,0.10594587867208602,0.04082030755041477,70.67075618836192,AI Recoverable,CONTINUE_MONITORING,0
27,6,3,0.0,NORMAL,LOW,73.73686169575,100,0.13105561667121532,3,1,0.24829171250341148,37.343920608,0,0.12732616783136377,0.05782200764314993,70.94882382065919,AI Recoverable,CONTINUE_MONITORING,0
27,6,4,0.0,NORMAL,LOW,75.27012057335001,100,0.16463591576392203,1,0,0.1570133452465493,37.6578470334,0,0.18476096400389633,0.07215464221400958,71.83646189996715,AI Recoverable,CONTINUE_MONITORING,1
27,6,5,0.0,NORMAL,LOW,66.9172821596,100,0.04330628303302217,3,1,0.18247971227476661,43.94198325665,0,0.044321485539155506,0.033344743317857084,68.97572193310558,AI Recoverable,CONTINUE_MONITORING,0
27,6,6,0.0,NORMAL,LOW,66.75713481025001,100,0.0317326110368702,2,1,0.12379945827765265,43.267039678,0,0.027757012006269996,0.06570961008125142,67.76948208876881,AI Recoverable,CONTINUE_MONITORING,0
27,6,7,0.0,NORMAL,LOW,68.09356430750002,100,0.05307125479565419,1,0,0.08449631561717522,43.3689025315,0,0.04812653162595333,0.03582483964221961,69.14706942111712,AI Recoverable,CONTINUE_MONITORING,0
27,6,8,0.0,NORMAL,LOW,66.0158956187,100,0.02592875994788449,2,1,0.11944656996091338,43.9164264513,0,0.025135203567102454,0.07581669648534572,67.37450982249507,AI Recoverable,CONTINUE_MONITORING,0
27,6,9,0.0,NORMAL,LOW,75.0394595515,100,0.16463591576392203,1,0,0.1570133452465493,36.3944376894,0,0.18476096400389633,0.059695179845249746,72.14794845918615,AI Recoverable,CONTINUE_MONITORING,1
27,6,10,0.4587308495425376,NORMAL,LOW,84.86495374075001,100,0.0,0,0,0.0,0.0,0,0.0,0.08211907745840163,50.391443329551144,Human Intervention Required,CONTINUE_MONITORING,0
27,7,1,0.4538778543201928,NORMAL,LOW,85.00000000000001,100,0.0,0,0,0.0,0.0,0,0.0,0.08417463701708006,50.50990917336625,Human Intervention Required,CONTINUE_MONITORING,0
27,7,2,0.0,NORMAL,LOW,71.6850468681,100,0.10414874520295886,3,1,0.22811155890221912,40.78194226115,0,0.10683552054804785,0.03457869034746297,70.78686285085307,AI Recoverable,CONTINUE_MONITORING,0
27,7,3,0.0,NORMAL,LOW,74.3458594777,100,0.13639729954986846,3,1,0.25229797466240134,37.109194489,0,0.1290850974116298,0.06340617729031262,70.93364253285584,AI Recoverable,CONTINUE_MONITORING,0
27,7,4,0.0,NORMAL,LOW,75.4942939375,100,0.16149572288027958,1,0,0.15497221987218174,36.9221260935,0,0.17388314882862582,0.07506568160794236,71.59210390569328,AI Recoverable,CONTINUE_MONITORING,1
27,7,5,0.0,NORMAL,LOW,66.49516570979999,100,0.04320111545432823,3,1,0.18240083659074618,44.94573176105,0,0.04437635894362657,0.03207132169827398,69.00600285606598,AI Recoverable,CONTINUE_MONITORING,0
27,7,6,0.0,NORMAL,LOW,66.58165238725002,100,0.034127510613503505,2,1,0.12559563296012763,43.054290783999996,0,0.029318123776432947,0.04560748274281967,68.3355443814639,AI Recoverable,CONTINUE_MONITORING,0
27,7,7,0.0048263888888888905,NORMAL,LOW,69.01420278820001,100,0.054829744179002785,1,0,0.08563933371635182,41.461243177,0,0.04915512483541167,0.042412246776492135,68.85891635141076,AI Recoverable,CONTINUE_MONITORING,0
27,7,8,0.0,NORMAL,LOW,65.226461836,100,0.019768042081133176,2,1,0.11482603156084989,44.477006183,0,0.026392866084378366,0.08785105535496485,66.96301311859231,AI Recoverable,CONTINUE_MONITORING,0
27,7,9,0.0,NORMAL,LOW,75.35403088074999,100,0.16149572288027958,1,0,0.15497221987218174,36.057675369,0,0.17388314882862582,0.0633990364626984,71.88377003432439,AI Recoverable,CONTINUE_MONITORING,1
27,7,10,0.2895961180222485,NORMAL,LOW,84.32720255105,100,0.0,0,0,0.0,0.6337842615,0,0.0,0.0760545016568619,56.46277332779975,AI Recoverable,CONTINUE_MONITORING,0
27,8,1,0.4538778543201928,NORMAL,LOW,85.00000000000001,100,0.0,0,0,0.0,0.0,0,0.0,0.08417463701708006,50.50990917336625,Human Intervention Required,CONTINUE_MONITORING,0
27,8,2,0.0,NORMAL,LOW,71.22261495970001,100,0.10355073900109557,3,1,0.22766305425082167,41.2478306267,0,0.10577951415183995,0.029244086605703434,70.89770775639772,AI Recoverable,CONTINUE_MONITORING,0
27,8,3,0.0,NORMAL,LOW,73.9738825171,100,0.13754163746161888,3,1,0.2531562280962142,37.059611516,0,0.13163038966017085,0.06258091495567986,71.0026137719421,AI Recoverable,CONTINUE_MONITORING,0
27,8,4,0.0,NORMAL,LOW,76.38239558709999,100,0.1756518429299079,1,0,0.16417369790444014,35.502388798,0,0.16949887511825462,0.0732977328069424,71.87558228960714,AI Recoverable,CONTINUE_MONITORING,1
27,8,5,0.0,NORMAL,LOW,65.63260374774998,100,0.04056239989508013,3,1,0.18042179992131008,46.37447503905,0,0.043924068581992326,0.04200098216306747,68.70046412964483,AI Recoverable,CONTINUE_MONITORING,0
27,8,6,0.0,NORMAL,LOW,65.91455503435,100,0.029898257418653665,2,1,0.12242369306399026,43.435430409999995,0,0.031177410585900997,0.06219638245456416,67.85482969286797,AI Recoverable,CONTINUE_MONITORING,0
27,8,7,0.0048263888888888905,NORMAL,LOW,67.73544854125,100,0.043713595653109366,1,0,0.07841383717452109,42.72102216945,0,0.051189771014499154,0.0421934835672495,68.66240892291484,AI Recoverable,CONTINUE_MONITORING,0
27,8,8,0.0,NORMAL,LOW,65.64221056675001,100,0.02273880780101634,2,1,0.11705410585076226,44.148351733999995,0,0.024241394982462965,0.08428577276623617,67.09004578668905,AI Recoverable,CONTINUE_MONITORING,0
27,8,9,0.0,NORMAL,LOW,75.29074920915001,100,0.1756518429299079,1,0,0.16417369790444014,37.67016434395,0,0.16949887511825462,0.06210152966622695,72.15548736812502,AI Recoverable,CONTINUE_MONITORING,1
27,8,10,0.2895961180222485,NORMAL,LOW,84.4448027216,100,0.0,0,0,0.0,0.9983014024500001,0,0.0,0.07891161179123385,56.39134557444046,AI Recoverable,CONTINUE_MONITORING,0
27,9,1,0.4538778543201928,NORMAL,LOW,85.00000000000001,100,0.0,0,0,0.0,0.0,0,0.0,0.08417463701708006,50.50990917336625,Human Intervention Required,CONTINUE_MONITORING,0
27,9,2,0.0,NORMAL,LOW,71.44067904219999,100,0.10353397372132835,3,1,0.22765048029099627,41.2751724253,0,0.10495945875418733,0.03486829198034458,70.7485667624598,AI Recoverable,CONTINUE_MONITORING,0
27,9,3,0.0,NORMAL,LOW,73.45012683935002,100,0.13439151521368672,3,1,0.25079363641026503,38.307845847699994,0,0.13306715667650354,0.05877736662256994,71.04906770547451,AI Recoverable,CONTINUE_MONITORING,0
27,9,4,0.0,NORMAL,LOW,76.05020343505001,100,0.17464940298229195,1,0,0.16352211193848976,35.540954078,0,0.17479381376308614,0.07171107070002347,71.94814942977611,AI Recoverable,CONTINUE_MONITORING,1
27,9,5,0.0,NORMAL,LOW,66.41486098099999,100,0.042145687302541736,3,1,0.1816092654769063,45.5187687015,0,0.042448577839538065,0.0484443370099672,68.55629109919703,AI Recoverable,CONTINUE_MONITORING,0
27,9,6,0.0,NORMAL,LOW,66.08785890729999,100,0.028659586542601305,2,1,0.12149468990695098,43.552110088,0,0.030389325822346394,0.06546746768316769,67.74039829699629,AI Recoverable,CONTINUE_MONITORING,0
27,9,7,0.0,NORMAL,LOW,66.32593158545,100,0.04200910015393477,1,0,0.0773059151000576,44.7374189096,0,0.04831702363925895,0.037381448027909325,68.88881603877354,AI Recoverable,CONTINUE_MONITORING,0
27,9,8,0.0,NORMAL,LOW,65.486727258325,100,0.023488155177265966,2,1,0.11761611638294948,44.06890431,0,0.02432382125280735,0.0810910682331425,67.18572461024482,AI Recoverable,CONTINUE_MONITORING,0
27,9,9,0.0,NORMAL,LOW,75.62743757575001,100,0.17464940298229195,1,0,0.16352211193848976,36.7608520427,0,0.17479381376308614,0.06270942688529779,72.17319052514426,AI Recoverable,CONTINUE_MONITORING,1
27,9,10,0.42986150628386094,NORMAL,LOW,84.93042458520002,100,0.0,0,0,0.0,0.15654468330000001,0,0.0,0.07931204398984149,51.472046180318834,Human Intervention Required,CONTINUE_MONITORING,0
27,10,1,0.43945690575196616,NORMAL,LOW,84.9881057454,100,0.0,0,0,0.0,0.02676207285,0,0.0,0.08417463701708006,51.01464237325418,Human Intervention Required,CONTINUE_MONITORING,0
27,10,2,0.0,NORMAL,LOW,72.00725314040001,100,0.10560599982757206,3,1,0.22920449987067903,39.26232975045,0,0.10441549814567504,0.03186298354260653,70.85970038944302,AI Recoverable,CONTINUE_MONITORING,0
27,10,3,0.0,NORMAL,LOW,73.86927385195,100,0.13931481024573023,3,1,0.2544861076842977,36.982676386,0,0.13360568663972444,0.06303821571554757,71.04639767842315,AI Recoverable,CONTINUE_MONITORING,0
27,10,4,0.0,NORMAL,LOW,74.7017526914,100,0.17213002988693726,1,0,0.16188451942650922,37.6075252925,0,0.1739381795641765,0.06690487400018896,72.00936054337578,AI Recoverable,CONTINUE_MONITORING,1
27,10,5,0.0,NORMAL,LOW,66.2485179753,100,0.042101606049711006,3,1,0.18157620453728324,46.00540527495,0,0.04250703852432376,0.04703977703160667,68.5911080804473,AI Recoverable,CONTINUE_MONITORING,0
27,10,6,0.0,NORMAL,LOW,65.9721296435,100,0.027199771889287405,2,1,0.12039982891696556,43.901869811699996,0,0.03011701146784229,0.06759929504830609,67.65518317625651,AI Recoverable,CONTINUE_MONITORING,0
27,10,7,0.0,NORMAL,LOW,65.613441004,100,0.03709003771105882,1,0,0.07410852451218825,45.590601746749996,0,0.047151673792154056,0.0551004118378593,68.33580719619623,AI Recoverable,CONTINUE_MONITORING,0
27,10,8,0.0,NORMAL,LOW,65.27462051405,100,0.025497852166536352,2,1,0.11912338912490227,43.975272027399996,0,0.023295537357174573,0.07426846369295403,67.38620082457861,AI Recoverable,CONTINUE_MONITORING,0
27,10,9,0.0,NORMAL,LOW,75.82213315169999,100,0.17213002988693726,1,0,0.16188451942650922,36.0041847209,0,0.1739381795641765,0.06278559905948389,72.1123424168934,AI Recoverable,CONTINUE_MONITORING,1
27,10,10,0.2895961180222485,NORMAL,LOW,84.55845431820002,100,0.0,0,0,0.0,0.99347778405,0,0.0,0.07804865984022225,56.41291937321574,AI Recoverable,CONTINUE_MONITORING,0
27,11,1,0.362183693162733,NORMAL,LOW,84.91325543900001,100,0.0,0,0,0.0,0.19517526225,0,0.0,0.08222604097166408,53.76791971501274,Human Intervention Required,CONTINUE_MONITORING,0
27,11,2,0.0,NORMAL,LOW,72.63004058035001,100,0.10768013864871231,3,1,0.23076010398653424,38.435288212,0,0.10496195966649535,0.0345417854495389,70.83967773340073,AI Recoverable,CONTINUE_MONITORING,0
27,11,3,0.0,NORMAL,LOW,73.9518067678,100,0.14421841561909332,3,1,0.25816381171432,36.77330829,0,0.1368125661536158,0.06524151066797446,71.12145620721866,AI Recoverable,CONTINUE_MONITORING,0
27,11,4,0.0,RADIO_INTERFERENCE,HIGH,73.2046830172,100,0.1528488439918115,1,0,0.14935174859467748,39.0833000011,0,0.1704378169881486,0.05848372427877169,66.79926194274842,AI Recoverable,CONTINUE_MONITORING,1
27,11,5,0.0,NORMAL,LOW,66.45496025355,100,0.040969875059123514,4,2,0.234824393800255,45.3915727032,0,0.04221487465776896,0.04973502980064137,68.49817050274412,AI Recoverable,CONTINUE_MONITORING,0
27,11,6,0.0,NORMAL,LOW,66.45863073504998,100,0.031983873893892255,2,1,0.1239879054204192,43.855625766349995,0,0.029386414816914473,0.06030895919284862,67.92581764622577,AI Recoverable,CONTINUE_MONITORING,0
27,11,7,0.0048263888888888905,NORMAL,LOW,68.00566291019999,100,0.04977872281633145,1,0,0.08235616983061544,42.4362616438,0,0.04342693386230404,0.026914463110879416,69.08805860606657,AI Recoverable,CONTINUE_MONITORING,0
27,11,8,0.0,NORMAL,LOW,64.51537927655,100,0.027471671647820363,3,1,0.17060375373586528,45.15224371535,0,0.024088382054297988,0.06810842457325783,67.58760663916793,AI Recoverable,CONTINUE_MONITORING,0
27,11,9,0.0,NORMAL,LOW,75.1622387437,100,0.1528488439918115,1,0,0.14935174859467748,36.408937789,0,0.1704378169881486,0.056476387249299376,71.84944536848522,AI Recoverable,CONTINUE_MONITORING,1
27,11,10,0.2895961180222485,NORMAL,LOW,84.23856896825001,100,0.0,0,0,0.0,1.6487329347000002,0,0.0,0.07539794639560515,56.47918720933117,AI Recoverable,CONTINUE_MONITORING,0
27,12,1,0.28474312279990377,NORMAL,LOW,83.9313903978,100,0.0,0,0,0.0,2.4043716049499997,0,0.0,0.07796685635746903,56.58481929306664,AI Recoverable,CONTINUE_MONITORING,0
27,12,2,0.0,NORMAL,LOW,72.53109068929999,100,0.10647498131853882,3,1,0.2298562359889041,39.0913765952,0,0.10573678509084708,0.03771017721530723,70.74411304689656,AI Recoverable,CONTINUE_MONITORING,0
27,12,3,0.0,NORMAL,LOW,73.1103811781,100,0.1423100056057474,3,1,0.25673250420431054,38.9497463134,0,0.14012643961832766,0.0612950433885453,71.21508842358459,AI Recoverable,CONTINUE_MONITORING,0
27,12,4,0.0,RADIO_INTERFERENCE,HIGH,72.21902494995001,100,0.1404193799123317,1,0,0.1412725969430156,40.5658420563,0,0.1630032711715154,0.05072909829738537,66.67019285252715,AI Recoverable,CONTINUE_MONITORING,0
27,12,5,0.0,NORMAL,LOW,66.6760692527,100,0.0368599344346745,4,2,0.23133094426947334,44.10496554825,0,0.04154825824424689,0.05154134050426917,68.36414775852923,AI Recoverable,CONTINUE_MONITORING,0
27,12,6,0.0,NORMAL,LOW,66.32251962595,100,0.0319927432671649,2,1,0.12399455745037369,44.2882923403,0,0.03085682221827902,0.059105217428364276,67.97079265181698,AI Recoverable,CONTINUE_MONITORING,0
27,12,7,0.0048263888888888905,NORMAL,LOW,68.08554334835,100,0.053003594370868774,1,0,0.08445233634106471,41.83494863375,0,0.04677258491678064,0.028406997567884562,69.14869918627696,AI Recoverable,CONTINUE_MONITORING,0
27,12,8,0.0,NORMAL,LOW,65.39888687349999,100,0.03052672058970524,3,1,0.17289504044227894,44.437031602649995,0,0.024896535536674216,0.0575815768555068,67.91996034577316,AI Recoverable,CONTINUE_MONITORING,0
27,12,9,0.0,NORMAL,LOW,73.76168666905001,100,0.1404193799123317,1,0,0.1412725969430156,38.95536480285,0,0.1630032711715154,0.050633439413815706,71.6725843246164,AI Recoverable,CONTINUE_MONITORING,0
27,12,10,0.2895961180222485,NORMAL,LOW,83.7251180196,100,0.0,0,0,0.0,2.8684844559,0,0.0,0.07485975226088237,56.49264206269924,AI Recoverable,CONTINUE_MONITORING,0
27,13,1,0.28474312279990377,NORMAL,LOW,84.7329330918,100,0.0,0,0,0.0,0.60090054345,0,0.0,0.08266019829706517,56.46748574457674,AI Recoverable,CONTINUE_MONITORING,0
27,13,2,0.0,NORMAL,LOW,72.04220943355,100,0.10367239074456652,3,1,0.22775429305842487,39.9340358262,0,0.10570091094797623,0.035692944382305636,70.73813331481344,AI Recoverable,CONTINUE_MONITORING,0
27,13,3,0.0,NORMAL,LOW,73.3521936685,100,0.14388615463023283,3,1,0.2579146159726746,39.27903919955,0,0.1403816954621469,0.0636482759042466,71.19033314961996,AI Recoverable,CONTINUE_MONITORING,0
27,13,4,0.0,RADIO_INTERFERENCE,HIGH,72.62428088314999,100,0.15475628972628724,1,0,0.15059158832208672,40.690405050399995,0,0.15632374393215875,0.05667315959908814,66.74153424387012,AI Recoverable,CONTINUE_MONITORING,1
27,13,5,0.0,NORMAL,LOW,65.61946679434999,100,0.034388028749399856,4,2,0.2292298244369899,45.8609089886,0,0.039427510714160674,0.055810627050636885,68.18677000586368,AI Recoverable,CONTINUE_MONITORING,0
27,13,6,0.0,NORMAL,LOW,66.65083916495,100,0.031241221743797936,2,1,0.12343091630784846,43.423802077299996,0,0.0305606156017734,0.0650940902567183,67.80307833447573,AI Recoverable,CONTINUE_MONITORING,0
27,13,7,0.0,NORMAL,LOW,67.64138164845,100,0.051619095684066876,1,0,0.08355241219464347,43.3270925881,0,0.04748438541000308,0.02673853883453703,69.33876229691793,AI Recoverable,CONTINUE_MONITORING,0
27,13,8,0.0,NORMAL,LOW,65.23878464330001,100,0.032354206846912856,3,1,0.17426565513518463,45.15393903609999,0,0.027319265210439765,0.059763377484589375,67.92619235192791,AI Recoverable,CONTINUE_MONITORING,0
27,13,9,0.0,NORMAL,LOW,74.56962261175,100,0.15475628972628724,1,0,0.15059158832208672,38.498431114,0,0.15632374393215875,0.06064499372330756,71.64223839076463,AI Recoverable,CONTINUE_MONITORING,1
27,13,10,0.2895961180222485,NORMAL,LOW,83.426098819,100,0.0,0,0,0.0,3.5412776572499998,0,0.0,0.0775586396472544,56.42516987803994,AI Recoverable,CONTINUE_MONITORING,0
27,14,1,0.28474312279990377,NORMAL,LOW,84.49844614140001,100,0.0,0,0,0.0,1.1284961818500001,0,0.0,0.08095689148262764,56.51006841493768,AI Recoverable,CONTINUE_MONITORING,0
27,14,2,0.0,NORMAL,LOW,72.62481869140001,100,0.10496497339332227,3,1,0.2287237300449917,38.56981061,0,0.10487716501987049,0.03915818194769527,70.66911656937278,AI Recoverable,CONTINUE_MONITORING,0
27,14,3,0.0,NORMAL,LOW,74.02376958910001,100,0.1448882941580784,3,1,0.2586662206185588,38.3035219689,0,0.1417427725730985,0.06526147145494843,71.18365682251883,AI Recoverable,CONTINUE_MONITORING,0
27,14,4,0.0,NORMAL,LOW,74.51627765049999,100,0.16925700077198716,1,0,0.16001705050179166,38.4914969926,0,0.15769943942783848,0.06940000672860092,71.7271342415031,AI Recoverable,CONTINUE_MONITORING,1
27,14,5,0.0,NORMAL,LOW,66.15622010285,100,0.03380127263027272,4,2,0.22873108173573184,44.285782395,0,0.03782152704818304,0.05340004942970766,68.21923948734458,AI Recoverable,CONTINUE_MONITORING,0
27,14,6,0.0,NORMAL,LOW,65.43176531489999,100,0.026565828151184,2,1,0.11992437111338801,45.3476829696,0,0.030523174150283515,0.07500383810470579,67.46145235190886,AI Recoverable,CONTINUE_MONITORING,0
27,14,7,0.0,NORMAL,LOW,66.27224471580001,100,0.04602002852646225,1,0,0.07991301854220047,44.8270261598,0,0.04817580580829656,0.026176567736520773,69.2477444351992,AI Recoverable,CONTINUE_MONITORING,0
27,14,8,0.0,NORMAL,LOW,63.673402586499996,100,0.028045661889477484,3,1,0.1710342464171081,47.55243942465,0,0.029213666954027565,0.061446826722880044,67.81687923925782,AI Recoverable,CONTINUE_MONITORING,0
27,14,9,0.0,NORMAL,LOW,75.39803966169998,100,0.16925700077198716,1,0,0.16001705050179166,37.70647358155,0,0.15769943942783848,0.06609817473505053,71.80968004134186,AI Recoverable,CONTINUE_MONITORING,1
27,14,10,0.2895961180222485,NORMAL,LOW,82.54223832495,100,0.0,0,0,0.0,5.295582072,0,0.0,0.07971434127200427,56.37127733742119,AI Recoverable,CONTINUE_MONITORING,0
27,15,1,0.4538778543201928,NORMAL,LOW,84.99502200985,100,0.0,0,0,0.0,0.0,0,0.0,0.08461011318200329,50.49902226924316,Human Intervention Required,CONTINUE_MONITORING,0
27,15,2,0.0,NORMAL,LOW,72.11109724225,100,0.10216191178162182,3,1,0.22662143383621636,38.710645959999994,0,0.10546527976857635,0.03175710347230676,70.80396344651054,AI Recoverable,CONTINUE_MONITORING,0
27,15,3,0.0,NORMAL,LOW,74.28063052430001,100,0.14993817705151888,3,1,0.26245363278863915,37.331964436250004,0,0.14351296348366702,0.06673196967581219,71.26559393397174,AI Recoverable,CONTINUE_MONITORING,0
27,15,4,0.0,NORMAL,LOW,74.25780774110001,100,0.18261428096683793,1,0,0.16869928262844466,39.599359183699995,0,0.1612947164321058,0.07318118843104127,71.93570307288178,AI Recoverable,CONTINUE_MONITORING,1
27,15,5,0.0,NORMAL,LOW,66.4560688488,100,0.03398199996222725,4,2,0.22888469996789318,44.28357160175,0,0.03647728215832724,0.05858224223722652,68.07985676489714,AI Recoverable,CONTINUE_MONITORING,0
27,15,6,0.0,NORMAL,LOW,66.21392454165002,100,0.03299109131272703,2,1,0.12474331848454528,44.6974206126,0,0.028827429897700905,0.05581313960795509,68.05276763503267,AI Recoverable,CONTINUE_MONITORING,0
27,15,7,0.0,NORMAL,LOW,67.97229211314999,100,0.05953025883625171,1,0,0.08869466824356362,42.14957436475,0,0.047057615633169014,0.032473318655829364,69.34934836666099,AI Recoverable,CONTINUE_MONITORING,0
27,15,8,0.0,NORMAL,LOW,63.72171241715001,100,0.022835060436995163,3,1,0.16712629532774637,46.3217273393,0,0.028559154406506568,0.07530104721885111,67.35976657233368,AI Recoverable,CONTINUE_MONITORING,0
27,15,9,0.0,NORMAL,LOW,76.76061875495,100,0.18261428096683793,1,0,0.16869928262844466,35.5881124538,0,0.1612947164321058,0.07717559322712342,71.83584295297972,AI Recoverable,CONTINUE_MONITORING,1
27,15,10,0.2895961180222485,NORMAL,LOW,83.13990436045,100,0.0,0,0,0.0,3.7557881253,0,0.0,0.07618666442448574,56.459469258609154,AI Recoverable,CONTINUE_MONITORING,0
27,16,1,0.4538778543201928,NORMAL,LOW,84.93924007585001,100,0.0,0,0,0.0,0.0,0,0.0,0.08482796177834151,50.49357605433471,Human Intervention Required,CONTINUE_MONITORING,0
27,16,2,0.0,NORMAL,LOW,71.32075683045,100,0.10367230750702759,3,1,0.22775423063027067,39.661864348550004,0,0.1041421889586332,0.028333674000859954,70.90652618970539,AI Recoverable,CONTINUE_MONITORING,0
27,16,3,0.0,NORMAL,LOW,74.18673474625001,100,0.14995379469616948,3,1,0.2624653460221271,36.533723065,0,0.14651519970450957,0.0671057410640824,71.28658436436642,AI Recoverable,CONTINUE_MONITORING,0
27,16,4,0.0,NORMAL,LOW,75.31169799074999,100,0.1952911682319807,1,0,0.17693925935078747,37.94701469985,0,0.16676969564174715,0.07841903580394427,72.11304442595848,AI Recoverable,CONTINUE_MONITORING,1
27,16,5,0.0,NORMAL,LOW,65.99186300355,100,0.037644071851374854,4,2,0.23199746107366864,45.9342696932,0,0.03539475550566587,0.05736979738719439,68.17258405740428,AI Recoverable,CONTINUE_MONITORING,0
27,16,6,0.0,NORMAL,LOW,65.52666443085,100,0.032110793051343164,2,1,0.12408309478850738,46.09860457765,0,0.031565793565445366,0.06346351153457463,67.87128600831694,AI Recoverable,CONTINUE_MONITORING,0
27,16,7,0.0,NORMAL,LOW,67.42710150985,100,0.04979064867987619,1,0,0.08236392164191952,41.816406356,0,0.054252315683632854,0.027999084832040944,69.33835900963282,AI Recoverable,CONTINUE_MONITORING,0
27,16,8,0.0,NORMAL,LOW,62.96563008187499,100,0.01891865824238886,3,1,0.16418899368179163,47.9841006879,0,0.0266231831286261,0.07770200164435181,67.20205495502523,AI Recoverable,CONTINUE_MONITORING,0
27,16,9,0.0,NORMAL,LOW,76.76362146345,100,0.1952911682319807,1,0,0.17693925935078747,35.598512346300005,0,0.16676969564174715,0.07134505358883292,72.28989398133626,AI Recoverable,CONTINUE_MONITORING,1
27,16,10,0.2895961180222485,NORMAL,LOW,82.89160021185,100,0.0,0,0,0.0,4.20639520725,0,0.0,0.07628885794225504,56.45691442066493,AI Recoverable,CONTINUE_MONITORING,0
27,17,1,0.4538778543201928,NORMAL,LOW,85.00000000000001,100,0.0,0,0,0.0,0.0,0,0.0,0.08417463701708006,50.50990917336625,Human Intervention Required,CONTINUE_MONITORING,0
27,17,2,0.0,NORMAL,LOW,70.68781500905,100,0.10168989748936998,3,1,0.22626742311702747,40.126056800049994,0,0.10403421131641906,0.026855257433591517,70.9027586271118,AI Recoverable,CONTINUE_MONITORING,0
27,17,3,0.0,NORMAL,LOW,74.12502051595,100,0.150637431241802,3,1,0.2629780734313515,36.506128161,0,0.14732283806869542,0.06782326821593809,71.29039530012453,AI Recoverable,CONTINUE_MONITORING,1
27,17,4,0.0,NORMAL,LOW,73.9698150211,100,0.17073684281550217,1,0,0.1609789478300764,39.4883965654,0,0.17651468721491365,0.06782727101132235,71.98420195317611,AI Recoverable,CONTINUE_MONITORING,1
27,17,5,0.0,NORMAL,LOW,64.80738382225,100,0.0361572446134395,4,2,0.23073365792142358,47.876926223,0,0.03602776462332534,0.05047568862627905,68.32153032284506,AI Recoverable,CONTINUE_MONITORING,0
27,17,6,0.0,NORMAL,LOW,65.3772493368,100,0.028317641191340073,2,1,0.12123823089350506,45.241219471449995,0,0.031319472769073334,0.06858409229311502,67.66494524418965,AI Recoverable,CONTINUE_MONITORING,0
27,17,7,0.0,NORMAL,LOW,66.83504198784999,100,0.04215019031881209,1,0,0.07739762370722786,42.39120311,0,0.051332102257616474,0.0390692000878865,68.87959482675524,AI Recoverable,CONTINUE_MONITORING,0
27,17,8,0.0,NORMAL,LOW,62.18754148225001,100,0.012892017378939719,3,1,0.15966901303420478,48.11342847415,0,0.024250840593483803,0.08503392693738243,66.87450058007907,AI Recoverable,CONTINUE_MONITORING,0
27,17,9,0.0,NORMAL,LOW,75.11152563005,100,0.17073684281550217,1,0,0.1609789478300764,37.58404850665,0,0.17651468721491365,0.06083224073111515,72.1590777101813,AI Recoverable,CONTINUE_MONITORING,1
27,17,10,0.2895961180222485,NORMAL,LOW,83.26539191765,100,0.0,0,0,0.0,3.8293777462499996,0,0.0,0.0778765511928694,56.417222089399566,AI Recoverable,CONTINUE_MONITORING,0
27,18,1,0.28474312279990377,NORMAL,LOW,84.3334472432,100,0.0,0,0,0.0,1.4997437028,0,0.0,0.07829408174670383,56.57663865833577,AI Recoverable,CONTINUE_MONITORING,0
27,18,2,0.0,NORMAL,LOW,71.62844706205,100,0.10326956486667795,3,1,0.22745217365000847,38.655285813999996,0,0.10276957657503813,0.028644036037047904,70.87698616215773,AI Recoverable,CONTINUE_MONITORING,0
27,18,3,0.0,NORMAL,LOW,73.92991999675,100,0.150130785530269,3,1,0.2625980891477018,36.526580804999995,0,0.14869376862143283,0.0691668745777897,71.26038153237496,AI Recoverable,CONTINUE_MONITORING,1
27,18,4,0.0,NORMAL,LOW,74.44192829514999,100,0.1682669569631863,1,0,0.1593735220260711,37.937814431250004,0,0.17339283439641398,0.06685419017757555,71.92791272878847,AI Recoverable,CONTINUE_MONITORING,1
27,18,5,0.0,NORMAL,LOW,63.86013677554999,100,0.03699224524547999,4,2,0.23144340845865802,49.70011197150001,0,0.03548333987697183,0.048660030591858194,68.37817753888285,AI Recoverable,CONTINUE_MONITORING,0
27,18,6,0.0,NORMAL,LOW,66.12169188355,100,0.027277093485627825,2,1,0.12045782011422088,43.685344442,0,0.029667012920456926,0.0714885648699245,67.554997877169,AI Recoverable,CONTINUE_MONITORING,0
27,18,7,0.0,NORMAL,LOW,66.34973787054999,100,0.03749640895693887,1,0,0.07437266582201027,42.767210409,0,0.0475204881820093,0.050547316706477274,68.46145014329693,AI Recoverable,CONTINUE_MONITORING,0
27,18,8,0.0,NORMAL,LOW,63.597134883974995,100,0.018452529042826862,3,1,0.16383939678212014,46.6569372005,0,0.019973989884941885,0.08056639772273044,67.05463053663769,AI Recoverable,CONTINUE_MONITORING,0
27,18,9,0.0,NORMAL,LOW,75.54030315464999,100,0.1682669569631863,1,0,0.1593735220260711,37.314690108600004,0,0.17339283439641398,0.0637748473730152,72.00489629890248,AI Recoverable,CONTINUE_MONITORING,1
27,18,10,0.2895961180222485,NORMAL,LOW,83.72278413175,100,0.0,0,0,0.0,2.1852851058000002,0,0.0,0.0718362943076547,56.56822851152993,AI Recoverable,CONTINUE_MONITORING,0
27,19,1,0.4538778543201928,NORMAL,LOW,84.6204489454,100,0.0,0,0,0.0,0.0,0,0.0,0.08067577118190528,50.59738081924562,Human Intervention Required,CONTINUE_MONITORING,0
27,19,2,0.0,NORMAL,LOW,70.67520422160001,100,0.10770533654292179,3,1,0.23077900240719135,40.470609470599996,0,0.10318708116532613,0.029196441432366882,70.95606650670251,AI Recoverable,CONTINUE_MONITORING,0
27,19,3,0.0,NORMAL,LOW,74.57739729145001,100,0.15490047180193173,3,1,0.2661753538514488,36.330402850000006,0,0.14941602323397798,0.06920995351270853,71.36192083056069,AI Recoverable,CONTINUE_MONITORING,1
27,19,4,0.0,NORMAL,LOW,75.26250245185,100,0.1643841065428435,1,0,0.15684966925284827,36.08768474125001,0,0.1745433620538851,0.06636743848933502,71.87392978916233,AI Recoverable,CONTINUE_MONITORING,1
27,19,5,0.0,NORMAL,LOW,64.39505648899998,100,0.0372814144803287,4,2,0.2316892023082794,47.711407365499994,0,0.0360984303760352,0.04490922510250761,68.48388196580423,AI Recoverable,CONTINUE_MONITORING,0
27,19,6,0.0,NORMAL,LOW,65.50294078285,100,0.024795846412379603,2,1,0.11859688480928471,43.93327715,0,0.028799870652599438,0.07625478888790194,67.37754591257604,AI Recoverable,CONTINUE_MONITORING,0
27,19,7,0.0,NORMAL,LOW,66.0103832248,100,0.037427788114311175,1,0,0.07432806227430228,42.772924395000004,0,0.04414717763164941,0.05096003338815658,68.4160267038988,AI Recoverable,CONTINUE_MONITORING,0
27,19,8,0.0,NORMAL,LOW,64.525280011825,100,0.01742119782448021,3,1,0.16306589836836016,44.754551608999996,0,0.01969590849153599,0.08218722741469597,66.99070235603757,AI Recoverable,CONTINUE_MONITORING,0
27,19,9,0.0,NORMAL,LOW,74.38666672795,100,0.1643841065428435,1,0,0.15684966925284827,39.61516407685001,0,0.1745433620538851,0.06686049140123829,71.86160346636476,AI Recoverable,CONTINUE_MONITORING,1
27,19,10,0.3187754235017754,NORMAL,LOW,83.61695623445,100,0.0,0,0,0.0,1.53265648005,0,0.0,0.06996812373937611,55.59365708395345,AI Recoverable,CONTINUE_MONITORING,0
27,20,1,0.4538778543201928,NORMAL,LOW,84.95721226525002,100,0.0,0,0,0.0,0.0,0,0.0,0.08461011318200329,50.49902226924316,Human Intervention Required,CONTINUE_MONITORING,0
27,20,2,0.0,NORMAL,LOW,70.26731740299999,100,0.10339504475605148,3,1,0.2275462835670386,41.80003673095,0,0.1049014635091432,0.023968605759548733,71.01770038622374,AI Recoverable,CONTINUE_MONITORING,0
27,20,3,0.0,NORMAL,LOW,74.5750614916,100,0.15800480434231445,3,1,0.26850360325673583,36.20494293,0,0.15224863398561628,0.07379960729370783,71.33759224435975,AI Recoverable,CONTINUE_MONITORING,1
27,20,4,0.0,NORMAL,LOW,76.28900717980001,100,0.17998027647542475,1,0,0.1669871797090261,35.337122257999994,0,0.1726963017357021,0.07622747452212264,71.92088168381244,AI Recoverable,CONTINUE_MONITORING,1
27,20,5,0.0,NORMAL,LOW,64.84909200089999,100,0.03763072601090933,4,2,0.23198611710927294,47.66373373249999,0,0.03667240100549765,0.04682241221015049,68.4487782250194,AI Recoverable,CONTINUE_MONITORING,0
27,20,6,0.0,NORMAL,LOW,65.40060356755,100,0.027839480483244496,2,1,0.12087961036243337,44.4058006398,0,0.027807699087192356,0.06387074454212838,67.73809798698359,AI Recoverable,CONTINUE_MONITORING,0
27,20,7,0.0,NORMAL,LOW,65.86110473005,100,0.03720772275234289,1,0,0.07418501978902288,42.791284443,0,0.04292367772115995,0.05326503629559476,68.34176532486858,AI Recoverable,CONTINUE_MONITORING,0
27,20,8,0.0,NORMAL,LOW,63.14459277902499,100,0.012144117208234656,3,1,0.15910808790617598,47.3066672792,0,0.017899084156932376,0.09371611592025453,66.57897028772766,AI Recoverable,CONTINUE_MONITORING,0
27,20,9,0.0,NORMAL,LOW,74.51780120525,100,0.17998027647542475,1,0,0.1669871797090261,40.4504392055,0,0.1726963017357021,0.07127189490119645,72.0447711743356,AI Recoverable,CONTINUE_MONITORING,1
27,20,10,0.32360944183879725,NORMAL,LOW,83.97134976840002,100,0.0,0,0,0.0,0.7509421476,0,0.0,0.075419916897145,55.288171613213464,AI Recoverable,CONTINUE_MONITORING,0
27,21,1,0.28474312279990377,NORMAL,LOW,84.62124035100001,100,0.0,0,0,0.0,0.85220921025,0,0.0,0.08287738713895132,56.462056023529584,AI Recoverable,CONTINUE_MONITORING,0
27,21,2,0.0,NORMAL,LOW,69.89758035105001,100,0.10905227839868183,3,1,0.23178920879901138,42.190435932549995,0,0.10378101458950227,0.02993983883461815,70.97035974300321,AI Recoverable,CONTINUE_MONITORING,0
27,21,3,0.0,NORMAL,LOW,74.5290192613,100,0.16117731880784614,3,1,0.2708829891058846,36.077663787,0,0.15430926156844246,0.07741296570466871,71.33131484922464,AI Recoverable,CONTINUE_MONITORING,1
27,21,4,0.0,RADIO_INTERFERENCE,HIGH,76.16196123045,100,0.1907497979574561,1,0,0.1739873686723465,37.05413423785,0,0.17700639208667865,0.07893827579499424,67.11160298514105,AI Recoverable,CONTINUE_MONITORING,1
27,21,5,0.0,NORMAL,LOW,64.05852818250001,100,0.03863682805142003,4,2,0.23284130384370705,48.7981401495,0,0.03728801611148733,0.04063715495187614,68.62968784834636,AI Recoverable,CONTINUE_MONITORING,0
27,21,6,0.0,NORMAL,LOW,65.1074770202,100,0.03166218527472708,2,1,0.12374663895604532,44.81772763215,0,0.027999563792324274,0.0535427811682323,68.07466981421199,AI Recoverable,CONTINUE_MONITORING,0
27,21,7,0.0,NORMAL,LOW,67.3663495189,100,0.05036836858994044,1,0,0.08273943958346129,41.77480216399999,0,0.03973250306082223,0.03010278538243638,69.15212276784611,AI Recoverable,CONTINUE_MONITORING,0
27,21,8,0.0,NORMAL,LOW,63.536075916975,100,0.012261941753648245,3,1,0.15919645631523618,45.7325853615,0,0.014819227920032239,0.09273703660720056,66.57500519909327,AI Recoverable,CONTINUE_MONITORING,0
27,21,9,0.0,NORMAL,LOW,75.13122101225001,100,0.1907497979574561,1,0,0.1739873686723465,39.814368707499995,0,0.17700639208667865,0.07575118896557964,72.19128015587641,AI Recoverable,CONTINUE_MONITORING,1
27,21,10,0.2895961180222485,NORMAL,LOW,83.88971361540001,100,0.0,0,0,0.0,1.8774373045500001,0,0.0,0.07269083416543565,56.546865015085416,AI Recoverable,CONTINUE_MONITORING,0
27,22,1,0.28474312279990377,NORMAL,LOW,83.41889747220002,100,0.0,0,0,0.0,2.69027850375,0,0.0,0.07457509275517449,56.66961338312401,AI Recoverable,CONTINUE_MONITORING,0
27,22,2,0.0,NORMAL,LOW,68.97520643025,100,0.11197164067994905,3,1,0.2339787305099618,43.9938136845,0,0.10623138060712298,0.028715770787646422,71.08385234997904,AI Recoverable,CONTINUE_MONITORING,0
27,22,3,0.0,NORMAL,LOW,74.6338476592,100,0.16614864833372656,3,1,0.2746114862502949,35.88090948399999,0,0.1568323092837367,0.08066826206985078,71.37458950776562,AI Recoverable,CONTINUE_MONITORING,1
27,22,4,0.0,NORMAL,LOW,76.5647410869,100,0.1829506214063684,1,0,0.16891790391413947,35.6690535014,0,0.1796014566928546,0.08095317051712758,71.93119773212773,AI Recoverable,CONTINUE_MONITORING,1
27,22,5,0.0,NORMAL,LOW,65.00438520774999,100,0.040519767943127324,4,2,0.23444180275165824,47.597089055,0,0.03772883259164687,0.04014016620798366,68.68417952957941,AI Recoverable,CONTINUE_MONITORING,0
27,22,6,0.0,NORMAL,LOW,64.21151929045,100,0.03126431153689403,2,1,0.12344823365267053,46.2095572872,0,0.02908357014104279,0.05914536319055874,67.93748785238432,AI Recoverable,CONTINUE_MONITORING,0
27,22,7,0.0,NORMAL,LOW,66.06497947045,100,0.04409052495685114,1,0,0.07865884122195324,43.45546398145,0,0.04376157759951049,0.03380255057573067,68.97436251073886,AI Recoverable,CONTINUE_MONITORING,0
27,22,8,0.0,NORMAL,LOW,63.726496616424996,100,0.011566142846142038,3,1,0.15867460713460652,45.542558117,0,0.013922634975232629,0.09868758091027696,66.40335968391825,AI Recoverable,CONTINUE_MONITORING,0
27,22,9,0.0,NORMAL,LOW,75.19174511674998,100,0.1829506214063684,1,0,0.16891790391413947,38.3101703417,0,0.1796014566928546,0.0723002659737706,72.14752034571164,AI Recoverable,CONTINUE_MONITORING,1
27,22,10,0.2895961180222485,NORMAL,LOW,83.56465322685,100,0.0,0,0,0.0,2.4168817161,0,0.0,0.07140945781070296,56.57889942395372,AI Recoverable,CONTINUE_MONITORING,0
27,23,1,0.28474312279990377,NORMAL,LOW,84.11982624105,100,0.0,0,0,0.0,1.4490570366000002,0,0.0,0.07573033164713672,56.640732410824945,AI Recoverable,CONTINUE_MONITORING,0
27,23,2,0.0,NORMAL,LOW,69.19244162230001,100,0.10822390828555266,3,1,0.23116793121416448,42.17999271095,0,0.1085466333381842,0.030975257786408528,70.97556305443268,AI Recoverable,CONTINUE_MONITORING,0
27,23,3,0.0,NORMAL,LOW,74.32317837345,100,0.17294118777262066,3,1,0.2797058908294655,36.898161970299995,0,0.16049527853437026,0.08085008598405796,71.54252439119466,AI Recoverable,CONTINUE_MONITORING,1
27,23,4,0.0,NORMAL,LOW,76.5370584373,100,0.17522699150536888,1,0,0.16389754447848978,35.518719911,0,0.17897163273024957,0.07838617864929553,71.83460169117748,AI Recoverable,CONTINUE_MONITORING,1
27,23,5,0.0,NORMAL,LOW,64.84530319735,100,0.040133076460191174,4,2,0.2341131149911625,48.215369953999996,0,0.03890446782531534,0.04061919068118025,68.67622644042747,AI Recoverable,CONTINUE_MONITORING,0
27,23,6,0.0,NORMAL,LOW,63.47670640419999,100,0.03263095800297034,2,1,0.12447321850222776,47.685699770149995,0,0.029376741868070433,0.052972931165686354,68.12206329959794,AI Recoverable,CONTINUE_MONITORING,0
27,23,7,0.0,NORMAL,LOW,64.85306922615,100,0.041496631509631114,1,0,0.07697281048126023,45.2779175026,0,0.04214987135890917,0.049627743934980595,68.5107377454072,AI Recoverable,CONTINUE_MONITORING,0
27,23,8,0.0,NORMAL,LOW,63.122749190125006,100,0.00792328262654166,3,1,0.15594246196990624,46.140050587999994,0,0.013528272868389094,0.1118255247167732,65.9981102632954,AI Recoverable,CONTINUE_MONITORING,0
27,23,9,0.0,NORMAL,LOW,74.82195306385,100,0.17522699150536888,1,0,0.16389754447848978,38.18212096955,0,0.17897163273024957,0.06459583720093964,72.17936022738637,AI Recoverable,CONTINUE_MONITORING,1
27,23,10,0.2895961180222485,NORMAL,LOW,83.2093680235,100,0.0,0,0,0.0,3.46148371755,0,0.0,0.07516793168428537,56.48493757711417,AI Recoverable,CONTINUE_MONITORING,0
27,24,1,0.4538778543201928,NORMAL,LOW,84.63546179245,100,0.0,0,0,0.0,0.0,0,0.0,0.08067577118190528,50.59738081924562,Human Intervention Required,CONTINUE_MONITORING,0
27,24,2,0.0,NORMAL,LOW,69.61083005135,100,0.11077612699044367,3,1,0.23308209524283274,41.8198287104,0,0.10811592169850776,0.03213534114535832,70.99329822815999,AI Recoverable,CONTINUE_MONITORING,0
27,24,3,0.0,NORMAL,LOW,74.71838865465,100,0.17382732889898236,3,1,0.28037049667423675,36.0228624601,0,0.16572649667996772,0.08280191360836653,71.56376370457015,AI Recoverable,CONTINUE_MONITORING,1
27,24,4,0.0,NORMAL,LOW,76.589604248,100,0.1877811997829501,2,1,0.24083589983721257,35.55850510515,0,0.1776289485958553,0.07909450479510127,72.05455086174001,AI Recoverable,CONTINUE_MONITORING,1
27,24,5,0.0,NORMAL,LOW,65.3026427259,100,0.044562058063189046,4,2,0.2378777493537107,47.7741231775,0,0.03922817675049407,0.03229305429583207,68.97619657137291,AI Recoverable,CONTINUE_MONITORING,0
27,24,6,0.0,NORMAL,LOW,63.38402830869999,100,0.03471578646532798,2,1,0.126036839848996,48.3208336805,0,0.03053627684032128,0.03803171699393082,68.54888557286151,AI Recoverable,CONTINUE_MONITORING,0
27,24,7,0.0,NORMAL,LOW,65.3571849411,100,0.0425857119423744,1,0,0.07768071276254336,45.13383102665,0,0.04193173448212008,0.045858668589511375,68.6245648689309,AI Recoverable,CONTINUE_MONITORING,0
27,24,8,0.0,NORMAL,LOW,62.44977810272502,100,0.006286659846940579,4,2,0.2053436608698995,46.453561127,0,0.01096132030422905,0.11961968093094388,65.74485437670751,AI Recoverable,CONTINUE_MONITORING,0
27,24,9,0.0,NORMAL,LOW,75.88670164329999,100,0.1877811997829501,1,0,0.17205777985891757,37.0342195347,0,0.1776289485958553,0.07085743521331433,72.26047760128468,AI Recoverable,CONTINUE_MONITORING,1
27,24,10,0.2895961180222485,NORMAL,LOW,82.43347425155001,100,0.0,0,0,0.0,4.5973137645,0,0.0,0.07294739724694232,56.54045093804774,AI Recoverable,CONTINUE_MONITORING,0
27,25,1,0.28474312279990377,NORMAL,LOW,84.10523844270001,100,0.0,0,0,0.0,1.38823210755,0,0.0,0.07547102733468536,56.64721501863623,AI Recoverable,CONTINUE_MONITORING,0
27,25,2,0.0,NORMAL,LOW,70.0211266435,100,0.10826443516548849,3,1,0.23119832637411636,39.70387798025,0,0.10931149797262812,0.03728980653874092,70.82615851956753,AI Recoverable,CONTINUE_MONITORING,0
27,25,3,0.0,NORMAL,LOW,74.36011591065001,100,0.17973828815337103,3,1,0.2848037161150283,37.359940358349995,0,0.16864209901146332,0.08164579183491283,71.74004195730923,AI Recoverable,CONTINUE_MONITORING,1
27,25,4,0.0,NORMAL,LOW,76.6671426642,100,0.18867740177499473,2,1,0.24150805133124606,35.7649434065,0,0.1846708041327446,0.08043637387522506,72.10934672994671,AI Recoverable,CONTINUE_MONITORING,1
27,25,5,0.0,NORMAL,LOW,64.19057099775,100,0.044113047761472464,4,2,0.2374960905972516,49.887264636,0,0.041576161332993876,0.03543081545819127,68.91225218210461,AI Recoverable,CONTINUE_MONITORING,0
27,25,6,0.0,NORMAL,LOW,63.2771322369,100,0.038481906551208256,2,1,0.1288614299134062,49.782727844499995,0,0.03255051698644135,0.02967049906947561,68.85338082415169,AI Recoverable,CONTINUE_MONITORING,0
27,25,7,0.0,NORMAL,LOW,65.96887587585,100,0.04543243557317465,1,0,0.07953108312256352,43.491024240399994,0,0.04298056794787191,0.03292238288543481,69.01539481880633,AI Recoverable,CONTINUE_MONITORING,0
27,25,8,0.0,NORMAL,LOW,61.869738875050004,100,0.0044895000891508096,4,2,0.2038160750757782,46.849622775,0,0.008911498153493179,0.13418718421405962,65.32422537796646,AI Recoverable,CONTINUE_MONITORING,0
27,25,9,0.0,NORMAL,LOW,75.4338036228,100,0.18867740177499473,1,0,0.17264031115374656,38.2647101213,0,0.1846708041327446,0.07161538652173915,72.32987141378386,AI Recoverable,CONTINUE_MONITORING,1
27,25,10,0.299346976618667,NORMAL,LOW,82.31547248105,100,0.0,0,0,0.0,3.8984059395000004,0,0.0,0.07242221597886933,56.21230041887492,AI Recoverable,CONTINUE_MONITORING,0
27,26,1,0.362183693162733,NORMAL,LOW,84.32212827645,100,0.0,0,0,0.0,0.30229401510000004,0,0.0,0.07736325582247217,53.88948934374254,Human Intervention Required,CONTINUE_MONITORING,0
27,26,2,0.0,NORMAL,LOW,70.46131952204998,100,0.10640896748263327,3,1,0.22980672561197496,38.98382501645,0,0.10923970508246275,0.03856790201877336,70.75637885000795,AI Recoverable,CONTINUE_MONITORING,0
27,26,3,0.0,NORMAL,LOW,74.10267247525,100,0.18441440951687105,3,1,0.2883108071376533,38.20397285599999,0,0.17345807452132783,0.08361174107165037,71.83257540875944,AI Recoverable,CONTINUE_MONITORING,1
27,26,4,0.0,NORMAL,LOW,75.8065392815,100,0.18758608611836794,1,0,0.17193095597693916,36.74346953595,0,0.18615726227229776,0.07595963960264296,72.21430335502426,AI Recoverable,CONTINUE_MONITORING,1
27,26,5,0.0,NORMAL,LOW,62.90814685300001,100,0.045262996985478456,4,2,0.2384735474376567,51.925218742999995,0,0.04234898328755775,0.028510313853142177,69.1159919262566,AI Recoverable,CONTINUE_MONITORING,0
27,26,6,0.0,NORMAL,LOW,63.277832267049995,100,0.0387979362972331,2,1,0.12909845222292482,50.466257034499996,0,0.03517029266172035,0.030865580655435876,68.85602213617597,AI Recoverable,CONTINUE_MONITORING,0
27,26,7,0.0,NORMAL,LOW,65.13654182680001,100,0.042899470612978885,1,0,0.07788465589843628,44.13646063245,0,0.04498604483202844,0.04556047255156359,68.66883804679075,AI Recoverable,CONTINUE_MONITORING,0
27,26,8,0.0,NORMAL,LOW,61.82713984785,100,0.0043968975880249745,3,1,0.15329767319101872,47.703860321899995,0,0.007300703829484509,0.13325685446434954,65.3295236284466,AI Recoverable,CONTINUE_MONITORING,0
27,26,9,0.0,NORMAL,LOW,75.24550397745001,100,0.18758608611836794,1,0,0.17193095597693916,37.93121520045,0,0.18615726227229776,0.06875438495356345,72.39443472125124,AI Recoverable,CONTINUE_MONITORING,1
27,26,10,0.3187754235017754,NORMAL,LOW,81.58840510445,100,0.0,0,0,0.0,5.8506320025,0,0.0,0.07487929757795142,55.47087773798906,AI Recoverable,CONTINUE_MONITORING,0
27,27,1,0.28474312279990377,NORMAL,LOW,84.08625160305002,100,0.0,0,0,0.0,1.78936704675,0,0.0,0.0794090502230742,56.54876444642652,AI Recoverable,CONTINUE_MONITORING,0
27,27,2,0.0,NORMAL,LOW,70.76465818525001,100,0.10817360565584354,3,1,0.23113020424188263,38.416932091999996,0,0.10831300124935939,0.04031459894581435,70.7387371519651,AI Recoverable,CONTINUE_MONITORING,0
27,27,3,0.0,NORMAL,LOW,73.821084803,100,0.1823504215645106,3,1,0.28676281617338295,37.89712229125,0,0.17811410362964133,0.0842143721398666,71.82279016408995,AI Recoverable,CONTINUE_MONITORING,1
27,27,4,0.0,NORMAL,LOW,74.40547315645,100,0.17388685208074897,1,0,0.16302645385248682,38.774934775350005,0,0.18538694791783739,0.06942544801957418,72.09597032030399,AI Recoverable,CONTINUE_MONITORING,1
27,27,5,0.0,NORMAL,LOW,62.0610980864,100,0.043144046711203844,4,2,0.23667243970452329,54.07570988,0,0.04362163170552773,0.04158193145290867,68.75954896495664,AI Recoverable,CONTINUE_MONITORING,0
27,27,6,0.0,NORMAL,LOW,64.16675028430001,100,0.04308168562998913,2,1,0.13231126422249184,49.6541808865,0,0.03626410672867865,0.02670866650152004,69.05655811734857,AI Recoverable,CONTINUE_MONITORING,0
27,27,7,0.0,NORMAL,LOW,67.2671319458,100,0.05635564445681293,1,0,0.0866311688969284,41.4782963862,0,0.043180509627195086,0.0391077636688012,69.08122389368818,AI Recoverable,CONTINUE_MONITORING,0
27,27,8,0.0,NORMAL,LOW,61.946622726550004,100,0.00811321310102365,3,1,0.15608490982576773,48.8494582322,0,0.0061718168959595,0.10598991315480522,66.07423460210993,AI Recoverable,CONTINUE_MONITORING,0
27,27,9,0.0,NORMAL,LOW,75.3032543545,100,0.17388685208074897,1,0,0.16302645385248682,36.402797826000004,0,0.18538694791783739,0.05728453783199339,72.39949307499352,AI Recoverable,CONTINUE_MONITORING,1
27,27,10,0.29933416768852256,NORMAL,LOW,82.54843468615,100,0.0,0,0,0.0,4.1315950692,0,0.0,0.07275373603882529,56.20446072993107,AI Recoverable,CONTINUE_MONITORING,0
27,28,1,0.28474312279990377,NORMAL,LOW,83.8027472112,100,0.0,0,0,0.0,2.6794099008,0,0.0,0.07847192673915904,56.57219253352439,AI Recoverable,CONTINUE_MONITORING,0
27,28,2,0.0,NORMAL,LOW,70.67800170624999,100,0.10634423660092797,3,1,0.229758177450696,38.505742733999995,0,0.10831066779794768,0.04088826637445464,70.68778475063667,AI Recoverable,CONTINUE_MONITORING,0
27,28,3,0.0,NORMAL,LOW,73.4857168708,100,0.17690050861906848,3,1,0.2826753814643014,37.88034428244999,0,0.17976315549624294,0.08294185606121118,71.76209532581352,AI Recoverable,CONTINUE_MONITORING,1
27,28,4,0.0,NORMAL,LOW,72.8452473259,100,0.16235535972135995,1,0,0.15553098381888397,41.10937087,0,0.18000825000096496,0.062147251968618034,71.9935083952214,AI Recoverable,CONTINUE_MONITORING,1
27,28,5,0.0,NORMAL,LOW,62.93718606330001,100,0.04273666388422561,4,2,0.23632616430159178,52.656563516000006,0,0.043353345650776046,0.04230043759664848,68.73075579427606,AI Recoverable,CONTINUE_MONITORING,0
27,28,6,0.0,NORMAL,LOW,64.59621056299999,100,0.04814119688518691,2,1,0.1361058976638902,49.828285746999995,0,0.03920366390153877,0.019192214162294996,69.37505522266176,AI Recoverable,CONTINUE_MONITORING,0
27,28,7,0.0,NORMAL,LOW,67.72995538974999,100,0.06967991144382311,1,0,0.09529194243848503,41.75360824325,0,0.048934478510339954,0.034041980889483625,69.53189349174276,AI Recoverable,CONTINUE_MONITORING,0
27,28,8,0.0,NORMAL,LOW,62.96201045184999,100,0.009281412951224447,3,1,0.15696105971341834,46.93782390115,0,0.00680330138554253,0.09997883314501732,66.25419044425446,AI Recoverable,CONTINUE_MONITORING,0
27,28,9,0.0,NORMAL,LOW,74.69251572744999,100,0.16235535972135995,1,0,0.15553098381888397,36.023275435,0,0.18000825000096496,0.061663551684579154,72.00560090232237,AI Recoverable,CONTINUE_MONITORING,1
27,28,10,0.2895961180222485,NORMAL,LOW,82.41533370695,100,0.0,0,0,0.0,4.628554425,0,0.0,0.07294739724694232,56.54045093804774,AI Recoverable,CONTINUE_MONITORING,0
27,29,1,0.28474312279990377,NORMAL,LOW,82.86147782,100,0.0,0,0,0.0,4.811674905,0,0.0,0.08120438525923646,56.50388107052245,AI Recoverable,CONTINUE_MONITORING,0
27,29,2,0.0,NORMAL,LOW,70.46974198,100,0.10618567127321339,3,1,0.22963925345491004,38.512299516,0,0.10749870304562556,0.04179851378453703,70.6537376113071,AI Recoverable,CONTINUE_MONITORING,0
27,29,3,0.0,NORMAL,LOW,72.13616714905,100,0.170535886303943,3,1,0.2779019147279572,40.04025039045,0,0.17868248653111302,0.08293918869263794,71.62406287407404,AI Recoverable,CONTINUE_MONITORING,1
27,29,4,0.0,RADIO_INTERFERENCE,HIGH,72.830459824,100,0.14838875087869668,1,0,0.14645268807115286,40.068510179849994,0,0.17474677384338702,0.053871663100299894,66.86845117850031,AI Recoverable,CONTINUE_MONITORING,0
27,29,5,0.0,NORMAL,LOW,63.22786617095001,100,0.04614254069953772,4,2,0.23922115959460707,53.0364874105,0,0.0435956330420474,0.03541789986492683,68.97335964778804,AI Recoverable,CONTINUE_MONITORING,0
27,29,6,0.0,NORMAL,LOW,63.6058445293,100,0.04731925427254963,2,1,0.1354894407044122,50.9828507225,0,0.042892950721608425,0.017939880410887787,69.42681758239488,AI Recoverable,CONTINUE_MONITORING,0
27,29,7,0.0,NORMAL,LOW,66.40543589494999,100,0.06382535446761446,1,0,0.09148648040394941,44.05164197855,0,0.056877417797229886,0.03799304875263576,69.39545504850868,AI Recoverable,CONTINUE_MONITORING,0
27,29,8,0.0,NORMAL,LOW,62.736615440200005,100,0.009811357767037229,3,1,0.15735851832527792,47.60639000555,0,0.007343899586058359,0.09780923740496594,66.32443521607718,AI Recoverable,CONTINUE_MONITORING,0
27,29,9,0.0,NORMAL,LOW,72.87614680330002,100,0.14838875087869668,1,0,0.14645268807115286,38.2076320842,0,0.17474677384338702,0.05183161289679705,71.91945243358788,AI Recoverable,CONTINUE_MONITORING,0
27,29,10,0.3187754235017754,NORMAL,LOW,81.51608482845,100,0.0,0,0,0.0,6.2318658645,0,0.0,0.07515680961364735,55.463939937096676,AI Recoverable,CONTINUE_MONITORING,0
27,30,1,0.28474312279990377,NORMAL,LOW,83.43545950895002,100,0.0,0,0,0.0,2.81337005475,0,0.0,0.0749327712253699,56.660671421369116,AI Recoverable,CONTINUE_MONITORING,0
27,30,2,0.0,NORMAL,LOW,70.4533336355,100,0.11310758985881111,3,1,0.23483069239410834,38.651319809250005,0,0.10680846964689895,0.045747591176127034,70.68654671424203,AI Recoverable,CONTINUE_MONITORING,0
27,30,3,0.0,NORMAL,LOW,71.623038819,100,0.17112879124316654,3,1,0.2783465934323749,41.0968326065,0,0.17631229787326988,0.08306059771147367,71.60918386080918,AI Recoverable,CONTINUE_MONITORING,1
27,30,4,0.0,RADIO_INTERFERENCE,HIGH,72.23025596045,100,0.13870034951264767,2,1,0.20402526213448577,40.946189824550004,0,0.16504184834399255,0.04937342678893353,66.69008980396954,AI Recoverable,CONTINUE_MONITORING,0
27,30,5,0.0,NORMAL,LOW,62.876366890549996,100,0.04979743278865075,4,2,0.24232781787035315,54.6512894645,0,0.044838663655729846,0.043622588389192085,68.8537705826005,AI Recoverable,CONTINUE_MONITORING,0
27,30,6,0.0,NORMAL,LOW,63.0774826068,100,0.052752436292166256,2,1,0.1395643272191247,51.9143517505,0,0.04441085343082827,0.02612143497847641,69.34612138568968,AI Recoverable,CONTINUE_MONITORING,0
27,30,7,0.0,NORMAL,LOW,66.62129631625,100,0.07820066968276863,1,0,0.10083043529379962,44.605712573999995,0,0.0580946006579009,0.03708809112847722,69.71775712202243,AI Recoverable,CONTINUE_MONITORING,0
27,30,8,0.0,NORMAL,LOW,62.288463604949996,100,0.01315810910470183,4,2,0.21118439273899656,49.2010602504,0,0.007996340739615724,0.08422770797997325,66.73743288999086,AI Recoverable,CONTINUE_MONITORING,0
27,30,9,0.0,RADIO_INTERFERENCE,HIGH,73.31858957905,100,0.13870034951264767,1,0,0.140155227183221,37.005918707,0,0.16504184834399255,0.05258758489984616,66.60973585119673,AI Recoverable,CONTINUE_MONITORING,0
27,30,10,0.2944893530100727,NORMAL,LOW,81.8248241157,100,0.0,0,0,0.0,4.624724668500001,0,0.0,0.07515337219546836,56.31403833976074,AI Recoverable,CONTINUE_MONITORING,0
27,31,1,0.28474312279990377,NORMAL,LOW,84.21040233305,100,0.0,0,0,0.0,1.6114687362000002,0,0.0,0.07894143542368104,56.560454816411344,AI Recoverable,CONTINUE_MONITORING,0
27,31,2,0.0,NORMAL,LOW,70.81526219949998,100,0.11501188883011215,3,1,0.2362589166225841,38.084680116,0,0.10956308687964342,0.045977743476425914,70.74642505848803,AI Recoverable,CONTINUE_MONITORING,0
27,31,3,0.0,NORMAL,LOW,71.46525418125,100,0.1759719232663009,3,1,0.28197894244972566,42.58669760550001,0,0.1752848397876083,0.0828056028102152,71.70214679294672,AI Recoverable,CONTINUE_MONITORING,1
27,31,4,0.0,RADIO_INTERFERENCE,HIGH,73.8893633695,100,0.15878605818418184,2,1,0.21908954363813637,37.92533777475,0,0.15513854061744925,0.06347643915679724,66.64019559093819,AI Recoverable,CONTINUE_MONITORING,1
27,31,5,0.0,NORMAL,LOW,61.95456429989999,100,0.05168027749482464,4,2,0.24392823587060097,56.113712161500004,0,0.04673094518626872,0.04076039155404443,68.98190521290806,AI Recoverable,CONTINUE_MONITORING,0
27,31,6,0.0,NORMAL,LOW,62.533648349299995,100,0.05204154123790177,2,1,0.13903115592842633,52.688836009999996,0,0.04803868220044738,0.028230650085120823,69.31545139463448,AI Recoverable,CONTINUE_MONITORING,0
27,31,7,0.0,NORMAL,LOW,66.410961905,100,0.07874684209365362,1,0,0.10118544736087487,45.9535014395,0,0.06699474799779032,0.038924892831994407,69.77176200105112,AI Recoverable,CONTINUE_MONITORING,0
27,31,8,0.0,NORMAL,LOW,62.743310168675,100,0.010730170580546153,4,2,0.20912064499346425,47.8611987337,0,0.010213971403092246,0.09341353497787686,66.48140475119493,AI Recoverable,CONTINUE_MONITORING,0
27,31,9,0.0,RADIO_INTERFERENCE,HIGH,74.19725287545,100,0.15878605818418184,1,0,0.1532109378197182,36.73441681035,0,0.15513854061744925,0.0574100818816331,66.7918545228173,AI Recoverable,CONTINUE_MONITORING,1
27,31,10,0.299346976618667,NORMAL,LOW,82.77109226125002,100,0.0,0,0,0.0,2.82925925055,0,0.0,0.06889222485134361,56.30055019706306,AI Recoverable,CONTINUE_MONITORING,0
27,32,1,0.28474312279990377,NORMAL,LOW,83.7331912086,100,0.0,0,0,0.0,2.85031978065,0,0.0,0.07775343161167425,56.59015491171151,AI Recoverable,CONTINUE_MONITORING,0
27,32,2,0.0,NORMAL,LOW,70.12610668085,100,0.11305523651650466,3,1,0.2347914273873785,40.303627978150004,0,0.11133878555968078,0.03532482632797307,70.99137192772757,AI Recoverable,CONTINUE_MONITORING,0
27,32,3,0.0,NORMAL,LOW,70.3631667485,100,0.17162809550699745,3,1,0.27872107163024806,43.9851282745,0,0.17555583131946878,0.08626012034652153,71.5316172146716,AI Recoverable,CONTINUE_MONITORING,1
27,32,4,0.0,RADIO_INTERFERENCE,HIGH,75.19841756075,100,0.1720469087889741,2,1,0.22903518159173059,36.67908766955,0,0.15713224930812347,0.07011646696575213,66.75934899471692,AI Recoverable,CONTINUE_MONITORING,1
27,32,5,0.0,NORMAL,LOW,62.24678930935001,100,0.04965895820061111,4,2,0.24221011447051946,54.202976500999995,0,0.04819421786942936,0.029395126503082847,69.24024318012944,AI Recoverable,CONTINUE_MONITORING,0
27,32,6,0.0,NORMAL,LOW,63.184791177099996,100,0.04971128454711654,2,1,0.13728346341033743,51.288656532999994,0,0.049679518375861646,0.021182050294946575,69.46146961732728,AI Recoverable,CONTINUE_MONITORING,0
27,32,7,0.0,NORMAL,LOW,65.78472154925,100,0.08004146641022004,1,0,0.10202695316664304,46.8254777365,0,0.07217723172835028,0.0408849826704748,69.80047707872602,AI Recoverable,CONTINUE_MONITORING,0
27,32,8,0.0,NORMAL,LOW,61.880863242375014,100,0.012811086790789575,4,2,0.21088942377217115,49.6729806742,0,0.010372248064798507,0.08224398643368991,66.80384455562151,AI Recoverable,CONTINUE_MONITORING,0
27,32,9,0.0,RADIO_INTERFERENCE,HIGH,75.38198913535,100,0.1720469087889741,1,0,0.16183049071283317,35.641597352,0,0.15713224930812347,0.06180659009490874,66.967095916488,AI Recoverable,CONTINUE_MONITORING,1
27,32,10,0.29933416768852256,NORMAL,LOW,82.12066445835,100,0.0,0,0,0.0,4.9923677655,0,0.0,0.0743222019855303,56.16524908126345,AI Recoverable,CONTINUE_MONITORING,0
27,33,1,0.28474312279990377,NORMAL,LOW,83.2738845792,100,0.0,0,0,0.0,3.8837596968000003,0,0.0,0.08030623698110273,56.526334777475796,AI Recoverable,CONTINUE_MONITORING,0
27,33,2,0.0,NORMAL,LOW,69.87179616764999,100,0.11572800822143055,3,1,0.2367960061660729,40.7146066401,0,0.11143521818609109,0.03625284155710984,71.02259130736176,AI Recoverable,CONTINUE_MONITORING,0
27,33,3,0.0,NORMAL,LOW,70.49885118075,100,0.18397044626828082,3,1,0.28797783470121063,44.732011492,0,0.1727515573436259,0.0889481482831096,71.68322079172412,AI Recoverable,CONTINUE_MONITORING,1
27,33,4,0.0,RADIO_INTERFERENCE,HIGH,76.18623723275,100,0.18888814470408813,2,1,0.2416661085280661,35.2465294573,0,0.16085291242871266,0.0769268712425577,66.96312023730493,AI Recoverable,CONTINUE_MONITORING,1
27,33,5,0.0,NORMAL,LOW,61.50373747335001,100,0.0511085419363786,4,2,0.24344226064592184,55.652205832499995,0,0.048499909689682305,0.035108918373988995,69.12944697627466,AI Recoverable,CONTINUE_MONITORING,0
27,33,6,0.0,NORMAL,LOW,62.46512214450001,100,0.04610700945904984,2,1,0.1345802570942874,52.443453115500006,0,0.04990858521702391,0.024098925515693037,69.31875290345891,AI Recoverable,CONTINUE_MONITORING,0
27,33,7,0.0,NORMAL,LOW,65.39182135549999,100,0.0702436592306929,1,0,0.09565837849995039,46.400812095,0,0.07588163409679718,0.047473221621255,69.47685898505044,AI Recoverable,CONTINUE_MONITORING,0
27,33,8,0.0,NORMAL,LOW,61.4190407473,100,0.01152993362475518,4,2,0.2098004435810419,50.270164147500005,0,0.011654225244438765,0.08357744605270101,66.75770477362197,AI Recoverable,CONTINUE_MONITORING,0
27,33,9,0.0,RADIO_INTERFERENCE,HIGH,76.29491208774999,100,0.18888814470408813,1,0,0.1727772940576573,35.003168911,0,0.16085291242871266,0.07051486815564156,67.12342031447785,AI Recoverable,CONTINUE_MONITORING,1
27,33,10,0.2895961180222485,NORMAL,LOW,81.53598632810001,100,0.0,0,0,0.0,7.1302378725,0,0.0,0.07500748406235724,56.48894876766237,AI Recoverable,CONTINUE_MONITORING,0
27,34,1,0.28474312279990377,NORMAL,LOW,83.1826679968,100,0.0,0,0,0.0,4.0889970072,0,0.0,0.0801220028456181,56.530940630862915,AI Recoverable,CONTINUE_MONITORING,0
27,34,2,0.0,NORMAL,LOW,69.91859753479999,100,0.11080107285908045,3,1,0.23310080464431032,39.6868631932,0,0.11355077772443922,0.04261494624639339,70.78615557826616,AI Recoverable,CONTINUE_MONITORING,0
27,34,3,0.0,NORMAL,LOW,71.3540662625,100,0.18599531157765625,3,1,0.2894964836832422,42.683063489999995,0,0.17744405384290066,0.08874936535323041,71.77561263615138,AI Recoverable,CONTINUE_MONITORING,1
27,34,4,0.0,RADIO_INTERFERENCE,HIGH,77.3460478495,100,0.21187652450288125,2,1,0.25890739337716095,34.176218696,0,0.16961987310082882,0.0769359356140501,67.51033083071466,AI Recoverable,CONTINUE_MONITORING,1
27,34,5,0.0,NORMAL,LOW,61.52227418385,100,0.04791401211505694,4,2,0.2407269102977984,54.313506726,0,0.05010684773771397,0.03641036147582666,69.04908968278261,AI Recoverable,CONTINUE_MONITORING,0
27,34,6,0.0,NORMAL,LOW,63.066022401,100,0.04973017094074846,2,1,0.13729762820556135,50.643570490500004,0,0.04854251645094471,0.023816677546428133,69.38461164466369,AI Recoverable,CONTINUE_MONITORING,0
27,34,7,0.004842151099499239,NORMAL,LOW,67.5906413843,100,0.08838079985192182,1,0,0.10744751990374918,43.15488743944999,0,0.07302121663310081,0.04188865983017098,69.7811363791327,AI Recoverable,CONTINUE_MONITORING,0
27,34,8,0.0,NORMAL,LOW,60.93786343674999,100,0.00986625766289203,4,2,0.20838631901345825,50.5848549065,0,0.01158467218892275,0.08607334797063404,66.66133817588121,AI Recoverable,CONTINUE_MONITORING,0
27,34,9,0.0,RADIO_INTERFERENCE,HIGH,76.26734162005,100,0.21187652450288125,1,0,0.18771974092687282,35.9048513978,0,0.16961987310082882,0.07688746450249384,67.51154260850358,AI Recoverable,CONTINUE_MONITORING,1
27,34,10,0.2895961180222485,NORMAL,LOW,82.03332275505,100,0.0,0,0,0.0,5.626373193,0,0.0,0.07519429694922453,56.48427844549069,AI Recoverable,CONTINUE_MONITORING,0
27,35,1,0.28474312279990377,NORMAL,LOW,83.1687204584,100,0.0,0,0,0.0,3.9887483337,0,0.0,0.08095563378971382,56.51009985726052,AI Recoverable,CONTINUE_MONITORING,0
27,35,2,0.0,NORMAL,LOW,70.276857542,100,0.11531271997644604,3,1,0.23648453998233454,38.810700686749996,0,0.11271885333775558,0.045209155910779786,70.80321403513697,AI Recoverable,CONTINUE_MONITORING,0
27,35,3,0.0,NORMAL,LOW,71.0977254725,100,0.18622572860844308,3,1,0.2896692964563323,42.5798573495,0,0.18021583297403315,0.09165996642633567,71.73517374125079,AI Recoverable,CONTINUE_MONITORING,1
27,35,4,0.0,RADIO_INTERFERENCE,HIGH,75.01385699650001,100,0.18491654388878911,2,1,0.23868740791659185,37.02261370695,0,0.18540467534785257,0.07751886675144226,67.11440596246825,AI Recoverable,CONTINUE_MONITORING,1
27,35,5,0.0,NORMAL,LOW,62.353151983700016,100,0.05219347318135299,4,2,0.24436445220415007,53.705818275,0,0.04939649478949016,0.03007946589984256,69.28584776402589,AI Recoverable,CONTINUE_MONITORING,0
27,35,6,0.0,NORMAL,LOW,62.80217006775,100,0.04573237731634239,2,1,0.1342992829872568,50.337485007,0,0.04996699322900214,0.024481764328946665,69.30227337039321,AI Recoverable,CONTINUE_MONITORING,0
27,35,7,0.0,NORMAL,LOW,66.45711393325,100,0.07081883265421171,1,0,0.09603224122523762,43.55937216475,0,0.08190012117327253,0.04597793207829093,69.58592956285969,AI Recoverable,CONTINUE_MONITORING,0
27,35,8,0.0,NORMAL,LOW,61.303127395724985,100,0.00990563391948509,4,2,0.20841978883156234,49.43601252715,0,0.011093255385783478,0.08804110277299892,66.60801766292256,AI Recoverable,CONTINUE_MONITORING,0
27,35,9,0.0,RADIO_INTERFERENCE,HIGH,74.9094865449,100,0.18491654388878911,1,0,0.17019575352771293,37.0297612194,0,0.18540467534785257,0.0669031818282636,67.37979808554772,AI Recoverable,CONTINUE_MONITORING,1
27,35,10,0.3187754235017754,NORMAL,LOW,81.96800542960001,100,0.0,0,0,0.0,5.0222889945,0,0.0,0.07509385374908262,55.46551383371079,AI Recoverable,CONTINUE_MONITORING,0
27,36,1,0.28474312279990377,NORMAL,LOW,83.1477694431,100,0.0,0,0,0.0,3.6460906011,0,0.0,0.07882572419215617,56.56334759719947,AI Recoverable,CONTINUE_MONITORING,0
27,36,2,0.0,NORMAL,LOW,69.97259487625,100,0.11155959876978418,3,1,0.23366969907733814,38.250651452999996,0,0.11438106568943415,0.05223237984412665,70.56919313618685,AI Recoverable,CONTINUE_MONITORING,0
27,36,3,0.0,NORMAL,LOW,70.61988052375,100,0.1869799154478237,3,1,0.29023493658586774,43.3898696505,0,0.18239852931440792,0.09254134929217261,71.75004986979623,AI Recoverable,CONTINUE_MONITORING,1
27,36,4,0.0,RADIO_INTERFERENCE,HIGH,76.3915705987,100,0.2043190805169683,2,1,0.2532393103877262,35.110660650199996,0,0.18378694837628473,0.08658726809232054,67.25956939179419,AI Recoverable,CONTINUE_MONITORING,1
27,36,5,0.0,NORMAL,LOW,61.14126333055,100,0.050408636667217926,4,2,0.24284734116713524,55.805175986500004,0,0.051015778764357284,0.036663741487105606,69.10173698381028,AI Recoverable,CONTINUE_MONITORING,0
27,36,6,0.0,NORMAL,LOW,62.75652291925,100,0.04576242497550435,2,1,0.13432181873162827,50.6197763605,0,0.04778484688506497,0.02478219544261473,69.27354208229536,AI Recoverable,CONTINUE_MONITORING,0
27,36,7,0.0,NORMAL,LOW,65.62654651485,100,0.06407804237696073,1,0,0.09165072754502449,44.1563609194,0,0.07559807382996152,0.049329187579338574,69.30431189635536,AI Recoverable,CONTINUE_MONITORING,0
27,36,8,0.0,NORMAL,LOW,61.35840544685001,100,0.010347559652883373,4,2,0.20879542570495088,49.74029121775,0,0.01064972173683105,0.08530222297231782,66.68089283611802,AI Recoverable,CONTINUE_MONITORING,0
27,36,9,0.0,RADIO_INTERFERENCE,HIGH,76.4854646638,100,0.2043190805169683,1,0,0.18280740233602938,35.26725703625,0,0.18378694837628473,0.07508815383236156,67.54704724829317,AI Recoverable,CONTINUE_MONITORING,1
27,36,10,0.3187754235017754,NORMAL,LOW,82.3945189668,100,0.0,0,0,0.0,3.88095966315,0,0.0,0.07242221597886933,55.532304777966125,AI Recoverable,CONTINUE_MONITORING,0
27,37,1,0.28474312279990377,NORMAL,LOW,83.05180550865,100,0.0,0,0,0.0,3.59136704835,0,0.0,0.07737188851366139,56.59969348916183,AI Recoverable,CONTINUE_MONITORING,0
27,37,2,0.0,NORMAL,LOW,69.56589256955,100,0.10917839720336815,3,1,0.2318837979025261,38.4687053277,0,0.11277180871898967,0.05266984100229155,70.49454000619997,AI Recoverable,CONTINUE_MONITORING,0
27,37,3,0.0,NORMAL,LOW,69.933716925,100,0.191996876624852,3,1,0.293997657468639,45.002398953,0,0.18416590427163532,0.10519741430372886,71.55166121762015,AI Recoverable,CONTINUE_MONITORING,1
27,37,4,0.0,RADIO_INTERFERENCE,HIGH,77.53180396569999,100,0.21649304971888528,2,1,0.26236978728916394,34.015682184,0,0.19598233249132863,0.07965295902546965,67.79836034365427,AI Recoverable,CONTINUE_MONITORING,1
27,37,5,0.0,NORMAL,LOW,61.69338347975001,100,0.05125870654794835,3,1,0.18844402991096126,53.701339805500005,0,0.05030229809425183,0.036192453327945184,69.12338577870285,AI Recoverable,CONTINUE_MONITORING,0
27,37,6,0.0,NORMAL,LOW,62.273867248500004,100,0.05021825760820123,2,1,0.13766369320615093,52.038376213999996,0,0.04691478490607792,0.02938802396848683,69.23881240201263,AI Recoverable,CONTINUE_MONITORING,0
27,37,7,0.0,NORMAL,LOW,65.19379397625,100,0.06941653656831082,1,0,0.09512074876940203,45.736227072,0,0.07152220478644923,0.05738361956531912,69.16896229009772,AI Recoverable,CONTINUE_MONITORING,0
27,37,8,0.0,NORMAL,LOW,60.914945625475006,100,0.006174733269291967,3,1,0.15463104995196897,49.81803348505,0,0.010728733926977747,0.11134117489515372,65.94725263227676,AI Recoverable,CONTINUE_MONITORING,0
27,37,9,0.0,RADIO_INTERFERENCE,HIGH,76.85560578084998,100,0.21649304971888528,1,0,0.19072048231727545,35.70526352355,0,0.19598233249132863,0.07891148060751607,67.8168973041031,AI Recoverable,CONTINUE_MONITORING,1
27,37,10,0.3187754235017754,NORMAL,LOW,82.2614674091,100,0.0,0,0,0.0,4.5687295935000005,0,0.0,0.07410790681476098,55.49016250706883,AI Recoverable,CONTINUE_MONITORING,0
27,38,1,0.28474312279990377,NORMAL,LOW,83.91654595190002,100,0.0,0,0,0.0,1.7303822469,0,0.0,0.07449662743564289,56.6715750161123,AI Recoverable,CONTINUE_MONITORING,0
27,38,2,0.0,NORMAL,LOW,69.30511264365,100,0.10965053341115186,3,1,0.2322379000583639,39.7323402266,0,0.11151469074522574,0.04708922840714991,70.63092686549655,AI Recoverable,CONTINUE_MONITORING,0
27,38,3,0.0,NORMAL,LOW,69.83572627325,100,0.19646469830339208,3,1,0.29734852372754406,44.9403285125,0,0.1885226219812434,0.10251878529573277,71.75155055348694,AI Recoverable,CONTINUE_MONITORING,1
27,38,4,0.0,RADIO_INTERFERENCE,HIGH,77.97743980405,100,0.22097925377841135,2,1,0.26573444033380855,33.861318697,0,0.20585698298209126,0.0835500491152118,67.88940367750885,AI Recoverable,CONTINUE_MONITORING,1
27,38,5,0.0,NORMAL,LOW,60.85846483399999,100,0.05194478827674742,4,2,0.24415307003523531,55.580830697,0,0.05078128382709817,0.039863517518296865,69.05012066584851,AI Recoverable,CONTINUE_MONITORING,0
27,38,6,0.0,NORMAL,LOW,63.319007403549996,100,0.05435208709195232,2,1,0.14076406531896424,51.193365077,0,0.048322510924438844,0.026265339689421463,69.41363335884789,AI Recoverable,CONTINUE_MONITORING,0
27,38,7,0.004842151099499239,NORMAL,LOW,65.940307701,100,0.07513216961136344,1,0,0.09883591024738625,44.562981847749995,0,0.07163626286598695,0.05572003201379616,69.15652993205975,AI Recoverable,CONTINUE_MONITORING,0
27,38,8,0.0,NORMAL,LOW,60.04807805535,100,0.0068465257205075096,4,2,0.2058195468624314,51.752719305,0,0.00854779651889066,0.10462185048345396,66.10686221751271,AI Recoverable,CONTINUE_MONITORING,0
27,38,9,0.0,RADIO_INTERFERENCE,HIGH,76.19114442265,100,0.22097925377841135,1,0,0.1936365149559674,36.663405065199996,0,0.20585698298209126,0.08255995894048684,67.91415593187696,AI Recoverable,CONTINUE_MONITORING,1
27,38,10,0.3187754235017754,NORMAL,LOW,81.4095901963,100,0.0,0,0,0.0,6.519858642,0,0.0,0.07419619659051191,55.48795526267506,AI Recoverable,CONTINUE_MONITORING,0
27,39,1,0.31392242827943073,NORMAL,LOW,82.77186852690002,100,0.0,0,0,0.0,3.3461605800000003,0,0.0,0.0734786962619356,55.67574760367153,AI Recoverable,CONTINUE_MONITORING,0
27,39,2,0.0,NORMAL,LOW,68.07970359815,100,0.10794479257691654,3,1,0.2309585944326874,41.351161982849995,0,0.11080548513412183,0.04760234765033611,70.57689201162115,AI Recoverable,CONTINUE_MONITORING,0
27,39,3,0.0,NORMAL,LOW,70.10355630025,100,0.19621471103989413,3,1,0.2971610332799206,44.116835472,0,0.19161216376972098,0.09990320078979464,71.84283583875023,AI Recoverable,CONTINUE_MONITORING,1
27,39,4,0.0,RADIO_INTERFERENCE,HIGH,76.42732080365,100,0.19763577632642915,2,1,0.24822683224482187,35.2767008612,0,0.21169559947035432,0.0824159657668373,67.5092723770612,AI Recoverable,CONTINUE_MONITORING,1
27,39,5,0.0,NORMAL,LOW,60.14969421600001,100,0.04782673899189265,4,2,0.24065272814310879,56.465407389499994,0,0.05110418283338953,0.04237970251341794,68.9080840453363,AI Recoverable,CONTINUE_MONITORING,0
27,39,6,0.0,NORMAL,LOW,62.66327423945,100,0.052241416645941764,2,1,0.13918106248445633,52.4400459555,0,0.05071697063817052,0.026336451230086544,69.39358675854838,AI Recoverable,CONTINUE_MONITORING,0
27,39,7,0.019424693642496292,NORMAL,LOW,64.9958168945,100,0.07097001579395912,1,0,0.09613051026607343,45.2781182465,0,0.07403534423219661,0.0653650505993777,68.34576321572932,AI Recoverable,CONTINUE_MONITORING,0
27,39,8,0.0,NORMAL,LOW,61.407992337749995,100,0.0079387272548843,4,2,0.20674791816665167,49.788496017700005,0,0.008093657147660648,0.10146786915089367,66.20301438780196,AI Recoverable,CONTINUE_MONITORING,0
27,39,9,0.0,RADIO_INTERFERENCE,HIGH,75.80547187385001,100,0.19763577632642915,1,0,0.17846325461217893,36.055359218,0,0.21169559947035432,0.07106553304773189,67.79303319503883,AI Recoverable,CONTINUE_MONITORING,1
27,39,10,0.2895961180222485,NORMAL,LOW,81.7408225553,100,0.0,0,0,0.0,6.2472907305,0,0.0,0.07368490497128788,56.5220132449391,AI Recoverable,CONTINUE_MONITORING,0
27,40,1,0.28474312279990377,NORMAL,LOW,82.06857736555,100,0.0,0,0,0.0,5.520852027,0,0.0,0.07636688727532526,56.624818520120236,AI Recoverable,CONTINUE_MONITORING,0
27,40,2,0.0,NORMAL,LOW,68.07124711924999,100,0.10558451085283829,3,1,0.22918838313962872,40.6068145295,0,0.1098938836443483,0.04974583973422719,70.46698306014456,AI Recoverable,CONTINUE_MONITORING,0
27,40,3,0.0,NORMAL,LOW,69.29081132025,100,0.1839626902934764,3,1,0.2879720177201073,46.049498667,0,0.1929678835153849,0.10003162466485371,71.60814202440203,AI Recoverable,CONTINUE_MONITORING,1
27,40,4,0.0,RADIO_INTERFERENCE,HIGH,76.81548431175,100,0.22076066003460865,2,1,0.26557049502595653,36.468565116149996,0,0.20269885149005637,0.08702740364612938,67.7665166244395,AI Recoverable,CONTINUE_MONITORING,1
27,40,5,0.0,NORMAL,LOW,59.226694678250006,100,0.045030584676825,4,2,0.23827599697530127,57.1668313455,0,0.0498565498106901,0.05207166748444003,68.59738550453241,AI Recoverable,CONTINUE_MONITORING,0
27,40,6,0.0,NORMAL,LOW,62.89983779075,100,0.055865167777442715,2,1,0.14189887583308203,51.60411538700001,0,0.05043534390309441,0.031541322398975224,69.33312373460541,AI Recoverable,CONTINUE_MONITORING,0
27,40,7,0.0,NORMAL,LOW,65.389228696,100,0.08147033588985478,1,0,0.10295571832840561,44.603241923999995,0,0.07034918831886054,0.05800747875660439,69.38271163207058,AI Recoverable,CONTINUE_MONITORING,0
27,40,8,0.0,NORMAL,LOW,62.27690723725,100,0.011649684821744992,4,2,0.20990223209848324,49.169342427000004,0,0.008151463350852603,0.08877737671561547,66.59507391205304,AI Recoverable,CONTINUE_MONITORING,0
27,40,9,0.0,RADIO_INTERFERENCE,HIGH,76.05093316595001,100,0.22076066003460865,1,0,0.19349442902249564,37.41403781685,0,0.20269885149005637,0.08420836574668333,67.83699257192565,AI Recoverable,CONTINUE_MONITORING,1
27,40,10,0.2895961180222485,NORMAL,LOW,82.71479542655,100,0.0,0,0,0.0,4.371732998100001,0,0.0,0.07517027118708153,56.48487908954426,AI Recoverable,CONTINUE_MONITORING,0
27,41,1,0.29937054064788154,NORMAL,LOW,81.15756870505,100,0.0,0,0,0.0,6.648074757,0,0.0,0.07690748959551374,56.0993438374363,AI Recoverable,CONTINUE_MONITORING,0
27,41,2,0.0,NORMAL,LOW,67.1867286835,100,0.10632143637569309,3,1,0.22974107728176982,42.5703368965,0,0.10782384984981974,0.04546974321771757,70.56792364556911,AI Recoverable,CONTINUE_MONITORING,0
27,41,3,0.0,NORMAL,LOW,68.56769216049999,100,0.1919822611457923,3,1,0.2939866958593442,47.5346557165,0,0.18897545192736426,0.11142125916946843,71.44386826295278,AI Recoverable,CONTINUE_MONITORING,1
27,41,4,0.0,RADIO_INTERFERENCE,HIGH,77.6586700411,100,0.24395145540818117,2,1,0.2829635915561359,36.654726894099994,0,0.21465449286292493,0.09428961776440448,68.16833359268276,AI Recoverable,CONTINUE_MONITORING,1
27,41,5,0.0,NORMAL,LOW,58.86884683625,100,0.04360144204508115,4,2,0.237061225738319,57.6438162295,0,0.04801489912553588,0.058575220041377496,68.38779733112254,AI Recoverable,CONTINUE_MONITORING,0
27,41,6,0.0,NORMAL,LOW,62.850850981899995,100,0.052121700777249626,2,1,0.1390912755829372,51.861957538999995,0,0.05294105990709875,0.027391515304250658,69.38705673200971,AI Recoverable,CONTINUE_MONITORING,0
27,41,7,0.0,NORMAL,LOW,65.55500985205,100,0.07840412529151512,1,0,0.10096268143948484,43.62070355595,0,0.07499049480061928,0.05982129349784948,69.32245511639026,AI Recoverable,CONTINUE_MONITORING,0
27,41,8,0.0,NORMAL,LOW,62.849560549850004,100,0.012150432841672654,4,2,0.21032786791542177,47.804817400999994,0,0.009508917747227199,0.09079083536084098,66.5683269502847,AI Recoverable,CONTINUE_MONITORING,0
27,41,9,0.0,RADIO_INTERFERENCE,HIGH,77.4558718617,100,0.24395145540818117,1,0,0.20856844601531777,35.16664913935,0,0.21465449286292493,0.08534339086200993,68.39198926524263,AI Recoverable,CONTINUE_MONITORING,1
27,41,10,0.2895961180222485,NORMAL,LOW,82.00301991380002,100,0.0,0,0,0.0,6.5868391935,0,0.0,0.07963795470340729,56.37318700163612,AI Recoverable,CONTINUE_MONITORING,0
27,42,1,0.28963635778772795,NORMAL,LOW,81.1124370001,100,0.0,0,0,0.0,6.257205922500001,0,0.0,0.07556868035240061,56.4735104686195,AI Recoverable,CONTINUE_MONITORING,0
27,42,2,0.0,NORMAL,LOW,67.837725844,100,0.10688605859289796,3,1,0.23016454394467345,40.816201334249996,0,0.10731158477150343,0.0497208237662049,70.46781642541787,AI Recoverable,CONTINUE_MONITORING,0
27,42,3,0.0,NORMAL,LOW,67.28337292949999,100,0.17980275197030854,3,1,0.28485206397773144,49.610422039,0,0.19208165158077464,0.10805938821268735,71.31538684989673,AI Recoverable,CONTINUE_MONITORING,1
27,42,4,0.0,RADIO_INTERFERENCE,HIGH,79.45195414395002,100,0.2715870250712847,2,1,0.3036902688034635,33.69100546665,0,0.22716026395976652,0.09898859873789123,68.7286281725761,AI Recoverable,CONTINUE_MONITORING,1
27,42,5,0.0,NORMAL,LOW,59.80066735274999,100,0.04435029816574181,4,2,0.23769775344088057,56.43961494999999,0,0.046633149088913584,0.04503945718189728,68.72735102465654,AI Recoverable,CONTINUE_MONITORING,0
27,42,6,0.0,NORMAL,LOW,62.8705350551,100,0.05636702401424702,2,1,0.14227526801068527,52.23772984599999,0,0.05270831841928515,0.03400600861036218,69.30427344921874,AI Recoverable,CONTINUE_MONITORING,0
27,42,7,0.0,NORMAL,LOW,66.4276523244,100,0.0792802392342085,1,0,0.10153215550223553,42.1133195406,0,0.076076283229155,0.05310240289309298,69.51880754464838,AI Recoverable,CONTINUE_MONITORING,0
27,42,8,0.0,NORMAL,LOW,63.355114776175,100,0.017896818465623163,4,2,0.2152122956957797,48.28163547919999,0,0.009911544399635996,0.08156159509214622,66.91801193600514,AI Recoverable,CONTINUE_MONITORING,0
27,42,9,0.0,RADIO_INTERFERENCE,HIGH,78.37946468945002,100,0.2715870250712847,1,0,0.22653156629633503,35.4528111267,0,0.22716026395976652,0.09651910919013151,68.79036541127009,AI Recoverable,CONTINUE_MONITORING,1
27,42,10,0.2895961180222485,NORMAL,LOW,81.40474231800002,100,0.0,0,0,0.0,8.0893297845,0,0.0,0.0795664607376122,56.374974350780995,AI Recoverable,CONTINUE_MONITORING,0
27,43,1,0.28963635778772795,NORMAL,LOW,81.18604570570001,100,0.0,0,0,0.0,5.708001987,0,0.0,0.07977884626455956,56.36825632081553,AI Recoverable,CONTINUE_MONITORING,0
27,43,2,0.0,NORMAL,LOW,68.8979188304,100,0.11070320894604499,3,1,0.23302740670953373,38.891256864599995,0,0.10716004403119907,0.05613080501850998,70.38239449377014,AI Recoverable,CONTINUE_MONITORING,0
27,43,3,0.0,NORMAL,LOW,68.08765418425,100,0.17817317215992198,3,1,0.2836298791199415,48.043169188,0,0.18672062137649342,0.10245029826780161,71.36941220026833,AI Recoverable,CONTINUE_MONITORING,1
27,43,4,0.0,RADIO_INTERFERENCE,HIGH,79.08044185259999,100,0.26075935239687126,2,1,0.29556951429765344,34.65990498355,0,0.2431640914080335,0.09470546505643807,68.77919133560681,AI Recoverable,CONTINUE_MONITORING,1
27,43,5,0.0,NORMAL,LOW,60.99478036074999,100,0.04826856289285761,4,2,0.241028278458929,54.21006764649999,0,0.045890628751602866,0.03860934450909914,68.9590439326457,AI Recoverable,CONTINUE_MONITORING,0
27,43,6,0.0,NORMAL,LOW,62.119098289250005,100,0.05080566388468751,2,1,0.13810424791351564,53.067606679499995,0,0.054842742687230786,0.03219478112872254,69.259671176348,AI Recoverable,CONTINUE_MONITORING,0
27,43,7,0.0,NORMAL,LOW,64.97260536845,100,0.061539105302696434,1,0,0.09000041844675269,44.08515499955,0,0.07772003578518867,0.05999650981629123,69.00806971849852,AI Recoverable,CONTINUE_MONITORING,0
27,43,8,0.0,NORMAL,LOW,63.441894843775,100,0.018018995693466443,4,2,0.21531614633944648,48.0187877943,0,0.013276552014307514,0.08116031797152856,66.96413748472419,AI Recoverable,CONTINUE_MONITORING,0
27,43,9,0.0,RADIO_INTERFERENCE,HIGH,77.57782361139999,100,0.26075935239687126,1,0,0.21949357905796635,36.91139162875,0,0.2431640914080335,0.09535062840799724,68.76306225181783,AI Recoverable,CONTINUE_MONITORING,1
27,43,10,0.2895961180222485,NORMAL,LOW,81.34085376665001,100,0.0,0,0,0.0,7.407375093,0,0.0,0.07539757989376183,56.47919637187725,AI Recoverable,CONTINUE_MONITORING,0
27,44,1,0.29937054064788154,NORMAL,LOW,80.96245846425,100,0.0,0,0,0.0,7.0145665965,0,0.0,0.0766923199875521,56.10472307763534,AI Recoverable,CONTINUE_MONITORING,0
27,44,2,0.0,NORMAL,LOW,69.06099454075002,100,0.10984125739111622,3,1,0.23238094304333717,38.33412130000001,0,0.10845256371202822,0.05627584774659822,70.37445459127764,AI Recoverable,CONTINUE_MONITORING,0
27,44,3,0.0,NORMAL,LOW,68.16852437925,100,0.1812355254954534,3,1,0.2859266441215901,47.4048368995,0,0.18367093377329163,0.10754187573990681,71.2728729541443,AI Recoverable,CONTINUE_MONITORING,1
27,44,4,0.0,RADIO_INTERFERENCE,HIGH,78.44846334395001,100,0.25310652371555264,2,1,0.2898298927866645,35.848299222099996,0,0.24548500341229385,0.09923746433776448,68.53604389998988,AI Recoverable,CONTINUE_MONITORING,1
27,44,5,0.0,NORMAL,LOW,60.357386305000006,100,0.04744629563456713,4,2,0.24032935128938207,55.99594845199999,0,0.046551436615993036,0.04252353905726769,68.85135180241957,AI Recoverable,CONTINUE_MONITORING,0
27,44,6,0.0,NORMAL,LOW,62.832966115800005,100,0.04765110464721599,2,1,0.135738328485412,51.762640083,0,0.05267783539934587,0.023628367871551315,69.389091250149,AI Recoverable,CONTINUE_MONITORING,0
27,44,7,0.0,NORMAL,LOW,64.7958024019,100,0.05751390193348112,1,0,0.08738403625676272,43.73981765285,0,0.07049466660252168,0.05707657807796673,68.92831025274567,AI Recoverable,CONTINUE_MONITORING,0
27,44,8,0.0,NORMAL,LOW,62.63321864910001,100,0.013240366514276859,4,2,0.21125431153713534,48.79219111364999,0,0.01487735097887475,0.08706071210012323,66.73706303757119,AI Recoverable,CONTINUE_MONITORING,0
27,44,9,0.0,RADIO_INTERFERENCE,HIGH,77.8646207141,100,0.25310652371555264,1,0,0.21451924041510922,36.204240128950005,0,0.24548500341229385,0.09555608439062147,68.62807839866846,AI Recoverable,CONTINUE_MONITORING,1
27,44,10,0.29933416768852256,NORMAL,LOW,80.12261188405002,100,0.0,0,0,0.0,9.586646865,0,0.0,0.07831974747674753,56.065310443983016,AI Recoverable,CONTINUE_MONITORING,0
27,45,1,0.2944811724661778,NORMAL,LOW,81.4547590579,100,0.0,0,0,0.0,6.7002166305,0,0.0,0.07639472528769975,56.283290831491286,AI Recoverable,CONTINUE_MONITORING,0
27,45,2,0.0,NORMAL,LOW,69.41101063449999,100,0.11546504611189036,3,1,0.23659878458391775,38.064979402,0,0.10845948331953754,0.056807207008703564,70.4737155802156,AI Recoverable,CONTINUE_MONITORING,0
27,45,3,0.0,NORMAL,LOW,69.139361231,100,0.18930431891223623,3,1,0.2919782391841772,45.983084415,0,0.18249255379772938,0.10784219614300539,71.41495701264688,AI Recoverable,CONTINUE_MONITORING,1
27,45,4,0.0,RADIO_INTERFERENCE,HIGH,77.506860651,100,0.24343846527576635,2,1,0.2825788489568247,37.838570548999996,0,0.2509550594423755,0.09933225945122337,68.39501341365852,AI Recoverable,CONTINUE_MONITORING,1
27,45,5,0.0,NORMAL,LOW,60.326566448250006,100,0.049522594778146495,4,2,0.24209420556142452,55.4763501205,0,0.04625149436848031,0.0431437444718874,68.87437322745053,AI Recoverable,CONTINUE_MONITORING,0
27,45,6,0.0,NORMAL,LOW,63.8000916029,100,0.04912654629356673,2,1,0.13684490972017505,49.827514766,0,0.05108882394828279,0.01767005093272911,69.55166789203594,AI Recoverable,CONTINUE_MONITORING,0
27,45,7,0.0,NORMAL,LOW,65.8931023105,100,0.06795018285987418,1,0,0.09416761885891822,42.507399993,0,0.06740324965129017,0.05621939498861295,69.12755127899506,AI Recoverable,CONTINUE_MONITORING,0
27,45,8,0.0,NORMAL,LOW,61.63851651925,100,0.012023692124371372,4,2,0.21022013830571568,50.708027236,0,0.014185991721432832,0.08761832589439711,66.69187561234182,AI Recoverable,CONTINUE_MONITORING,0
27,45,9,0.0,RADIO_INTERFERENCE,HIGH,76.37747110829999,100,0.24343846527576635,1,0,0.20823500242924814,38.446122699499995,0,0.2509550594423755,0.08769068932049517,68.68605266692671,AI Recoverable,CONTINUE_MONITORING,1
27,45,10,0.29933416768852256,NORMAL,LOW,80.56145052925001,100,0.0,0,0,0.0,8.669226393,0,0.0,0.07670236406615838,56.10574502924774,AI Recoverable,CONTINUE_MONITORING,0
27,46,1,0.28474312279990377,NORMAL,LOW,81.4535574381,100,0.0,0,0,0.0,7.2473495670000005,0,0.0,0.07596480566184782,56.63487056045717,AI Recoverable,CONTINUE_MONITORING,0
27,46,2,0.0,NORMAL,LOW,69.55571006350002,100,0.11860514995488675,3,1,0.23895386246616507,37.916785251,0,0.11152989487203707,0.05996334424999228,70.48831834156829,AI Recoverable,CONTINUE_MONITORING,0
27,46,3,0.0,NORMAL,LOW,69.19049470125,100,0.18394339838320625,3,1,0.28795754878740465,45.097704892500005,0,0.1856610198293906,0.10064405559463596,71.51937677609213,AI Recoverable,CONTINUE_MONITORING,1
27,46,4,0.0,RADIO_INTERFERENCE,HIGH,76.80582611375,100,0.24605147167172908,2,1,0.2845386037537968,39.572961245,0,0.2512295346442018,0.10287568856763207,68.3614325656858,AI Recoverable,CONTINUE_MONITORING,1
27,46,5,0.0,NORMAL,LOW,60.32284036000001,100,0.05025675323718407,4,2,0.2427182402516065,54.64191132199999,0,0.047503265525739136,0.05264074523935791,68.66414908901712,AI Recoverable,CONTINUE_MONITORING,0
27,46,6,0.0,NORMAL,LOW,64.83234871875,100,0.04968647392781986,2,1,0.1372648554458649,48.4081129045,0,0.050588049434445365,0.011585554359360262,69.70997111391684,AI Recoverable,CONTINUE_MONITORING,0
27,46,7,0.0,NORMAL,LOW,66.80037661610001,100,0.06698691419376049,1,0,0.09354149422594432,41.2181615274,0,0.06864131250501081,0.05276299083901692,69.2070766379499,AI Recoverable,CONTINUE_MONITORING,0
27,46,8,0.0,NORMAL,LOW,61.656601634000005,100,0.013586670848019091,4,2,0.21154867022081625,51.0785641175,0,0.013873350426828877,0.08577586470053766,66.76607030371522,AI Recoverable,CONTINUE_MONITORING,0
27,46,9,0.0,RADIO_INTERFERENCE,HIGH,75.871279206,100,0.24605147167172908,1,0,0.20993345658662393,40.552757432,0,0.2512295346442018,0.09526063144545127,68.55180899374032,AI Recoverable,CONTINUE_MONITORING,1
27,46,10,0.3042235358702262,NORMAL,LOW,79.3552524079,100,0.0,0,0,0.0,10.654174485,0,0.0,0.08224102732459537,55.7961505614272,AI Recoverable,CONTINUE_MONITORING,0
27,47,1,0.28474312279990377,NORMAL,LOW,81.1972609126,100,0.0,0,0,0.0,7.467110847,0,0.0,0.07678567433940109,56.614348843518336,AI Recoverable,CONTINUE_MONITORING,0
27,47,2,0.0,NORMAL,LOW,69.91122645550001,100,0.12171278083311095,3,1,0.2412845856248332,37.772085793,0,0.1141916459260231,0.06183108584853092,70.53039492970916,AI Recoverable,CONTINUE_MONITORING,0
27,47,3,0.0,NORMAL,LOW,68.4417338505,100,0.18084345151829817,3,1,0.28563258863872365,46.4417774835,0,0.18292730288391956,0.10465695393974139,71.32971821071162,AI Recoverable,CONTINUE_MONITORING,1
27,47,4,0.0,RADIO_INTERFERENCE,HIGH,77.49230394425,100,0.2603915848074467,2,1,0.295293688605585,38.875830805,0,0.25230743883988727,0.10716436276480845,68.5517970154276,AI Recoverable,CONTINUE_MONITORING,1
27,47,5,0.0,NORMAL,LOW,60.64536883825,100,0.053580975427668764,4,2,0.24554382911351846,54.06609975199999,0,0.04865525663034481,0.0521488463162042,68.75445091695171,AI Recoverable,CONTINUE_MONITORING,0
27,47,6,0.0,NORMAL,LOW,65.28760641779999,100,0.0509404674962191,2,1,0.13820535062216432,48.395359677500004,0,0.05041509596580115,0.01746615587770395,69.58630641263979,AI Recoverable,CONTINUE_MONITORING,0
27,47,7,0.004842151099499239,NORMAL,LOW,64.96671824250001,100,0.06137874703923511,1,0,0.08989618557550283,43.772575379,0,0.06675392235149104,0.06023109960074868,68.71986138579842,AI Recoverable,CONTINUE_MONITORING,0
27,47,8,0.0,NORMAL,LOW,61.63482461957499,100,0.015080607151612364,4,2,0.21281851607887053,51.3001938545,0,0.014543317364811698,0.08130242196520054,66.91448476755035,AI Recoverable,CONTINUE_MONITORING,0
27,47,9,0.0,RADIO_INTERFERENCE,HIGH,75.94858308490001,100,0.2603915848074467,1,0,0.21925453012484036,41.2026182515,0,0.25230743883988727,0.10086554780821055,68.70926738934254,AI Recoverable,CONTINUE_MONITORING,1
27,47,10,0.29933416768852256,NORMAL,LOW,79.2384518032,100,0.0,0,0,0.0,11.488141804500001,0,0.0,0.08161080805391419,55.98303392955385,AI Recoverable,CONTINUE_MONITORING,0
27,48,1,0.29937054064788154,NORMAL,LOW,79.8603568147,100,0.0,0,0,0.0,9.550626624000001,0,0.0,0.0804187193764696,56.01156309291241,AI Recoverable,CONTINUE_MONITORING,0
27,48,2,0.0,NORMAL,LOW,69.82682125779999,100,0.12348104428988424,3,1,0.24261078321741317,38.74044042195,0,0.11719967630312017,0.05947376679238292,70.65477347901931,AI Recoverable,CONTINUE_MONITORING,0
27,48,3,0.0,NORMAL,LOW,68.831673796,100,0.18253283177582003,3,1,0.286899623831865,46.225161387499995,0,0.1821430167611657,0.10391014734493786,71.37433311950461,AI Recoverable,CONTINUE_MONITORING,1
27,48,4,0.0,RADIO_INTERFERENCE,HIGH,78.49794664195,100,0.2715216083494439,2,1,0.3036412062620829,37.10125210699999,0,0.25504211114366526,0.11066399472362887,68.7142534103348,AI Recoverable,CONTINUE_MONITORING,1
27,48,5,0.0,NORMAL,LOW,61.54458324800001,100,0.05881837807422052,4,2,0.24999562136308745,51.8493016385,0,0.05094481810415999,0.05848517318960511,68.7236864127859,AI Recoverable,CONTINUE_MONITORING,0
27,48,6,0.0,NORMAL,LOW,65.0079571562,100,0.04600591464466984,2,1,0.13450443598350237,47.567032575,0,0.05003157612379701,0.015757681491229025,69.52649201685064,AI Recoverable,CONTINUE_MONITORING,0
27,48,7,0.0,NORMAL,LOW,64.3492740685,100,0.04750328154183474,1,0,0.08087713300219258,44.286572618,0,0.06256526329783715,0.04821380111852591,68.87037323585191,AI Recoverable,CONTINUE_MONITORING,0
27,48,8,0.0,NORMAL,LOW,61.37851647025001,100,0.012464130883050041,4,2,0.21059451125059256,51.4114852575,0,0.014597228671928166,0.08751431060375592,66.70739713928639,AI Recoverable,CONTINUE_MONITORING,0
27,48,9,0.0,RADIO_INTERFERENCE,HIGH,75.30435837725,100,0.2715216083494439,1,0,0.22648904542713855,42.951317339,0,0.25504211114366526,0.1072548073988947,68.79948309345316,AI Recoverable,CONTINUE_MONITORING,1
27,48,10,0.2895961180222485,NORMAL,LOW,78.79080493779999,100,0.0,0,0,0.0,12.9280535865,0,0.0,0.08569026992426887,56.22187912111458,AI Recoverable,CONTINUE_MONITORING,0
27,49,1,0.28963635778772795,NORMAL,LOW,79.18688331625,100,0.0,0,0,0.0,10.7549265915,0,0.0,0.08411114573107603,56.25994883415262,AI Recoverable,CONTINUE_MONITORING,0
27,49,2,0.0,NORMAL,LOW,70.17492151415,100,0.12273686155520229,3,1,0.2420526461664017,38.3910188181,0,0.11951905228828966,0.05787063975173412,70.70316176019358,AI Recoverable,CONTINUE_MONITORING,0
27,49,3,0.0,NORMAL,LOW,68.07133316950001,100,0.1750982638887964,3,1,0.2813236979165973,48.413477746999995,0,0.18326018318464798,0.10398579948884956,71.23492212240117,AI Recoverable,CONTINUE_MONITORING,1
27,49,4,0.0,RADIO_INTERFERENCE,HIGH,78.1388504523,100,0.26556326631654403,2,1,0.29917244973740803,37.037527012999995,0,0.25988783403962457,0.10448052237628924,68.7981306073199,AI Recoverable,CONTINUE_MONITORING,1
27,49,5,0.0,NORMAL,LOW,60.97775600124999,100,0.06265363247505364,4,2,0.25325558760379563,52.795925108999995,0,0.053993013023516334,0.06506931358192714,68.66626994018804,AI Recoverable,CONTINUE_MONITORING,0
27,49,6,0.0,NORMAL,LOW,65.32935919585002,100,0.04265767862416641,2,1,0.1319932589681248,47.1068307695,0,0.04787924537472976,0.026540526378155405,69.16843286677673,AI Recoverable,CONTINUE_MONITORING,0
27,49,7,0.0,NORMAL,LOW,63.81934178789999,100,0.038230055921371776,1,0,0.07484953634889166,44.175997940849996,0,0.05643760832209641,0.0643453205038157,68.220344189053,AI Recoverable,CONTINUE_MONITORING,0
27,49,8,0.0,NORMAL,LOW,60.69049772195001,100,0.012138659164859664,5,2,0.2603178602901307,52.794492468499996,0,0.013034604717901173,0.08928211611459658,66.64106632761128,AI Recoverable,CONTINUE_MONITORING,0
27,49,9,0.0,RADIO_INTERFERENCE,HIGH,74.8500931299,100,0.26556326631654403,2,1,0.29917244973740803,44.513484031999994,0,0.25988783403962457,0.11088248762676411,68.63808147605803,AI Recoverable,CONTINUE_MONITORING,1
27,49,10,0.2895961180222485,NORMAL,LOW,78.52704032125,100,0.0,0,0,0.0,14.173764507000001,0,0.0,0.09197298284336297,56.06481129813723,AI Recoverable,CONTINUE_MONITORING,0
27,50,1,0.29937054064788154,NORMAL,LOW,79.5798302768,100,0.0,0,0,0.0,10.200563379,0,0.0,0.08411114573107603,55.91925243404724,AI Recoverable,CONTINUE_MONITORING,0
27,50,2,0.0,NORMAL,LOW,69.80049426980001,100,0.12307891957295818,3,1,0.24230918967971862,39.10952934295,0,0.12110118205085713,0.05578282606989726,70.7780195602203,AI Recoverable,CONTINUE_MONITORING,0
27,50,3,0.0,NORMAL,LOW,68.30193484675,100,0.17000654370181478,3,1,0.27750490777636105,47.389338489500005,0,0.1801705961936089,0.10272757096419594,71.13364756186748,AI Recoverable,CONTINUE_MONITORING,1
27,50,4,0.0,RADIO_INTERFERENCE,HIGH,79.25539017240001,100,0.2772310016384294,2,1,0.307923251228822,35.3679218495,0,0.25984427539389343,0.11023687653567715,68.8871408733156,AI Recoverable,CONTINUE_MONITORING,1
27,50,5,0.0,NORMAL,LOW,60.6348078405,100,0.06307598760738135,4,2,0.2536145894662742,53.198399142,0,0.05727261650143438,0.06704694860729654,68.65807220197955,AI Recoverable,CONTINUE_MONITORING,0
27,50,6,0.0,NORMAL,LOW,64.60924419415002,100,0.040057308108151904,2,1,0.13004298108111392,48.309033011,0,0.04617569492535179,0.028728514436880404,69.04469025049454,AI Recoverable,CONTINUE_MONITORING,0
27,50,7,0.0,NORMAL,LOW,63.50361318085,100,0.035574412252265944,1,0,0.07312336796397287,44.932227128650005,0,0.05095590219426221,0.0644345884481522,68.11018255578412,AI Recoverable,CONTINUE_MONITORING,0
27,50,8,0.0,NORMAL,LOW,59.82715487925,100,0.012223020138247692,4,2,0.21038956711751056,54.837465267,0,0.012782724173525653,0.08983191600312157,66.62648974442217,AI Recoverable,CONTINUE_MONITORING,0
27,50,9,0.0,RADIO_INTERFERENCE,HIGH,74.6702458375,100,0.2772310016384294,1,0,0.2302001510649791,45.508307264,0,0.25984427539389343,0.1192688111642447,68.6613425076014,AI Recoverable,CONTINUE_MONITORING,1
27,50,10,0.2895961180222485,NORMAL,LOW,78.63787774000001,100,0.0,0,0,0.0,14.314775085,0,0.0,0.09347254293494878,56.02732229584758,AI Recoverable,CONTINUE_MONITORING,0
27,51,1,0.28474312279990377,NORMAL,LOW,80.84029105055001,100,0.0,0,0,0.0,8.192457846000002,0,0.0,0.07761495525128514,56.59361682072124,AI Recoverable,CONTINUE_MONITORING,0
27,51,2,0.0,NORMAL,LOW,70.54197988530001,100,0.12403873271244473,3,1,0.24302904953433355,38.01033099295,0,0.12226974174073338,0.057749144029239585,70.75974347092524,AI Recoverable,CONTINUE_MONITORING,0
27,51,3,0.0,NORMAL,LOW,68.61296860625,100,0.18017892614658926,3,1,0.28513419460994194,46.873531461,0,0.17594139160805541,0.10276154928727121,71.29395370683055,AI Recoverable,CONTINUE_MONITORING,1
27,51,4,0.0,RADIO_INTERFERENCE,HIGH,76.94812168275,100,0.2428963344701818,2,1,0.28217225085263636,37.657519303499996,0,0.2680755510812318,0.09280201696537427,68.7186317760816,AI Recoverable,CONTINUE_MONITORING,1
27,51,5,0.0,NORMAL,LOW,59.876368758,100,0.06353544512614676,4,2,0.2540051283572248,54.9380999335,0,0.05929679803722557,0.06950853663228784,68.62596346708798,AI Recoverable,CONTINUE_MONITORING,0
27,51,6,0.0,NORMAL,LOW,64.3356394514,100,0.04230870045736439,2,1,0.1317315253430233,49.243652086,0,0.044125890424589365,0.026788409785618805,69.11772266875269,AI Recoverable,CONTINUE_MONITORING,0
27,51,7,0.0,NORMAL,LOW,63.292250368649995,100,0.0443515220758324,1,0,0.07882848934929107,46.3238439701,0,0.0456266012084653,0.06035846735466621,68.33433476973462,AI Recoverable,CONTINUE_MONITORING,0
27,51,8,0.0,NORMAL,LOW,57.659231489599996,100,0.008210774460608793,4,2,0.20697915829151747,57.6212118435,0,0.012835938387484746,0.09705650536933863,66.36616223885355,AI Recoverable,CONTINUE_MONITORING,0
27,51,9,0.0,RADIO_INTERFERENCE,HIGH,72.709212035,100,0.2428963344701818,1,0,0.2078826174056182,48.600587682,0,0.2680755510812318,0.11162266149970645,68.24811566272328,AI Recoverable,CONTINUE_MONITORING,1
27,51,10,0.2895961180222485,NORMAL,LOW,78.46677710200001,100,0.0,0,0,0.0,14.6997515205,0,0.0,0.09528733422793045,55.981952513523034,AI Recoverable,CONTINUE_MONITORING,0
27,52,1,0.2944811724661778,NORMAL,LOW,80.37965033115,100,0.0,0,0,0.0,8.898794442,0,0.0,0.07815694044762556,56.23923545249313,AI Recoverable,CONTINUE_MONITORING,0
27,52,2,0.0,NORMAL,LOW,70.312860925,100,0.12063048586046395,3,1,0.24047286439534796,37.820763832999994,0,0.12331838726863746,0.05785417012417282,70.69943933679133,AI Recoverable,CONTINUE_MONITORING,0
27,52,3,0.0,NORMAL,LOW,69.26576663,100,0.171921580700769,3,1,0.27894118552557673,45.508606315,0,0.17846608022836138,0.09541041635963365,71.33783200730815,AI Recoverable,CONTINUE_MONITORING,1
27,52,4,0.0,RADIO_INTERFERENCE,HIGH,77.25367768029999,100,0.23583644603539636,2,1,0.2768773345265473,36.3275722475,0,0.2573334317225409,0.08974402556156647,68.54646259889418,AI Recoverable,CONTINUE_MONITORING,1
27,52,5,0.0,NORMAL,LOW,60.7438183525,100,0.06557359943817749,4,2,0.25573755952245086,53.3943077095,0,0.06129365215730997,0.06842482040045939,68.71378800032517,AI Recoverable,CONTINUE_MONITORING,0
27,52,6,0.0,NORMAL,LOW,64.83328082259999,100,0.045167609523895605,2,1,0.1338757071429217,49.260059785500005,0,0.04376841984348934,0.02124889850928202,69.30981392618075,AI Recoverable,CONTINUE_MONITORING,0
27,52,7,0.0,NORMAL,LOW,62.98184588500001,100,0.04777515012280557,1,0,0.08105384757982362,48.0035049315,0,0.04509077925902531,0.05374444173170134,68.56279975175383,AI Recoverable,CONTINUE_MONITORING,0
27,52,8,0.0,NORMAL,LOW,55.75663268624999,100,0.005628859748415762,4,2,0.2047845307861534,60.2183794805,0,0.010879639189955635,0.11492285947264991,65.84830210005161,AI Recoverable,CONTINUE_MONITORING,0
27,52,9,0.0,RADIO_INTERFERENCE,HIGH,72.52718376889999,100,0.23583644603539636,1,0,0.20329368992300761,48.0272896205,0,0.2573334317225409,0.10573953056860574,68.14657497371819,AI Recoverable,CONTINUE_MONITORING,1
27,52,10,0.2895961180222485,NORMAL,LOW,77.32423514165,100,0.0,0,0,0.0,16.648824528000002,0,0.0,0.1111804585527596,55.58462440540231,AI Recoverable,CONTINUE_MONITORING,0
27,53,1,0.28963635778772795,NORMAL,LOW,80.25081954625001,100,0.0,0,0,0.0,8.212979556,0,0.0,0.07812870390672988,56.40950987976127,AI Recoverable,CONTINUE_MONITORING,0
27,53,2,0.0,NORMAL,LOW,69.88568001625,100,0.11788994575968488,3,1,0.23841745931976366,37.949479655,0,0.12214439191687264,0.05843190964795142,70.61844509316364,AI Recoverable,CONTINUE_MONITORING,0
27,53,3,0.0,NORMAL,LOW,70.2447453475,100,0.17681504408819493,3,1,0.2826112830661462,43.657048394499995,0,0.17473981468016123,0.08886171544289856,71.56215614249304,AI Recoverable,CONTINUE_MONITORING,1
27,53,4,0.0,RADIO_INTERFERENCE,HIGH,78.3882138892,100,0.2669454644526927,2,1,0.3002090983395195,35.52680910495,0,0.2517777457640183,0.10185973889524813,68.81019327431282,AI Recoverable,CONTINUE_MONITORING,1
27,53,5,0.0,NORMAL,LOW,61.6024666535,100,0.06423671616106504,4,2,0.2546012087369053,51.419309979999994,0,0.0635840658123904,0.060476420645188766,68.90866446521548,AI Recoverable,CONTINUE_MONITORING,0
27,53,6,0.0,NORMAL,LOW,64.7225153478,100,0.046628878706001554,2,1,0.13497165902950117,49.861545522,0,0.04381789244732342,0.02437677177303821,69.2613372042673,AI Recoverable,CONTINUE_MONITORING,0
27,53,7,0.0,NORMAL,LOW,63.874448497,100,0.056441703231171717,1,0,0.08668710710026162,47.145402043999994,0,0.044213364104817125,0.056507754188384385,68.65827385096198,AI Recoverable,CONTINUE_MONITORING,0
27,53,8,0.0,NORMAL,LOW,54.729660119849996,100,0.0023874813839123345,4,2,0.2020293591763255,60.5338204805,0,0.0087818201398502,0.13919545512667786,65.1556814509098,AI Recoverable,CONTINUE_MONITORING,0
27,53,9,0.0,RADIO_INTERFERENCE,HIGH,73.16053277745,100,0.2669454644526927,1,0,0.22351455189425024,48.865856866499996,0,0.2517777457640183,0.1207223559418672,68.33862784814735,AI Recoverable,CONTINUE_MONITORING,1
27,53,10,0.2895961180222485,NORMAL,LOW,77.74907374200001,100,0.0,0,0,0.0,16.3145840805,0,0.0,0.11522945430858567,55.48339951150666,AI Recoverable,CONTINUE_MONITORING,0
27,54,1,0.28963635778772795,NORMAL,LOW,79.40739459125,100,0.0,0,0,0.0,9.758883825,0,0.0,0.08229514920588665,56.30534874728236,AI Recoverable,CONTINUE_MONITORING,0
27,54,2,0.0,NORMAL,LOW,69.93197085925001,100,0.11791626296025562,3,1,0.23843719722019172,37.949086582,0,0.12053947609241102,0.05675759142911807,70.64478023440127,AI Recoverable,CONTINUE_MONITORING,0
27,54,3,0.0,NORMAL,LOW,71.09899285675002,100,0.18041947041847275,3,1,0.28531460281385457,42.813775002499995,0,0.17540736342012148,0.08731993592456444,71.67946464445654,AI Recoverable,CONTINUE_MONITORING,1
27,54,4,0.0,RADIO_INTERFERENCE,HIGH,78.74877150594999,100,0.282785309236631,2,1,0.31208898192747325,35.000466433300005,0,0.260469791143662,0.11380683775522882,68.91523315228852,AI Recoverable,CONTINUE_MONITORING,1
27,54,5,0.0,NORMAL,LOW,61.722564389500015,100,0.06544739924607576,4,2,0.25563028935916443,51.859525745499994,0,0.06394156816141491,0.06218690773238211,68.89369097322611,AI Recoverable,CONTINUE_MONITORING,0
27,54,6,0.0,NORMAL,LOW,64.80968031175,100,0.04750918222539988,2,1,0.1356318866690499,49.53681811199999,0,0.04434348817054164,0.019977483206547686,69.39418144604971,AI Recoverable,CONTINUE_MONITORING,0
27,54,7,0.0,NORMAL,LOW,62.793942089249995,100,0.05317938438816821,1,0,0.08456659985230934,48.897966317999995,0,0.048064709073834144,0.054855265208531345,68.67285314828841,AI Recoverable,CONTINUE_MONITORING,0
27,54,8,0.0,NORMAL,LOW,55.24063047367499,100,0.0015740941515922828,4,2,0.20133798002885345,59.151460344,0,0.006398675700619894,0.13323508543485008,65.26459150416679,AI Recoverable,CONTINUE_MONITORING,0
27,54,9,0.0,RADIO_INTERFERENCE,HIGH,73.4705021242,100,0.282785309236631,1,0,0.23381045100381015,48.1116595915,0,0.260469791143662,0.12643558289275258,68.59951452385043,AI Recoverable,CONTINUE_MONITORING,1
27,54,10,0.2895961180222485,NORMAL,LOW,77.983796344,100,0.0,0,0,0.0,15.786458226,0,0.0,0.11232815740362656,55.55593193413063,AI Recoverable,CONTINUE_MONITORING,0
27,55,1,0.28963635778772795,NORMAL,LOW,79.14948595370001,100,0.0,0,0,0.0,10.8579410055,0,0.0,0.08411114573107603,56.25994883415262,AI Recoverable,CONTINUE_MONITORING,0
27,55,2,0.0,NORMAL,LOW,69.35889219559999,100,0.12033175130358481,3,1,0.24024881347768862,39.4675503989,0,0.11987248744928972,0.05711079344340109,70.67759006447957,AI Recoverable,CONTINUE_MONITORING,0
27,55,3,0.0,NORMAL,LOW,71.261854513,100,0.1891866277296239,3,1,0.2918899707972179,43.623104360499994,0,0.1772336602333595,0.090723660605312,71.78797764179326,AI Recoverable,CONTINUE_MONITORING,1
27,55,4,0.0,RADIO_INTERFERENCE,HIGH,79.71564167399998,100,0.31249066026175665,2,1,0.3343679951963175,35.2332145946,0,0.26763283058765563,0.12850714159309584,69.21346297128429,AI Recoverable,CONTINUE_MONITORING,1
27,55,5,0.0,NORMAL,LOW,62.200590236249994,100,0.06440028253358027,4,2,0.25474024015354324,50.914744572000004,0,0.06469590043486122,0.057436796484248265,68.99904474291401,AI Recoverable,CONTINUE_MONITORING,0
27,55,6,0.0,NORMAL,LOW,65.6740655855,100,0.048636326603227496,2,1,0.13647724495242064,48.227418744999994,0,0.04528678973053383,0.022216890842190362,69.37017215831513,AI Recoverable,CONTINUE_MONITORING,0
27,55,7,0.004842151099499239,NORMAL,LOW,64.45616223775,100,0.05739948076166149,1,0,0.08730966249507997,46.3607588215,0,0.04917891940628459,0.05477796937817703,68.60085428635915,AI Recoverable,CONTINUE_MONITORING,0
27,55,8,0.0,NORMAL,LOW,54.756133865799995,100,0.0014349778516673762,4,2,0.20121973117391728,60.764875184,0,0.004675620429066445,0.13519026389847688,65.19569916386209,AI Recoverable,CONTINUE_MONITORING,0
27,55,9,0.0,RADIO_INTERFERENCE,HIGH,74.92565587789998,100,0.31249066026175665,1,0,0.25311892917014184,45.67866591799999,0,0.26763283058765563,0.1344290602782009,69.06541500415666,AI Recoverable,CONTINUE_MONITORING,1
27,55,10,0.2895961180222485,NORMAL,LOW,78.754268814,100,0.0,0,0,0.0,14.0528951685,0,0.0,0.09347254293494878,56.02732229584758,AI Recoverable,CONTINUE_MONITORING,0
27,56,1,0.28963635778772795,NORMAL,LOW,79.2987319243,100,0.0,0,0,0.0,9.936300186,0,0.0,0.08670079971617894,56.19520748452504,AI Recoverable,CONTINUE_MONITORING,0
27,56,2,0.0,NORMAL,LOW,69.0946520889,100,0.1201530695360325,3,1,0.24011480215202435,39.57511745185,0,0.12021253039457619,0.0582734993696431,70.64834921042534,AI Recoverable,CONTINUE_MONITORING,0
27,56,3,0.0,NORMAL,LOW,70.85530116950001,100,0.18500048547120063,3,1,0.2887503641034005,43.5141307925,0,0.18254901919059813,0.09165106217364438,71.73422334698888,AI Recoverable,CONTINUE_MONITORING,1
27,56,4,0.0,RADIO_INTERFERENCE,HIGH,78.96977788225,100,0.3034672631221177,2,1,0.3276004473415883,37.326988400999994,0,0.28148078810245913,0.12436625911170252,69.27499666567438,AI Recoverable,CONTINUE_MONITORING,1
27,56,5,0.0,NORMAL,LOW,62.73476377825,100,0.06627444758117562,4,2,0.2563332804439993,49.233661364999996,0,0.06456716671078042,0.06055748693970098,68.9572234452388,AI Recoverable,CONTINUE_MONITORING,0
27,56,6,0.0,NORMAL,LOW,65.74419239730001,100,0.05022051662759051,2,1,0.1376653874706929,47.773955025999996,0,0.046825995633192695,0.016980836771378183,69.54814936959927,AI Recoverable,CONTINUE_MONITORING,0
27,56,7,0.0,NORMAL,LOW,64.694194901,100,0.06370308828270588,1,0,0.09140700738375881,45.653547935,0,0.053500457909647955,0.06248865172547047,68.74685005161383,AI Recoverable,CONTINUE_MONITORING,0
27,56,8,0.0,NORMAL,LOW,53.60016057457499,100,0.0009779177873743654,5,2,0.2508312301192682,62.286752965000005,0,0.0031235596189677296,0.13226397075041096,65.24419468317689,AI Recoverable,CONTINUE_MONITORING,0
27,56,9,0.0,RADIO_INTERFERENCE,HIGH,75.13905092409999,100,0.3034672631221177,2,1,0.3276004473415883,45.095180743499995,0,0.28148078810245913,0.12971150738338066,69.14136545888243,AI Recoverable,CONTINUE_MONITORING,1
27,56,10,0.2895961180222485,NORMAL,LOW,79.21574303,100,0.0,0,0,0.0,13.0145781825,0,0.0,0.08943923660379305,56.12815495412647,AI Recoverable,CONTINUE_MONITORING,0
27,57,1,0.28963635778772795,NORMAL,LOW,78.9095300805,100,0.0,0,0,0.0,10.889242758000002,0,0.0,0.0857801626748721,56.21822341055772,AI Recoverable,CONTINUE_MONITORING,0
27,57,2,0.0,NORMAL,LOW,68.77589550125,100,0.1224670536804948,3,1,0.24185029026037108,41.30467907125,0,0.11961493301961279,0.05089731655587748,70.87305748990909,AI Recoverable,CONTINUE_MONITORING,0
27,57,3,0.0,NORMAL,LOW,70.16854824674999,100,0.18564777540072744,3,1,0.28923583155054555,45.067488423,0,0.18196819481851673,0.09868580889092204,71.56549223392666,AI Recoverable,CONTINUE_MONITORING,1
27,57,4,0.0,RADIO_INTERFERENCE,HIGH,78.01977080165001,100,0.294297459269469,2,1,0.3207230944521018,39.2361711725,0,0.2872536989718385,0.12173088881743577,69.21521395467188,AI Recoverable,CONTINUE_MONITORING,1
27,57,5,0.0,NORMAL,LOW,61.97840083725,100,0.06291438580780569,4,2,0.25347722793663485,50.264340231999995,0,0.06551287656876306,0.06331349788569474,68.83057903470137,AI Recoverable,CONTINUE_MONITORING,0
27,57,6,0.0,NORMAL,LOW,66.27049682205,100,0.05217297493882363,2,1,0.13912973120411773,46.57245328649999,0,0.048408906904333256,0.01804301191718083,69.57647326989029,AI Recoverable,CONTINUE_MONITORING,0
27,57,7,0.019424693642496292,NORMAL,LOW,66.20903777995,100,0.07345236127433828,1,0,0.09774403482831989,43.0879153173,0,0.05810075943492356,0.05268804393729476,68.55298944391626,AI Recoverable,CONTINUE_MONITORING,0
27,57,8,0.0,NORMAL,LOW,53.613934473475,100,0.002418658830763168,4,2,0.2020558600061487,63.67689525349999,0,0.0019738416654270065,0.1465231831517182,64.90503201447657,AI Recoverable,CONTINUE_MONITORING,0
27,57,9,0.0,RADIO_INTERFERENCE,HIGH,75.6847204334,100,0.294297459269469,1,0,0.24129334852515483,44.152390991,0,0.2872536989718385,0.12582306283639977,69.11290960419778,AI Recoverable,CONTINUE_MONITORING,1
27,57,10,0.2895961180222485,NORMAL,LOW,79.12981217800001,100,0.0,0,0,0.0,13.2079225995,0,0.0,0.08943923660379305,56.12815495412647,AI Recoverable,CONTINUE_MONITORING,0
27,58,1,0.28963635778772795,NORMAL,LOW,78.31568104835,100,0.0,0,0,0.0,12.416613786000001,0,0.0,0.08622911626053087,56.20699957091625,AI Recoverable,CONTINUE_MONITORING,0
27,58,2,0.0,NORMAL,LOW,69.247391189,100,0.11957781378457717,3,1,0.23968336033843288,39.395367757749995,0,0.1205662477577558,0.05823899963293844,70.64124376244564,AI Recoverable,CONTINUE_MONITORING,0
27,58,3,0.0,NORMAL,LOW,70.95890652699998,100,0.19004547899719268,3,1,0.29253410924789447,44.0752601625,0,0.18408404905536896,0.09267665942803505,71.82483358479665,AI Recoverable,CONTINUE_MONITORING,1
27,58,4,0.0,RADIO_INTERFERENCE,HIGH,79.88668886399999,100,0.32727856770622393,2,1,0.34545892577966797,37.162346915499995,0,0.292687299668814,0.1433717361500466,69.38815094706146,AI Recoverable,CONTINUE_MONITORING,1
27,58,5,0.0,NORMAL,LOW,61.89357804050001,100,0.05949979535354601,4,2,0.2505748260505141,50.480202268499994,0,0.06413256812850004,0.0584318241488988,68.87052598463345,AI Recoverable,CONTINUE_MONITORING,0
27,58,6,0.0,NORMAL,LOW,67.11880216914999,100,0.05028392190624207,2,1,0.13771294142968155,44.9592734194,0,0.04997539555579311,0.01655296303992837,69.59160831768457,AI Recoverable,CONTINUE_MONITORING,0
27,58,7,0.0,NORMAL,LOW,65.19943636029998,100,0.06719528447258352,1,0,0.0936769349071793,43.924334749699995,0,0.06462035089362786,0.05384993641133107,69.14386078810467,AI Recoverable,CONTINUE_MONITORING,0
27,58,8,0.0,NORMAL,LOW,52.590551247375004,100,0.002046499322141381,4,2,0.20173952442382018,65.30764083899999,0,0.001956635849972284,0.1497122795773661,64.81768935550839,AI Recoverable,CONTINUE_MONITORING,0
27,58,9,0.0,RADIO_INTERFERENCE,HIGH,77.47727047455,100,0.32727856770622393,1,0,0.2627310690090456,42.369249706,0,0.292687299668814,0.14503819402548013,69.34648950017562,AI Recoverable,CONTINUE_MONITORING,1
27,58,10,0.2895961180222485,NORMAL,LOW,79.35028189730001,100,0.0,0,0,0.0,12.5794541745,0,0.0,0.08943923660379305,56.12815495412647,AI Recoverable,CONTINUE_MONITORING,0
27,59,1,0.28963635778772795,NORMAL,LOW,78.27831143565001,100,0.0,0,0,0.0,12.375196317,0,0.0,0.08710314527417129,56.18514884557524,AI Recoverable,CONTINUE_MONITORING,0
27,59,2,0.0,NORMAL,LOW,68.63614181495001,100,0.12103160830895605,3,1,0.24077370623171704,40.227452194799994,0,0.11993577731246544,0.057899133117274015,70.67251161137193,AI Recoverable,CONTINUE_MONITORING,0
27,59,3,0.0,NORMAL,LOW,71.5334232415,100,0.18166902158670262,3,1,0.28625176619002696,43.04163224,0,0.18725562102156823,0.086696425486398,71.83852600478978,AI Recoverable,CONTINUE_MONITORING,1
27,59,4,0.0,RADIO_INTERFERENCE,HIGH,79.86835309770001,100,0.34290635055548846,2,1,0.35717976291661635,37.636822628,0,0.3110282666553349,0.1490236942390425,69.74281732168707,AI Recoverable,CONTINUE_MONITORING,1
27,59,5,0.0,NORMAL,LOW,62.2496171315,100,0.05894019581478339,4,2,0.2500991664425659,48.905317115,0,0.062445022079169465,0.06192199579057622,68.75520424232295,AI Recoverable,CONTINUE_MONITORING,0
27,59,6,0.0,NORMAL,LOW,67.42249584734998,100,0.048682432012032095,2,1,0.13651182400902406,44.08993238315,0,0.04992038569405231,0.015862802418257327,69.57628243672472,AI Recoverable,CONTINUE_MONITORING,0
27,59,7,0.0,NORMAL,LOW,65.60302502310002,100,0.07002407678920139,1,0,0.09551564991298091,42.72942905965,0,0.06424872922689909,0.05973981559100505,69.04947343827789,AI Recoverable,CONTINUE_MONITORING,0
27,59,8,0.0,NORMAL,LOW,52.486770609025,100,0.0030709543446059634,5,2,0.25261031119291505,66.5003649075,0,0.0017972505087378145,0.15484508773995842,64.70826439848054,AI Recoverable,CONTINUE_MONITORING,0
27,59,9,0.0,RADIO_INTERFERENCE,HIGH,78.3126370004,100,0.34290635055548846,2,1,0.35717976291661635,41.140807415000005,0,0.3110282666553349,0.15391332021291826,69.62057667234018,AI Recoverable,CONTINUE_MONITORING,1
27,59,10,0.2895961180222485,NORMAL,LOW,79.25833442209999,100,0.0,0,0,0.0,12.876476247,0,0.0,0.08987827593000808,56.117178970971096,AI Recoverable,CONTINUE_MONITORING,0
27,60,1,0.28963635778772795,NORMAL,LOW,78.68900062690001,100,0.0,0,0,0.0,11.339908524,0,0.0,0.08647991675440858,56.20072955856931,AI Recoverable,CONTINUE_MONITORING,0
27,60,2,0.0,NORMAL,LOW,68.19088297885,100,0.12032261375956808,3,1,0.24024196031967604,40.8575411704,0,0.12080806401859716,0.05752349652940236,70.67644550214227,AI Recoverable,CONTINUE_MONITORING,0
27,60,3,0.0,NORMAL,LOW,72.24051610225001,100,0.1798888942094329,3,1,0.2849166706570747,41.782920924,0,0.1849176209619734,0.08097513079264196,71.92257582399233,AI Recoverable,CONTINUE_MONITORING,1
27,60,4,0.0,RADIO_INTERFERENCE,HIGH,78.87546408225002,100,0.3282892227769487,2,1,0.3462169170827115,39.19449085150001,0,0.3241335472947543,0.14140256134150853,69.7720558949488,AI Recoverable,CONTINUE_MONITORING,1
27,60,5,0.0,NORMAL,LOW,63.17375736025001,100,0.056872698085354105,4,2,0.248341793372551,47.023885909499995,0,0.06136613373715975,0.05767097711958302,68.80934087108909,AI Recoverable,CONTINUE_MONITORING,0
27,60,6,0.0,NORMAL,LOW,67.58998654109999,100,0.0550015226733283,2,1,0.14125114200499622,43.76887847595,0,0.04960419369591784,0.017779702045218948,69.65157983929527,AI Recoverable,CONTINUE_MONITORING,0
27,60,7,0.0,NORMAL,LOW,66.94378917785,100,0.09009546610578727,1,0,0.10856205296876173,41.27508659815,0,0.06745562385802908,0.06080514782097901,69.45633686517155,AI Recoverable,CONTINUE_MONITORING,0
27,60,8,0.0,NORMAL,LOW,52.2162085238,100,0.0038931849539206444,5,2,0.25330920721083255,68.3055947355,0,0.0023141474424991045,0.14764604247017465,64.90985411174904,AI Recoverable,CONTINUE_MONITORING,0
27,60,9,0.0,RADIO_INTERFERENCE,HIGH,77.3493551771,100,0.3282892227769487,2,1,0.3462169170827115,42.191614804,0,0.3241335472947543,0.14257051575435098,69.74285703462773,AI Recoverable,CONTINUE_MONITORING,1
27,60,10,0.2895961180222485,NORMAL,LOW,80.00360463390001,100,0.0,0,0,0.0,10.8158228595,0,0.0,0.08321136856010336,56.28385165521872,AI Recoverable,CONTINUE_MONITORING,0
27,61,1,0.28963635778772795,NORMAL,LOW,79.23835620550001,100,0.0,0,0,0.0,9.403549119,0,0.0,0.08520796794822783,56.23252827872383,AI Recoverable,CONTINUE_MONITORING,0
27,61,2,0.0,NORMAL,LOW,69.0860786962,100,0.11626616749530891,3,1,0.23719962562148167,38.93645522005,0,0.12059408639761843,0.055739322156418636,70.63778115997191,AI Recoverable,CONTINUE_MONITORING,0
27,61,3,0.0,NORMAL,LOW,72.42006288725,100,0.1877206101304403,3,1,0.29079045759783023,41.76356264,0,0.18308190005596575,0.08599472886560744,71.93536298152827,AI Recoverable,CONTINUE_MONITORING,1
27,61,4,0.0,NORMAL,LOW,79.98710692259998,100,0.36487749889295323,2,1,0.3736581241697149,38.806142747,0,0.3219602077133193,0.15894084580247003,75.0436309099305,AI Recoverable,CONTINUE_MONITORING,1
27,61,5,0.0,NORMAL,LOW,63.04007607350002,100,0.05512040874758712,4,2,0.24685234743544907,46.2186355445,0,0.059692022595579305,0.05784587357784243,68.75318156146146,AI Recoverable,CONTINUE_MONITORING,0
27,61,6,0.0,NORMAL,LOW,69.16129862945002,100,0.059934759718986014,2,1,0.14495106978923952,41.8050159731,0,0.05239104834412081,0.040460265416603636,69.21109904240582,AI Recoverable,CONTINUE_MONITORING,0
27,61,7,0.0,NORMAL,LOW,67.50026950124999,100,0.09522253442521887,1,0,0.11189464737639226,40.404259685,0,0.07805447860118248,0.05910758316085318,69.70730589549487,AI Recoverable,CONTINUE_MONITORING,0
27,61,8,0.0,NORMAL,LOW,51.205658607425,100,0.0019649406316822053,5,2,0.2516701995369299,68.7928959465,0,0.0029049656196089664,0.15653809384182338,64.65489612278415,AI Recoverable,CONTINUE_MONITORING,0
27,61,9,0.0,NORMAL,LOW,78.1191213298,100,0.36487749889295323,2,1,0.3736581241697149,42.950076980000006,0,0.3219602077133193,0.16127939564244242,74.9851671639312,AI Recoverable,CONTINUE_MONITORING,1
27,61,10,0.2895961180222485,NORMAL,LOW,80.25520374415001,100,0.0,0,0,0.0,10.488591045000002,0,0.0,0.08803986015839949,56.163139365261316,AI Recoverable,CONTINUE_MONITORING,0
27,62,1,0.28963635778772795,NORMAL,LOW,78.83174037,100,0.0,0,0,0.0,10.3526788725,0,0.0,0.08798667452494924,56.16306061430579,AI Recoverable,CONTINUE_MONITORING,0
27,62,2,0.0,NORMAL,LOW,68.4264481527,100,0.11303412103323537,3,1,0.23477559077492652,40.93188309105,0,0.11883298623263938,0.048795917990690496,70.72911433322385,AI Recoverable,CONTINUE_MONITORING,0
27,62,3,0.0,NORMAL,LOW,71.66268182225001,100,0.18493017619832866,3,1,0.2886976321487465,43.7991738535,0,0.1858122322845615,0.08471473951056119,71.93885735904814,AI Recoverable,CONTINUE_MONITORING,1
27,62,4,0.0,NORMAL,LOW,79.1457578089,100,0.3696898165971292,2,1,0.37726736244784687,40.884110903999996,0,0.3415341235560376,0.1594269248777752,75.32346444555857,AI Recoverable,CONTINUE_MONITORING,1
27,62,5,0.0,NORMAL,LOW,63.182690530349994,100,0.05067478078057396,3,1,0.18800608558543047,45.6212134649,0,0.05760477035754681,0.052859028013146236,68.76806761885828,AI Recoverable,CONTINUE_MONITORING,0
27,62,6,0.0,NORMAL,LOW,68.27880449105001,100,0.05300837264949144,2,1,0.13975627948711858,42.76216697535,0,0.0552310134906135,0.025855568731325773,69.4660883696128,AI Recoverable,CONTINUE_MONITORING,0
27,62,7,0.0,NORMAL,LOW,67.25055042625,100,0.08603371016108807,1,0,0.10592191160470725,39.64335214175,0,0.08400532155696375,0.060917500575896844,69.53778990439397,AI Recoverable,CONTINUE_MONITORING,0
27,62,8,0.0,NORMAL,LOW,52.44158756567499,100,0.002367917312626279,4,2,0.20201272971573234,66.8781229075,0,0.002464675521140532,0.1575073274391714,64.63432191548465,AI Recoverable,CONTINUE_MONITORING,0
27,62,9,0.0,NORMAL,LOW,78.239622563,100,0.3696898165971292,2,1,0.37726736244784687,42.93968223900001,0,0.3415341235560376,0.16396562345225507,75.20999698119658,AI Recoverable,CONTINUE_MONITORING,1
27,62,10,0.2895961180222485,NORMAL,LOW,79.59339889325,100,0.0,0,0,0.0,11.7826758045,0,0.0,0.0859100914658062,56.21638358257614,AI Recoverable,CONTINUE_MONITORING,0
27,63,1,0.28963635778772795,NORMAL,LOW,79.46731769415,100,0.0,0,0,0.0,9.813236625,0,0.0,0.08306248027135232,56.28616547064571,AI Recoverable,CONTINUE_MONITORING,0
27,63,2,0.0,NORMAL,LOW,68.78296689955,100,0.10945331746214655,3,1,0.2320899880966099,39.9527436682,0,0.116542761723401,0.052951031596377485,70.53071817656749,AI Recoverable,CONTINUE_MONITORING,0
27,63,3,0.0,NORMAL,LOW,71.16732286165,100,0.1780238336359636,3,1,0.2835178752269727,45.217640997,0,0.18487463821659217,0.08653296868871607,71.74589883766728,AI Recoverable,CONTINUE_MONITORING,1
27,63,4,0.0,NORMAL,LOW,78.4609152165,100,0.38703772984744933,2,1,0.39027829738558695,42.318876668,0,0.35353274889316283,0.16695240616284235,75.60227193180955,AI Recoverable,CONTINUE_MONITORING,1
27,63,5,0.0,NORMAL,LOW,62.661441610699995,100,0.04721077567169604,3,1,0.18540808175377202,46.34415497604999,0,0.054557537263630426,0.05318883059579216,68.66007012117542,AI Recoverable,CONTINUE_MONITORING,0
27,63,6,0.0,NORMAL,LOW,68.2586721114,100,0.05570783794514288,2,1,0.14178087845885717,42.44697515195,0,0.053270053049258616,0.023579765590031276,69.55736314964467,AI Recoverable,CONTINUE_MONITORING,0
27,63,7,0.0,NORMAL,LOW,67.69762019875,100,0.09513793993726787,1,0,0.11183966095922412,39.067221079,0,0.08301006312186951,0.06439787928917773,69.6229124477346,AI Recoverable,CONTINUE_MONITORING,0
27,63,8,0.0,NORMAL,LOW,52.321669342724995,100,0.002814689566583138,4,2,0.2023924861315957,68.0542596545,0,0.00257846471288459,0.15753812038052517,64.64362542894737,AI Recoverable,CONTINUE_MONITORING,0
27,63,9,0.0,NORMAL,LOW,78.78690474275001,100,0.38703772984744933,2,1,0.39027829738558695,42.609621357500004,0,0.35353274889316283,0.17158990429053633,75.4863344786172,AI Recoverable,CONTINUE_MONITORING,1
27,63,10,0.2895961180222485,NORMAL,LOW,80.428970758,100,0.0,0,0,0.0,10.2848157945,0,0.0,0.08672736057786568,56.19595185477466,AI Recoverable,CONTINUE_MONITORING,0
27,64,1,0.28963635778772795,NORMAL,LOW,78.8339500515,100,0.0,0,0,0.0,10.341766647,0,0.0,0.0887088046107053,56.14500736216189,AI Recoverable,CONTINUE_MONITORING,0
27,64,2,0.0,NORMAL,LOW,67.48944005905,100,0.10896011225323152,3,1,0.23172008418992363,41.93827791845,0,0.11405109116693404,0.048906827398285446,70.59704247177683,AI Recoverable,CONTINUE_MONITORING,0
27,64,3,0.0,NORMAL,LOW,70.249237329,100,0.17028743560890117,3,1,0.2777155767066759,46.5040033165,0,0.1811197050973106,0.08683599346117021,71.54604592662186,AI Recoverable,CONTINUE_MONITORING,1
27,64,4,0.0,NORMAL,LOW,78.2091164027,100,0.3723356888424036,2,1,0.3792517666318027,41.4377020765,0,0.36710340556803045,0.15529144327063016,75.73546175076261,AI Recoverable,CONTINUE_MONITORING,1
27,64,5,0.0,NORMAL,LOW,62.846632843250006,100,0.046201256924809676,4,2,0.23927106838608825,45.725799672,0,0.05179787297550805,0.05219337357857268,68.63716952878694,AI Recoverable,CONTINUE_MONITORING,0
27,64,6,0.0,NORMAL,LOW,67.86451505680002,100,0.0594391642761092,2,1,0.14457937320708192,43.02629351925,0,0.054839240883400156,0.024974809752233873,69.61280545055033,AI Recoverable,CONTINUE_MONITORING,0
27,64,7,0.0,NORMAL,LOW,66.98867199095,100,0.09300617486470637,1,0,0.11045401366205915,40.1275551583,0,0.08965330381977923,0.06271306043927383,69.68883002451007,AI Recoverable,CONTINUE_MONITORING,0
27,64,8,0.0,NORMAL,LOW,54.180687944350005,100,0.005893953058551263,5,2,0.25500986009976856,65.4997765385,0,0.0028200430232934934,0.13510402868204985,65.26847877435272,AI Recoverable,CONTINUE_MONITORING,0
27,64,9,0.0,NORMAL,LOW,78.63356976074999,100,0.3723356888424036,2,1,0.3792517666318027,42.246141049,0,0.36710340556803045,0.16396562345225507,75.51860724622199,AI Recoverable,CONTINUE_MONITORING,1
27,64,10,0.2895961180222485,NORMAL,LOW,80.25919398045001,100,0.0,0,0,0.0,9.9878264145,0,0.0,0.08190865971380645,56.31641937637614,AI Recoverable,CONTINUE_MONITORING,0
27,65,1,0.28963635778772795,NORMAL,LOW,78.684582078,100,0.0,0,0,0.0,10.8248054085,0,0.0,0.08776775753842692,56.168533538968845,AI Recoverable,CONTINUE_MONITORING,0
27,65,2,0.0,NORMAL,LOW,67.45363303375001,100,0.10819554372363006,3,1,0.23114665779272253,41.98292506,0,0.11221312015645811,0.04795845719228953,70.58708064622994,AI Recoverable,CONTINUE_MONITORING,0
27,65,3,0.0,NORMAL,LOW,69.8903619205,100,0.1797310634488403,3,1,0.2847982975866302,46.9794365945,0,0.17720536365229966,0.0934325950108209,71.53086003022928,AI Recoverable,CONTINUE_MONITORING,1
27,65,4,0.0,NORMAL,LOW,76.75383862375,100,0.3604278761796267,2,1,0.37032090713472,43.387676376499996,0,0.3668129006266848,0.15336027556936715,75.5426796406252,AI Recoverable,CONTINUE_MONITORING,1
27,65,5,0.0,NORMAL,LOW,62.22662161069999,100,0.04429360768498904,3,1,0.18322020576374176,46.64677211905,0,0.049711565906845834,0.05739780744388745,68.44804262667105,AI Recoverable,CONTINUE_MONITORING,0
27,65,6,0.0,NORMAL,LOW,67.165784466,100,0.052548226299161484,2,1,0.13941116972437112,43.00104669235,0,0.05746458129966085,0.017251473565933928,69.69432349983148,AI Recoverable,CONTINUE_MONITORING,0
27,65,7,0.0,NORMAL,LOW,66.19108455785,100,0.0846893494132065,1,0,0.10504807711858422,40.2201600354,0,0.0922312680285815,0.062177767172067355,69.56165548924827,AI Recoverable,CONTINUE_MONITORING,0
27,65,8,0.0,NORMAL,LOW,53.55281442675,100,0.002957860493278942,4,2,0.20251418141928712,64.686222448,0,0.004139041890836273,0.1458072769384139,64.95536570531358,AI Recoverable,CONTINUE_MONITORING,0
27,65,9,0.0,NORMAL,LOW,78.3258313575,100,0.3604278761796267,2,1,0.37032090713472,42.354265182499994,0,0.3668129006266848,0.15957517517422115,75.38730715050384,AI Recoverable,CONTINUE_MONITORING,1
27,65,10,0.3187754235017754,NORMAL,LOW,79.41364434135,100,0.0,0,0,0.0,11.0048716215,0,0.0,0.082695710861586,55.275467405898205,AI Recoverable,CONTINUE_MONITORING,0
27,66,1,0.28963635778772795,NORMAL,LOW,79.04151334564999,100,0.0,0,0,0.0,10.5181709535,0,0.0,0.08757546743100064,56.1733407916545,AI Recoverable,CONTINUE_MONITORING,0
27,66,2,0.0,NORMAL,LOW,67.7602002708,100,0.10845197616471591,3,1,0.23133898212353693,42.107794747199996,0,0.11028595979254635,0.04579662994888045,70.62698337249776,AI Recoverable,CONTINUE_MONITORING,0
27,66,3,0.0,NORMAL,LOW,70.72351583985,100,0.18078613559968876,3,1,0.28558960169976655,46.093275278,0,0.18001635569779845,0.09023863780015873,71.65992032396778,AI Recoverable,CONTINUE_MONITORING,1
27,66,4,0.0,NORMAL,LOW,78.24552496935,100,0.3796870682914436,2,1,0.38476530121858266,41.390196041500005,0,0.36773996830422667,0.15941256910278567,75.7858268213015,AI Recoverable,CONTINUE_MONITORING,1
27,66,5,0.0,NORMAL,LOW,60.988830015,100,0.04288185419892218,4,2,0.23644957606908387,48.377261304,0,0.04737819847884853,0.059722705361132,68.33835143473863,AI Recoverable,CONTINUE_MONITORING,0
27,66,6,0.0,NORMAL,LOW,67.2495124454,100,0.053274703217884814,2,1,0.13995602741341362,43.176425698450004,0,0.05505383841419318,0.014806017115851722,69.74588202060333,AI Recoverable,CONTINUE_MONITORING,0
27,66,7,0.0,NORMAL,LOW,66.28730124635001,100,0.08668550042221596,1,0,0.10634557527444038,39.8627542354,0,0.08897936405617021,0.06213417004938593,69.57014939777136,AI Recoverable,CONTINUE_MONITORING,0
27,66,8,0.0,NORMAL,LOW,54.1737454223,100,0.004187851396511252,4,2,0.20355967368703456,64.29173276,0,0.0031272686967647382,0.14038412853134896,65.10542650161413,AI Recoverable,CONTINUE_MONITORING,0
27,66,9,0.0,RADIO_INTERFERENCE,HIGH,79.50002701004999,100,0.3796870682914436,1,0,0.29679659438943834,40.082674547500005,0,0.36773996830422667,0.16377793335943192,70.67669271488535,AI Recoverable,CONTINUE_MONITORING,1
27,66,10,0.3187754235017754,NORMAL,LOW,80.0422781086,100,0.0,0,0,0.0,9.209132325,0,0.0,0.0771737113541473,55.41351739358418,AI Recoverable,CONTINUE_MONITORING,0
27,67,1,0.28963635778772795,NORMAL,LOW,78.240220202,100,0.0,0,0,0.0,11.6877326265,0,0.0,0.08931418280377523,56.12987290733514,AI Recoverable,CONTINUE_MONITORING,0
27,67,2,0.0,NORMAL,LOW,67.6727830982,100,0.10884082053719776,3,1,0.2316306154028983,42.335328163049994,0,0.10926890273858908,0.045798853777413995,70.62453409369449,AI Recoverable,CONTINUE_MONITORING,0
27,67,3,0.0,NORMAL,LOW,69.99230929165,100,0.1833430709966285,3,1,0.28750730324747137,48.0853859155,0,0.1793620509087478,0.09539629684143536,71.57557450798416,AI Recoverable,CONTINUE_MONITORING,1
27,67,4,0.0,NORMAL,LOW,76.90159573525,100,0.37792038070241535,2,1,0.38344028552681153,43.54831203650001,0,0.3755910656535604,0.16006451848828607,75.81270530837676,AI Recoverable,CONTINUE_MONITORING,1
27,67,5,0.0,NORMAL,LOW,61.62168099950001,100,0.04405904867837091,4,2,0.2374501913766153,46.865221783,0,0.045241274796215376,0.05818947595593371,68.37885682263122,AI Recoverable,CONTINUE_MONITORING,0
27,67,6,0.0,NORMAL,LOW,67.72394787925,100,0.049610659145641306,2,1,0.13720799435923098,41.829508831,0,0.054339373579656014,0.015008094876882372,69.66040454678732,AI Recoverable,CONTINUE_MONITORING,0
27,67,7,0.0,NORMAL,LOW,65.3309679771,100,0.07278304633262084,1,0,0.09730898011620355,40.948970816899994,0,0.08838302459845265,0.06580046724762822,69.19447949144623,AI Recoverable,CONTINUE_MONITORING,0
27,67,8,0.0,NORMAL,LOW,54.18822408225,100,0.002823149460786398,5,2,0.25239967704166844,64.07714873999998,0,0.003807473474810498,0.1460761321539411,64.94263442011531,AI Recoverable,CONTINUE_MONITORING,0
27,67,9,0.0,NORMAL,LOW,79.50732209835,100,0.37792038070241535,2,1,0.38344028552681153,39.089036933,0,0.3755910656535604,0.16157993797054426,75.7748198213203,AI Recoverable,CONTINUE_MONITORING,1
27,67,10,0.2895961180222485,NORMAL,LOW,80.0920961903,100,0.0,0,0,0.0,10.1021946435,0,0.0,0.08190865971380645,56.31641937637614,AI Recoverable,CONTINUE_MONITORING,0
27,68,1,0.28963635778772795,NORMAL,LOW,78.9650411595,100,0.0,0,0,0.0,10.181847334499999,0,0.0,0.08733014567711728,56.17947383550159,AI Recoverable,CONTINUE_MONITORING,0
27,68,2,0.0,NORMAL,LOW,67.0364362985,100,0.10758864941327655,3,1,0.2306914870599574,44.331550277000005,0,0.10879849398088837,0.04138032585473239,70.7052497817061,AI Recoverable,CONTINUE_MONITORING,0
27,68,3,0.0,NORMAL,LOW,70.70162905950001,100,0.18958454573838648,3,1,0.29218840930378986,46.4113249725,0,0.17990693679959166,0.09487786539392484,71.71881364791552,AI Recoverable,CONTINUE_MONITORING,1
27,68,4,0.0,NORMAL,LOW,76.07273285564999,100,0.3368635710389538,2,1,0.3526476782792154,44.072526741,0,0.376213338351592,0.144877505737098,75.37746716086754,AI Recoverable,CONTINUE_MONITORING,1
27,68,5,0.0,NORMAL,LOW,60.330137941249994,100,0.042660976986649474,4,2,0.23626183043865207,48.9310162365,0,0.044668230645741575,0.06144365986342104,68.26381034960487,AI Recoverable,CONTINUE_MONITORING,0
27,68,6,0.0,NORMAL,LOW,67.18085117759999,100,0.04950064541876531,2,1,0.137125484064074,43.77855790965,0,0.052764480467443954,0.011294939181360486,69.73528423351573,AI Recoverable,CONTINUE_MONITORING,0
27,68,7,0.0,NORMAL,LOW,65.7453690268,100,0.07710346739178119,1,0,0.10011725380465777,40.3320231237,0,0.0823571954355887,0.06777172833865153,69.17134809372521,AI Recoverable,CONTINUE_MONITORING,0
27,68,8,0.0,NORMAL,LOW,53.990453524125,100,0.001188618902640308,4,2,0.20101032606724428,63.441714835999996,0,0.003461795394835458,0.1417942869482084,65.01353315829596,AI Recoverable,CONTINUE_MONITORING,0
27,68,9,0.0,NORMAL,LOW,78.7142157112,100,0.3368635710389538,1,0,0.26896132117532,39.118878339,0,0.376213338351592,0.1454472147432433,75.36322443571392,AI Recoverable,CONTINUE_MONITORING,1
27,68,10,0.3187754235017754,NORMAL,LOW,79.06130663489999,100,0.0,0,0,0.0,11.5960254435,0,0.0,0.08141802103853912,55.30740965147438,AI Recoverable,CONTINUE_MONITORING,0
27,69,1,0.28963635778772795,NORMAL,LOW,78.21995474375,100,0.0,0,0,0.0,11.951148177,0,0.0,0.08931418280377523,56.12987290733514,AI Recoverable,CONTINUE_MONITORING,0
27,69,2,0.0,NORMAL,LOW,66.69265619175,100,0.10438226331124771,3,1,0.22828669748343577,45.6333207465,0,0.10816178911687022,0.04304986567398861,70.59301651554394,AI Recoverable,CONTINUE_MONITORING,0
27,69,3,0.0,NORMAL,LOW,71.13284548915,100,0.1837704717481112,3,1,0.2878278538110834,45.6322180425,0,0.18339787891645826,0.0892886184379239,71.77717276317871,AI Recoverable,CONTINUE_MONITORING,1
27,69,4,0.0,NORMAL,LOW,75.891129521,100,0.32778530357339136,2,1,0.34583897768004357,43.686283048,0,0.3568719132193641,0.13989303619739357,75.12709929872662,AI Recoverable,CONTINUE_MONITORING,1
27,69,5,0.0,NORMAL,LOW,60.632908135499996,100,0.039053099315654406,4,2,0.23319513441830625,47.608080378,0,0.04361183732231862,0.06507384885467282,68.09033413816945,AI Recoverable,CONTINUE_MONITORING,0
27,69,6,0.0,NORMAL,LOW,66.81742781800001,100,0.05138766031640708,2,1,0.1385407452373053,43.860214201000005,0,0.05186246939568829,0.010490461415054941,69.78411636490864,AI Recoverable,CONTINUE_MONITORING,0
27,69,7,0.0,NORMAL,LOW,66.46523536355001,100,0.08984809584464046,1,0,0.10840126229901631,40.03539129745,0,0.08112849559696868,0.06592482527820864,69.46012624090727,AI Recoverable,CONTINUE_MONITORING,0
27,69,8,0.0,NORMAL,LOW,53.753815908375,100,0.0014974797748454006,4,2,0.2012728578086186,64.2253813495,0,0.0027437863344396346,0.14464595240276956,64.94123864877204,AI Recoverable,CONTINUE_MONITORING,0
27,69,9,0.0,RADIO_INTERFERENCE,HIGH,77.4946094875,100,0.32778530357339136,1,0,0.2630604473227044,41.009960477499995,0,0.3568719132193641,0.13702478936812923,70.19880546945824,AI Recoverable,CONTINUE_MONITORING,1
27,69,10,0.29933416768852256,NORMAL,LOW,78.3366189288,100,0.0,0,0,0.0,13.59965709,0,0.0,0.08932124520001017,55.79027300090145,AI Recoverable,CONTINUE_MONITORING,0
27,70,1,0.28963635778772795,NORMAL,LOW,77.9577285145,100,0.0,0,0,0.0,11.611893294,0,0.0,0.0956511025738156,55.97144991308413,AI Recoverable,CONTINUE_MONITORING,0
27,70,2,0.0,NORMAL,LOW,66.83635252200001,100,0.10458819584271595,3,1,0.22844114688203696,46.182398971,0,0.10655897443438384,0.04262284161243901,70.59178262088717,AI Recoverable,CONTINUE_MONITORING,0
27,70,3,0.0,NORMAL,LOW,72.34032817090001,100,0.1851377486481069,3,1,0.2888533114860802,43.589744662,0,0.18354128177886508,0.08223887409307284,71.98219593842397,AI Recoverable,CONTINUE_MONITORING,1
27,70,4,0.0,NORMAL,LOW,76.93077418959999,100,0.35567797507548427,2,1,0.36675848130661315,43.216166184,0,0.3479113790420337,0.15263173505948324,75.27687991544293,AI Recoverable,CONTINUE_MONITORING,1
27,70,5,0.0,NORMAL,LOW,60.82438427050001,100,0.04016268895222367,4,2,0.23413828560939015,48.23540603250001,0,0.04152873195573836,0.06368030315470286,68.12653351973428,AI Recoverable,CONTINUE_MONITORING,0
27,70,6,0.0,NORMAL,LOW,67.00884700965001,100,0.0473824313104423,2,1,0.13553682348283175,43.899847483349994,0,0.05130136331062253,0.01347681499027864,69.6237418845581,AI Recoverable,CONTINUE_MONITORING,0
27,70,7,0.0,NORMAL,LOW,66.7888459152,100,0.0855471881425956,1,0,0.10560567229268714,39.768393554549995,0,0.08450975307001722,0.06365959341449123,69.46455145818979,AI Recoverable,CONTINUE_MONITORING,0
27,70,8,0.0,NORMAL,LOW,52.249370146,100,0.00042128653864841525,4,2,0.20035809355785117,66.5287739145,0,0.0022209383363823425,0.1371269474615111,65.10246142759901,AI Recoverable,CONTINUE_MONITORING,0
27,70,9,0.0,NORMAL,LOW,78.5187939753,100,0.35567797507548427,1,0,0.28119068379906476,40.222681296000005,0,0.3479113790420337,0.15333653262566582,75.25925997628838,AI Recoverable,CONTINUE_MONITORING,1
27,70,10,0.3187754235017754,NORMAL,LOW,78.6090853216,100,0.0,0,0,0.0,12.6607874445,0,0.0,0.0838453834233488,55.24672559185414,AI Recoverable,CONTINUE_MONITORING,0
27,71,1,0.28963635778772795,NORMAL,LOW,77.30778108300001,100,0.0,0,0,0.0,12.202746669000001,0,0.0,0.09613395926900614,55.95937849570437,AI Recoverable,CONTINUE_MONITORING,0
27,71,2,0.0,NORMAL,LOW,73.5289550525,100,0.22825414942384586,3,1,0.32119061206788435,40.0189498605,0,0.10611572549049633,0.09333695332214731,71.7928164103282,AI Recoverable,CONTINUE_MONITORING,1
27,71,3,0.0,NORMAL,LOW,71.8848176285,100,0.1923464645984698,3,1,0.29425984844885233,44.193704796,0,0.18470840077676112,0.08796874480746919,71.99479467955027,AI Recoverable,CONTINUE_MONITORING,1
27,71,4,0.0,NORMAL,LOW,78.46689624015,100,0.38827666171702424,2,1,0.3912074962877682,40.4037360425,0,0.35561419433808167,0.1659283897853876,75.6734654330866,AI Recoverable,CONTINUE_MONITORING,1
27,71,5,0.0,NORMAL,LOW,60.76579120750001,100,0.03865741008231973,4,2,0.23285879856997177,47.341817499499996,0,0.04128328022412198,0.06634736058488133,68.02729698926558,AI Recoverable,CONTINUE_MONITORING,0
27,71,6,0.0,NORMAL,LOW,66.38493282990001,100,0.050137057488618055,2,1,0.13760279311646356,45.7547232948,0,0.0493765833104124,0.017398095357111787,69.56155459894867,AI Recoverable,CONTINUE_MONITORING,0
27,71,7,0.0,NORMAL,LOW,67.13224461225,100,0.0928285830595542,1,0,0.11033857898871025,39.968830471749996,0,0.08333957818151824,0.06304504678574263,69.6138412733627,AI Recoverable,CONTINUE_MONITORING,0
27,71,8,0.255724879296152,NORMAL,LOW,76.03318920400001,100,0.0,4,2,0.2,20.175324291,0,0.001542960011874973,0.11856347190403715,58.317903733214585,AI Recoverable,REROUTE,0
27,71,9,0.0,NORMAL,LOW,78.97128555075,100,0.38827666171702424,1,0,0.30237983011606573,40.025251973,0,0.35561419433808167,0.16792724278047588,75.6234941082094,AI Recoverable,CONTINUE_MONITORING,1
27,71,10,0.2944893530100727,NORMAL,LOW,78.24810470425,100,0.0,0,0,0.0,12.752544393,0,0.0,0.0863036529772212,56.035281320216924,AI Recoverable,CONTINUE_MONITORING,0
27,72,1,0.28963635778772795,NORMAL,LOW,76.644047341,100,0.0,0,0,0.0,12.889798164,0,0.0,0.1023036353762542,55.805136593023164,AI Recoverable,CONTINUE_MONITORING,0
27,72,2,0.0,NORMAL,LOW,74.12392136925,100,0.23504035660291828,3,1,0.32628026745218874,39.562929728,0,0.1599878158211135,0.09032842516769424,72.54247466107714,AI Recoverable,CONTINUE_MONITORING,1
27,72,3,0.0,NORMAL,LOW,72.32964323975001,100,0.19340907847439637,3,1,0.29505680885579727,42.60805035,0,0.18848946162169933,0.09002565511961247,72.0024348077146,AI Recoverable,CONTINUE_MONITORING,1
27,72,4,0.0,NORMAL,LOW,77.77031471425,100,0.39548342385560004,2,1,0.3966125678917001,41.795257491499996,0,0.3665963434101249,0.170179483017597,75.82114483577331,AI Recoverable,CONTINUE_MONITORING,1
27,72,5,0.0,NORMAL,LOW,60.98203338585,100,0.04107235037680009,4,2,0.2349114978202801,46.71886113165,0,0.040240274386826466,0.06500591674920331,68.09870183267418,AI Recoverable,CONTINUE_MONITORING,0
27,72,6,0.0,NORMAL,LOW,66.13819152025,100,0.04332075590562251,2,1,0.1324905669292169,45.7082066463,0,0.04976370076176778,0.028610634072982477,69.14878627390556,AI Recoverable,CONTINUE_MONITORING,0
27,72,7,0.0,NORMAL,LOW,65.6921134805,100,0.07246229974693848,1,0,0.09710049483551002,41.074969208,0,0.08638402822583317,0.0662235074942229,69.15749858984152,AI Recoverable,CONTINUE_MONITORING,0
27,72,8,0.255724879296152,NORMAL,LOW,76.20840558249999,100,0.0,4,2,0.2,18.985567576500003,0,0.000830274854768873,0.11205860268996337,58.325030584785644,AI Recoverable,REROUTE,0
27,72,9,0.0,NORMAL,LOW,79.89773118015,100,0.39548342385560004,1,0,0.30706422550614004,38.3796529295,0,0.3665963434101249,0.17041221513149307,75.81532653292591,AI Recoverable,CONTINUE_MONITORING,1
27,72,10,0.2944893530100727,NORMAL,LOW,78.78598118995001,100,0.0,0,0,0.0,10.944786717,0,0.0,0.08684787537285343,56.02167576032612,AI Recoverable,CONTINUE_MONITORING,0
27,73,1,0.28963635778772795,NORMAL,LOW,76.0658486465,100,0.0,0,0,0.0,14.6089589085,0,0.0,0.10311614310613393,55.78482389977617,AI Recoverable,CONTINUE_MONITORING,0
27,73,2,0.0,NORMAL,LOW,67.4488724185,100,0.10664162191745584,3,1,0.22998121643809188,44.5904953885,0,0.17969161302403608,0.03622140105418015,71.52421354223497,AI Recoverable,CONTINUE_MONITORING,0
27,73,3,0.0,NORMAL,LOW,71.68315613824998,100,0.1851435899789304,3,1,0.2888576924841978,42.542350362499995,0,0.1902174868313648,0.08714357280594065,71.92645734774374,AI Recoverable,CONTINUE_MONITORING,1
27,73,4,0.0,NORMAL,LOW,78.81030226329999,100,0.39452225745811664,2,1,0.3958916930935875,39.773746394,0,0.3712171980931435,0.16863194977565676,75.88681838570236,AI Recoverable,CONTINUE_MONITORING,1
27,73,5,0.0,NORMAL,LOW,60.81081311825001,100,0.042522766698668155,4,2,0.23614435169386794,47.7990109215,0,0.04054661871295066,0.06178200343502194,68.21137143522732,AI Recoverable,CONTINUE_MONITORING,0
27,73,6,0.0,NORMAL,LOW,67.36408820095,100,0.05087033681851998,2,1,0.13815275261388998,43.994812767499994,0,0.04683822383326648,0.012790977990522201,69.66601452494,AI Recoverable,CONTINUE_MONITORING,0
27,73,7,0.0,NORMAL,LOW,66.20275800894998,100,0.09017704786088415,1,0,0.10861508110957471,42.143966422549994,0,0.08022923871005293,0.058715633114853505,69.63794251644687,AI Recoverable,CONTINUE_MONITORING,0
27,73,8,0.0,NORMAL,LOW,51.648739015125,100,0.00026837750403792244,5,2,0.2502281208784322,67.001701621,0,0.00043503393025877727,0.1378536819313435,65.06337584109974,AI Recoverable,CONTINUE_MONITORING,0
27,73,9,0.0,NORMAL,LOW,79.87770920335,100,0.39452225745811664,2,1,0.3958916930935875,38.2319854415,0,0.3712171980931435,0.17041221513149307,75.84231175180642,AI Recoverable,CONTINUE_MONITORING,1
27,73,10,0.2944893530100727,NORMAL,LOW,78.123652421,100,0.0,0,0,0.0,11.485646118,0,0.0,0.08930743215112946,55.96018684086922,AI Recoverable,CONTINUE_MONITORING,0
27,74,1,0.28963635778772795,NORMAL,LOW,75.7741165275,100,0.0,0,0,0.0,15.076717173000002,0,0.0,0.12307590679569214,55.28582980753721,AI Recoverable,CONTINUE_MONITORING,0
27,74,2,0.0,NORMAL,LOW,67.641903319,100,0.10339744271764997,3,1,0.22754808203823748,43.660905741,0,0.14103940876898247,0.035506398495277036,71.0906829796609,AI Recoverable,CONTINUE_MONITORING,0
27,74,3,0.0,NORMAL,LOW,70.47821683574999,100,0.17708196832824588,3,1,0.2828114762461844,43.7369884475,0,0.1871161064764012,0.08819544200465623,71.70791438121252,AI Recoverable,CONTINUE_MONITORING,1
27,74,4,0.0,NORMAL,LOW,77.72070132005001,100,0.35261723124053657,2,1,0.36446292343040243,41.1114982925,0,0.3790010642725813,0.14726353731831354,75.66076683457871,AI Recoverable,CONTINUE_MONITORING,1
27,74,5,0.0,NORMAL,LOW,61.54178274085,100,0.04224612560132633,4,2,0.2359092067611274,46.016996215400006,0,0.04096239416919369,0.06486720329338358,68.13286637138387,AI Recoverable,CONTINUE_MONITORING,0
27,74,6,0.0,NORMAL,LOW,66.4903427489,100,0.04983851399984945,2,1,0.13737888549988708,45.73566898685,0,0.049294854903101384,0.01927715569095778,69.50778993675407,AI Recoverable,CONTINUE_MONITORING,0
27,74,7,0.0,NORMAL,LOW,66.89864243129999,100,0.09126093625748102,1,0,0.10931960856736267,40.21809508695,0,0.08737396440991105,0.06351536021716808,69.61107436381953,AI Recoverable,CONTINUE_MONITORING,0
27,74,8,0.03401206578469356,NORMAL,LOW,51.09172324112501,100,1.6099863685758782e-05,5,2,0.2500136848841329,67.666444529,0,0.0003867133856658201,0.13611170594180577,63.91097418012095,AI Recoverable,CONTINUE_MONITORING,0
27,74,9,0.0,NORMAL,LOW,78.47105769425,100,0.35261723124053657,2,1,0.36446292343040243,40.2756085865,0,0.3790010642725813,0.15083977850475028,75.57136080491779,AI Recoverable,CONTINUE_MONITORING,1
27,74,10,0.2944893530100727,NORMAL,LOW,77.608752774,100,0.0,0,0,0.0,12.070676601,0,0.0,0.0935879872946439,55.85317296228135,AI Recoverable,CONTINUE_MONITORING,0
27,75,1,0.28963635778772795,NORMAL,LOW,74.959178417,100,0.0,0,0,0.0,16.827732535499997,0,0.0,0.12736780411118742,55.17853237464983,AI Recoverable,CONTINUE_MONITORING,0
27,75,2,0.0,NORMAL,LOW,67.60310938125001,100,0.10753758447293917,3,1,0.23065318835470439,44.7254777,0,0.139928280125937,0.03553599847043376,71.16163452895731,AI Recoverable,CONTINUE_MONITORING,0
27,75,3,0.0,NORMAL,LOW,69.9949755325,100,0.1732331592934708,3,1,0.2799248694701031,45.434501738,0,0.18376122950241466,0.09133373111664556,71.51893220297742,AI Recoverable,CONTINUE_MONITORING,1
27,75,4,0.0,NORMAL,LOW,76.86058872715,100,0.35439352607816244,2,1,0.36579514455862183,43.1142351885,0,0.3699060262807076,0.1519096325470206,75.48918997069481,AI Recoverable,CONTINUE_MONITORING,1
27,75,5,0.0,NORMAL,LOW,61.758378805,100,0.044787735239259614,4,2,0.2380695749533707,46.7380080525,0,0.041326425519985215,0.05666094836899316,68.3924952507602,AI Recoverable,CONTINUE_MONITORING,0
27,75,6,0.0,NORMAL,LOW,66.07672077835001,100,0.04757095318123959,2,1,0.13567821488592968,45.9131458437,0,0.048768427573182144,0.018530430897830685,69.47584256691084,AI Recoverable,CONTINUE_MONITORING,0
27,75,7,0.0,NORMAL,LOW,67.1325300094,100,0.08847766868067247,1,0,0.10751048464243712,40.26227084185,0,0.0878969285866878,0.06289191729838961,69.57622472702059,AI Recoverable,CONTINUE_MONITORING,0
27,75,8,0.004814007183170857,NORMAL,LOW,51.949089293725,100,0.00023016290478765017,4,2,0.20019563846906951,66.361877712,0,0.00010363690599782115,0.1337461419924374,64.9934958259338,AI Recoverable,CONTINUE_MONITORING,0
27,75,9,0.0,NORMAL,LOW,77.99253538375,100,0.35439352607816244,1,0,0.28035579195080557,41.8510091385,0,0.3699060262807076,0.1554531168810569,75.40060286234389,AI Recoverable,CONTINUE_MONITORING,1
27,75,10,0.2944893530100727,NORMAL,LOW,77.2569234705,100,0.0,0,0,0.0,12.1220994105,0,0.0,0.0969850053767074,55.76824751022976,AI Recoverable,CONTINUE_MONITORING,0
27,76,1,0.28963635778772795,NORMAL,LOW,75.7215593555,100,0.0,0,0,0.0,16.029009990000002,0,0.0,0.1197156803670093,55.369835468254294,AI Recoverable,CONTINUE_MONITORING,0
27,76,2,0.0,NORMAL,LOW,67.12155468849998,100,0.10753115530412345,3,1,0.2306483664780926,45.9323463395,0,0.141583237060755,0.04010833603508379,71.06374707581293,AI Recoverable,CONTINUE_MONITORING,0
27,76,3,0.0,NORMAL,LOW,69.67234053675001,100,0.17615901210244708,3,1,0.2821192590768353,46.1471448995,0,0.1809399442823331,0.09176104828548581,71.53855347773512,AI Recoverable,CONTINUE_MONITORING,1
27,76,4,0.0,NORMAL,LOW,79.55598221679999,100,0.39616062727151025,2,1,0.39712047045363263,39.8609406075,0,0.37025909187237027,0.16744390758438543,75.93970577454427,AI Recoverable,CONTINUE_MONITORING,1
27,76,5,0.0,NORMAL,LOW,63.20003149764999,100,0.04707523163636206,4,2,0.24001394689090777,44.349114487849995,0,0.04273641489155022,0.050217421316283595,68.61343324873565,AI Recoverable,CONTINUE_MONITORING,0
27,76,6,0.0,NORMAL,LOW,65.79164743755,100,0.043146909831316096,2,1,0.13236018237348707,45.5230939315,0,0.04811455238951081,0.029599042616268556,69.10410765511472,AI Recoverable,CONTINUE_MONITORING,0
27,76,7,0.0,NORMAL,LOW,65.07579844365,100,0.07294493594768225,1,0,0.09741420836599346,43.07403995235,0,0.08747221558897599,0.0608395387804086,69.31263240533319,AI Recoverable,CONTINUE_MONITORING,0
27,76,8,0.03880379230006271,NORMAL,LOW,52.18032500745,100,1.876465817312773e-05,4,2,0.20001594995944716,64.481512533,0,0.00014109850958788145,0.12012313893932369,64.14057507427405,AI Recoverable,CONTINUE_MONITORING,0
27,76,9,0.0,NORMAL,LOW,78.8663706607,100,0.39616062727151025,1,0,0.30750440772648163,41.5834366845,0,0.37025909187237027,0.17481105554341236,75.7555270755686,AI Recoverable,CONTINUE_MONITORING,1
27,76,10,0.2944893530100727,NORMAL,LOW,77.08310431000001,100,0.0,0,0,0.0,11.567332899,0,0.0,0.1028886464891886,55.62065648241774,AI Recoverable,CONTINUE_MONITORING,0
27,77,1,0.28963635778772795,NORMAL,LOW,76.3707613855,100,0.0,0,0,0.0,13.853552337,0,0.0,0.10277128175133043,55.79344543364626,AI Recoverable,CONTINUE_MONITORING,0
27,77,2,0.0,NORMAL,LOW,74.22165753125,100,0.24308324588542277,3,1,0.3323124344140671,39.0483938365,0,0.12468008913334919,0.0957586238730408,72.21450021221591,AI Recoverable,CONTINUE_MONITORING,1
27,77,3,0.0,NORMAL,LOW,68.4661497775,100,0.17283018222966343,3,1,0.27962263667224757,47.753665251499996,0,0.17955145677558282,0.10133616831805681,71.21871400439768,AI Recoverable,CONTINUE_MONITORING,1
27,77,4,0.0,NORMAL,LOW,78.98395325485001,100,0.3625730323865001,2,1,0.37192977428987506,38.7716447335,0,0.38389297740800266,0.15332451523637047,75.75727754090076,AI Recoverable,CONTINUE_MONITORING,1
27,77,5,0.0,NORMAL,LOW,63.12504184915001,100,0.05096983069897148,4,2,0.24332435609412578,45.81841696859999,0,0.04460115882824689,0.05306613361758972,68.63875486182215,AI Recoverable,CONTINUE_MONITORING,0
27,77,6,0.0,NORMAL,LOW,64.61142809555001,100,0.04164474325402835,2,1,0.13123355744052126,47.068741831,0,0.04580871871251149,0.027920450628928783,69.09297078648245,AI Recoverable,CONTINUE_MONITORING,0
27,77,7,0.0,NORMAL,LOW,65.33915503355,100,0.06999936233531107,1,0,0.0954995855179522,41.89140656545,0,0.08002868517341685,0.062346886197958695,69.14160194349141,AI Recoverable,CONTINUE_MONITORING,0
27,77,8,0.255724879296152,NORMAL,LOW,78.42595472705,100,0.0,4,2,0.2,13.735402758000001,0,8.030608774776259e-05,0.08909818841517747,58.33253027245586,AI Recoverable,REROUTE,0
27,77,9,0.0,NORMAL,LOW,77.28961513285,100,0.3625730323865001,1,0,0.2856724710512251,42.943240515999996,0,0.38389297740800266,0.15766840641487323,75.6486802614382,AI Recoverable,CONTINUE_MONITORING,1
27,77,10,0.2944893530100727,NORMAL,LOW,77.178313267,100,0.0,0,0,0.0,12.222405792000002,0,0.0,0.09839109600533558,55.73309524451406,AI Recoverable,CONTINUE_MONITORING,0
27,78,1,0.28963635778772795,NORMAL,LOW,76.93562727150001,100,0.0,0,0,0.0,12.2495656005,0,0.0,0.1023036353762542,55.805136593023164,AI Recoverable,CONTINUE_MONITORING,0
27,78,2,0.0,NORMAL,LOW,74.628045385,100,0.2429368200955308,3,1,0.33220261507164806,38.626301621,0,0.16647172080728959,0.09552812084307416,72.63525058890666,AI Recoverable,CONTINUE_MONITORING,1
27,78,3,0.0,NORMAL,LOW,69.276532164,100,0.16877030985681082,3,1,0.2765777323926081,45.761445652,0,0.1756717623394851,0.09468447392356161,71.26501197244203,AI Recoverable,CONTINUE_MONITORING,1
27,78,4,0.0,NORMAL,LOW,77.26568664615002,100,0.33263939478436333,2,1,0.3494795460882725,40.8503560315,0,0.36920924413682565,0.14293924449561823,75.27139922466506,AI Recoverable,CONTINUE_MONITORING,1
27,78,5,0.0,NORMAL,LOW,63.03151916925,100,0.05297311458982185,4,2,0.2450271474013486,46.983727867499994,0,0.047155185792133715,0.05207773653330516,68.72907073638514,AI Recoverable,CONTINUE_MONITORING,0
27,78,6,0.0,NORMAL,LOW,65.31369548490001,100,0.045698922400766784,2,1,0.1342741918005751,45.4177662,0,0.04512342696810199,0.02187789561562392,69.31826532730577,AI Recoverable,CONTINUE_MONITORING,0
27,78,7,0.0,NORMAL,LOW,66.49608415225,100,0.07250175769087899,1,0,0.09712614249907135,40.329883708,0,0.07880020185207764,0.06716232046131809,69.05897916080539,AI Recoverable,CONTINUE_MONITORING,0
27,78,8,0.255724879296152,NORMAL,LOW,77.7661462129,100,0.0,4,2,0.2,15.134952842999999,0,7.467669029582427e-05,0.1047215459700056,58.33258656643038,AI Recoverable,REROUTE,0
27,78,9,0.0,NORMAL,LOW,75.45182273645001,100,0.33263939478436333,1,0,0.2662156066098362,44.9860541215,0,0.36920924413682565,0.14415633240946912,75.24097202681878,AI Recoverable,CONTINUE_MONITORING,1
27,78,10,0.2944893530100727,NORMAL,LOW,77.4060151215,100,0.0,0,0,0.0,10.7800944345,0,0.0,0.10239490109121263,55.63300011736714,AI Recoverable,CONTINUE_MONITORING,0
27,79,1,0.28963635778772795,NORMAL,LOW,76.3205505005,100,0.0,0,0,0.0,14.0926148235,0,0.0,0.10053663769207455,55.849311535127654,AI Recoverable,CONTINUE_MONITORING,0
27,79,2,0.0,NORMAL,LOW,74.12382071425002,100,0.24321540301114855,3,1,0.3324115522583614,40.256941246,0,0.18550912081525248,0.09260171737502954,72.90435633399977,AI Recoverable,CONTINUE_MONITORING,1
27,79,3,0.0,NORMAL,LOW,69.249727751,100,0.17273116404333935,3,1,0.2795483730325045,45.690088478499995,0,0.17216154141053255,0.09676649822921435,71.25707623924174,AI Recoverable,CONTINUE_MONITORING,1
27,79,4,0.0,NORMAL,LOW,75.2672951009,100,0.29603629168739254,2,1,0.3220272187655444,43.475975483,0,0.35156555208185913,0.12510373316585188,74.80878802542014,AI Recoverable,CONTINUE_MONITORING,1
27,79,5,0.0,NORMAL,LOW,62.052443139000005,100,0.05280124415604655,4,2,0.24488105753263958,48.78496537899999,0,0.04921921966415034,0.05462639609663367,68.6825571773466,AI Recoverable,CONTINUE_MONITORING,0
27,79,6,0.0,NORMAL,LOW,65.4724317892,100,0.04479076221315506,2,1,0.1335930716598663,45.5565032362,0,0.04561568269363807,0.021659819660921675,69.31047657967643,AI Recoverable,CONTINUE_MONITORING,0
27,79,7,0.0,NORMAL,LOW,65.9233437595,100,0.06391710613877269,1,0,0.09154611899020225,40.859812997,0,0.0770763798349473,0.07208623920261537,68.74694994105954,AI Recoverable,CONTINUE_MONITORING,0
27,79,8,0.31370456316941486,NORMAL,LOW,77.32447037365,100,0.0,4,2,0.2,15.3735048225,0,3.710383973051513e-05,0.10327472240419522,58.33296229493603,AI Recoverable,REROUTE,0
27,79,9,0.0,NORMAL,LOW,73.5652065677,100,0.29603629168739254,1,0,0.24242358959680516,46.3644534245,0,0.35156555208185913,0.12934485534886364,74.70275997084485,AI Recoverable,CONTINUE_MONITORING,1
27,79,10,0.2944893530100727,NORMAL,LOW,77.2974756465,100,0.0,0,0,0.0,10.402823056499999,0,0.0,0.1032908200095004,55.61060214440994,AI Recoverable,CONTINUE_MONITORING,0
27,80,1,0.28963635778772795,NORMAL,LOW,76.7013371005,100,0.0,0,0,0.0,14.035717610999999,0,0.0,0.09684335988796289,55.941643480230454,AI Recoverable,CONTINUE_MONITORING,0
27,80,2,0.0,NORMAL,LOW,75.04007114125,100,0.24613730980752188,3,1,0.3346029823556414,38.9546316455,0,0.20516721013102762,0.09302875265107957,73.14869948118373,AI Recoverable,CONTINUE_MONITORING,1
27,80,3,0.0,NORMAL,LOW,70.11167402875,100,0.18100955651584233,3,1,0.2857571673868817,45.068745476000004,0,0.1727406850666042,0.0960139756853402,71.44724858884938,AI Recoverable,CONTINUE_MONITORING,1
27,80,4,0.0,NORMAL,LOW,73.75112517870001,100,0.2718618732995787,2,1,0.30389640497468406,45.558097126499995,0,0.33266328961532776,0.1148265998143434,74.39320536678626,AI Recoverable,CONTINUE_MONITORING,1
27,80,5,0.0,NORMAL,LOW,60.755439374,100,0.049226946602606146,4,2,0.24184290461221525,50.6601890735,0,0.05064537513167858,0.05408450712985613,68.63888000512249,AI Recoverable,CONTINUE_MONITORING,0
27,80,6,0.0,NORMAL,LOW,65.49856660955,100,0.041896231581626406,2,1,0.1314221736862198,44.7556998417,0,0.04463654938721734,0.027242456105601387,69.10322872286466,AI Recoverable,CONTINUE_MONITORING,0
27,80,7,0.0,NORMAL,LOW,65.97672671725,100,0.06642265252733755,1,0,0.09317472414276941,40.701648509,0,0.07067284815269624,0.06761491292494659,68.84480870895004,AI Recoverable,CONTINUE_MONITORING,0
27,80,8,0.2654199196736574,NORMAL,LOW,78.1302737979,100,0.0,4,2,0.2,14.4167956875,0,3.4849858814508906e-05,0.08939561033763543,58.33298483474518,AI Recoverable,REROUTE,0
27,80,9,0.0,NORMAL,LOW,72.18865903700001,100,0.2718618732995787,1,0,0.2267102176447262,48.0571788765,0,0.33266328961532776,0.11547975182066139,74.37687656662831,AI Recoverable,CONTINUE_MONITORING,1
27,80,10,0.2944893530100727,NORMAL,LOW,76.5943665645,100,0.0,0,0,0.0,12.3546454695,0,0.0,0.10494782163188399,55.56917710385035,AI Recoverable,CONTINUE_MONITORING,0
27,81,1,0.28963635778772795,NORMAL,LOW,75.61982871400001,100,0.0,0,0,0.0,15.954348762,0,0.0,0.12159682299057761,55.32280690266508,AI Recoverable,CONTINUE_MONITORING,0
27,81,2,0.0,NORMAL,LOW,74.73938908125001,100,0.24361711352123025,3,1,0.33271283514092265,39.619508006500006,0,0.22544774371678122,0.09238123941513743,73.31728872221397,AI Recoverable,CONTINUE_MONITORING,1
27,81,3,0.0,NORMAL,LOW,70.700879576,100,0.1739117467980117,3,1,0.28043381009850876,44.122429947499995,0,0.1763128984194871,0.0853622139916338,71.60730857036425,AI Recoverable,CONTINUE_MONITORING,1
27,81,4,0.0,NORMAL,LOW,74.06909437190001,100,0.26134305732483726,2,1,0.29600729299362794,44.295387679,0,0.3138565327099819,0.1030101723507092,74.29017216482883,AI Recoverable,CONTINUE_MONITORING,1
27,81,5,0.0,NORMAL,LOW,60.670901171000004,100,0.05249258121202047,4,2,0.2446186940302174,50.61627225550001,0,0.050194575456514984,0.05677610764887886,68.63239468758357,AI Recoverable,CONTINUE_MONITORING,0
27,81,6,0.0,NORMAL,LOW,65.6196137765,100,0.040838537028473405,2,1,0.13062890277135505,44.069446628499996,0,0.0429737291738129,0.03177845765595799,68.95204659090865,AI Recoverable,CONTINUE_MONITORING,0
27,81,7,0.0,NORMAL,LOW,64.73959097199999,100,0.054721643786930584,1,0,0.08556906846150489,41.468686554,0,0.06833680980779883,0.06560963396351283,68.63756012472878,AI Recoverable,CONTINUE_MONITORING,0
27,81,8,0.255724879296152,NORMAL,LOW,77.9975227724,100,0.0,4,2,0.2,15.4394045505,0,2.627052144237882e-06,0.10840994613967359,58.33330706281189,AI Recoverable,REROUTE,0
27,81,9,0.0,RADIO_INTERFERENCE,HIGH,71.82406236725,100,0.26134305732483726,1,0,0.21987298726114424,47.944766998,0,0.3138565327099819,0.11159511597351368,69.07554857425872,AI Recoverable,CONTINUE_MONITORING,1
27,81,10,0.2944893530100727,NORMAL,LOW,77.01620527850001,100,0.0,0,0,0.0,11.3031146565,0,0.0,0.10356097335530567,55.60384831076482,AI Recoverable,CONTINUE_MONITORING,0
27,82,1,0.28963635778772795,NORMAL,LOW,75.8543384755,100,0.0,0,0,0.0,15.7978335555,0,0.0,0.1190269667370617,55.38705330900298,AI Recoverable,CONTINUE_MONITORING,0
27,82,2,0.0,NORMAL,LOW,74.88671254175001,100,0.2426284584164083,3,1,0.3319713438123062,38.685662483499996,0,0.24374371898128866,0.09216083602881597,73.48598545742064,AI Recoverable,CONTINUE_MONITORING,1
27,82,3,0.0,NORMAL,LOW,70.10029025975001,100,0.1679216516852288,3,1,0.2759412387639216,45.433663134,0,0.17386893836151696,0.09017855692466403,71.34265849420314,AI Recoverable,CONTINUE_MONITORING,1
27,82,4,0.0,NORMAL,LOW,73.7755578095,100,0.27866008039052986,2,1,0.30899506029289736,44.980222555,0,0.29182642812502524,0.11475372723805077,74.12262270810956,AI Recoverable,CONTINUE_MONITORING,1
27,82,5,0.0,NORMAL,LOW,61.0340031275,100,0.05256835975830491,4,2,0.24468310579455918,49.707754291499995,0,0.051932694779931454,0.056929249037795615,68.64746291702052,AI Recoverable,CONTINUE_MONITORING,0
27,82,6,0.0,NORMAL,LOW,66.43380209485001,100,0.04412508522153934,2,1,0.1330938139161545,43.199946891349995,0,0.04233324861546902,0.02219158053409187,69.25104467723318,AI Recoverable,CONTINUE_MONITORING,0
27,82,7,0.0,NORMAL,LOW,65.450356087,100,0.06743561054203182,1,0,0.09383314685232069,42.354635303,0,0.0622752462831715,0.06210443171274893,68.91885388085363,AI Recoverable,CONTINUE_MONITORING,0
27,82,8,0.255724879296152,NORMAL,LOW,77.47342343125,100,0.0,4,2,0.2,16.687545615,0,0.0,0.11169151312247416,58.333333333333336,AI Recoverable,REROUTE,0
27,82,9,0.0,RADIO_INTERFERENCE,HIGH,71.5064540675,100,0.27866008039052986,1,0,0.23112905225384445,48.9299451895,0,0.29182642812502524,0.12723798843212497,68.81051617825771,AI Recoverable,CONTINUE_MONITORING,1
27,82,10,0.2944893530100727,NORMAL,LOW,76.51685486000001,100,0.0,0,0,0.0,11.708666712,0,0.0,0.10674779106406562,55.52417786804581,AI Recoverable,CONTINUE_MONITORING,0
27,83,1,0.28963635778772795,NORMAL,LOW,74.66040323450001,100,0.0,0,0,0.0,17.983758339,0,0.0,0.12691122176697334,55.189946933255186,AI Recoverable,CONTINUE_MONITORING,0
27,83,2,0.0,NORMAL,LOW,74.01573946675,100,0.2472653314435019,3,1,0.33544899858262645,40.706434269,0,0.24338345220418003,0.0971236894779055,73.4510489139642,AI Recoverable,CONTINUE_MONITORING,1
27,83,3,0.0,NORMAL,LOW,70.97007631500001,100,0.17613256918325904,3,1,0.28209942688744427,43.5580244555,0,0.17138471555146123,0.08486816936298869,71.61479430510506,AI Recoverable,CONTINUE_MONITORING,1
27,83,4,0.0,NORMAL,LOW,72.8898320462,100,0.2751219753752655,2,1,0.30634148153144913,46.815550695999995,0,0.2852737217652972,0.11868861142299114,73.88796143958349,AI Recoverable,CONTINUE_MONITORING,1
27,83,5,0.0,NORMAL,LOW,61.42529815700001,100,0.05125885908160558,4,2,0.24357003021936477,48.1513239435,0,0.05217922241212346,0.05489015137743458,68.67471562131747,AI Recoverable,CONTINUE_MONITORING,0
27,83,6,0.0,NORMAL,LOW,66.4393601107,100,0.03954895632448724,2,1,0.12966171724336545,42.598771602,0,0.043666460948840344,0.03385127157538581,68.88136194659349,AI Recoverable,CONTINUE_MONITORING,0
27,83,7,0.0,NORMAL,LOW,65.8000738802,100,0.06549848766157383,1,0,0.09257401698002299,42.11787144455,0,0.06573051105864276,0.059622670998588756,68.97670808885317,AI Recoverable,CONTINUE_MONITORING,0
27,83,8,0.255724879296152,NORMAL,LOW,76.45391244654999,100,0.0,4,2,0.2,18.922564683,0,0.0,0.11555944063120027,58.333333333333336,AI Recoverable,REROUTE,0
27,83,9,0.0,RADIO_INTERFERENCE,HIGH,70.9803558375,100,0.2751219753752655,1,0,0.2288292839939226,49.538526742,0,0.2852737217652972,0.12677368058482763,68.68583471053759,AI Recoverable,CONTINUE_MONITORING,1
27,83,10,0.2944893530100727,NORMAL,LOW,77.53515246250001,100,0.0,0,0,0.0,9.924420969,0,0.0,0.10239490109121263,55.63300011736714,AI Recoverable,CONTINUE_MONITORING,0
27,84,1,0.28963635778772795,NORMAL,LOW,74.940196306,100,0.0,0,0,0.0,18.285944211,0,0.0,0.12473596482684723,55.244328356758345,AI Recoverable,CONTINUE_MONITORING,0
27,84,2,0.0,NORMAL,LOW,73.22359279225,100,0.24407230767056548,3,1,0.33305423075292406,42.722352306,0,0.24538050570102404,0.09590486934140541,73.4376294768864,AI Recoverable,CONTINUE_MONITORING,1
27,84,3,0.0,NORMAL,LOW,71.41486901924999,100,0.17708886672255872,3,1,0.282816650041919,43.4784720795,0,0.17487870710657305,0.08281457593754482,71.72020000707829,AI Recoverable,CONTINUE_MONITORING,1
27,84,4,0.0,NORMAL,LOW,71.8334211155,100,0.258474906463163,2,1,0.2938561798473722,48.0239771935,0,0.2761598515434442,0.10941653146918917,73.69568335796797,AI Recoverable,CONTINUE_MONITORING,1
27,84,5,0.0,NORMAL,LOW,60.21308084025,100,0.04728801268476714,4,2,0.24019481078205207,50.09994993899999,0,0.05154637643796338,0.057549382109256086,68.52248946534357,AI Recoverable,CONTINUE_MONITORING,0
27,84,6,0.0,NORMAL,LOW,65.86902858135,100,0.04264485857786962,2,1,0.13198364393340223,44.498509537000004,0,0.04143262702904557,0.022216129575273635,69.21182020246599,AI Recoverable,CONTINUE_MONITORING,0
27,84,7,0.0,NORMAL,LOW,65.7227471659,100,0.07799511759059179,1,0,0.10069682643388467,42.9288136591,0,0.06416891639040265,0.06118014797307192,69.17208781638907,AI Recoverable,CONTINUE_MONITORING,0
27,84,8,0.27025465547779526,NORMAL,LOW,76.9102831575,100,0.0,4,2,0.2,16.9660510155,0,0.0,0.10698726770505096,58.333333333333336,AI Recoverable,REROUTE,0
27,84,9,0.0,RADIO_INTERFERENCE,HIGH,69.478545118,100,0.258474906463163,1,0,0.21800868920105598,52.0672102195,0,0.2761598515434442,0.13002465954960807,68.1804801559575,AI Recoverable,CONTINUE_MONITORING,1
27,84,10,0.2944893530100727,NORMAL,LOW,77.73664955400001,100,0.0,0,0,0.0,10.081157449500001,0,0.0,0.1017237570475873,55.64977871845777,AI Recoverable,CONTINUE_MONITORING,0
27,85,1,0.28963635778772795,NORMAL,LOW,75.256045879,100,0.0,0,0,0.0,17.0473444965,0,0.0,0.12218768850689743,55.30803526475708,AI Recoverable,CONTINUE_MONITORING,0
27,85,2,0.0,NORMAL,LOW,72.880131335,100,0.2458105597921215,3,1,0.33435791984409113,42.810056693,0,0.24454256522146156,0.10021519109491939,73.35625707068407,AI Recoverable,CONTINUE_MONITORING,1
27,85,3,0.0,NORMAL,LOW,70.31955730075,100,0.1716002944127314,3,1,0.27870022080954854,45.482734144999995,0,0.1757756747434537,0.08776819808521574,71.49555768355876,AI Recoverable,CONTINUE_MONITORING,1
27,85,4,0.0,NORMAL,LOW,70.68203898875001,100,0.24376973026838777,2,1,0.28282729770129084,49.799862921,0,0.2659071369384213,0.10581364305586605,73.3891248983553,AI Recoverable,CONTINUE_MONITORING,1
27,85,5,0.0,NORMAL,LOW,61.4389178425,100,0.05174062200894877,4,2,0.24397952870760647,48.32004950699999,0,0.04958327011293273,0.05401665504395137,68.68022876520952,AI Recoverable,CONTINUE_MONITORING,0
27,85,6,0.0,NORMAL,LOW,65.51282023370001,100,0.03847067441696557,2,1,0.1288530058127242,44.748587212749996,0,0.04206097119612033,0.029082059459233922,68.96297171381967,AI Recoverable,CONTINUE_MONITORING,0
27,85,7,0.0,NORMAL,LOW,64.14076990275,100,0.0634660192412369,1,0,0.091252912506804,43.977059522,0,0.0698888269723627,0.06449820729115507,68.85575347226948,AI Recoverable,CONTINUE_MONITORING,0
27,85,8,0.255724879296152,NORMAL,LOW,75.93773688235001,100,0.0,4,2,0.2,19.172851281,0,0.0,0.1122857384932976,58.333333333333336,AI Recoverable,REROUTE,0
27,85,9,0.0,NORMAL,LOW,68.22458727175001,100,0.24376973026838777,1,0,0.20845032467445207,54.783710269500006,0,0.2659071369384213,0.12379216714725494,72.93966179607058,AI Recoverable,CONTINUE_MONITORING,1
27,85,10,0.2944893530100727,NORMAL,LOW,77.8833127975,100,0.0,0,0,0.0,8.858798253,0,0.0,0.10163982874932531,55.65187692591432,AI Recoverable,CONTINUE_MONITORING,0
27,86,1,0.28963635778772795,NORMAL,LOW,74.500742203,100,0.0,0,0,0.0,19.075060008,0,0.0,0.12828447726676828,55.15561554576032,AI Recoverable,CONTINUE_MONITORING,0
27,86,2,0.0,NORMAL,LOW,72.24078403375,100,0.24514461593219208,3,1,0.33385846194914404,45.032922842,0,0.24501829585577226,0.10339473979365155,73.26820678236028,AI Recoverable,CONTINUE_MONITORING,1
27,86,3,0.0,NORMAL,LOW,69.62430711775,100,0.17831246091272038,3,1,0.28373434568454026,47.4627375915,0,0.17281180635606994,0.09387433710290949,71.44750885424236,AI Recoverable,CONTINUE_MONITORING,1
27,86,4,0.0,NORMAL,LOW,68.63848598749999,100,0.212045083208529,2,1,0.2590338124063968,52.770032208,0,0.257562684055622,0.10530238702673012,72.68396882905854,AI Recoverable,CONTINUE_MONITORING,1
27,86,5,0.0,NORMAL,LOW,60.792153991000006,100,0.050870678850671196,4,2,0.24324007702307054,50.04209424700001,0,0.05127096746707519,0.05417046932557479,68.6758615185448,AI Recoverable,CONTINUE_MONITORING,0
27,86,6,0.0,NORMAL,LOW,65.88518917065001,100,0.03808153153123413,2,1,0.1285611486484256,43.055068758,0,0.04032913794479659,0.038413448892092306,68.70458578777034,AI Recoverable,CONTINUE_MONITORING,0
27,86,7,0.0,NORMAL,LOW,62.456411816250004,100,0.05374112057445976,1,0,0.08493172837339885,46.314015143999995,0,0.06511616880750215,0.06659911016098352,68.56100634553962,AI Recoverable,CONTINUE_MONITORING,0
27,86,8,0.2991518991833152,NORMAL,LOW,74.88862354045,100,0.0,4,2,0.2,21.100853848499998,0,0.0,0.11455332978090749,58.333333333333336,AI Recoverable,REROUTE,0
27,86,9,0.0,NORMAL,LOW,67.1473378245,100,0.212045083208529,1,0,0.18782930408554388,56.069214822000006,0,0.257562684055622,0.11778170243034447,72.37198594396818,AI Recoverable,CONTINUE_MONITORING,1
27,86,10,0.2944893530100727,NORMAL,LOW,77.55272373000001,100,0.0,0,0,0.0,9.675116397,0,0.0,0.10258431694683467,55.62826472097658,AI Recoverable,CONTINUE_MONITORING,0
27,87,1,0.28963635778772795,NORMAL,LOW,75.221567418,100,0.0,0,0,0.0,17.3236420665,0,0.0,0.12172679646774176,55.31955756573598,AI Recoverable,CONTINUE_MONITORING,0
27,87,2,0.0,NORMAL,LOW,73.4729386435,100,0.2504919265719618,3,1,0.33786894492897135,42.911303114499994,0,0.2450323630353281,0.09896923205966768,73.48593136030081,AI Recoverable,CONTINUE_MONITORING,1
27,87,3,0.0,NORMAL,LOW,69.956243556,100,0.17930289518048959,3,1,0.2844771713853672,45.8516566895,0,0.17544155628212588,0.09220165904925748,71.53543199019961,AI Recoverable,CONTINUE_MONITORING,1
27,87,4,0.0,NORMAL,LOW,67.52056951375,100,0.1953039050860222,2,1,0.24647792881451666,53.872831733,0,0.24114357356138122,0.1039188478982982,72.2195426398768,AI Recoverable,CONTINUE_MONITORING,1
27,87,5,0.0,NORMAL,LOW,61.46325346375,100,0.05542451306300611,4,2,0.24711083610355522,49.2659816515,0,0.050782918189003025,0.05635218447648904,68.70751483123792,AI Recoverable,CONTINUE_MONITORING,0
27,87,6,0.0,NORMAL,LOW,65.58358763425001,100,0.036092035297817696,2,1,0.12706902647336327,42.885244467999996,0,0.03982641430946367,0.04427856261058172,68.51314078378644,AI Recoverable,CONTINUE_MONITORING,0
27,87,7,0.0,NORMAL,LOW,61.03294099625,100,0.0482962488510138,1,0,0.08139256175315898,48.26114003200001,0,0.0620614259577231,0.06780133812036226,68.39150578358844,AI Recoverable,CONTINUE_MONITORING,0
27,87,8,0.2991518991833152,NORMAL,LOW,75.78743464125,100,0.0,4,2,0.2,19.0543246245,0,0.0,0.11166317739090037,58.333333333333336,AI Recoverable,REROUTE,0
27,87,9,0.0,NORMAL,LOW,66.64562200885,100,0.1953039050860222,1,0,0.17694753830591442,56.7586526315,0,0.24114357356138122,0.10752923954747695,72.12928284864732,AI Recoverable,CONTINUE_MONITORING,1
27,87,10,0.2944893530100727,NORMAL,LOW,77.854703539,100,0.0,0,0,0.0,8.482751622,0,0.0,0.10072610109801183,55.674720117197154,AI Recoverable,CONTINUE_MONITORING,0
27,88,1,0.28963635778772795,NORMAL,LOW,75.61311725499999,100,0.0,0,0,0.0,15.523102764,0,0.0,0.1237208135404908,55.26970713891725,AI Recoverable,CONTINUE_MONITORING,0
27,88,2,0.0,NORMAL,LOW,72.6154284875,100,0.24856747792566417,3,1,0.3364256084442481,44.6840364185,0,0.2477374417690365,0.10229915201323136,73.39124517587287,AI Recoverable,CONTINUE_MONITORING,1
27,88,3,0.0,NORMAL,LOW,70.79438771324999,100,0.18338576555733002,3,1,0.28753932416799755,44.51979469249999,0,0.17733206065179313,0.08746921848438405,71.75430545555493,AI Recoverable,CONTINUE_MONITORING,1
27,88,4,0.0,NORMAL,LOW,67.8691049175,100,0.1920298030845046,2,1,0.24402235231337846,52.7672677775,0,0.22445135558199808,0.0947431947215226,72.216529749472,AI Recoverable,CONTINUE_MONITORING,1
27,88,5,0.0,NORMAL,LOW,60.604163632749994,100,0.05166917548269012,4,2,0.2439187991602866,51.2106972605,0,0.052548929915361656,0.05645884404003887,68.64740170780644,AI Recoverable,CONTINUE_MONITORING,0
27,88,6,0.0,NORMAL,LOW,66.3577454934,100,0.041308600268751106,2,1,0.13098145020156332,42.8834187574,0,0.0381049384501177,0.03083203345046759,68.93642055361451,AI Recoverable,CONTINUE_MONITORING,0
27,88,7,0.0,NORMAL,LOW,62.851335889599994,100,0.06152086724830644,1,0,0.08998856371139918,45.310282148400006,0,0.057748453803946775,0.07363246088687403,68.46709036083374,AI Recoverable,CONTINUE_MONITORING,0
27,88,8,0.270272013115564,NORMAL,LOW,74.93810932615,100,0.0,4,2,0.2,20.378945925,0,0.0,0.11455332978090749,58.333333333333336,AI Recoverable,REROUTE,0
27,88,9,0.0,NORMAL,LOW,65.6249476535,100,0.1920298030845046,1,0,0.17481937200492798,57.859139709500006,0,0.22445135558199808,0.10886290983109304,71.86353687173275,AI Recoverable,CONTINUE_MONITORING,1
27,88,10,0.2944893530100727,NORMAL,LOW,77.45825284,100,0.0,0,0,0.0,10.085047452,0,0.0,0.10261876717738927,55.62740346521272,AI Recoverable,CONTINUE_MONITORING,0
27,89,1,0.28963635778772795,NORMAL,LOW,74.392883095,100,0.0,0,0,0.0,17.337691872,0,0.0,0.12643932691045323,55.20174430466819,AI Recoverable,CONTINUE_MONITORING,0
27,89,2,0.0,NORMAL,LOW,72.48885822849999,100,0.24876061278809258,3,1,0.33657045959106946,45.53638354350001,0,0.24734240768264995,0.10562329570940454,73.30805393985324,AI Recoverable,CONTINUE_MONITORING,1
27,89,3,0.0,NORMAL,LOW,69.912495923,100,0.18199846332102995,3,1,0.2864988474907725,46.6577660545,0,0.1795723692572152,0.09542297045148995,71.55011869770549,AI Recoverable,CONTINUE_MONITORING,1
27,89,4,0.0,NORMAL,LOW,66.76401630375,100,0.1768702989260809,2,1,0.23265272419456068,54.2530732905,0,0.21183622086083628,0.0947385104922922,71.78730542482266,AI Recoverable,CONTINUE_MONITORING,1
27,89,5,0.0,NORMAL,LOW,61.188422863250004,100,0.05364920493943151,4,2,0.24560182419851678,49.996999740999996,0,0.051479772937418705,0.0557012126670956,68.69525151148542,AI Recoverable,CONTINUE_MONITORING,0
27,89,6,0.0,NORMAL,LOW,65.00856804864999,100,0.040438596072280175,2,1,0.13032894705421014,44.988396678849995,0,0.03991625809359466,0.033248253974144326,68.87672815302793,AI Recoverable,CONTINUE_MONITORING,0
27,89,7,0.0,NORMAL,LOW,62.412398780349996,100,0.057973343313130164,1,0,0.08768267315353462,45.56414170815,0,0.06115897246527715,0.07360496216072931,68.43093253689713,AI Recoverable,CONTINUE_MONITORING,0
27,89,8,0.3188499047280588,NORMAL,LOW,75.32378713015,100,0.0,4,2,0.2,19.7096611905,0,0.0,0.11432542699669601,58.333333333333336,AI Recoverable,REROUTE,0
27,89,9,0.0,NORMAL,LOW,65.54483061824999,100,0.1768702989260809,1,0,0.16496569430195257,56.270561323500004,0,0.21183622086083628,0.10454148209330627,71.5422311347973,AI Recoverable,CONTINUE_MONITORING,1
27,89,10,0.2944893530100727,NORMAL,LOW,77.242107242,100,0.0,0,0,0.0,10.487869528500001,0,0.0,0.10373923429861809,55.59939178718199,AI Recoverable,CONTINUE_MONITORING,0
28,0,1,0.0,NORMAL,LOW,65.04225993752499,100,0.02419048584823306,2,1,0.1181428643861748,45.687110615,0,0.024190485848233058,0.0842697880455121,67.11896987430919,AI Recoverable,CONTINUE_MONITORING,0
28,0,2,0.0,NORMAL,LOW,78.29284767515,100,0.2393208321640548,4,2,0.40342270733944663,34.980473837549994,0,0.23932083216405478,0.07907547189429143,73.70273816756435,AI Recoverable,CONTINUE_MONITORING,1
28,0,3,0.0,NORMAL,LOW,75.4941635794,100,0.15441129769800427,4,2,0.33124960304330364,36.350766643,0,0.15441129769800427,0.06739274405850892,71.4475203294774,AI Recoverable,CONTINUE_MONITORING,1
28,0,4,0.5454098115065014,NORMAL,LOW,85.00000000000001,100,0.0,1,0,0.05,0.0,0,0.0,0.08065537395856659,47.39427224830829,Human Intervention Required,CONTINUE_MONITORING,0
28,0,5,0.0,NORMAL,LOW,70.97454755410001,100,0.08392480219890314,1,0,0.10455112142928705,40.184339377949996,0,0.08392480219890314,0.04962430313497812,69.77713648759264,AI Recoverable,CONTINUE_MONITORING,0
28,0,6,0.0048033841754051496,NORMAL,LOW,60.364019299750005,100,0.0004565931782607522,2,1,0.10034244488369556,48.320976003999995,0,0.0004565931782607522,0.12715819007228335,65.16662459740155,AI Recoverable,CONTINUE_MONITORING,0
28,0,7,0.0,NORMAL,LOW,76.81429358529999,100,0.18818058163768148,4,2,0.3599534943920293,35.8447050022,0,0.18818058163768145,0.08891908990651931,71.92244020146745,AI Recoverable,CONTINUE_MONITORING,1
28,0,8,0.0,NORMAL,LOW,61.199136883825,100,0.0027080730595202386,3,1,0.15203105479464019,48.26752048705001,0,0.0027080730595202386,0.1414328162856694,65.04542178464386,AI Recoverable,CONTINUE_MONITORING,0
28,0,9,0.0,NORMAL,LOW,63.916032655375,100,0.011886077498332426,4,2,0.21010316587358258,45.4950333,0,0.011886077498332424,0.09931656701450764,66.37366814958727,AI Recoverable,CONTINUE_MONITORING,0
28,0,10,0.5454098115065014,NORMAL,LOW,84.89002593325002,100,0.0,1,0,0.05,0.0,0,0.0,0.08638600301918187,47.25100652179291,Human Intervention Required,CONTINUE_MONITORING,0
28,1,1,0.0,NORMAL,LOW,64.448775402375,100,0.02110948541390028,2,1,0.1158321140604252,46.505672849250004,0,0.024190485848233058,0.08501599086869771,67.0386947950429,AI Recoverable,CONTINUE_MONITORING,0
28,1,2,0.0,NORMAL,LOW,78.34956155455,100,0.2393553095334109,4,2,0.4034520131033993,34.84865855825,0,0.23932083216405478,0.07918877150987069,73.700595224562,AI Recoverable,CONTINUE_MONITORING,1
28,1,3,0.0,NORMAL,LOW,75.6560205385,100,0.15723358454881237,4,2,0.33364854686649054,36.236136457,0,0.15441129769800427,0.07043808506127858,71.42783254142432,AI Recoverable,CONTINUE_MONITORING,1
28,1,4,0.5454098115065014,NORMAL,LOW,85.00000000000001,100,0.0,1,0,0.05,0.0,0,0.0,0.08065537395856659,47.39427224830829,Human Intervention Required,CONTINUE_MONITORING,0
28,1,5,0.0,NORMAL,LOW,70.68149315859999,100,0.0808631956674899,1,0,0.10256107718386843,39.843169177,0,0.08392480219890314,0.045920827414016374,69.8084912499884,AI Recoverable,CONTINUE_MONITORING,0
28,1,6,0.014544161065825125,NORMAL,LOW,59.335362365900004,100,3.8657639111011177e-05,2,1,0.10002899322933326,49.73368008084999,0,0.0004565931782607522,0.11536312399322857,65.11221534743022,AI Recoverable,CONTINUE_MONITORING,0
28,1,7,0.0,NORMAL,LOW,75.52185729339999,100,0.1840384044038699,4,2,0.3564326437432894,37.922306160999995,0,0.18818058163768145,0.07947741861711255,72.07563843902639,AI Recoverable,CONTINUE_MONITORING,1
28,1,8,0.0,NORMAL,LOW,61.206770726274996,100,0.002540569666316724,3,1,0.15190542724973755,47.384808422999996,0,0.0027080730595202386,0.14300950715981264,65.00265444492621,AI Recoverable,CONTINUE_MONITORING,0
28,1,9,0.0,NORMAL,LOW,64.05433792449999,100,0.012512322207631201,4,2,0.21063547387648654,45.403642704,0,0.011886077498332424,0.0975292030354924,66.43087714324862,AI Recoverable,CONTINUE_MONITORING,0
28,1,10,0.255724879296152,NORMAL,LOW,84.088310625,100,0.0,1,0,0.05,1.5459107751,0,0.0,0.07862883774595819,57.58390828098572,AI Recoverable,CONTINUE_MONITORING,0
28,2,1,0.0,NORMAL,LOW,64.942192272725,100,0.02070620303519972,2,1,0.1155296522763998,45.3125514409,0,0.02218783556591675,0.08835139123826763,66.92721763540646,AI Recoverable,CONTINUE_MONITORING,0
28,2,2,0.0,NORMAL,LOW,78.6039121483,100,0.23804553931118216,3,1,0.32853415448338663,34.04981749264999,0,0.23934324245413624,0.08203530659569835,73.60346054587254,AI Recoverable,CONTINUE_MONITORING,1
28,2,3,0.0,NORMAL,LOW,75.01751709785,100,0.15881231453195602,4,2,0.33499046735216265,37.6065730964,0,0.15624578415102952,0.06466405445414147,71.62210277079586,AI Recoverable,CONTINUE_MONITORING,1
28,2,4,0.5454098115065014,NORMAL,LOW,84.94350008290002,100,0.0,1,0,0.05,0.0,0,0.0,0.08130512527899214,47.37802846529765,Human Intervention Required,CONTINUE_MONITORING,0
28,2,5,0.0,NORMAL,LOW,69.79826920295,100,0.07384096377781767,1,0,0.09799662645558149,40.327342791999996,0,0.08193475795348452,0.046535060088659375,69.63279035287471,AI Recoverable,CONTINUE_MONITORING,0
28,2,6,0.0,NORMAL,LOW,58.95738795057499,100,0.0002577972066841433,2,1,0.10019334790501311,51.169722867800004,0,0.00018493507781342053,0.11519090253725606,65.6272327314804,AI Recoverable,CONTINUE_MONITORING,0
28,2,7,0.0,NORMAL,LOW,75.55203067505,100,0.18437965713423166,4,2,0.35672270856409694,38.0839331634,0,0.18548816643570393,0.08173201009300413,71.99917455471657,AI Recoverable,CONTINUE_MONITORING,1
28,2,8,0.0,NORMAL,LOW,61.66943529737501,100,0.002869344807940446,2,1,0.10215200860595534,47.282855864999995,0,0.002599195853937954,0.14232490643731022,65.02525619376543,AI Recoverable,CONTINUE_MONITORING,0
28,2,9,0.0,NORMAL,LOW,62.953911689525,100,0.010906647258949513,4,2,0.2092706501701071,47.4377761986,0,0.012293136559376631,0.09205082953519872,66.5397935723928,AI Recoverable,CONTINUE_MONITORING,0
28,2,10,0.255724879296152,NORMAL,LOW,83.94772652195,100,0.0,1,0,0.05,1.2344097361500002,0,0.0,0.07456131843087221,57.68559626386287,AI Recoverable,CONTINUE_MONITORING,0
28,3,1,0.0,NORMAL,LOW,64.52312728714999,100,0.022346629713991158,2,1,0.11675997228549337,46.588315521599995,0,0.021613301579937627,0.08215775557558669,67.10912172068953,AI Recoverable,CONTINUE_MONITORING,0
28,3,2,0.0,NORMAL,LOW,78.93460880125,100,0.2408303087747662,3,1,0.33062273158107464,33.208776849,0,0.23864872069537246,0.08646587124621685,73.54144660129361,AI Recoverable,CONTINUE_MONITORING,1
28,3,3,0.0,NORMAL,LOW,74.58288703759999,100,0.16847440562971944,4,2,0.34320324478526154,39.08835590495,0,0.15741704027463377,0.06940397475523319,71.70855914645988,AI Recoverable,CONTINUE_MONITORING,1
28,3,4,0.5454098115065014,NORMAL,LOW,84.67245828745,100,0.0,1,0,0.05,0.0,0,0.0,0.07782186362707744,47.465110006595516,Human Intervention Required,CONTINUE_MONITORING,0
28,3,5,0.0,NORMAL,LOW,69.6266945521,100,0.0669179208776759,1,0,0.09349664857048934,40.670739772999994,0,0.07783238018366112,0.04503648944840388,69.49076998318003,AI Recoverable,CONTINUE_MONITORING,0
28,3,6,0.0,NORMAL,LOW,59.671555817074996,100,0.0016233485002896421,2,1,0.10121751137521724,51.005313212050005,0,0.0002530503676182879,0.13376065549110683,65.19098108640429,AI Recoverable,CONTINUE_MONITORING,0
28,3,7,0.0,NORMAL,LOW,76.4322370166,100,0.18571009447291084,4,2,0.35785358030197423,36.43369240075,0,0.18518691388128553,0.08586935986719113,71.91933703159128,AI Recoverable,CONTINUE_MONITORING,1
28,3,8,0.0048033841754051496,NORMAL,LOW,60.80467084142499,100,0.0011237683263537672,2,1,0.10084282624476533,47.929088300000004,0,0.0027550005335968625,0.1371554979891838,64.95301947599425,AI Recoverable,CONTINUE_MONITORING,0
28,3,9,0.0,NORMAL,LOW,62.3967633441,100,0.008887658605122303,4,2,0.20755450981435397,48.08663646065,0,0.01150983846949792,0.09722389205526183,66.36225425541588,AI Recoverable,CONTINUE_MONITORING,0
28,3,10,0.255724879296152,NORMAL,LOW,83.65518128545,100,0.0,1,0,0.05,2.0922484545000004,0,0.0,0.0781435780205395,57.59603977412119,AI Recoverable,CONTINUE_MONITORING,0
28,4,1,0.0,NORMAL,LOW,65.61663641200002,100,0.024065018243331487,2,1,0.11804876368249861,44.4637225105,0,0.022165729616179086,0.0804551573369312,67.19157872760513,AI Recoverable,CONTINUE_MONITORING,0
28,4,2,0.0,NORMAL,LOW,79.2557065216,100,0.24029825872817476,3,1,0.33022369404613106,33.225145227,0,0.23982069084452728,0.08584325720551611,73.55809065287087,AI Recoverable,CONTINUE_MONITORING,1
28,4,3,0.0,CHANNEL_CONGESTION,HIGH,73.9949754469,100,0.1701380264059857,4,2,0.34461732244508786,40.845741442999994,0,0.16235535211040195,0.07107796803346822,66.92245234523679,AI Recoverable,REROUTE,1
28,4,4,0.37173304654039896,NORMAL,LOW,84.8484033878,100,0.0,1,0,0.05,0.34109237745000004,0,0.0,0.07936521954958853,53.50521288234632,Human Intervention Required,CONTINUE_MONITORING,0
28,4,5,0.0,NORMAL,LOW,69.2777509985,100,0.062068125501622655,1,0,0.09034428157605473,41.82110101325,0,0.07354608070463292,0.05599777192857225,69.07687901886447,AI Recoverable,CONTINUE_MONITORING,0
28,4,6,0.0,NORMAL,LOW,61.258150673025,100,0.0037360602873954814,2,1,0.10280204521554662,48.67542910459999,0,0.0009028739418473637,0.13369920180928485,65.24126989993425,AI Recoverable,CONTINUE_MONITORING,0
28,4,7,0.0,NORMAL,LOW,75.31914884509999,100,0.1812135262200312,4,2,0.35403149728702654,38.67744405085,0,0.18561705743039467,0.0833885877539402,71.89572640485605,AI Recoverable,CONTINUE_MONITORING,1
28,4,8,0.0,NORMAL,LOW,60.73364528787499,100,0.0021991698818624636,2,1,0.10164937741139685,49.0087142895,0,0.001954437773429086,0.1399947453951499,65.06365914049279,AI Recoverable,CONTINUE_MONITORING,0
28,4,9,0.0,NORMAL,LOW,62.511665383225,100,0.010546871320853916,4,2,0.20896484062272583,48.32946591689999,0,0.010400021056292893,0.09092802529611055,66.54173700457724,AI Recoverable,CONTINUE_MONITORING,0
28,4,10,0.6179315165726659,NORMAL,LOW,84.17794715560001,100,0.0,1,0,0.05,0.0,0,0.0,0.08067155887592548,47.073239542001815,Human Intervention Required,NOTIFY_OPERATOR,1
28,5,1,0.0,NORMAL,LOW,65.81147699725001,100,0.02400927731913809,2,1,0.11800695798935357,44.014645725,0,0.022958000588651245,0.08381183763694866,67.11446961134556,AI Recoverable,CONTINUE_MONITORING,0
28,5,2,0.0,NORMAL,LOW,78.44151869545,100,0.23507566988128087,3,1,0.32630675241096063,35.092017854249995,0,0.23978851241007482,0.08995130818602737,73.35061581707566,AI Recoverable,CONTINUE_MONITORING,1
28,5,3,0.0,NORMAL,LOW,73.61543966424999,100,0.16757449024775298,4,2,0.34243831671059005,41.4816998375,0,0.16431115595582257,0.07105245986763487,71.7182898678224,AI Recoverable,CONTINUE_MONITORING,1
28,5,4,0.255724879296152,NORMAL,LOW,84.41039995540001,100,0.0,1,0,0.05,1.32660010035,0,0.0,0.07420319330082903,57.69454939211395,AI Recoverable,CONTINUE_MONITORING,0
28,5,5,0.0,NORMAL,LOW,68.36976278575,100,0.060288502366870944,1,0,0.08918752653846612,43.37696223605,0,0.07008653877377809,0.05062012358708334,69.1411323453981,AI Recoverable,CONTINUE_MONITORING,0
28,5,6,0.0,NORMAL,LOW,60.8169304076,100,0.00414238668387658,2,1,0.10310679001290744,49.137924172599995,0,0.0019765620398623884,0.12736844840995643,65.41840214382724,AI Recoverable,CONTINUE_MONITORING,0
28,5,7,0.0,NORMAL,LOW,74.40435400390001,100,0.17834432734698183,4,2,0.35159267824493456,40.309916464500006,0,0.18365717480763086,0.07434695377000888,72.04478445076572,AI Recoverable,CONTINUE_MONITORING,1
28,5,8,0.0,NORMAL,LOW,60.290737823925,100,0.002341944952822932,2,1,0.1017564587146172,49.76630787765,0,0.0022614805684378486,0.14109420007583506,65.04209870284494,AI Recoverable,CONTINUE_MONITORING,0
28,5,9,0.0,NORMAL,LOW,61.275713313625005,100,0.009170626023393068,4,2,0.20779503211988412,50.697629457000005,0,0.010827602160980684,0.08927447851776471,66.55982657913356,AI Recoverable,CONTINUE_MONITORING,0
28,5,10,0.5600139291371896,NORMAL,LOW,83.94529575475,100,0.0,1,0,0.05,0.0,0,0.0,0.08120193451435465,46.8694641173395,Human Intervention Required,CONTINUE_MONITORING,0
28,6,1,0.0,NORMAL,LOW,65.54386537825,100,0.022018464811487618,2,1,0.11651384860861572,44.226181423999996,0,0.02291590911731993,0.08701870550633828,66.99406074974449,AI Recoverable,CONTINUE_MONITORING,0
28,6,2,0.0,NORMAL,LOW,78.26230425335,100,0.23270645314188568,3,1,0.32452983985641426,34.72057961995,0,0.23762741303641835,0.07632697588717863,73.62222879602243,AI Recoverable,CONTINUE_MONITORING,1
28,6,3,0.0,CHANNEL_CONGESTION,HIGH,73.14297853975,100,0.16886300530390133,4,2,0.34353355450831613,42.376803748499995,0,0.1653849420653176,0.06895998104768997,66.89056266931003,AI Recoverable,REROUTE,1
28,6,4,0.255724879296152,NORMAL,LOW,84.24409798480002,100,0.0,1,0,0.05,1.7007795342,0,0.0,0.0739889383830743,57.69990576505782,AI Recoverable,CONTINUE_MONITORING,0
28,6,5,0.0,NORMAL,LOW,68.35414293190001,100,0.05474623390527206,1,0,0.08558505203842684,42.99727210535,0,0.06624356985686806,0.04215016488326295,69.20360625459254,AI Recoverable,CONTINUE_MONITORING,0
28,6,6,0.0,NORMAL,LOW,61.052734354775005,100,0.003942994983466985,2,1,0.10295724623760025,48.351691545499996,0,0.002614471049592934,0.1314074339830087,65.31981876059005,AI Recoverable,CONTINUE_MONITORING,0
28,6,7,0.0,NORMAL,LOW,73.67802547785,100,0.1716750751780206,4,2,0.34592381390131755,40.637908377,0,0.18141933954501813,0.07072471322234386,71.97957706845199,AI Recoverable,CONTINUE_MONITORING,1
28,6,8,0.0,NORMAL,LOW,61.597426322250016,100,0.0049582531847659,2,1,0.10371868988857443,47.63256075465,0,0.0022530551547883656,0.12851094557253517,65.40892197592981,AI Recoverable,CONTINUE_MONITORING,0
28,6,9,0.0,NORMAL,LOW,62.128197060474996,100,0.010859305940204966,4,2,0.20923041004917423,49.2821552784,0,0.01003456536525092,0.08723419078559969,66.63667700281661,AI Recoverable,CONTINUE_MONITORING,0
28,6,10,0.27033723670318244,NORMAL,LOW,83.6517598364,100,0.0,1,0,0.05,0.5913121572000001,0,0.0,0.07929438481720641,57.05583709495845,AI Recoverable,CONTINUE_MONITORING,0
28,7,1,0.0,NORMAL,LOW,65.020203615975,100,0.02268892983548463,2,1,0.11701669737661348,45.53790650265,0,0.022445922480687018,0.0836742559766257,67.08638142210093,AI Recoverable,CONTINUE_MONITORING,0
28,7,2,0.004841005451241671,NORMAL,LOW,78.13581109495,100,0.2260271908382225,3,1,0.31952039312866687,33.699314084,0,0.23598580811978626,0.08043344198422397,73.20013065756325,AI Recoverable,CONTINUE_MONITORING,1
28,7,3,0.0,CHANNEL_CONGESTION,HIGH,71.62617810500001,100,0.1492094093453398,4,2,0.3268279979435389,44.6923232395,0,0.16739961548787458,0.0616098014265033,66.84584894013626,AI Recoverable,REROUTE,1
28,7,4,0.255724879296152,NORMAL,LOW,82.938242116,100,0.0,1,0,0.05,3.83311539225,0,0.0,0.07287275342260247,57.72781038906961,AI Recoverable,CONTINUE_MONITORING,0
28,7,5,0.0,NORMAL,LOW,68.53971083550002,100,0.0507619080267901,1,0,0.08299524021741357,42.063462500250004,0,0.06092451467167791,0.038320948592521775,69.16645959243952,AI Recoverable,CONTINUE_MONITORING,0
28,7,6,0.0,NORMAL,LOW,61.64108080370001,100,0.00576883776342185,2,1,0.1043266283225664,47.031351303799994,0,0.0031012607676798917,0.11726097386207257,65.7148650163934,AI Recoverable,CONTINUE_MONITORING,0
28,7,7,0.0,NORMAL,LOW,72.44971854905,100,0.16931011413408398,4,2,0.3439135970139714,42.3740847095,0,0.17768769780271082,0.07131661330915251,71.88016392797996,AI Recoverable,CONTINUE_MONITORING,1
28,7,8,0.0,NORMAL,LOW,61.00561919842502,100,0.004234596994461467,2,1,0.10317594774584611,49.26175100855001,0,0.003376423316954141,0.1309048866171001,65.34583400763125,AI Recoverable,CONTINUE_MONITORING,0
28,7,9,0.0,NORMAL,LOW,62.05721763010001,100,0.008991243876750371,4,2,0.20764255729523784,48.8832215044,0,0.010309747062854816,0.09564528232847103,66.39179028995177,AI Recoverable,CONTINUE_MONITORING,0
28,7,10,0.26550321836616064,NORMAL,LOW,82.97286111555,100,0.0,1,0,0.05,1.88207204625,0,0.0,0.07706584013034601,57.28074135392573,AI Recoverable,CONTINUE_MONITORING,0
28,8,1,0.0,NORMAL,LOW,63.79325220409999,100,0.020646752700281733,2,1,0.1154850645252113,47.0533851487,0,0.022924643739926004,0.08001762760487097,67.1417408012831,AI Recoverable,CONTINUE_MONITORING,0
28,8,2,0.0,NORMAL,LOW,78.21996771220002,100,0.23257359641360956,3,1,0.32443019731020717,33.47797147799999,0,0.23229946064247295,0.08043344198422397,73.46363048509131,AI Recoverable,CONTINUE_MONITORING,1
28,8,3,0.0,CHANNEL_CONGESTION,HIGH,71.8378802945,100,0.1537967287610944,4,2,0.3307272194469303,44.567271446,0,0.1601591299741798,0.06622952821950778,66.9239879445429,AI Recoverable,REROUTE,1
28,8,4,0.2991518991833152,NORMAL,LOW,83.49040159665,100,0.0,1,0,0.05,1.74474822645,0,0.0,0.06803162656418593,56.32889286447932,AI Recoverable,CONTINUE_MONITORING,0
28,8,5,0.0,NORMAL,LOW,66.98287291305002,100,0.04622814366811371,1,0,0.08004829338427391,44.2817931668,0,0.05649814910298946,0.030455554781621763,69.22815549485162,AI Recoverable,CONTINUE_MONITORING,0
28,8,6,0.0,NORMAL,LOW,61.257003718225,100,0.005237742166528994,2,1,0.10392830662489674,46.676540194,0,0.00442055927960963,0.12875432721415403,65.43010225577282,AI Recoverable,CONTINUE_MONITORING,0
28,8,7,0.0,NORMAL,LOW,73.06095562495,100,0.17198715543469617,4,2,0.34618908211949173,40.541123219,0,0.17486847346950918,0.07162454634115611,71.89781418486011,AI Recoverable,CONTINUE_MONITORING,1
28,8,8,0.0,NORMAL,LOW,59.951405626349995,100,0.0032671643520467172,2,1,0.10245037326403504,50.74019785195,0,0.0033504617659757545,0.13582267882187382,65.20328093415384,AI Recoverable,CONTINUE_MONITORING,0
28,8,9,0.0,NORMAL,LOW,63.268634781550006,100,0.011681173263847636,4,2,0.2099289972742705,46.3204449443,0,0.00948117197031056,0.09235766146860946,66.51949364826481,AI Recoverable,CONTINUE_MONITORING,0
28,8,10,0.26550321836616064,NORMAL,LOW,81.80564401665,100,0.0,1,0,0.05,3.9806866228500004,0,0.0,0.08141983626528437,57.17189145055226,AI Recoverable,CONTINUE_MONITORING,0
28,9,1,0.0,NORMAL,LOW,63.931886681950004,100,0.02181050738290616,2,1,0.11635788053717963,46.4275655832,0,0.02207400781744582,0.08168275301223626,67.11488140052666,AI Recoverable,CONTINUE_MONITORING,0
28,9,2,0.0,NORMAL,LOW,78.16605643020002,100,0.23583821201316219,3,1,0.3268786590098717,33.86859932575,0,0.23310744258452715,0.0784389207054369,73.58686564847258,AI Recoverable,CONTINUE_MONITORING,1
28,9,3,0.0,CHANNEL_CONGESTION,HIGH,71.41752033224999,100,0.15885653942856198,4,2,0.33502805851427775,45.893725192999995,0,0.1594804510372987,0.07967189004427688,66.93709949724604,AI Recoverable,REROUTE,1
28,9,4,0.255724879296152,NORMAL,LOW,84.34965655725,100,0.0,1,0,0.05,0.7891778088,0,0.0,0.07636188183557802,57.64058217874523,AI Recoverable,CONTINUE_MONITORING,0
28,9,5,0.0,NORMAL,LOW,66.75543611440001,100,0.04854267898730211,1,0,0.08155274134174637,44.37687512915,0,0.052241450986047835,0.027190530533231394,69.31350482627575,AI Recoverable,CONTINUE_MONITORING,0
28,9,6,0.0,NORMAL,LOW,61.387224265825004,100,0.005631539765485094,2,1,0.10422365482411383,46.590415855,0,0.004767245713815282,0.1220932259713764,65.60797260316343,AI Recoverable,CONTINUE_MONITORING,0
28,9,7,0.0,NORMAL,LOW,73.89193911329998,100,0.17489180244926225,4,2,0.34865803208187296,39.2551719805,0,0.17375037439434277,0.07176045797290098,71.94132834360613,AI Recoverable,CONTINUE_MONITORING,1
28,9,8,0.0,NORMAL,LOW,60.522785816900004,100,0.0028354546866868713,2,1,0.10212659101501516,49.7399495317,0,0.003360307416848342,0.13899277300575186,65.11549284275843,AI Recoverable,CONTINUE_MONITORING,0
28,9,9,0.0,NORMAL,LOW,63.47124201415,100,0.012135887267325476,4,2,0.21031550417722666,45.458258813,0,0.010679242838661285,0.09363451244999632,66.5086473624832,AI Recoverable,CONTINUE_MONITORING,0
28,9,10,0.270272013115564,NORMAL,LOW,82.61091257505,100,0.0,1,0,0.05,3.1745159478000002,0,0.0,0.07483629541146997,57.169572155668504,AI Recoverable,CONTINUE_MONITORING,0
28,10,1,0.0,NORMAL,LOW,65.52863531795,100,0.025077943757772655,2,1,0.1188084578183295,43.94351623065,0,0.0221075027017736,0.07526851266465517,67.3409210855568,AI Recoverable,CONTINUE_MONITORING,0
28,10,2,0.0,NORMAL,LOW,78.11687452675001,100,0.23708761281943896,3,1,0.3278157096145792,33.330569913999994,0,0.23346242072429113,0.08238399914513483,73.5167764850033,AI Recoverable,CONTINUE_MONITORING,1
28,10,3,0.0,NORMAL,LOW,66.57721226999999,100,0.08943803215995322,4,2,0.27602232733596027,50.8643910045,0,0.15941898606069965,0.04791020832339543,70.68519529572117,AI Recoverable,CONTINUE_MONITORING,0
28,10,4,0.014544161065825125,NORMAL,LOW,58.627269406075,100,4.583022402864299e-05,1,0,0.05002978964561862,50.34128598555,0,0.0,0.1179583343290096,65.04291260895144,AI Recoverable,CONTINUE_MONITORING,0
28,10,5,0.0,NORMAL,LOW,66.9430496962,100,0.05545807470927826,1,0,0.08604774856103087,44.165465303599994,0,0.05104224906979948,0.031499029116206834,69.33210825697837,AI Recoverable,CONTINUE_MONITORING,0
28,10,6,0.0,NORMAL,LOW,61.72270586289999,100,0.006597494329605906,2,1,0.10494812074720443,46.391128578,0,0.0051507521204346585,0.11619079218529305,65.77868760316413,AI Recoverable,CONTINUE_MONITORING,0
28,10,7,0.0,NORMAL,LOW,74.03318031754999,100,0.1803633732808308,4,2,0.3533088672887062,40.012428239,0,0.17373672717080496,0.0735908826758912,72.00486267042737,AI Recoverable,CONTINUE_MONITORING,1
28,10,8,0.0,NORMAL,LOW,61.550685209375,100,0.004011751801896685,2,1,0.10300881385142252,47.750397788,0,0.0033198743899158054,0.1352969437263717,65.2310101867778,AI Recoverable,CONTINUE_MONITORING,0
28,10,9,0.0,NORMAL,LOW,63.328922179299994,100,0.013832141439504859,4,2,0.21175732022357915,46.22656190405,0,0.011038119272210656,0.08606630186064546,66.73536647499606,AI Recoverable,CONTINUE_MONITORING,0
28,10,10,0.2991518991833152,NORMAL,LOW,83.51957484284999,100,0.0,1,0,0.05,1.7636777482500001,0,0.0,0.07517909861641636,56.150206063173556,AI Recoverable,CONTINUE_MONITORING,0
28,11,1,0.0,NORMAL,LOW,64.8937140081,100,0.02426277308547914,2,1,0.11819707981410936,45.4869304411,0,0.023237346915642387,0.08081855650746872,67.19716501817928,AI Recoverable,CONTINUE_MONITORING,0
28,11,2,0.0,NORMAL,LOW,77.877710559,100,0.24351357065178425,3,1,0.3326351779888382,34.495285882,0,0.2341189129775163,0.07725503814448287,73.78008458919878,AI Recoverable,CONTINUE_MONITORING,1
28,11,3,0.0,NORMAL,LOW,66.15879413125,100,0.09451087842856236,4,2,0.28033424666427803,52.303145909499996,0,0.12765432974782506,0.05145957493665965,70.380271492633,AI Recoverable,CONTINUE_MONITORING,0
28,11,4,0.014544161065825125,NORMAL,LOW,58.11770300525,100,4.79800343021633e-05,1,0,0.050031187022296406,52.09473867559999,0,2.016529857260291e-05,0.11478535642532428,65.12248170573477,AI Recoverable,CONTINUE_MONITORING,0
28,11,5,0.0,NORMAL,LOW,66.7738189157,100,0.050687636403613116,1,0,0.08294696366234852,43.7337888997,0,0.05244060791432935,0.026175719076904413,69.38376583029293,AI Recoverable,CONTINUE_MONITORING,0
28,11,6,0.0,NORMAL,LOW,62.237062677474995,100,0.007463421004021909,2,1,0.10559756575301643,46.224573949,0,0.0057842535600730076,0.11068942570954354,65.93987531294258,AI Recoverable,CONTINUE_MONITORING,0
28,11,7,0.0,NORMAL,LOW,73.29630816145001,100,0.18153969959741892,4,2,0.3543087446578061,41.7062704505,0,0.17566086485101437,0.07742473050128673,71.95178437792634,AI Recoverable,CONTINUE_MONITORING,1
28,11,8,0.0,NORMAL,LOW,61.20458696592501,100,0.0037369451990243237,2,1,0.10280270889926825,47.9902284128,0,0.0039065364833490756,0.13605095764443464,65.2125303277031,AI Recoverable,CONTINUE_MONITORING,0
28,11,9,0.0,NORMAL,LOW,63.91815020970001,100,0.015388839986619716,4,2,0.21308051398862676,45.2474102768,0,0.01219960768212012,0.0841688001942511,66.82555287169731,AI Recoverable,CONTINUE_MONITORING,0
28,11,10,0.27025465547779526,NORMAL,LOW,82.89224549855001,100,0.0,1,0,0.05,3.288931605,0,0.0,0.07667827895511159,57.12413008439937,AI Recoverable,CONTINUE_MONITORING,0
28,12,1,0.0,NORMAL,LOW,65.09948856222502,100,0.02406085468071781,2,1,0.11804564101053837,44.71924017135,0,0.023306998872313144,0.07591210552291128,67.3164844442647,AI Recoverable,CONTINUE_MONITORING,0
28,12,2,0.0,NORMAL,LOW,78.59831385055,100,0.2496947736251469,3,1,0.33727108021886015,32.921173977,0,0.23755969677860572,0.08703390329241145,73.6936448579787,AI Recoverable,CONTINUE_MONITORING,1
28,12,3,0.0,NORMAL,LOW,66.296243866,100,0.09787707997873148,4,2,0.2831955179819218,52.316786008499996,0,0.11876688586586034,0.056096369241153465,70.2428012272044,AI Recoverable,CONTINUE_MONITORING,0
28,12,4,0.0,NORMAL,LOW,58.3502945429,100,0.00037413316145636875,1,0,0.05024318655494664,51.4763794698,0,2.752744645696187e-05,0.11325895678614117,65.67628401804016,AI Recoverable,CONTINUE_MONITORING,0
28,12,5,0.0,NORMAL,LOW,67.36877719905,100,0.05873938207462562,1,0,0.08818059834850665,42.86591776015,0,0.05044127277239755,0.04159743024868712,69.13926461299931,AI Recoverable,CONTINUE_MONITORING,0
28,12,6,0.0,NORMAL,LOW,60.26505130405,100,0.004606221023388781,2,1,0.10345466576754159,48.56168770359999,0,0.006536891205275498,0.13008869413094182,65.40527597924698,AI Recoverable,CONTINUE_MONITORING,0
28,12,7,0.0,NORMAL,LOW,72.76261345415,100,0.19827827995034852,4,2,0.3685365379577963,43.271731949499994,0,0.17739481016470657,0.08552769999272314,72.10132120083594,AI Recoverable,CONTINUE_MONITORING,1
28,12,8,0.0,NORMAL,LOW,60.400534336949995,100,0.004287582682290804,2,1,0.10321568701171811,49.37649288585,0,0.0036531113844835462,0.12823974759814083,65.41628907753713,AI Recoverable,CONTINUE_MONITORING,0
28,12,9,0.0,NORMAL,LOW,64.38592216302499,100,0.015977679467905667,4,2,0.21358102754771982,45.0004993987,0,0.013300752012752642,0.08894700936016142,66.72888587548161,AI Recoverable,CONTINUE_MONITORING,0
28,12,10,0.255724879296152,NORMAL,LOW,82.65476774425,100,0.0,1,0,0.05,4.0898846106,0,0.0,0.07677320069100202,57.63029920735963,AI Recoverable,CONTINUE_MONITORING,0
28,13,1,0.0,NORMAL,LOW,64.668481579925,100,0.021639423686024083,2,1,0.11622956776451807,45.06045941645,0,0.023438492829217387,0.08590097820169651,67.01964894697024,AI Recoverable,CONTINUE_MONITORING,0
28,13,2,0.0,NORMAL,LOW,77.43738694855,100,0.24799967746425033,3,1,0.3359997580981877,34.66134702145,0,0.24272751926078395,0.08765871778179224,73.69580079734803,AI Recoverable,CONTINUE_MONITORING,1
28,13,3,0.0,NORMAL,LOW,66.4205819675,100,0.09872258076581404,4,2,0.28391419365094195,52.117329816499996,0,0.11259022021958592,0.05568218641167455,70.20829915722028,AI Recoverable,CONTINUE_MONITORING,0
28,13,4,0.0,NORMAL,LOW,58.904236961950005,100,0.0005847009393747613,1,0,0.050380055610593596,49.8508666068,0,0.00017775202720711513,0.12254706312722186,65.44979496087902,AI Recoverable,CONTINUE_MONITORING,0
28,13,5,0.0,NORMAL,LOW,67.10371073565,100,0.05344596983290599,1,0,0.0847398803913889,42.71366373955,0,0.05397364284039828,0.03213369698479063,69.30531340044233,AI Recoverable,CONTINUE_MONITORING,0
28,13,6,0.0,NORMAL,LOW,60.691496643475006,100,0.0039719043364227,2,1,0.10297892825231703,46.977962068000004,0,0.00551696486748093,0.1351215165979489,65.25656982045454,AI Recoverable,CONTINUE_MONITORING,0
28,13,7,0.0,NORMAL,LOW,71.79328226029999,100,0.19060647243742762,4,2,0.3620155015718135,44.2933847285,0,0.18647192748486247,0.08126703685807524,72.14517280214528,AI Recoverable,CONTINUE_MONITORING,1
28,13,8,0.0,NORMAL,LOW,60.26316461672501,100,0.004182527887774633,2,1,0.10313689591583097,49.26234613649999,0,0.0038257206257595973,0.1277505061730324,65.42814510968726,AI Recoverable,CONTINUE_MONITORING,0
28,13,9,0.0,NORMAL,LOW,64.54592866727499,100,0.016124420636803246,4,2,0.21370575754128276,44.916071659,0,0.014455504839900168,0.08521230679173719,66.83673579134162,AI Recoverable,CONTINUE_MONITORING,0
28,13,10,0.27025465547779526,NORMAL,LOW,83.40089161575001,100,0.0,1,0,0.05,2.11042714095,0,0.0,0.07593055649703295,57.14282314585134,AI Recoverable,CONTINUE_MONITORING,0
28,14,1,0.0,NORMAL,LOW,64.252953234275,100,0.02490003026230382,2,1,0.11867502269672787,46.74753487654999,0,0.0228510374688132,0.07393459104620914,67.37814620377897,AI Recoverable,CONTINUE_MONITORING,0
28,14,2,0.0,NORMAL,LOW,77.54369586910002,100,0.24417123830335638,3,1,0.33312842872751725,34.506375309199996,0,0.24437864175960466,0.08022431501551586,73.82160330827527,AI Recoverable,CONTINUE_MONITORING,1
28,14,3,0.0,NORMAL,LOW,66.3306847705,100,0.08880746447808888,4,2,0.27548634480637557,50.898838394500004,0,0.10513348973637143,0.04443771071448677,70.21654141906332,AI Recoverable,CONTINUE_MONITORING,0
28,14,4,0.0048033841754051496,NORMAL,LOW,59.7427566334,100,0.00037354397924262904,1,0,0.05024280358650771,48.386774307,0,0.0003227804920950995,0.12378011951156953,65.24807725057737,AI Recoverable,CONTINUE_MONITORING,0
28,14,5,0.0,NORMAL,LOW,68.16860689479999,100,0.054709025794059445,1,0,0.08556086676613864,41.469555854,0,0.0533961148309533,0.03290998574977555,69.30539202044633,AI Recoverable,CONTINUE_MONITORING,0
28,14,6,0.0,NORMAL,LOW,61.481704077574996,100,0.0066741160146467,2,1,0.10500558701098503,47.237417052649995,0,0.005149452565176225,0.11348816626319547,65.8477726893648,AI Recoverable,CONTINUE_MONITORING,0
28,14,7,0.0,NORMAL,LOW,71.29309436724999,100,0.19123128542503443,4,2,0.3625465926112793,44.832951809,0,0.18677708961136863,0.08717876485043108,72.01292748335358,AI Recoverable,CONTINUE_MONITORING,1
28,14,8,0.0,NORMAL,LOW,60.312326585124985,100,0.004368624809537487,2,1,0.10327646860715312,49.094198065949996,0,0.003922355082406653,0.12821547515078557,65.42120916824517,AI Recoverable,CONTINUE_MONITORING,0
28,14,9,0.0,NORMAL,LOW,64.800427326475,100,0.01767440512693444,4,2,0.21502324435789427,44.723863152999996,0,0.015121581822783229,0.08378922949433665,66.9099731834081,AI Recoverable,CONTINUE_MONITORING,0
28,14,10,0.2991518991833152,NORMAL,LOW,82.8104961698,100,0.0,1,0,0.05,3.1580567271,0,0.0,0.07495450084495792,56.15582100746002,AI Recoverable,CONTINUE_MONITORING,0
28,15,1,0.0,NORMAL,LOW,63.86004408975001,100,0.02448822472056826,2,1,0.1183661685404262,48.0307397585,0,0.024261752644812798,0.07835152937090195,67.27359378658694,AI Recoverable,CONTINUE_MONITORING,0
28,15,2,0.0,NORMAL,LOW,78.44881534234999,100,0.2519618177342474,3,1,0.33897136330068556,33.65125821945,0,0.24439673369196366,0.08458304914780246,73.86862746290952,AI Recoverable,CONTINUE_MONITORING,1
28,15,3,0.0,CHANNEL_CONGESTION,HIGH,66.8451693508,100,0.09706988147608962,4,2,0.2825093992546762,50.0839305545,0,0.09235208435698765,0.0432869431708256,67.53114984160857,AI Recoverable,REROUTE,0
28,15,4,0.009657866131167665,NORMAL,LOW,59.45244544420001,100,0.0004889288321491966,1,0,0.050317803740896984,48.29699776299999,0,0.0003117295611494279,0.1271667534517854,64.99570172136897,AI Recoverable,CONTINUE_MONITORING,0
28,15,5,0.0,NORMAL,LOW,67.60773308769998,100,0.04994287348087496,1,0,0.08246286776256873,41.805420634,0,0.054638320172245375,0.028283474567127098,69.33815380716177,AI Recoverable,CONTINUE_MONITORING,0
28,15,6,0.0,NORMAL,LOW,61.0261340142,100,0.008009400674444644,2,1,0.10600705050583349,48.179799164600006,0,0.00610607674352605,0.102686975696341,66.15407438851562,AI Recoverable,CONTINUE_MONITORING,0
28,15,7,0.0,NORMAL,LOW,71.9988967784,100,0.19647091337710001,4,2,0.367000276370535,44.312744660499995,0,0.18925206112425874,0.08766492820865945,72.13031567356809,AI Recoverable,CONTINUE_MONITORING,1
28,15,8,0.0,NORMAL,LOW,60.56960694342499,100,0.00481432163515205,2,1,0.10361074122636404,49.1512252429,0,0.004192827976134596,0.12638169214712314,65.47867240878631,AI Recoverable,CONTINUE_MONITORING,0
28,15,9,0.0,NORMAL,LOW,64.90380067630001,100,0.019814068182375768,4,2,0.21684195795501943,44.992721747299996,0,0.016361969670167842,0.08240295536918663,66.99982717611952,AI Recoverable,CONTINUE_MONITORING,0
28,15,10,0.270272013115564,NORMAL,LOW,81.6743425536,100,0.0,1,0,0.05,5.2507037655,0,0.0,0.0783854326404938,57.08084372494291,AI Recoverable,CONTINUE_MONITORING,0
28,16,1,0.0,NORMAL,LOW,63.0273800235,100,0.02169996387431728,2,1,0.11627497290573796,49.82417748,0,0.024055650317083514,0.08185400202379456,67.12820573006229,AI Recoverable,CONTINUE_MONITORING,0
28,16,2,0.0,NORMAL,LOW,79.0805751114,100,0.2563660011237789,3,1,0.3422745008428342,33.22205924315,0,0.24881629620930412,0.08740191194735325,73.93043518588478,AI Recoverable,CONTINUE_MONITORING,1
28,16,3,0.0,NORMAL,LOW,66.70034444495,100,0.10370598473207131,4,2,0.28815008702226064,50.5657126145,0,0.09589926836064698,0.045060652591800476,70.40659606345288,AI Recoverable,CONTINUE_MONITORING,0
28,16,4,0.009657866131167665,NORMAL,LOW,59.947418844925004,100,0.001037540775841773,1,0,0.050674401504297154,47.971382137000006,0,0.0004083788221582756,0.13470397225104103,64.81920998287153,AI Recoverable,CONTINUE_MONITORING,0
28,16,5,0.0,NORMAL,LOW,67.84713387485,100,0.05280297140449539,1,0,0.08432193141292202,42.57641671525,0,0.05243634630631355,0.03090388196826155,69.3078258419465,AI Recoverable,CONTINUE_MONITORING,0
28,16,6,0.0,NORMAL,LOW,60.904450126049994,100,0.004202822655692906,2,1,0.10315211699176968,47.50141754375,0,0.006704329029742856,0.13067093458075218,65.38432637889248,AI Recoverable,CONTINUE_MONITORING,0
28,16,7,0.0,NORMAL,LOW,73.09996220165,100,0.19859490609788472,3,1,0.2989461795734135,42.813558955,0,0.19307900512335613,0.08644607894012779,72.24153619968806,AI Recoverable,CONTINUE_MONITORING,1
28,16,8,0.0,NORMAL,LOW,60.09449409925001,100,0.002829097234397302,1,0,0.05183891320235825,49.70792815054999,0,0.004438896800474716,0.1370026500630337,65.17590466111685,AI Recoverable,CONTINUE_MONITORING,0
28,16,9,0.0,NORMAL,LOW,65.52078182237501,100,0.021850630975804513,4,2,0.21857303632943384,44.244416997,0,0.017841338330802165,0.08745452419384847,66.92906289797789,AI Recoverable,CONTINUE_MONITORING,0
28,16,10,0.27992222207052625,NORMAL,LOW,82.74126842705,100,0.0,1,0,0.05,3.07696196385,0,0.0,0.07505083703280158,56.82645130171154,AI Recoverable,CONTINUE_MONITORING,0
28,17,1,0.0,NORMAL,LOW,62.13173883162501,100,0.02110615535080588,2,1,0.11582961651310442,51.718515577999995,0,0.02286037877364556,0.08008276200228326,67.14865784469549,AI Recoverable,CONTINUE_MONITORING,0
28,17,2,0.0,NORMAL,LOW,78.67093226875001,100,0.24580388062656244,4,2,0.4089332985325781,33.041776523,0,0.25193689149224285,0.08524321643037969,73.80436611669417,AI Recoverable,CONTINUE_MONITORING,1
28,17,3,0.0,NORMAL,LOW,67.14000616339999,100,0.10304426371353582,4,2,0.28758762415650546,50.451932408000005,0,0.09917741421993273,0.0469132285782895,70.3798287020128,AI Recoverable,CONTINUE_MONITORING,0
28,17,4,0.0,NORMAL,LOW,60.28487859285,100,0.0032241317606152816,2,1,0.10241809882046146,48.231185677949995,0,0.000711500909081594,0.1349830527103265,65.19702132654496,AI Recoverable,CONTINUE_MONITORING,0
28,17,5,0.0,NORMAL,LOW,68.31239375735001,100,0.06033869753701854,1,0,0.08922015339906206,42.4224609891,0,0.05359052258352322,0.04465321263703015,69.12634886064984,AI Recoverable,CONTINUE_MONITORING,0
28,17,6,0.0,NORMAL,LOW,60.24667607290001,100,0.0020177872987960214,2,1,0.10151334047409702,47.561627898,0,0.005105871855351274,0.1435834167930894,65.00182904470219,AI Recoverable,CONTINUE_MONITORING,0
28,17,7,0.0,NORMAL,LOW,73.11601482075,100,0.18809935030132105,4,2,0.35988444775612294,41.6001836775,0,0.19610393184965674,0.07772342733154503,72.27994064123436,AI Recoverable,CONTINUE_MONITORING,1
28,17,8,0.0,NORMAL,LOW,61.138844806125,100,0.003557495452020285,2,1,0.10266812158901521,47.775380665049994,0,0.003716230765200509,0.135507755737856,65.220618323246,AI Recoverable,CONTINUE_MONITORING,0
28,17,9,0.0,NORMAL,LOW,65.10969070787502,100,0.018971830217122107,4,2,0.21612605568455381,44.569378903,0,0.01935695790731666,0.08610964408219024,66.92026508136085,AI Recoverable,CONTINUE_MONITORING,0
28,17,10,0.2991518991833152,NORMAL,LOW,82.70785738875,100,0.0,1,0,0.05,3.2813702892000003,0,0.0,0.07560354582438422,56.139594882974365,AI Recoverable,CONTINUE_MONITORING,0
28,18,1,0.0,NORMAL,LOW,62.69360500725001,100,0.022029172706146228,2,1,0.11652187952960968,50.497022982,0,0.02226857831040447,0.07913825787711182,67.18481279029918,AI Recoverable,CONTINUE_MONITORING,0
28,18,2,0.0,NORMAL,LOW,78.8877471844,100,0.2480667615745527,4,2,0.41085674733836985,32.969242464,0,0.2482235303232761,0.0872525719790671,73.76225623524714,AI Recoverable,CONTINUE_MONITORING,1
28,18,3,0.0,NORMAL,LOW,66.34007475055,100,0.09567909997592423,4,2,0.2813272349795356,51.961228094,0,0.0997023036372447,0.05109923155473961,70.13312424702244,AI Recoverable,CONTINUE_MONITORING,0
28,18,4,0.0,NORMAL,LOW,58.56314373479999,100,0.0017784117320623902,2,1,0.1013338087990468,50.854200719000005,0,0.0017664780083958942,0.1332018977290753,65.22318557149832,AI Recoverable,CONTINUE_MONITORING,0
28,18,5,0.0,NORMAL,LOW,68.01265666575,100,0.0642887528835353,1,0,0.09178768937429796,43.024356284549995,0,0.05607514458801516,0.03897427250949348,69.37216969081351,AI Recoverable,CONTINUE_MONITORING,0
28,18,6,0.0,NORMAL,LOW,59.709843563125,100,0.0018742222091742556,2,1,0.1014056666568807,47.94629797125,0,0.004087980526839222,0.14032758099970033,65.07017472445936,AI Recoverable,CONTINUE_MONITORING,0
28,18,7,0.0,NORMAL,LOW,73.46144750405,100,0.19718992989561357,4,2,0.3676114404112716,41.5181974865,0,0.1915302149598238,0.0841801044532351,72.25459813617964,AI Recoverable,CONTINUE_MONITORING,1
28,18,8,0.0,NORMAL,LOW,60.18208447700001,100,0.0024538246674191393,2,1,0.10184036850056435,48.80913166079999,0,0.003832538018249531,0.13997040354306056,65.08814178495436,AI Recoverable,CONTINUE_MONITORING,0
28,18,9,0.0,NORMAL,LOW,64.502876413225,100,0.017892825516122514,4,2,0.21520890168870416,45.6981654684,0,0.01891249878460224,0.08515078542084575,66.91821186264733,AI Recoverable,CONTINUE_MONITORING,0
28,18,10,0.2991518991833152,NORMAL,LOW,81.95081417075001,100,0.0,1,0,0.05,5.0937215355,0,0.0,0.07795416658482901,56.08082936396323,AI Recoverable,CONTINUE_MONITORING,0
28,19,1,0.0,NORMAL,LOW,62.92100051775,100,0.02380165026206354,2,1,0.11785123769654766,49.761965971,0,0.022600048379823674,0.07104154128255102,67.42599495697573,AI Recoverable,CONTINUE_MONITORING,0
28,19,2,0.004841005451241671,NORMAL,LOW,79.06311426559999,100,0.25012504423757487,3,1,0.3375937831781811,33.185402355600004,0,0.24891178638311548,0.08573762049907374,73.67874304531234,AI Recoverable,CONTINUE_MONITORING,1
28,19,3,0.0,NORMAL,LOW,66.429589154,100,0.09566782895654553,4,2,0.28131765461306374,51.806491076,0,0.09706666720537666,0.05109923155473961,70.10654246231618,AI Recoverable,CONTINUE_MONITORING,0
28,19,4,0.0,NORMAL,LOW,59.80642451362501,100,0.0028617528403091707,1,0,0.05186013934620096,48.9659715357,0,0.0014998815108062948,0.13613673312032448,65.16881554390612,AI Recoverable,CONTINUE_MONITORING,0
28,19,5,0.0,NORMAL,LOW,67.196473064,100,0.05882093566487383,1,0,0.088233608182168,43.931079016,0,0.058778150819058295,0.03755235362771514,69.32539138079518,AI Recoverable,CONTINUE_MONITORING,0
28,19,6,0.0,NORMAL,LOW,60.41886234924999,100,0.004359352314613784,2,1,0.10326951423596034,46.881164902,0,0.00375123550213791,0.1342887840414717,65.26747980027685,AI Recoverable,CONTINUE_MONITORING,0
28,19,7,0.0,NORMAL,LOW,73.99325350774998,100,0.2002951969162633,4,2,0.3702509173788238,40.8191769135,0,0.1951790728822576,0.08583506953875597,72.31181792867893,AI Recoverable,CONTINUE_MONITORING,1
28,19,8,0.0,NORMAL,LOW,59.114674798974995,100,0.001674554653490921,2,1,0.1012559159901182,50.85591346125,0,0.0032594183320194185,0.13295528848033977,65.24220306438151,AI Recoverable,CONTINUE_MONITORING,0
28,19,9,0.0,NORMAL,LOW,63.631056350275,100,0.018920659126949447,4,2,0.21608256025790704,46.9268410599,0,0.01883637405740706,0.07965599441442428,67.07537706275244,AI Recoverable,CONTINUE_MONITORING,0
28,19,10,0.255724879296152,NORMAL,LOW,83.1554223161,100,0.0,1,0,0.05,3.07840716855,0,0.0,0.07400662847237849,57.69946351282521,AI Recoverable,CONTINUE_MONITORING,0
28,20,1,0.0,NORMAL,LOW,62.178118816625,100,0.022439554553191642,2,1,0.11682966591489374,51.56844738149999,0,0.02297801844656523,0.07586119035700578,67.28204151660434,AI Recoverable,CONTINUE_MONITORING,0
28,20,2,0.0,NORMAL,LOW,79.00901454564999,100,0.2528638405047744,3,1,0.3396478803785808,32.816932103999996,0,0.2503628040128128,0.08905006949659211,73.8346531128088,AI Recoverable,CONTINUE_MONITORING,1
28,20,3,0.0,NORMAL,LOW,64.80784217319999,100,0.09127079551946436,4,2,0.27758017619154474,54.052809309,0,0.09802373692654698,0.04971066903926902,70.06288655367302,AI Recoverable,CONTINUE_MONITORING,0
28,20,4,0.0,NORMAL,LOW,59.96889289490001,100,0.0025380634788840194,1,0,0.05164974126127461,48.882436830749995,0,0.0021732330838296447,0.13814068090714215,65.11897657773741,AI Recoverable,CONTINUE_MONITORING,0
28,20,5,0.0,NORMAL,LOW,66.83369271040002,100,0.06109821319207986,1,0,0.0897138385748519,44.7042988486,0,0.05771347303537387,0.04227082062517451,69.24232847856597,AI Recoverable,CONTINUE_MONITORING,0
28,20,6,0.0,NORMAL,LOW,59.074479958649995,100,0.002747461356066661,2,1,0.10206059601705,49.328590871100005,0,0.0041727076157651605,0.14252904854531023,65.03345008964622,AI Recoverable,CONTINUE_MONITORING,0
28,20,7,0.0,NORMAL,LOW,74.1387620176,100,0.20982595830498968,3,1,0.30736946872874227,40.6028511425,0,0.19737960059722454,0.08875572096067486,72.45142214805517,AI Recoverable,CONTINUE_MONITORING,1
28,20,8,0.0,NORMAL,LOW,59.6267042699,100,0.002174484857887786,1,0,0.05141341515762706,49.9408217582,0,0.002648467505994434,0.13886188292443757,65.09842729910676,AI Recoverable,CONTINUE_MONITORING,0
28,20,9,0.0,NORMAL,LOW,63.48936238425,100,0.021164712534552432,4,2,0.21799000565436957,47.19994634805,0,0.019319199700657243,0.0788252226660533,67.14585568104629,AI Recoverable,CONTINUE_MONITORING,0
28,20,10,0.255724879296152,NORMAL,LOW,82.21643259995001,100,0.0,1,0,0.05,5.3146724175,0,0.0,0.07931046430863564,57.566867616918785,AI Recoverable,CONTINUE_MONITORING,0
28,21,1,0.0,NORMAL,LOW,61.837054607374995,100,0.021281098480445095,2,1,0.11596082386033382,52.4173681315,0,0.022282575910470934,0.08261072956893656,67.08317948949019,AI Recoverable,CONTINUE_MONITORING,0
28,21,2,0.0,NORMAL,LOW,77.65761727514999,100,0.2474441191564225,3,1,0.33558308936731684,34.78182109035,0,0.25131072608084637,0.0817495715503459,73.91825035517826,AI Recoverable,CONTINUE_MONITORING,1
28,21,3,0.0,NORMAL,LOW,65.4624317468,100,0.09275754011617122,4,2,0.27884390909874557,53.529713534500004,0,0.0958927548614951,0.05231297782290045,70.00625390536585,AI Recoverable,CONTINUE_MONITORING,0
28,21,4,0.0,NORMAL,LOW,60.620093629474994,100,0.005632817946822133,1,0,0.05366133166543439,47.9560094829,0,0.0023630051259449746,0.11817729205167016,65.68185410890413,AI Recoverable,CONTINUE_MONITORING,0
28,21,5,0.0,NORMAL,LOW,65.9681016139,100,0.053954552400971606,1,0,0.08507045906063154,46.57593126,0,0.059958403853104365,0.037510108035681,69.24092238565845,AI Recoverable,CONTINUE_MONITORING,0
28,21,6,0.0,NORMAL,LOW,59.78728142769999,100,0.003537829718510921,2,1,0.1026533722888832,47.614625643050005,0,0.0029524688236281064,0.13685152634800968,65.17899312390625,AI Recoverable,CONTINUE_MONITORING,0
28,21,7,0.0,NORMAL,LOW,73.402662366,100,0.20431184909200878,3,1,0.30323388681900654,40.9567297905,0,0.20210853530374703,0.08978830513429392,72.36261470652029,AI Recoverable,CONTINUE_MONITORING,1
28,21,8,0.0,NORMAL,LOW,60.559274056,100,0.003299826269199249,1,0,0.052144887074979517,48.929240802500004,0,0.0024288694184964963,0.1374008480437343,65.15526401847558,AI Recoverable,CONTINUE_MONITORING,0
28,21,9,0.0,NORMAL,LOW,63.19431572584999,100,0.017370932356641666,4,2,0.21476529250314544,46.39384550525,0,0.020181505932242872,0.0810395822293184,67.0232441507223,AI Recoverable,CONTINUE_MONITORING,0
28,21,10,0.27025465547779526,NORMAL,LOW,82.67739887225001,100,0.0,1,0,0.05,3.9594822250500004,0,0.0,0.07677320069100202,57.121757041002105,AI Recoverable,CONTINUE_MONITORING,0
28,22,1,0.0,NORMAL,LOW,60.9997059351,100,0.022648183794516653,2,1,0.11698613784588749,53.896995411,0,0.021876397933504863,0.07762284969778588,67.23115641278072,AI Recoverable,CONTINUE_MONITORING,0
28,22,2,0.0,NORMAL,LOW,77.25037278515,100,0.24118052914374255,3,1,0.33088539685780693,36.159329945699994,0,0.2484357462009109,0.0863123778600039,73.65015859838387,AI Recoverable,CONTINUE_MONITORING,1
28,22,3,0.0,NORMAL,LOW,64.55737416000001,100,0.09123537893321879,4,2,0.277550072093236,54.861276210999996,0,0.09480599599428113,0.05399204656074941,69.92296637458844,AI Recoverable,CONTINUE_MONITORING,0
28,22,4,0.0,NORMAL,LOW,59.236346396725004,100,0.0028944822421356417,1,0,0.05188141345738817,50.5946423864,0,0.003934770270263659,0.13417215360257218,65.24293350748104,AI Recoverable,CONTINUE_MONITORING,0
28,22,5,0.0,NORMAL,LOW,66.47855976085,100,0.05113642407148457,1,0,0.08323867564646498,44.7016733736,0,0.05797652695527856,0.02439735717379643,69.49255982163757,AI Recoverable,CONTINUE_MONITORING,0
28,22,6,0.0,NORMAL,LOW,60.551740196875,100,0.005602916022453208,2,1,0.1042021870168399,46.596572333,0,0.003096480321155907,0.1221274189605347,65.58983764964725,AI Recoverable,CONTINUE_MONITORING,0
28,22,7,0.0,NORMAL,LOW,74.11057022635,100,0.19466798687817072,3,1,0.296000990158628,39.22490988665,0,0.20125467455903012,0.08173952139619867,72.36241844824876,AI Recoverable,CONTINUE_MONITORING,1
28,22,8,0.0,NORMAL,LOW,62.01477029930002,100,0.004779907003501826,1,0,0.05310693955227619,47.29448081745,0,0.002832373906762208,0.13208650150046863,65.32175934162595,AI Recoverable,CONTINUE_MONITORING,0
28,22,9,0.0,NORMAL,LOW,62.54943411460001,100,0.013980620523645047,4,2,0.2118835274450983,47.909673097299994,0,0.018416214072186844,0.08222639990524816,66.90811455356355,AI Recoverable,CONTINUE_MONITORING,0
28,22,10,0.255724879296152,NORMAL,LOW,83.0277233868,100,0.0,1,0,0.05,3.71960060265,0,0.0,0.08121106515922227,57.51935259565412,AI Recoverable,CONTINUE_MONITORING,0
28,23,1,0.0,NORMAL,LOW,60.496756245099995,100,0.024349692314719742,2,1,0.11826226923603982,54.372413938,0,0.022502407509845838,0.07436255986638163,67.3529539247333,AI Recoverable,CONTINUE_MONITORING,0
28,23,2,0.004841005451241671,NORMAL,LOW,77.58072064730001,100,0.24738114447875773,4,2,0.4102739728069441,36.2054987356,0,0.24590939998951214,0.09171683608938153,73.44436079644228,AI Recoverable,CONTINUE_MONITORING,1
28,23,3,0.0,NORMAL,LOW,64.40310247490001,100,0.10006882873941432,4,2,0.2850585044285022,55.810254301499995,0,0.092696103770151,0.06116878325434749,69.8991180311311,AI Recoverable,CONTINUE_MONITORING,0
28,23,4,0.0,NORMAL,LOW,59.063311875375,100,0.003850543582330899,2,1,0.10288790768674819,50.5160057672,0,0.003067118626270562,0.1286069791406279,65.39250757939362,AI Recoverable,CONTINUE_MONITORING,0
28,23,5,0.0,NORMAL,LOW,66.45939154450001,100,0.04506437228937007,1,0,0.07929184198809056,44.5949881608,0,0.05584277017125769,0.031232804786953894,69.17889502782612,AI Recoverable,CONTINUE_MONITORING,0
28,23,6,0.0,NORMAL,LOW,61.794419457174996,100,0.009960848605693103,2,1,0.10747063645426984,45.86448637145,0,0.0042179242336505985,0.09932284774095179,66.25832502092656,AI Recoverable,CONTINUE_MONITORING,0
28,23,7,0.0,NORMAL,LOW,73.81940060149999,100,0.20177482760375742,3,1,0.3013311207028181,40.73852133,0,0.19928112501563763,0.08729455897894622,72.34594382775786,AI Recoverable,CONTINUE_MONITORING,1
28,23,8,0.0,NORMAL,LOW,62.167526955875,100,0.004887642807028547,1,0,0.05317696782456856,47.0350494933,0,0.003447535744260396,0.12985999299576045,65.38572838868917,AI Recoverable,CONTINUE_MONITORING,0
28,23,9,0.0,NORMAL,LOW,62.746923654325,100,0.015087575893699643,4,2,0.21282443950964472,47.6701737984,0,0.016700351165201067,0.07926871257109169,66.9870372152487,AI Recoverable,CONTINUE_MONITORING,0
28,23,10,0.27025465547779526,NORMAL,LOW,83.6903661383,100,0.0,1,0,0.05,1.5966008649,0,0.0,0.07615454783889186,57.137223362304866,AI Recoverable,CONTINUE_MONITORING,0
28,24,1,0.0,NORMAL,LOW,61.11696478540001,100,0.024655094823212195,2,1,0.11849132111740915,52.85408132,0,0.023337732811107056,0.06675522634788444,67.5575985658782,AI Recoverable,CONTINUE_MONITORING,0
28,24,2,0.004841005451241671,NORMAL,LOW,78.27947958325,100,0.24677908277319813,4,2,0.40976222035721843,34.578487569,0,0.2476735981966054,0.08112411852885992,73.71477948341504,AI Recoverable,CONTINUE_MONITORING,1
28,24,3,0.0,NORMAL,LOW,65.0260297145,100,0.09859872959453449,4,2,0.2838089201553543,54.164232344,0,0.09596070073889829,0.0510341110652196,70.15572882264918,AI Recoverable,CONTINUE_MONITORING,0
28,24,4,0.0,NORMAL,LOW,58.689854880000006,100,0.00614978673112833,2,1,0.10461234004834626,51.6504838425,0,0.00364403548736673,0.10895683634673092,65.93551518082795,AI Recoverable,CONTINUE_MONITORING,0
28,24,5,0.0,NORMAL,LOW,67.3714773005,100,0.04950011419196437,1,0,0.08217507422477685,43.306349806200004,0,0.051329741353440206,0.027459552840486623,69.31681087636152,AI Recoverable,CONTINUE_MONITORING,0
28,24,6,0.0,NORMAL,LOW,60.964270477475004,100,0.00838187968224113,2,1,0.10628640976168086,48.07428980155001,0,0.006657431704135205,0.10239842211008532,66.17425135793404,AI Recoverable,CONTINUE_MONITORING,0
28,24,7,0.0,NORMAL,LOW,74.5888638115,100,0.20640812421112736,3,1,0.3048060931583455,38.501228223,0,0.2020550629124538,0.08837969752950425,72.43922067510948,AI Recoverable,CONTINUE_MONITORING,1
28,24,8,0.0,NORMAL,LOW,61.98622022170001,100,0.005110576815191058,1,0,0.05332187492987419,46.705038888000004,0,0.0038205910248637295,0.12933538248184306,65.40703288450636,AI Recoverable,CONTINUE_MONITORING,0
28,24,9,0.0,NORMAL,LOW,62.20324532415001,100,0.013796613885133223,4,2,0.21172712180236325,48.346745506450006,0,0.016639702829078243,0.08221384837806112,66.88698309654193,AI Recoverable,CONTINUE_MONITORING,0
28,24,10,0.2991518991833152,NORMAL,LOW,82.70419006810002,100,0.0,1,0,0.05,3.1959678829500002,0,0.0,0.07495450084495792,56.15582100746002,AI Recoverable,CONTINUE_MONITORING,0
28,25,1,0.0,NORMAL,LOW,60.089244118775,100,0.0234113160348074,2,1,0.11755848702610555,54.3528091685,0,0.023548835802215604,0.07370433612922367,67.3611062754877,AI Recoverable,CONTINUE_MONITORING,0
28,25,2,0.0,NORMAL,LOW,78.84595017595,100,0.2435515555258625,4,2,0.40701882219698315,33.37370678144999,0,0.2470245450799248,0.08309468821715249,73.76390935588768,AI Recoverable,CONTINUE_MONITORING,1
28,25,3,0.0,NORMAL,LOW,65.48184908475001,100,0.09402889526801203,4,2,0.27992456097781027,53.624280781,0,0.09592999708475279,0.05177155608405226,70.04558897410645,AI Recoverable,CONTINUE_MONITORING,0
28,25,4,0.0,NORMAL,LOW,57.435166198,100,0.004844263051106073,2,1,0.10363319728832956,53.174294227000004,0,0.004794133176720642,0.12201883615459919,65.59435568892434,AI Recoverable,CONTINUE_MONITORING,0
28,25,5,0.0,NORMAL,LOW,67.54010370065001,100,0.047677164017084564,1,0,0.08099015661110497,41.9854552816,0,0.051355548918011175,0.029628952930351504,69.22637494626301,AI Recoverable,CONTINUE_MONITORING,0
28,25,6,0.0,NORMAL,LOW,60.78829784055002,100,0.0076849991371534185,2,1,0.10576374935286507,48.0892888749,0,0.006746894858567443,0.10410693663507664,66.11849551545183,AI Recoverable,CONTINUE_MONITORING,0
28,25,7,0.0,NORMAL,LOW,75.304961699,100,0.20848086999209356,3,1,0.3063606524940702,36.534392526,0,0.20430086171594575,0.09145019979708979,72.4263710220741,AI Recoverable,CONTINUE_MONITORING,1
28,25,8,0.0,NORMAL,LOW,62.755763798375,100,0.008505930609722217,1,0,0.055528854896319445,47.1571081865,0,0.004368514329950503,0.10497285238956522,66.08948244575483,AI Recoverable,CONTINUE_MONITORING,0
28,25,9,0.0,NORMAL,LOW,61.788288555625016,100,0.012384437789900444,4,2,0.21052677212141538,48.64354988344999,0,0.015535047892654048,0.0841225867776988,66.79997456528207,AI Recoverable,CONTINUE_MONITORING,0
28,25,10,0.26550321836616064,NORMAL,LOW,82.63013141110001,100,0.0,1,0,0.05,2.7373542003,0,0.0,0.07735480258427685,57.273517292577445,AI Recoverable,CONTINUE_MONITORING,0
28,26,1,0.0,NORMAL,LOW,60.58707501175,100,0.024255203791203633,2,1,0.11819140284340274,52.6882396355,0,0.02331174877312037,0.07271478703797607,67.40035188760586,AI Recoverable,CONTINUE_MONITORING,0
28,26,2,0.0,NORMAL,LOW,79.32571384225001,100,0.2442917480665623,3,1,0.3332188110499217,33.10498664400001,0,0.24475256700867642,0.08601625030235749,73.68295437385908,AI Recoverable,CONTINUE_MONITORING,1
28,26,3,0.0,NORMAL,LOW,65.1401094236,100,0.08935060433031242,4,2,0.2759480136807656,53.025024395,0,0.09494518075159272,0.04698124764359579,70.06193270303227,AI Recoverable,CONTINUE_MONITORING,0
28,26,4,0.0,NORMAL,LOW,57.00885740149999,100,0.001961573795395671,1,0,0.051275022967007186,53.549224169999995,0,0.004725344012825052,0.1356984121419076,65.19402461248846,AI Recoverable,CONTINUE_MONITORING,0
28,26,5,0.0,NORMAL,LOW,67.53609405805001,100,0.051719424689565,1,0,0.08361762604821726,41.678428896999996,0,0.048929716981047894,0.03239318659344492,69.21385599876565,AI Recoverable,CONTINUE_MONITORING,0
28,26,6,0.0,NORMAL,LOW,60.507477465775,100,0.007066519596393175,2,1,0.10529988969729488,48.417900763549994,0,0.007229085984393275,0.10831586969161666,66.00572450948138,AI Recoverable,CONTINUE_MONITORING,0
28,26,7,0.0,NORMAL,LOW,76.50178248024999,100,0.2168046318547908,3,1,0.3126034738910931,34.385191657750006,0,0.2047343730864301,0.08885196290569974,72.66213729531762,AI Recoverable,CONTINUE_MONITORING,1
28,26,8,0.0,NORMAL,LOW,63.015769649450014,100,0.00889075051890633,1,0,0.055778987837289115,46.6948929223,0,0.0062735228735666705,0.10377113280107608,66.14627191908689,AI Recoverable,CONTINUE_MONITORING,0
28,26,9,0.0,NORMAL,LOW,61.88550614752499,100,0.00965345577481469,4,2,0.2082054374085925,48.33224735305,0,0.013882156599832936,0.08904106532359268,66.6058640484048,AI Recoverable,CONTINUE_MONITORING,0
28,26,10,0.27992222207052625,NORMAL,LOW,82.08667452235001,100,0.0,1,0,0.05,4.4955370939499995,0,0.0,0.07875519340605852,56.73384239238012,AI Recoverable,CONTINUE_MONITORING,0
28,27,1,0.0,NORMAL,LOW,60.618744046124995,100,0.02496006835560946,2,1,0.1187200512667071,52.446317463,0,0.023981289843545434,0.0717636676921477,67.44492257324394,AI Recoverable,CONTINUE_MONITORING,0
28,27,2,0.0,NORMAL,LOW,79.2840363858,100,0.24326076759780677,3,1,0.3324455756983551,33.37710727145,0,0.24453329281830594,0.08404945336445235,73.70931194602788,AI Recoverable,CONTINUE_MONITORING,1
28,27,3,0.0,NORMAL,LOW,65.5936773019,100,0.09128610366346068,4,2,0.2775931881139416,52.2671674745,0,0.09306472246026261,0.04477166728490467,70.1370776157492,AI Recoverable,CONTINUE_MONITORING,0
28,27,4,0.0,NORMAL,LOW,57.59349061655,100,0.0007493915669031194,1,0,0.05048710451848703,52.21307852945,0,0.003346563054912227,0.12055424302225937,65.53459738633069,AI Recoverable,CONTINUE_MONITORING,0
28,27,5,0.0,NORMAL,LOW,68.09771065659999,100,0.05643980484544902,1,0,0.08668587314954188,41.351237639999994,0,0.0498294773031951,0.037856259156536676,69.1806843910275,AI Recoverable,CONTINUE_MONITORING,0
28,27,6,0.0,NORMAL,LOW,60.81174222597501,100,0.006147262970714751,2,1,0.10461044722803607,48.074396936300005,0,0.007537558705068717,0.11545366881891195,65.81197912599218,AI Recoverable,CONTINUE_MONITORING,0
28,27,7,0.0,NORMAL,LOW,76.0159267484,100,0.2079365759240372,3,1,0.3059524319430279,35.0833285816,0,0.2089804912320288,0.09375813096346652,72.40458315671437,AI Recoverable,CONTINUE_MONITORING,1
28,27,8,0.0,NORMAL,LOW,62.00988355237501,100,0.0060918290746267085,1,0,0.053959688898507364,47.991509753500004,0,0.007171698241280895,0.11838142150673159,65.73401802623704,AI Recoverable,CONTINUE_MONITORING,0
28,27,9,0.0,NORMAL,LOW,62.42149582084999,100,0.009666372846947734,4,2,0.20821641691990558,47.66896832249999,0,0.011982415273851433,0.09289870876955042,66.49068389043869,AI Recoverable,CONTINUE_MONITORING,0
28,27,10,0.270272013115564,NORMAL,LOW,82.44435139095,100,0.0,1,0,0.05,3.5688119085,0,0.0,0.07695814664662026,57.116525874789744,AI Recoverable,CONTINUE_MONITORING,0
28,28,1,0.0,NORMAL,LOW,61.018185016125,100,0.02327150668885352,2,1,0.11745363001664014,50.995897707,0,0.024516413051420174,0.07400967279544302,67.36035244440518,AI Recoverable,CONTINUE_MONITORING,0
28,28,2,0.0,NORMAL,LOW,78.08862735685,100,0.24139074225768076,3,1,0.33104305669326056,35.4477949392,0,0.24451523206124823,0.08800878281135449,73.57274759548224,AI Recoverable,CONTINUE_MONITORING,1
28,28,3,0.0,NORMAL,LOW,66.04455110680001,100,0.08894787767913308,4,2,0.27560569602726315,50.272756615999995,0,0.09365247372244095,0.03674414038770657,70.2968787811144,AI Recoverable,CONTINUE_MONITORING,0
28,28,4,0.0,NORMAL,LOW,58.76406249895,100,0.001803239844681715,1,0,0.05117210589904312,49.62391269004999,0,0.0026825956918319085,0.13562696428295662,65.17221664673804,AI Recoverable,CONTINUE_MONITORING,0
28,28,5,0.0,NORMAL,LOW,66.35178582555,100,0.04849247706653429,1,0,0.08152011009324729,43.337655279749995,0,0.051988064658315326,0.03137326209736935,69.20539863547958,AI Recoverable,CONTINUE_MONITORING,0
28,28,6,0.0,NORMAL,LOW,61.404917722725,100,0.007206304049491704,2,1,0.10540472803711878,46.8825503027,0,0.007337990290121805,0.10869732508632046,66.00007285673304,AI Recoverable,CONTINUE_MONITORING,0
28,28,7,0.0,NORMAL,LOW,76.290749953,100,0.20267240567837483,3,1,0.3020043042587811,34.513803593999995,0,0.20817767691922406,0.08245223006152114,72.5739191312217,AI Recoverable,CONTINUE_MONITORING,1
28,28,8,0.0,NORMAL,LOW,62.19794230427501,100,0.006807765212290375,1,0,0.05442504738798875,47.664940661399996,0,0.006515690897954492,0.11237454675060121,65.89194854446032,AI Recoverable,CONTINUE_MONITORING,0
28,28,9,0.0,NORMAL,LOW,63.192542233400005,100,0.01187150777497016,4,2,0.21009078160872466,46.13310858609999,0,0.011382295720753723,0.09123378443660546,66.5704085017918,AI Recoverable,CONTINUE_MONITORING,0
28,28,10,0.270272013115564,NORMAL,LOW,81.57804955700001,100,0.0,1,0,0.05,5.441582259,0,0.0,0.0783854326404938,57.08084372494291,AI Recoverable,CONTINUE_MONITORING,0
28,29,1,0.0,NORMAL,LOW,60.44704724424999,100,0.02377050355071362,2,1,0.11782787766303522,52.479610539499994,0,0.023858898563772126,0.07402626618568231,67.36334240200993,AI Recoverable,CONTINUE_MONITORING,0
28,29,2,0.0,NORMAL,LOW,76.96721791655,100,0.24058752238390163,4,2,0.4044993940263164,37.6304648805,0,0.2431155681482597,0.09112020012759803,73.46490112597067,AI Recoverable,CONTINUE_MONITORING,1
28,29,3,0.0,CHANNEL_CONGESTION,HIGH,66.95059639555,100,0.09612576345408759,4,2,0.28170689893597445,48.580756140999995,0,0.0913940727787033,0.03438811346523418,67.53954980986391,AI Recoverable,REROUTE,0
28,29,4,0.0,NORMAL,LOW,59.0407121256,100,0.0026854214642747605,2,1,0.10201406609820607,50.24529440680001,0,0.0027121276518946016,0.13615965750715642,65.17683826812552,AI Recoverable,CONTINUE_MONITORING,0
28,29,5,0.0,NORMAL,LOW,66.1685490648,100,0.051580794993104626,1,0,0.083527516745518,44.69292970910001,0,0.0500838009934439,0.027818769215587014,69.33698467940684,AI Recoverable,CONTINUE_MONITORING,0
28,29,6,0.0,NORMAL,LOW,61.83140145024999,100,0.006599882033851907,2,1,0.10494991152538893,46.390654757,0,0.007270066375886696,0.11527742918281769,65.82276257486545,AI Recoverable,CONTINUE_MONITORING,0
28,29,7,0.0,NORMAL,LOW,75.72405833615001,100,0.1982010578825131,3,1,0.29865079341188483,35.5225746331,0,0.2067240867759718,0.08903835884957001,72.30530305417074,AI Recoverable,CONTINUE_MONITORING,1
28,29,8,0.0,NORMAL,LOW,61.534252210850006,100,0.006758908574457169,1,0,0.05439329057339716,48.1768386838,0,0.006999288875990248,0.11166992308247337,65.91342298318722,AI Recoverable,CONTINUE_MONITORING,0
28,29,9,0.0,NORMAL,LOW,62.41819272487501,100,0.011161809568161266,4,2,0.20948753813293708,48.313759366,0,0.011593586662538322,0.08786584536466979,66.64252592387186,AI Recoverable,CONTINUE_MONITORING,0
28,29,10,0.2991518991833152,NORMAL,LOW,81.88667651895001,100,0.0,1,0,0.05,5.1088848885,0,0.0,0.07795416658482901,56.08082936396323,AI Recoverable,CONTINUE_MONITORING,0
28,30,1,0.0,NORMAL,LOW,60.487026675174995,100,0.02417768070494375,2,1,0.11813326052870782,53.3332777315,0,0.023884754844180355,0.07093944634486271,67.4489150039191,AI Recoverable,CONTINUE_MONITORING,0
28,30,2,0.0,NORMAL,LOW,75.4075526052,100,0.23737770129387095,4,2,0.4017710460997903,39.933657266,0,0.2420077837316244,0.08978524790079578,73.42300066567377,AI Recoverable,CONTINUE_MONITORING,1
28,30,3,0.0,CHANNEL_CONGESTION,HIGH,67.71550321780002,100,0.09533342197796062,4,2,0.2810334086812665,47.6315095575,0,0.09320122325152709,0.033290755573695874,67.52048787829051,AI Recoverable,REROUTE,0
28,30,4,0.0,NORMAL,LOW,60.1801092818,100,0.003056743786360908,2,1,0.10229255783977069,48.0832563397,0,0.0024917710004130154,0.13691373825970554,65.16320912923871,AI Recoverable,CONTINUE_MONITORING,0
28,30,5,0.0,NORMAL,LOW,64.17002815024999,100,0.0442977614825736,1,0,0.07879354496367284,47.4459952885,0,0.051301591683574635,0.04418106337565275,68.79444456209589,AI Recoverable,CONTINUE_MONITORING,0
28,30,6,0.0,NORMAL,LOW,62.18464058517499,100,0.010102891868873967,2,1,0.10757716890165547,47.706719010849994,0,0.006838660100420266,0.0913598471036009,66.48644826079165,AI Recoverable,CONTINUE_MONITORING,0
28,30,7,0.0,NORMAL,LOW,74.6293398363,100,0.1928060325978508,3,1,0.29460452444838814,37.037707886199996,0,0.20423369315120724,0.08371841122390844,72.30549730287137,AI Recoverable,CONTINUE_MONITORING,1
28,30,8,0.0,NORMAL,LOW,61.229902815,100,0.007778648173341798,1,0,0.05505612131267217,49.0010745086,0,0.007215398330937543,0.10142970753019664,66.19198425852129,AI Recoverable,CONTINUE_MONITORING,0
28,30,9,0.0,NORMAL,LOW,62.862365177400015,100,0.011637495048841522,4,2,0.2098918707915153,47.8486375861,0,0.01101180459611958,0.08959151391876363,66.60308009896893,AI Recoverable,CONTINUE_MONITORING,0
28,30,10,0.270272013115564,NORMAL,LOW,82.3390658516,100,0.0,1,0,0.05,3.8906502030000003,0,0.0,0.07782197122751344,57.09493026026742,AI Recoverable,CONTINUE_MONITORING,0
28,31,1,0.0,NORMAL,LOW,59.802925446125,100,0.022759652361964082,2,1,0.11706973927147307,54.67392997699999,0,0.02411419904426848,0.07630276484820875,67.28876591647673,AI Recoverable,CONTINUE_MONITORING,0
28,31,2,0.0,NORMAL,LOW,75.46117648429998,100,0.23317730358339078,4,2,0.3982007080458822,40.4658363445,0,0.2401804978121364,0.08999417675242227,73.31549663097861,AI Recoverable,CONTINUE_MONITORING,1
28,31,3,0.0,CHANNEL_CONGESTION,HIGH,68.3247426782,100,0.08810387339720785,4,2,0.2748882923876267,46.54072005399999,0,0.0931461545480818,0.0396591056764809,67.51200162959901,AI Recoverable,REROUTE,0
28,31,4,0.0,CHANNEL_CONGESTION,HIGH,60.08073321815001,100,0.0032481081605684847,2,1,0.10243608112042638,49.030144345649994,0,0.0023529149999745366,0.13365693696958714,60.247067888971436,AI Recoverable,CONTINUE_MONITORING,0
28,31,5,0.0,NORMAL,LOW,64.95326045265001,100,0.04881598834671738,1,0,0.08173039242536631,46.04509166734999,0,0.04864356527558379,0.038437946902041165,69.00180674713916,AI Recoverable,CONTINUE_MONITORING,0
28,31,6,0.0,NORMAL,LOW,61.71189715290001,100,0.006525835609921972,2,1,0.10489437670744148,47.570468203800004,0,0.008228068033367762,0.11215770115981405,65.90885486353676,AI Recoverable,CONTINUE_MONITORING,0
28,31,7,0.0,NORMAL,LOW,74.9716972226,100,0.193256571698094,3,1,0.29494242877357046,37.148424386,0,0.20042070833061457,0.08147609923443888,72.33243603640705,AI Recoverable,CONTINUE_MONITORING,1
28,31,8,0.0,NORMAL,LOW,62.515122577750006,100,0.008536186798207474,1,0,0.05554852141883486,46.918134933800005,0,0.007419500669509672,0.10391033158696339,66.14716045298515,AI Recoverable,CONTINUE_MONITORING,0
28,31,9,0.0,NORMAL,LOW,62.16681991975,100,0.009270448676592812,4,2,0.2078798813751039,47.84144650075,0,0.011049938256575409,0.09308662452400684,66.46874274299743,AI Recoverable,CONTINUE_MONITORING,0
28,31,10,0.26550321836616064,NORMAL,LOW,81.48979783715001,100,0.0,1,0,0.05,5.3107671645000005,0,0.0,0.08003215622926074,57.20658345145285,AI Recoverable,CONTINUE_MONITORING,0
28,32,1,0.0,NORMAL,LOW,59.3765557569,100,0.022542167339114096,2,1,0.11690662550433557,55.003134016999994,0,0.023479413341281043,0.07993779415541602,67.1871926263097,AI Recoverable,CONTINUE_MONITORING,0
28,32,2,0.0,NORMAL,LOW,76.0726924707,100,0.24325570832791643,4,2,0.406767352078729,38.8901298145,0,0.23736435627134833,0.08805767831583589,73.5373157713759,AI Recoverable,CONTINUE_MONITORING,1
28,32,3,0.0,CHANNEL_CONGESTION,HIGH,69.55460013924998,100,0.0985623216294614,4,2,0.2837779733850422,44.742192992999996,0,0.09080274764322133,0.03122306821350318,67.54850875893794,AI Recoverable,REROUTE,0
28,32,4,0.0,CHANNEL_CONGESTION,HIGH,60.51544727355,100,0.004896978187571062,2,1,0.1036727336406783,49.06921353999999,0,0.0025904391233610036,0.12090796343389854,60.60114486913758,AI Recoverable,CONTINUE_MONITORING,0
28,32,5,0.0,NORMAL,LOW,66.5926324876,100,0.0567707244325323,1,0,0.08690097088114601,43.6551002919,0,0.04959255224682826,0.039559382645278696,69.14235544498696,AI Recoverable,CONTINUE_MONITORING,0
28,32,6,0.0,NORMAL,LOW,61.85444729755001,100,0.003845848333163406,2,1,0.10288438624987256,47.01046516499999,0,0.007079255397576193,0.13810082865329698,65.1951888043066,AI Recoverable,CONTINUE_MONITORING,0
28,32,7,0.0,NORMAL,LOW,76.6301441259,100,0.20684496990308318,3,1,0.3051337274273124,34.6714099629,0,0.19725914163874997,0.07908155169371278,72.63245202210634,AI Recoverable,CONTINUE_MONITORING,1
28,32,8,0.0,NORMAL,LOW,63.219012505524994,100,0.01149930354791425,1,0,0.057474547306144264,45.552590716000005,0,0.007597123336071535,0.09579772290134203,66.41101423178544,AI Recoverable,CONTINUE_MONITORING,0
28,32,9,0.0,NORMAL,LOW,61.90716121552501,100,0.01099166096217141,4,2,0.2093429118178457,48.9352538192,0,0.010286203351149733,0.08241012366741118,66.76244216106963,AI Recoverable,CONTINUE_MONITORING,0
28,32,10,0.26550321836616064,NORMAL,LOW,81.02571775215,100,0.0,1,0,0.05,6.3786230145000005,0,0.0,0.07832484453288424,57.249266243862266,AI Recoverable,CONTINUE_MONITORING,0
28,33,1,0.0,NORMAL,LOW,59.79113980225,100,0.022351163851136176,2,1,0.11676337288835215,53.5301137265,0,0.023075661692116698,0.07528829407274118,67.29557254212536,AI Recoverable,CONTINUE_MONITORING,0
28,33,2,0.0,NORMAL,LOW,76.5642084169,100,0.23573724308945376,4,2,0.4003766566260357,37.051778910950006,0,0.2403871693969214,0.0855386647887243,73.48014993604018,AI Recoverable,CONTINUE_MONITORING,1
28,33,3,0.0,CHANNEL_CONGESTION,HIGH,69.89011580225,100,0.09487854987784798,4,2,0.2806467673961708,43.9422816045,0,0.09495895262813749,0.03295932817673808,67.50234199439927,AI Recoverable,REROUTE,0
28,33,4,0.0,CHANNEL_CONGESTION,HIGH,60.26139143395001,100,0.0024000256330741964,2,1,0.10180001922480565,48.839916421299996,0,0.003665762258355289,0.13776907938567118,60.140431150603256,AI Recoverable,CONTINUE_MONITORING,0
28,33,5,0.0,NORMAL,LOW,66.18250446900001,100,0.059351442737166464,1,0,0.0885784377791582,44.83477679799999,0,0.05202530181476439,0.044097376147039014,69.10484746921499,AI Recoverable,CONTINUE_MONITORING,0
28,33,6,0.0,NORMAL,LOW,61.751319343,100,0.0030674536195119074,2,1,0.10230059021463393,47.224231196999995,0,0.005953061165291436,0.14117437695229462,65.09152026023578,AI Recoverable,CONTINUE_MONITORING,0
28,33,7,0.0,NORMAL,LOW,76.53994970235,100,0.19467129492393678,3,1,0.29600347119295256,34.895886699900004,0,0.20118283625731315,0.07327917841172171,72.57327480075882,AI Recoverable,CONTINUE_MONITORING,1
28,33,8,0.0,NORMAL,LOW,64.028682390925,100,0.015575783280026779,1,0,0.06012425913201741,44.986224086,0,0.009243104787243824,0.08225554819855585,66.84755800850908,AI Recoverable,CONTINUE_MONITORING,0
28,33,9,0.0,NORMAL,LOW,60.9401577223,100,0.010150462115163484,4,2,0.20862789279788896,50.341779781,0,0.010988107372954626,0.08249199069995394,66.75059054853396,AI Recoverable,CONTINUE_MONITORING,0
28,33,10,0.26550321836616064,NORMAL,LOW,81.05024647315,100,0.0,1,0,0.05,5.616844749,0,0.0,0.08194190991860906,57.15883960921915,AI Recoverable,CONTINUE_MONITORING,0
28,34,1,0.0,NORMAL,LOW,59.659894559499996,100,0.02495295708120813,2,1,0.1187147178109061,53.6099028605,0,0.02288951264844289,0.07712551473622897,67.29981639970286,AI Recoverable,CONTINUE_MONITORING,0
28,34,2,0.0,NORMAL,LOW,77.22920141130001,100,0.23461822284678982,4,2,0.3994254894197714,35.65755686265,0,0.23734013994183079,0.08380821414175066,73.47056050281033,AI Recoverable,CONTINUE_MONITORING,1
28,34,3,0.0,CHANNEL_CONGESTION,HIGH,70.08008631225,100,0.10308412098035437,4,2,0.28762150283330123,44.28990642549999,0,0.09468411521047354,0.0364269976894559,67.51534733245404,AI Recoverable,REROUTE,0
28,34,4,0.0,CHANNEL_CONGESTION,HIGH,60.37318171755002,100,0.0045114082402536,2,1,0.10338355618019021,49.33921850925,0,0.0030002265023811765,0.1232885335079007,60.53801709213137,AI Recoverable,CONTINUE_MONITORING,0
28,34,5,0.0,NORMAL,LOW,65.1438525935,100,0.056512419926335225,1,0,0.0867330729521179,46.771184803000004,0,0.05431977250004315,0.04680980664524692,69.00320095739596,AI Recoverable,CONTINUE_MONITORING,0
28,34,6,0.0,NORMAL,LOW,62.68205614,100,0.006116286204321144,2,1,0.10458721465324086,46.488437344999994,0,0.005140103690998815,0.12133715106686283,65.64029798432483,AI Recoverable,CONTINUE_MONITORING,0
28,34,7,0.0,NORMAL,LOW,76.04169902645,100,0.18990601972341412,3,1,0.2924295147925606,36.384509121849995,0,0.19641057825794794,0.07988856388061627,72.26501208003235,AI Recoverable,CONTINUE_MONITORING,1
28,34,8,0.0,NORMAL,LOW,62.750725227124995,100,0.012349781650279654,1,0,0.05802735807268178,46.96869129385,0,0.011693571236360677,0.09063747575289138,66.59799445154691,AI Recoverable,CONTINUE_MONITORING,0
28,34,9,0.0,NORMAL,LOW,60.1613660038,100,0.0078287504995334,4,2,0.2066544379246034,50.4461069943,0,0.010494801326479314,0.09493785172012625,66.3880767302523,AI Recoverable,CONTINUE_MONITORING,0
28,34,10,0.26550321836616064,NORMAL,LOW,81.4849617041,100,0.0,1,0,0.05,4.05661027815,0,0.0,0.08514985598255709,57.07864095762044,AI Recoverable,CONTINUE_MONITORING,0
28,35,1,0.0,NORMAL,LOW,59.14026606625,100,0.02573762572516497,2,1,0.11930321929387373,54.929167167,0,0.02383559411173371,0.0779710591458157,67.30383197697525,AI Recoverable,CONTINUE_MONITORING,0
28,35,2,0.009724824835864232,NORMAL,LOW,76.39873326225,100,0.23145225999782046,4,2,0.39673442099814743,37.619597346549995,0,0.23616873193383597,0.08250001668303975,73.08786323296351,AI Recoverable,CONTINUE_MONITORING,1
28,35,3,0.0,CHANNEL_CONGESTION,HIGH,69.1086648444,100,0.10118176071713196,4,2,0.2860044966095622,45.858275042,0,0.0981199565949028,0.037616032748115535,67.47861096828072,AI Recoverable,REROUTE,0
28,35,4,0.0,CHANNEL_CONGESTION,HIGH,61.11571532630001,100,0.004142255836411138,2,1,0.10310669187730837,47.28821715114999,0,0.0038892794331720345,0.12936012151444365,60.38773487319886,AI Recoverable,CONTINUE_MONITORING,0
28,35,5,0.0,NORMAL,LOW,65.68796341225,100,0.06471124655665776,1,0,0.09206231026182754,46.81772101599999,0,0.05415849314744606,0.051281864014932954,69.0537632622343,AI Recoverable,CONTINUE_MONITORING,0
28,35,6,0.0,NORMAL,LOW,61.326963074199995,100,0.0044189196818897195,2,1,0.10331418976141729,48.83912934955,0,0.005987050050307278,0.12930706275277415,65.4155723253215,AI Recoverable,CONTINUE_MONITORING,0
28,35,7,0.0,NORMAL,LOW,75.63451276520001,100,0.1880204581506484,3,1,0.2910153436129863,37.9436181759,0,0.19381969035551727,0.08005524502480998,72.19722494094789,AI Recoverable,CONTINUE_MONITORING,1
28,35,8,0.0,NORMAL,LOW,63.25695145592499,100,0.015023972962256039,1,0,0.05976558242546643,47.0618109304,0,0.011508492978051689,0.08178777213104671,66.87087008574946,AI Recoverable,CONTINUE_MONITORING,0
28,35,9,0.0,NORMAL,LOW,59.82222358389999,100,0.007790375474888973,4,2,0.20662181915365563,51.580382154999995,0,0.009331659572182387,0.0933447587043077,66.4155051376119,AI Recoverable,CONTINUE_MONITORING,0
28,35,10,0.26550321836616064,NORMAL,LOW,81.56326271100001,100,0.0,1,0,0.05,3.49924304025,0,0.0,0.08607599860608783,57.05548739203218,AI Recoverable,CONTINUE_MONITORING,0
28,36,1,0.0,NORMAL,LOW,60.060075052749994,100,0.026922059792011083,2,1,0.12019154484400832,52.887995953,0,0.024289387007751732,0.06868823413416159,67.5641292125637,AI Recoverable,CONTINUE_MONITORING,0
28,36,2,0.0,NORMAL,LOW,77.32826787655,100,0.236935001101678,4,2,0.40139475093642635,36.663500997099995,0,0.2343893812976981,0.09020531975451007,73.32746084114778,AI Recoverable,CONTINUE_MONITORING,1
28,36,3,0.0,CHANNEL_CONGESTION,HIGH,69.36254053420001,100,0.1029865812663072,4,2,0.2875385940763612,45.45503109,0,0.09836801593942007,0.03781798087924071,67.47838640052201,AI Recoverable,REROUTE,0
28,36,4,0.0,CHANNEL_CONGESTION,HIGH,60.73085094547499,100,0.004929087152800265,2,1,0.10369681536460021,48.029187456749995,0,0.003930505399026328,0.12487695420914591,60.51596294181763,AI Recoverable,CONTINUE_MONITORING,0
28,36,5,0.0,NORMAL,LOW,66.526229563,100,0.06626078172976892,1,0,0.0930695081243498,45.82073622750001,0,0.059476029046914604,0.048207567296358445,69.21478674265555,AI Recoverable,CONTINUE_MONITORING,0
28,36,6,0.0,NORMAL,LOW,62.141569020324994,100,0.0050051615692032585,2,1,0.10375387117690245,46.728933167,0,0.004682083987400056,0.13007204688892016,65.39512289903506,AI Recoverable,CONTINUE_MONITORING,0
28,36,7,0.0,NORMAL,LOW,75.9900775471,100,0.1931627738137187,3,1,0.294872080360289,36.56596430985,0,0.19258404146107921,0.08089518294285303,72.26671631731382,AI Recoverable,CONTINUE_MONITORING,1
28,36,8,0.0,NORMAL,LOW,62.82840067615,100,0.016925459696229946,1,0,0.06100154880254947,48.84861611215,0,0.013325095842092599,0.07954808862453466,66.98305793673215,AI Recoverable,CONTINUE_MONITORING,0
28,36,9,0.0,NORMAL,LOW,59.06403386522501,100,0.009222780118396338,4,2,0.2078393631006369,53.29477987,0,0.008781550324435703,0.08370659468381592,66.67960623851688,AI Recoverable,CONTINUE_MONITORING,0
28,36,10,0.26550321836616064,NORMAL,LOW,82.20608909180001,100,0.0,1,0,0.05,1.44798317595,0,0.0,0.08866170301080722,56.9908447819142,AI Recoverable,CONTINUE_MONITORING,0
28,37,1,0.0,NORMAL,LOW,59.79653340075001,100,0.026843698743284808,2,1,0.12013277405746361,54.39436497249999,0,0.02522745426801215,0.06831755668254058,67.5812096004823,AI Recoverable,CONTINUE_MONITORING,0
28,37,2,0.0,NORMAL,LOW,77.27238201179999,100,0.23945182039909169,4,2,0.40353404733922793,36.8376182987,0,0.23656028128141557,0.08976605922975733,73.41048774005205,AI Recoverable,CONTINUE_MONITORING,1
28,37,3,0.0,CHANNEL_CONGESTION,HIGH,68.3408868296,100,0.10027024533505996,4,2,0.285229708534801,47.35820121799999,0,0.10099304120584657,0.036255611977907165,67.4487407279437,AI Recoverable,REROUTE,1
28,37,4,0.0,CHANNEL_CONGESTION,HIGH,59.177672173125,100,0.0032812085039880946,2,1,0.10246090637799107,50.35756851875,0,0.004401891852855516,0.1325154319987807,60.296757288638794,AI Recoverable,CONTINUE_MONITORING,0
28,37,5,0.0,NORMAL,LOW,67.5119362835,100,0.06778630326440735,1,0,0.09406109712186478,44.060907443249995,0,0.062383160672475166,0.04044036584794197,69.46854852581434,AI Recoverable,CONTINUE_MONITORING,0
28,37,6,0.0,NORMAL,LOW,61.856257033000006,100,0.00453237363560683,2,1,0.10339928022670512,46.839332486,0,0.004645062187893499,0.13351855582733474,65.2991341989077,AI Recoverable,CONTINUE_MONITORING,0
28,37,7,0.0,NORMAL,LOW,75.9483473028,100,0.1997176723844331,3,1,0.2997882542883248,37.96157019755,0,0.19411360445618775,0.08593051410117747,72.2872266397211,AI Recoverable,CONTINUE_MONITORING,1
28,37,8,0.0,NORMAL,LOW,62.82740393435001,100,0.01958621781608714,1,0,0.06273104158045664,48.70485075755,0,0.015070040068007919,0.07916795626766238,67.06322585031026,AI Recoverable,CONTINUE_MONITORING,0
28,37,9,0.0,NORMAL,LOW,59.689708193025005,100,0.008957405787413018,4,2,0.20761379491930107,51.5284368905,0,0.009204598119340407,0.08820355918335587,66.56610511735775,AI Recoverable,CONTINUE_MONITORING,0
28,37,10,0.47332935833472634,NORMAL,LOW,82.70152176709999,100,0.0,1,0,0.05,0.07496400465,0,0.0,0.09389740630662247,49.58603730061902,Human Intervention Required,CONTINUE_MONITORING,0
28,38,1,0.0,NORMAL,LOW,59.461818376749996,100,0.026166637404485608,2,1,0.11962497805336421,54.8038131565,0,0.02580616034997816,0.07094245912959363,67.50783287334966,AI Recoverable,CONTINUE_MONITORING,0
28,38,2,0.0,NORMAL,LOW,76.8663857204,100,0.23568732743167167,4,2,0.40033422831692095,37.3059408716,0,0.23678278276060422,0.08669334040829746,73.41424086603203,AI Recoverable,CONTINUE_MONITORING,1
28,38,3,0.0,CHANNEL_CONGESTION,HIGH,67.4607979978,100,0.09543523392186912,4,2,0.28111994883358876,49.32178884699999,0,0.10041724974525618,0.045717255563953896,67.4484548782831,AI Recoverable,REROUTE,1
28,38,4,0.0,CHANNEL_CONGESTION,HIGH,59.26415157847501,100,0.0025771311426761624,2,1,0.10193284835700712,49.83845810545,0,0.0036813205025102496,0.13663031792678237,60.172597879709066,AI Recoverable,CONTINUE_MONITORING,0
28,38,5,0.0,NORMAL,LOW,66.73506475785001,100,0.06201046540732175,1,0,0.09030680251475914,45.473442732449996,0,0.0643829981693292,0.04999968408501443,69.13404718771436,AI Recoverable,CONTINUE_MONITORING,0
28,38,6,0.0,NORMAL,LOW,61.70860585967499,100,0.005550711220797658,2,1,0.10416303341559825,46.607841316999995,0,0.004599339350156649,0.12103834896890353,65.63104889369492,AI Recoverable,CONTINUE_MONITORING,0
28,38,7,0.0,NORMAL,LOW,76.7660164513,100,0.20133813891140293,3,1,0.3010036041835522,35.861835047650004,0,0.19508225237479107,0.08598324708211125,72.32800412492317,AI Recoverable,CONTINUE_MONITORING,1
28,38,8,0.0,NORMAL,LOW,63.928198847999994,100,0.025494165151120077,1,0,0.06657120734822805,47.97947003435,0,0.01700043550150928,0.0726712298125346,67.36310691272413,AI Recoverable,CONTINUE_MONITORING,0
28,38,9,0.0,NORMAL,LOW,59.703217395124994,100,0.007814302225877656,4,2,0.20664215689199603,52.091939504500004,0,0.008840190095579233,0.09363715501824943,66.4037590700171,AI Recoverable,CONTINUE_MONITORING,0
28,38,10,0.5119055282867329,NORMAL,LOW,82.5149213215,100,0.0,1,0,0.05,0.0,0,0.0,0.09701120218229697,48.158026455406926,Human Intervention Required,CONTINUE_MONITORING,0
28,39,1,0.0,NORMAL,LOW,60.49420145975001,100,0.02684029699885265,2,1,0.1201302227491395,52.7223051695,0,0.026137208245807324,0.06551614124664129,67.66027449126909,AI Recoverable,CONTINUE_MONITORING,0
28,39,2,0.0,NORMAL,LOW,76.45318156034999,100,0.23915249861760401,3,1,0.329364373963203,37.678080006349994,0,0.2356464466782887,0.08852224303768086,73.42645836319295,AI Recoverable,CONTINUE_MONITORING,1
28,39,3,0.0,CHANNEL_CONGESTION,HIGH,67.69725259,100,0.09428159794379973,4,2,0.2801393582522298,48.819102702500004,0,0.09904468208746191,0.04378462157659624,67.46073850988846,AI Recoverable,REROUTE,0
28,39,4,0.0,CHANNEL_CONGESTION,HIGH,58.513958441400014,100,0.0035583199159976544,1,0,0.05231290794539848,51.6693582165,0,0.003494892065460945,0.12699987124540757,60.43111853783938,AI Recoverable,CONTINUE_MONITORING,0
28,39,5,0.0,NORMAL,LOW,68.09541613809999,100,0.07000690988897425,1,0,0.09550449142783327,44.1284525162,0,0.06302250998602527,0.04375510581386244,69.43648565229317,AI Recoverable,CONTINUE_MONITORING,0
28,39,6,0.0,NORMAL,LOW,60.487889432624996,100,0.003978074951856828,2,1,0.10298355621389263,47.6841451548,0,0.005252496689893903,0.13351393045881477,65.2942382044657,AI Recoverable,CONTINUE_MONITORING,0
28,39,7,0.0,NORMAL,LOW,78.16260128065,100,0.2154239910508264,3,1,0.3115679932881198,34.083154865,0,0.19650175049112728,0.08498361417576739,72.6489069715336,AI Recoverable,CONTINUE_MONITORING,1
28,39,8,0.0,NORMAL,LOW,64.1467900801,100,0.02919961164322224,1,0,0.06897974756809445,48.442279196499996,0,0.020161393163972224,0.06346283421720089,67.69903530907413,AI Recoverable,CONTINUE_MONITORING,0
28,39,9,0.0,NORMAL,LOW,60.336256832900006,100,0.008374281296608499,4,2,0.20711813910211724,51.641356062999996,0,0.008170196642618609,0.09197554422923382,66.44979898662751,AI Recoverable,CONTINUE_MONITORING,0
28,39,10,0.5119055282867329,NORMAL,LOW,82.47445871350001,100,0.0,1,0,0.05,0.0,0,0.0,0.09772365203668965,48.14021520904711,Human Intervention Required,CONTINUE_MONITORING,0
28,40,1,0.0,NORMAL,LOW,60.295330056,100,0.027312877379642806,2,1,0.12048465803473211,53.8151016825,0,0.026603533712587668,0.06469561030313353,67.6949026271404,AI Recoverable,CONTINUE_MONITORING,0
28,40,2,0.0,NORMAL,LOW,77.0482990461,100,0.24417017776927286,3,1,0.3331276333269546,36.13470280205,0,0.2373207966419824,0.08682077029902469,73.58609226432966,AI Recoverable,CONTINUE_MONITORING,1
28,40,3,0.0,CHANNEL_CONGESTION,HIGH,67.1106759342,100,0.08857359253647802,4,2,0.2752875536560063,48.7466781015,0,0.09746623806892343,0.03898518868426559,67.4693879433147,AI Recoverable,REROUTE,0
28,40,4,0.0,CHANNEL_CONGESTION,HIGH,57.5765839128,100,0.0010588475753202085,1,0,0.050688250923958136,52.4140092496,0,0.00365581633206156,0.12923107642647247,60.3269582041652,AI Recoverable,CONTINUE_MONITORING,0
28,40,5,0.0,NORMAL,LOW,68.76582296659998,100,0.07783044531049226,1,0,0.10058978945181997,43.36865483655,0,0.06731067192529047,0.046442569448696625,69.56865138924533,AI Recoverable,CONTINUE_MONITORING,0
28,40,6,0.0,NORMAL,LOW,60.18866871795001,100,0.002657513533185286,2,1,0.10199313514988897,47.85918728165,0,0.00448135623386665,0.14236573489039595,65.03882046074246,AI Recoverable,CONTINUE_MONITORING,0
28,40,7,0.0,NORMAL,LOW,78.50286412464999,100,0.22702608749873726,3,1,0.32026956562405295,33.70411558,0,0.20430002211879206,0.08868061855267528,72.86650650734578,AI Recoverable,CONTINUE_MONITORING,1
28,40,8,0.0,NORMAL,LOW,64.73222329275,100,0.031568532209368665,1,0,0.07051954593608964,47.79570764,0,0.023632003310614835,0.0638292436454635,67.77195958615692,AI Recoverable,CONTINUE_MONITORING,0
28,40,9,0.0,NORMAL,LOW,60.76040804422501,100,0.00819531041077011,4,2,0.2069660138491546,51.008393438,0,0.008414564675428378,0.09501183097121313,66.37275608068936,AI Recoverable,CONTINUE_MONITORING,0
28,40,10,0.26550321836616064,NORMAL,LOW,81.74078009000002,100,0.0,1,0,0.05,2.01404189925,0,0.0,0.09104826348062,56.93118077016888,AI Recoverable,CONTINUE_MONITORING,0
28,41,1,0.0,NORMAL,LOW,60.7742601135,100,0.02798722007606305,2,1,0.12099041505704729,52.148854768,0,0.026965843058451615,0.06394268395616776,67.73083573320157,AI Recoverable,CONTINUE_MONITORING,0
28,41,2,0.0,NORMAL,LOW,76.70805977040001,100,0.24758400821920007,3,1,0.3356880061644001,36.7550497824,0,0.24060660887548643,0.09199683326526398,73.55782542150726,AI Recoverable,CONTINUE_MONITORING,1
28,41,3,0.0,CHANNEL_CONGESTION,HIGH,67.65857894810001,100,0.0867754623429377,4,2,0.27375914299149706,48.072883192999996,0,0.09398869290143537,0.04139063752125949,67.50191573224764,AI Recoverable,REROUTE,0
28,41,4,0.0,CHANNEL_CONGESTION,HIGH,58.17464750525001,100,0.0005913284825130277,1,0,0.05038436351363347,51.17819678319999,0,0.0024742974733055964,0.11767448002137115,60.59470754384905,AI Recoverable,CONTINUE_MONITORING,0
28,41,5,0.0,NORMAL,LOW,68.11827977945,100,0.07083139389993179,1,0,0.09604040603495567,43.80873468385,0,0.07149442037728271,0.042272476814390836,69.57476016141169,AI Recoverable,CONTINUE_MONITORING,0
28,41,6,0.0,NORMAL,LOW,60.17081625105,100,0.004684847679030747,2,1,0.10351363575927307,48.13061339945,0,0.003838590947446566,0.13078863977956157,65.36236686856604,AI Recoverable,CONTINUE_MONITORING,0
28,41,7,0.0,NORMAL,LOW,79.21128534655,100,0.23537066898935963,3,1,0.3265280017420197,33.445428145,0,0.21324143916189775,0.09924382267091603,72.85873220463326,AI Recoverable,CONTINUE_MONITORING,1
28,41,8,0.0,NORMAL,LOW,64.81081968999999,100,0.0368137291937201,1,0,0.07392892397591808,48.46360913,0,0.026658917775054525,0.04795713787028577,68.30393531486779,AI Recoverable,CONTINUE_MONITORING,0
28,41,9,0.0,NORMAL,LOW,59.926107995950005,100,0.008529260064442174,4,2,0.20724987105477585,52.0976860785,0,0.00841756430070022,0.09058684660007854,66.49008967929387,AI Recoverable,CONTINUE_MONITORING,0
28,41,10,0.26550321836616064,NORMAL,LOW,82.1979946613,100,0.0,1,0,0.05,1.1880125622000002,0,0.0,0.0899455531709985,56.95874852790941,AI Recoverable,CONTINUE_MONITORING,0
28,42,1,0.0,NORMAL,LOW,59.967734132000004,100,0.028941815075315267,2,1,0.12170636130648646,53.910009777999996,0,0.027317268307144957,0.06507704052493524,67.72508297145437,AI Recoverable,CONTINUE_MONITORING,0
28,42,2,0.0,NORMAL,LOW,76.0031530361,100,0.23638524670184174,3,1,0.32728893502638134,37.77981400635,0,0.24312161900691764,0.08716341210792322,73.47983582140792,AI Recoverable,CONTINUE_MONITORING,1
28,42,3,0.0,CHANNEL_CONGESTION,HIGH,67.34416095555001,100,0.08925118990336535,4,2,0.2758635114178606,48.711270016,0,0.09117969719410154,0.04030556175176081,67.53310034877153,AI Recoverable,REROUTE,0
28,42,4,0.0,CHANNEL_CONGESTION,HIGH,59.18346033887501,100,0.0017474377233816878,1,0,0.0511358345201981,50.8601163067,0,0.001726755531623229,0.13096763720587434,60.278025379637015,AI Recoverable,CONTINUE_MONITORING,0
28,42,5,0.0,NORMAL,LOW,67.5032037598,100,0.06545677592260506,1,0,0.09254690434969329,43.76306669675,0,0.07003459065793737,0.039178035296697944,69.53003054261401,AI Recoverable,CONTINUE_MONITORING,0
28,42,6,0.0,NORMAL,LOW,60.96502837794999,100,0.007123472125246201,2,1,0.10534260409393466,46.334135087049994,0,0.004401947246576053,0.11266318737626047,65.86990923056418,AI Recoverable,CONTINUE_MONITORING,0
28,42,7,0.0,NORMAL,LOW,78.29666998825,100,0.21325788269931184,3,1,0.30994341202448383,34.160119599,0,0.2216539189336742,0.08692642511645465,72.8085362154116,AI Recoverable,CONTINUE_MONITORING,1
28,42,8,0.0,NORMAL,LOW,63.598032027700015,100,0.029281757460783802,1,0,0.06903314234950947,49.83899845949999,0,0.031016834600008578,0.06559634703174044,67.75589481942225,AI Recoverable,CONTINUE_MONITORING,0
28,42,9,0.0,NORMAL,LOW,59.14080826352502,100,0.007757226271839628,4,2,0.2065936423310637,53.731127498000006,0,0.008420656389248254,0.09239875171292466,66.42938229650616,AI Recoverable,CONTINUE_MONITORING,0
28,42,10,0.5119055282867329,NORMAL,LOW,82.9785473335,100,0.0,1,0,0.05,0.0,0,0.0,0.09249483780873169,48.27093556474606,Human Intervention Required,CONTINUE_MONITORING,0
28,43,1,0.0,NORMAL,LOW,61.4771980701,100,0.031636666220710374,2,1,0.12372749966553279,51.874469179,0,0.02789738309340489,0.055843999042041625,68.0156071792972,AI Recoverable,CONTINUE_MONITORING,0
28,43,2,0.0,NORMAL,LOW,74.96494473775,100,0.23563006615248883,3,1,0.32672254961436664,39.133541313,0,0.23933267023409516,0.09220760501523417,73.30073790000988,AI Recoverable,CONTINUE_MONITORING,1
28,43,3,0.0,CHANNEL_CONGESTION,HIGH,67.08720625229999,100,0.08763223118012438,4,2,0.2744873965031057,49.277953281,0,0.09037974770179258,0.0444855582911684,67.53907614529055,AI Recoverable,REROUTE,0
28,43,4,0.0,CHANNEL_CONGESTION,HIGH,58.3458969289,100,0.0007261467423098645,1,0,0.05047199538250142,51.6059572935,0,0.0018588603945989299,0.12019711035901859,60.52818377981672,AI Recoverable,CONTINUE_MONITORING,0
28,43,5,0.0,NORMAL,LOW,66.11270473410002,100,0.061022846050462105,1,0,0.08966484993280037,46.065468671,0,0.06809607143688703,0.04996008658104345,69.15241547085202,AI Recoverable,CONTINUE_MONITORING,0
28,43,6,0.0,NORMAL,LOW,62.12111989530001,100,0.011816984362070798,2,1,0.1088627382715531,46.1418648632,0,0.0054962883689902,0.09545491001102402,66.40492982065571,AI Recoverable,CONTINUE_MONITORING,0
28,43,7,0.0,NORMAL,LOW,77.80246894415,100,0.21718980357043705,3,1,0.3128923526778278,35.52737622385,0,0.21691571249074287,0.0977006765937446,72.57043628147255,AI Recoverable,CONTINUE_MONITORING,1
28,43,8,0.0,NORMAL,LOW,64.85542699275001,100,0.033762872388497116,1,0,0.07194586705252312,47.879842793499996,0,0.030114618630385222,0.05204618035145192,68.1752491252875,AI Recoverable,CONTINUE_MONITORING,0
28,43,9,0.0,NORMAL,LOW,59.00893644737499,100,0.010154962559119013,4,2,0.20863171817525117,55.399492159000005,0,0.008021021119287219,0.08535916399370291,66.64933036253268,AI Recoverable,CONTINUE_MONITORING,0
28,43,10,0.5119055282867329,NORMAL,LOW,82.59880021300002,100,0.0,1,0,0.05,0.0,0,0.0,0.09541306005739936,48.19798000852937,Human Intervention Required,CONTINUE_MONITORING,0
28,44,1,0.0,NORMAL,LOW,61.5486946007,100,0.03100769487357452,2,1,0.1232557711551809,52.2881257205,0,0.02947164247129489,0.05282012639031053,68.09436716242666,AI Recoverable,CONTINUE_MONITORING,0
28,44,2,0.0,NORMAL,LOW,74.61169222324999,100,0.2260961968463378,4,2,0.39218176731938714,38.72604847,0,0.23909809949020366,0.09021690670174132,73.15748226428525,AI Recoverable,CONTINUE_MONITORING,1
28,44,3,0.0,CHANNEL_CONGESTION,HIGH,66.26463408775001,100,0.08338152255207751,4,2,0.2708742941692659,50.22293060999999,0,0.08880163970097603,0.04080196995069307,67.54954383951366,AI Recoverable,REROUTE,0
28,44,4,0.0,CHANNEL_CONGESTION,HIGH,57.103369496575006,100,0.0006473718262713407,1,0,0.050420791687076374,53.633065077,0,0.0012933352842261013,0.12135918558513203,60.49190114973938,AI Recoverable,CONTINUE_MONITORING,0
28,44,5,0.0,NORMAL,LOW,66.1891921008,100,0.06344993498660785,1,0,0.09124245774129511,46.782725434,0,0.06662762576528379,0.04852227976074841,69.22221796336629,AI Recoverable,CONTINUE_MONITORING,0
28,44,6,0.0,NORMAL,LOW,62.174768466400025,100,0.01005754903062231,2,1,0.10754316177296674,45.776569026,0,0.007781620279815819,0.09735300675079372,66.34514201464074,AI Recoverable,CONTINUE_MONITORING,0
28,44,7,0.0,NORMAL,LOW,78.47207377225,100,0.2171114487016643,3,1,0.3128335865262482,34.018193161999996,0,0.2203145218043452,0.09192597700431504,72.74722476696887,AI Recoverable,CONTINUE_MONITORING,1
28,44,8,0.0,NORMAL,LOW,64.2868556144,100,0.025819347597211138,2,1,0.11936451069790836,47.786525007099996,0,0.032616572121932,0.07573526199252845,67.44917112335033,AI Recoverable,CONTINUE_MONITORING,0
28,44,9,0.0,NORMAL,LOW,58.0164951251,100,0.009644448833453965,4,2,0.20819778150843588,57.30145874200001,0,0.009068034452124823,0.0886937678085582,66.56622512597636,AI Recoverable,CONTINUE_MONITORING,0
28,44,10,0.26550321836616064,NORMAL,LOW,81.7216139692,100,0.0,1,0,0.05,2.01185072055,0,0.0,0.09104826348062,56.93118077016888,AI Recoverable,CONTINUE_MONITORING,0
28,45,1,0.0,NORMAL,LOW,61.224569654450015,100,0.033412944968566935,2,1,0.12505970872642522,52.631910269,0,0.0298663867696152,0.04957119883624661,68.22764279616132,AI Recoverable,CONTINUE_MONITORING,0
28,45,2,0.0,NORMAL,LOW,73.8879700065,100,0.2331905109181137,3,1,0.3248928831885853,40.359317104999995,0,0.2344100564503811,0.09174184708743616,73.21436460568019,AI Recoverable,CONTINUE_MONITORING,1
28,45,3,0.0,CHANNEL_CONGESTION,HIGH,67.27397805715,100,0.08439374904517667,4,2,0.2717346866884002,48.313832055499994,0,0.08600041655772087,0.036672879755422993,67.5788213540626,AI Recoverable,REROUTE,0
28,45,4,0.03401206578469356,CHANNEL_CONGESTION,HIGH,55.30336994672499,100,1.2137430827974815e-05,1,0,0.050007889330038184,55.4214401475,0,0.0008621700768528602,0.1108758904358722,59.54654488602402,AI Recoverable,CONTINUE_MONITORING,0
28,45,5,0.0,NORMAL,LOW,67.60378506275,100,0.06891868048046354,1,0,0.0947971423123013,45.02266243205,0,0.06643777595979622,0.04888281887233026,69.32068089739897,AI Recoverable,CONTINUE_MONITORING,0
28,45,6,0.0,NORMAL,LOW,62.35733662885,100,0.01062146388054756,2,1,0.10796609791041067,45.687165543,0,0.00810491605140844,0.09641911466630826,66.38300057146732,AI Recoverable,CONTINUE_MONITORING,0
28,45,7,0.0,NORMAL,LOW,78.28550574175001,100,0.21278573552795674,3,1,0.30958930164596754,34.163682966,0,0.22052725941483067,0.08714026245893058,72.78248074323417,AI Recoverable,CONTINUE_MONITORING,1
28,45,8,0.0,NORMAL,LOW,64.81683072969999,100,0.028419524349386816,1,0,0.06847269082710143,46.89026343395,0,0.029760277718104654,0.06929017654990066,67.63373885042127,AI Recoverable,CONTINUE_MONITORING,0
28,45,9,0.0,NORMAL,LOW,59.4933710753,100,0.01284551300348876,4,2,0.21091868605296546,54.900438334499995,0,0.009092703789583673,0.08194105584814038,66.7993109017621,AI Recoverable,CONTINUE_MONITORING,0
28,45,10,0.26550321836616064,NORMAL,LOW,81.20918546040001,100,0.0,1,0,0.05,3.3550677531,0,0.0,0.08860446882026718,56.99227563667769,AI Recoverable,CONTINUE_MONITORING,0
28,46,1,0.0,NORMAL,LOW,60.064718195,100,0.033969992442235246,2,1,0.12547749433167643,54.4610264915,0,0.0314419712605623,0.05425932629611174,68.13733640404753,AI Recoverable,CONTINUE_MONITORING,0
28,46,2,0.0,NORMAL,LOW,74.71840649625001,100,0.23737750885964806,3,1,0.328033131644736,38.173041837999996,0,0.2350011973127516,0.09532836625002539,73.21435299406984,AI Recoverable,CONTINUE_MONITORING,1
28,46,3,0.0,CHANNEL_CONGESTION,HIGH,71.20049239235,100,0.14227061669790594,4,2,0.3209300241932201,44.2127563415,0,0.08571890641686843,0.05501022350270568,67.65398254003702,AI Recoverable,REROUTE,0
28,46,4,0.26550321836616064,CHANNEL_CONGESTION,HIGH,80.1466815105,100,0.0,1,0,0.05,6.767254872,0,0.0005250603379909379,0.07941603699502708,52.2272370356886,Human Intervention Required,CONTINUE_MONITORING,0
28,46,5,0.0,NORMAL,LOW,67.0643767527,100,0.06677705613499114,1,0,0.09340508648774425,46.8384680415,0,0.0668307525317489,0.0527264174908999,69.18568821074481,AI Recoverable,CONTINUE_MONITORING,0
28,46,6,0.0,NORMAL,LOW,62.16956044282501,100,0.012145458062235593,2,1,0.1091090935466767,46.05083131104999,0,0.009389043555016734,0.09441331051069557,66.47646683402748,AI Recoverable,CONTINUE_MONITORING,0
28,46,7,0.0,NORMAL,LOW,78.79169966424999,100,0.22459818832716114,3,1,0.31844864124537087,33.768353976,0,0.21723589618680914,0.09303432646911858,72.83846456668334,AI Recoverable,CONTINUE_MONITORING,1
28,46,8,0.0,NORMAL,LOW,65.11757103400001,100,0.03684103284377727,1,0,0.07394667134845523,47.7776524275,0,0.030099469643359897,0.047288340245181804,68.3556068471796,AI Recoverable,CONTINUE_MONITORING,0
28,46,9,0.0,NORMAL,LOW,59.431737986174994,100,0.012360028758276609,4,2,0.21050602444453512,55.246086016999996,0,0.010704051403574725,0.08831678633963524,66.64632143071039,AI Recoverable,CONTINUE_MONITORING,0
28,46,10,0.26550321836616064,NORMAL,LOW,80.8200229371,100,0.0,1,0,0.05,3.6391531441500002,0,0.0,0.09278404402156126,56.88778625664534,AI Recoverable,CONTINUE_MONITORING,0
28,47,1,0.0,NORMAL,LOW,60.465632644250014,100,0.03339420007810612,2,1,0.1250456500585796,53.639588857999996,0,0.0324466736339269,0.05261733602174523,68.17691733735775,AI Recoverable,CONTINUE_MONITORING,0
28,47,2,0.0,NORMAL,LOW,74.71873573395,100,0.22480077504518248,4,2,0.39108065878840514,36.6569710013,0,0.23482838678487464,0.0940766002631308,72.99238436217412,AI Recoverable,CONTINUE_MONITORING,1
28,47,3,0.0,CHANNEL_CONGESTION,HIGH,71.75615806649999,100,0.13196586610676891,4,2,0.3121709861907536,42.444858394499995,0,0.11085128832238275,0.04436343452940128,67.38977778274297,AI Recoverable,REROUTE,1
28,47,4,0.014544161065825125,CHANNEL_CONGESTION,HIGH,54.414414451000006,100,4.208787568027668e-05,1,0,0.050027357119192185,56.357745829,0,0.0004386331211907215,0.11109104701851102,60.21890627595885,AI Recoverable,CONTINUE_MONITORING,0
28,47,5,0.0,NORMAL,LOW,66.6763884696,100,0.06403618335275411,1,0,0.09162351917929018,46.595507708,0,0.0656206579410155,0.051311973785779674,69.15413090182074,AI Recoverable,CONTINUE_MONITORING,0
28,47,6,0.0,NORMAL,LOW,61.20839163997499,100,0.012640029312029054,2,1,0.10948002198402179,48.06294660089999,0,0.010890727263171822,0.08998853756031167,66.6119944198645,AI Recoverable,CONTINUE_MONITORING,0
28,47,7,0.0,NORMAL,LOW,78.0499770939,100,0.21316726195584926,3,1,0.3098754464668869,34.50998474075,0,0.21927148473386265,0.08534119849276656,72.82253012413645,AI Recoverable,CONTINUE_MONITORING,1
28,47,8,0.0,NORMAL,LOW,65.19390588775,100,0.04444947493122595,2,1,0.13333710619841949,48.730145824,0,0.03262974470268504,0.03245901767105963,68.90381150387486,AI Recoverable,CONTINUE_MONITORING,0
28,47,9,0.0,NORMAL,LOW,59.928885031,100,0.023258564644639254,4,2,0.2197697799479434,55.957098332,0,0.011094713747147898,0.0825683386792857,67.01190996338212,AI Recoverable,CONTINUE_MONITORING,0
28,47,10,0.26550321836616064,NORMAL,LOW,81.1606352271,100,0.0,1,0,0.05,2.1586611654000003,0,0.0,0.09257723388308015,56.892956510107375,AI Recoverable,CONTINUE_MONITORING,0
28,48,1,0.0,NORMAL,LOW,59.93480438684999,100,0.03441270835290597,2,1,0.12580953126467948,55.780837614999996,0,0.03289726982507888,0.05176128885350262,68.22319464397134,AI Recoverable,CONTINUE_MONITORING,0
28,48,2,0.0,NORMAL,LOW,74.36525482755,100,0.23233311736572315,4,2,0.39748314976086474,37.5218814937,0,0.22943354060860266,0.09659044360047564,73.02623666338859,AI Recoverable,CONTINUE_MONITORING,1
28,48,3,0.0,CHANNEL_CONGESTION,HIGH,72.44638839750002,100,0.13547645421928045,4,2,0.3151549860863884,41.765127303499995,0,0.11373991781351814,0.05041195090234207,67.36527972297225,AI Recoverable,REROUTE,1
28,48,4,0.26550321836616064,CHANNEL_CONGESTION,HIGH,78.74417098400001,100,0.0,1,0,0.05,9.4116863565,0,0.00021251050521660698,0.0841984481285617,52.1045512590225,Human Intervention Required,CONTINUE_MONITORING,0
28,48,5,0.0,NORMAL,LOW,66.77089530555,100,0.05933749290447014,1,0,0.0885693703879056,46.2188930195,0,0.06459951314656526,0.049461174173564104,69.09621563521594,AI Recoverable,CONTINUE_MONITORING,0
28,48,6,0.0,NORMAL,LOW,62.16257226844999,100,0.016235950372503468,2,1,0.11217696277937761,46.3929813108,0,0.01181141664425946,0.08761570201743873,66.75244062345669,AI Recoverable,CONTINUE_MONITORING,0
28,48,7,0.0,NORMAL,LOW,78.77129367039998,100,0.2306386508715942,3,1,0.32297898815369563,33.569446733999996,0,0.21582951991838437,0.09075503830293019,73.00219225904246,AI Recoverable,CONTINUE_MONITORING,1
28,48,8,0.0,NORMAL,LOW,65.04337041304998,100,0.05102041326530624,2,1,0.13826530994897968,49.372919605999996,0,0.03703575777478155,0.024536215604396894,69.27736045294401,AI Recoverable,CONTINUE_MONITORING,0
28,48,9,0.0,NORMAL,LOW,59.071376421875,100,0.014518928230260466,4,2,0.2123410889957214,56.2192536555,0,0.01653446188524864,0.08576558738767748,66.81158349876574,AI Recoverable,CONTINUE_MONITORING,0
28,48,10,0.27033723670318244,NORMAL,LOW,82.0912129484,100,0.0,1,0,0.05,0.8965599201000001,0,0.0,0.09277413569555104,56.71884332299983,AI Recoverable,CONTINUE_MONITORING,0
28,49,1,0.0,NORMAL,LOW,59.83877465650001,100,0.03602327770164084,2,1,0.12701745827623062,57.051742816499996,0,0.03359146820602622,0.053702102237124794,68.21382768016495,AI Recoverable,CONTINUE_MONITORING,0
28,49,2,0.0,NORMAL,LOW,74.40429323145,100,0.21929983040256656,4,2,0.38640485584218165,36.96333067855,0,0.23123167047461762,0.095204797176071,72.81819338339572,AI Recoverable,CONTINUE_MONITORING,1
28,49,3,0.0,NORMAL,LOW,80.0658687707,100,0.299201806340602,4,2,0.45432153538951175,34.4320782912,0,0.12149128547275345,0.11252810186343187,72.88574643495377,AI Recoverable,CONTINUE_MONITORING,1
28,49,4,0.26550321836616064,CHANNEL_CONGESTION,HIGH,77.590019392,100,0.0,1,0,0.05,11.437378834499999,0,9.822359858914289e-05,0.09221186403585657,51.903072992273856,Human Intervention Required,CONTINUE_MONITORING,0
28,49,5,0.0,NORMAL,LOW,67.08667229109999,100,0.05327358225070265,1,0,0.08462782846295673,45.01030035495,0,0.0629539565716412,0.03982502422201739,69.19938560518003,AI Recoverable,CONTINUE_MONITORING,0
28,49,6,0.0,NORMAL,LOW,62.455128444375006,100,0.022137058436095116,2,1,0.11660279382707134,47.487665544,0,0.013508848203862358,0.0798653992241416,67.08119467015699,AI Recoverable,CONTINUE_MONITORING,0
28,49,7,0.0,NORMAL,LOW,77.75511529014999,100,0.22248682345962076,3,1,0.3168651175947156,35.580546332299996,0,0.22295377521526982,0.09050452800533049,72.91666102121184,AI Recoverable,CONTINUE_MONITORING,1
28,49,8,0.0,NORMAL,LOW,66.86666723850001,100,0.06124380750882325,2,1,0.14593285563161745,46.915270582999995,0,0.04142309499775891,0.03907930201159493,69.16212454986417,AI Recoverable,CONTINUE_MONITORING,0
28,49,9,0.0,NORMAL,LOW,60.6983640059,100,0.02965519595405641,4,2,0.22520691656094796,56.418393462,0,0.014523526154894807,0.07328679168964258,67.406169388389,AI Recoverable,CONTINUE_MONITORING,0
28,49,10,0.5119055282867329,NORMAL,LOW,82.09298841550002,100,0.0,1,0,0.05,0.0,0,0.0,0.09616975682149242,48.17906258942704,Human Intervention Required,CONTINUE_MONITORING,0
28,50,1,0.0,NORMAL,LOW,59.997226255,100,0.03596056494538801,2,1,0.12697042370904102,55.6790296005,0,0.03477682060657597,0.053648680764248446,68.2257624858673,AI Recoverable,CONTINUE_MONITORING,0
28,50,2,0.0,NORMAL,LOW,74.7013187903,100,0.20679161278329564,4,2,0.37577287086580136,35.89832307695,0,0.22637019308354273,0.08553229073718693,72.76122691807167,AI Recoverable,CONTINUE_MONITORING,1
28,50,3,0.0,CHANNEL_CONGESTION,HIGH,72.22829873645,100,0.13816952228340387,4,2,0.31744409394089335,41.03605506299999,0,0.20082373083954336,0.04694659498132392,67.09796287953041,AI Recoverable,CONTINUE_MONITORING,0
28,50,4,0.26550321836616064,CHANNEL_CONGESTION,HIGH,77.13644251950001,100,0.0,1,0,0.05,12.208865800500002,0,7.591542911155208e-06,0.09527694192066627,51.82553972459682,Human Intervention Required,CONTINUE_MONITORING,0
28,50,5,0.0,NORMAL,LOW,65.95643307430001,100,0.04770519629628416,1,0,0.08100837759258471,45.987163255249996,0,0.05971009399248421,0.0370614049419139,69.12466974230269,AI Recoverable,CONTINUE_MONITORING,0
28,50,6,0.0,NORMAL,LOW,62.5851541879,100,0.02587279611343437,2,1,0.11940459708507578,48.601504009,0,0.016970311939706047,0.06494808365501215,67.56345695029043,AI Recoverable,CONTINUE_MONITORING,0
28,50,7,0.0,NORMAL,LOW,77.8372672117,100,0.21966464535383934,3,1,0.31474848401537947,35.612203010550004,0,0.2212607794577917,0.09737565329613052,72.67150936925142,AI Recoverable,CONTINUE_MONITORING,1
28,50,8,0.0,NORMAL,LOW,65.7906226501,100,0.056668550577325505,2,1,0.14250141293299412,47.88791802,0,0.04944953765843971,0.02945022503268868,69.39161076231369,AI Recoverable,CONTINUE_MONITORING,0
28,50,9,0.0,NORMAL,LOW,59.28736728065,100,0.014981672082331024,4,2,0.21273442126998138,56.1064640475,0,0.021865911068917932,0.08516073596196849,66.88927415328658,AI Recoverable,CONTINUE_MONITORING,0
28,50,10,0.27524270683174307,NORMAL,LOW,82.24239681270001,100,0.0,1,0,0.05,0.5016089223000001,0,0.0,0.09639908490023252,56.45652813838318,AI Recoverable,CONTINUE_MONITORING,0
28,51,1,0.0,NORMAL,LOW,60.31275133115,100,0.03599652176401881,2,1,0.1269973913230141,55.211560777,0,0.03511467357645507,0.051888997092306766,68.27385224373725,AI Recoverable,CONTINUE_MONITORING,0
28,51,2,0.0,NORMAL,LOW,75.87072212605001,100,0.22744172348180988,4,2,0.39332546495953846,35.334826936949995,0,0.21892188205888688,0.08834356818432088,73.02946408561704,AI Recoverable,CONTINUE_MONITORING,1
28,51,3,0.0,CHANNEL_CONGESTION,HIGH,72.32487039389999,100,0.15091654211717648,4,2,0.3282790607996,42.5053503095,0,0.1600426538757357,0.053188376213236466,66.92155247222244,AI Recoverable,REROUTE,1
28,51,4,0.26550321836616064,CHANNEL_CONGESTION,HIGH,76.31360655,100,0.0,1,0,0.05,13.340064753,0,5.892302595238735e-06,0.10481432376850075,51.58708818599781,Human Intervention Required,CONTINUE_MONITORING,0
28,51,5,0.0,NORMAL,LOW,65.3528326209,100,0.0484542534101901,1,0,0.08149526471662358,47.758955235500004,0,0.05506969042037356,0.03582231360713872,69.12422413222907,AI Recoverable,CONTINUE_MONITORING,0
28,51,6,0.0,NORMAL,LOW,62.13911377864999,100,0.025386596170612796,2,1,0.1190399471279596,50.339027172499996,0,0.020226219755511973,0.061515785413061574,67.67209948564083,AI Recoverable,CONTINUE_MONITORING,0
28,51,7,0.0,NORMAL,LOW,78.95653611845,100,0.23126449018103443,3,1,0.3234483676357758,33.816276530799996,0,0.22137717340168084,0.09582672105781331,72.94339351119217,AI Recoverable,CONTINUE_MONITORING,1
28,51,8,0.0,NORMAL,LOW,65.83352205155,100,0.05316688208726253,2,1,0.1398751615654469,46.530839302,0,0.052031824250901804,0.019754977212713243,69.58978145393644,AI Recoverable,CONTINUE_MONITORING,0
28,51,9,0.0,NORMAL,LOW,59.949915592424986,100,0.01630194124938325,4,2,0.21385665006197577,54.682911085,0,0.017762916178438233,0.07983229730612418,67.00786055411893,AI Recoverable,CONTINUE_MONITORING,0
28,51,10,0.26550321836616064,NORMAL,LOW,81.43479690790001,100,0.0,1,0,0.05,2.1718334061,0,0.0,0.09246098255337531,56.89586279334999,AI Recoverable,CONTINUE_MONITORING,0
28,52,1,0.0,NORMAL,LOW,60.329159069750006,100,0.034053281970183404,2,1,0.12553996147763757,54.261606044,0,0.035409174727094005,0.049953491711572484,68.28632009388528,AI Recoverable,CONTINUE_MONITORING,0
28,52,2,0.0,NORMAL,LOW,74.86867795475001,100,0.2139046869492383,4,2,0.3818189839068526,37.732224564,0,0.22372590531554382,0.08777717799168572,72.82092334234805,AI Recoverable,CONTINUE_MONITORING,1
28,52,3,0.0,CHANNEL_CONGESTION,HIGH,72.17907679220001,100,0.14342598557866332,4,2,0.32191208774186386,42.589201923999994,0,0.16507718938456536,0.05169518007493101,66.861843921461,AI Recoverable,REROUTE,1
28,52,4,0.26550321836616064,CHANNEL_CONGESTION,HIGH,77.364636605,100,0.0,1,0,0.05,11.9521824525,0,5.892302595238735e-06,0.09350274896723632,51.86987755602942,Human Intervention Required,CONTINUE_MONITORING,0
28,52,5,0.0,NORMAL,LOW,64.08014115115002,100,0.04112705943563713,1,0,0.07673258863316414,48.64959120899999,0,0.05272921517307319,0.04398227108459907,68.7502765633285,AI Recoverable,CONTINUE_MONITORING,0
28,52,6,0.0,NORMAL,LOW,61.87223192790001,100,0.027646561449870044,2,1,0.12073492108740254,51.735040484500004,0,0.02193411910783831,0.06062378099689669,67.75667789515336,AI Recoverable,CONTINUE_MONITORING,0
28,52,7,0.0,NORMAL,LOW,78.49892467825,100,0.217635007083855,3,1,0.3132262553128913,33.994820809,0,0.22579040910938164,0.09221836744032186,72.80514504676286,AI Recoverable,CONTINUE_MONITORING,1
28,52,8,0.0,NORMAL,LOW,66.94999726780001,100,0.06423126999230101,2,1,0.14817345249422575,44.41418753245,0,0.05326694259797084,0.027670134172222638,69.62554147152015,AI Recoverable,CONTINUE_MONITORING,0
28,52,9,0.0,NORMAL,LOW,60.7769612694,100,0.018134680046188265,4,2,0.21541447803926003,53.194577576,0,0.018710864677308835,0.07783207179254725,67.10400045288317,AI Recoverable,CONTINUE_MONITORING,0
28,52,10,0.26550321836616064,NORMAL,LOW,80.9743316137,100,0.0,1,0,0.05,3.0387699220499997,0,0.0,0.09341897545582534,56.87191297078874,AI Recoverable,CONTINUE_MONITORING,0
28,53,1,0.0,NORMAL,LOW,60.9604413966,100,0.0362073536432917,2,1,0.1271555152324688,53.706565881,0,0.03491847425383421,0.045402904974999436,68.43825919102919,AI Recoverable,CONTINUE_MONITORING,0
28,53,2,0.0,NORMAL,LOW,73.67316846474999,100,0.19625774081689598,4,2,0.3668190796943616,40.154978185,0,0.2181393420223402,0.07430615291005327,72.74889441380998,AI Recoverable,CONTINUE_MONITORING,1
28,53,3,0.0,CHANNEL_CONGESTION,HIGH,71.07391172320001,100,0.13450789993211174,4,2,0.314331714942295,43.92013919,0,0.16443443914907666,0.049027954078176283,66.8571238167577,AI Recoverable,REROUTE,1
28,53,4,0.26550321836616064,CHANNEL_CONGESTION,HIGH,77.5884347485,100,0.0,1,0,0.05,10.507122981,0,0.0,0.09837853265712893,51.74792404075615,Human Intervention Required,CONTINUE_MONITORING,0
28,53,5,0.0,NORMAL,LOW,64.23826712124999,100,0.04729168284672546,1,0,0.08073959385037155,49.4396926695,0,0.04732377963231092,0.0350884712600289,69.0418596717569,AI Recoverable,CONTINUE_MONITORING,0
28,53,6,0.0,NORMAL,LOW,61.63854329339999,100,0.026600987201669896,1,0,0.06729064168108544,51.4607438865,0,0.024713023190913223,0.06078731742937027,67.75946704020826,AI Recoverable,CONTINUE_MONITORING,0
28,53,7,0.0,NORMAL,LOW,77.6872785016,100,0.20451998269344865,3,1,0.30338998702008646,34.45157578599999,0,0.2223270484981486,0.07884980023816068,72.84242513289644,AI Recoverable,CONTINUE_MONITORING,1
28,53,8,0.0,NORMAL,LOW,66.98545279324999,100,0.06298604675175937,2,1,0.14723953506381954,44.00488040945,0,0.059355710278032894,0.030068044844629327,69.60157691669978,AI Recoverable,CONTINUE_MONITORING,0
28,53,9,0.0,NORMAL,LOW,60.58419763487499,100,0.015426771078772644,4,2,0.21311275541695676,53.9462131155,0,0.018543342472567198,0.08278112619048128,66.92444069153908,AI Recoverable,CONTINUE_MONITORING,0
28,53,10,0.26550321836616064,NORMAL,LOW,80.15407688170001,100,0.0,0,0,0.0,3.91794512355,0,0.0,0.09783273561307104,56.7615689668576,AI Recoverable,CONTINUE_MONITORING,0
28,54,1,0.0,NORMAL,LOW,60.84578540954999,100,0.037749238673033404,2,1,0.12831192900477506,54.6465035095,0,0.0358159460964207,0.04780184644114638,68.41809807339621,AI Recoverable,CONTINUE_MONITORING,0
28,54,2,0.0,NORMAL,LOW,73.04168889775,100,0.18674512655431327,4,2,0.3587333575711663,40.307372164,0,0.20779470546580164,0.06790895227084037,72.61512577897327,AI Recoverable,CONTINUE_MONITORING,1
28,54,3,0.0,CHANNEL_CONGESTION,HIGH,71.8657412175,100,0.13095564886693853,4,2,0.31131230153689776,42.7037854475,0,0.16162341585490755,0.04901454062901989,66.88079373586793,AI Recoverable,REROUTE,1
28,54,4,0.26550321836616064,CHANNEL_CONGESTION,HIGH,77.248336594,100,0.0,1,0,0.05,11.869236828,0,0.0,0.0967929642516796,51.78756325089239,Human Intervention Required,CONTINUE_MONITORING,0
28,54,5,0.0,NORMAL,LOW,63.30228473570001,100,0.04290330493327549,1,0,0.07788714820662906,49.9939350775,0,0.047486753247553165,0.04632137792097757,68.6748991831166,AI Recoverable,CONTINUE_MONITORING,0
28,54,6,0.0,NORMAL,LOW,61.0831880344,100,0.03292487802474585,1,0,0.0714011707160848,52.945754811,0,0.025850456072536478,0.05184568617973606,68.12085996672688,AI Recoverable,CONTINUE_MONITORING,0
28,54,7,0.0,NORMAL,LOW,77.58084140965,100,0.20212748662635974,4,2,0.37180836363240577,34.53680752499999,0,0.21473592763608634,0.07974698946451642,72.69623427227515,AI Recoverable,CONTINUE_MONITORING,1
28,54,8,0.0,NORMAL,LOW,67.2321363576,100,0.06059487811514943,3,1,0.19544615858636205,42.3732082249,0,0.06065733199397384,0.03761614568599858,69.37806724009276,AI Recoverable,CONTINUE_MONITORING,0
28,54,9,0.0,NORMAL,LOW,60.27412286325,100,0.01518103687525441,4,2,0.21290388134396626,54.584788746,0,0.017858067781134215,0.0830434169414872,66.90611599177925,AI Recoverable,CONTINUE_MONITORING,0
28,54,10,0.26550321836616064,NORMAL,LOW,79.8281328508,100,0.0,0,0,0.0,4.2952937067,0,0.0,0.09873821361367041,56.73893201684261,AI Recoverable,CONTINUE_MONITORING,0
28,55,1,0.0,NORMAL,LOW,60.00297838824999,100,0.03782458005084736,2,1,0.12836843503813553,55.830099573,0,0.03652014614133817,0.05531341584012128,68.2388576664273,AI Recoverable,CONTINUE_MONITORING,0
28,55,2,0.0,NORMAL,LOW,73.75079960650001,100,0.18764206114446755,4,2,0.3594957519727975,38.11334641425,0,0.2003832626482714,0.07219422606351,72.4518181977843,AI Recoverable,CONTINUE_MONITORING,1
28,55,3,0.0,CHANNEL_CONGESTION,HIGH,71.69116588775,100,0.13060494966105382,4,2,0.31101420721189577,43.0679437615,0,0.1370032784890427,0.04791938673373042,67.12655673551923,AI Recoverable,REROUTE,1
28,55,4,0.26550321836616064,CHANNEL_CONGESTION,HIGH,76.500212768,100,0.0,1,0,0.05,12.8195544555,0,0.0,0.10377653283470656,51.612974036316714,Human Intervention Required,CONTINUE_MONITORING,0
28,55,5,0.0,NORMAL,LOW,62.5421650315,100,0.04502461049824704,1,0,0.07926599682386058,51.918745267999995,0,0.04471840104907837,0.042727277936524866,68.7794942720426,AI Recoverable,CONTINUE_MONITORING,0
28,55,6,0.0,NORMAL,LOW,61.742547253449985,100,0.03125145629816853,1,0,0.07031344659380954,52.134422217,0,0.029257918061870367,0.05196976055165492,68.1183642927907,AI Recoverable,CONTINUE_MONITORING,0
28,55,7,0.0,NORMAL,LOW,76.51039025735,100,0.19531762476954137,4,2,0.36601998105411016,36.27518268039999,0,0.21116787165930312,0.08239970821620968,72.45803850657862,AI Recoverable,CONTINUE_MONITORING,1
28,55,8,0.0,NORMAL,LOW,67.40978342575,100,0.05929930877985072,3,1,0.19447448158488803,41.159667739,0,0.05984913128787653,0.04330290055257979,69.20190497466128,AI Recoverable,CONTINUE_MONITORING,0
28,55,9,0.0,NORMAL,LOW,60.93386682495,100,0.01716174998718248,4,2,0.2145874874891051,52.552566219,0,0.015757965249046463,0.07706310266817273,67.07423708552979,AI Recoverable,CONTINUE_MONITORING,0
28,55,10,0.26550321836616064,NORMAL,LOW,79.062083089,100,0.0,0,0,0.0,5.7892353750000005,0,0.0,0.10357856230845075,56.617923299473105,AI Recoverable,CONTINUE_MONITORING,0
28,56,1,0.0,NORMAL,LOW,59.54146950950001,100,0.03915888507078367,2,1,0.12936916380308777,57.75689802299999,0,0.03680371066944666,0.05268600443236582,68.33406469730099,AI Recoverable,CONTINUE_MONITORING,0
28,56,2,0.0,NORMAL,LOW,73.7664513345,100,0.20883595728064197,4,2,0.37751056368854574,39.0246456955,0,0.19797140579588174,0.08789188269122017,72.45913613629115,AI Recoverable,CONTINUE_MONITORING,1
28,56,3,0.0,CHANNEL_CONGESTION,HIGH,72.53835747025,100,0.1487150082771736,4,2,0.32640775703559755,42.603709631499996,0,0.1358390285601483,0.05749006728866668,67.16083680807832,AI Recoverable,REROUTE,1
28,56,4,0.26550321836616064,NORMAL,LOW,75.7789935855,100,0.0,1,0,0.05,13.901145381000001,0,0.0,0.10661393142004161,56.542039071683334,AI Recoverable,CONTINUE_MONITORING,0
28,56,5,0.0,NORMAL,LOW,61.952242852850006,100,0.04153382370741351,1,0,0.07699698540981878,53.387791398000005,0,0.04497951070684464,0.04681617747847122,68.61006714425494,AI Recoverable,CONTINUE_MONITORING,0
28,56,6,0.0,NORMAL,LOW,62.41514470345,100,0.03685386047171781,1,0,0.07395500930661658,50.8248355595,0,0.02950890396975995,0.04212747041217013,68.4789794888277,AI Recoverable,CONTINUE_MONITORING,0
28,56,7,0.0,NORMAL,LOW,77.53444744215001,100,0.21070878328579506,3,1,0.30803158746434633,35.5551784545,0,0.20571633022045588,0.08989146738732312,72.52405228323737,AI Recoverable,CONTINUE_MONITORING,1
28,56,8,0.0,NORMAL,LOW,66.67862154740001,100,0.056959024067960065,2,1,0.14271926805097007,43.1717241031,0,0.05982876663564045,0.03312078694466736,69.40944847409891,AI Recoverable,CONTINUE_MONITORING,0
28,56,9,0.0,NORMAL,LOW,61.31048000452499,100,0.020826161947025683,4,2,0.21770223765497185,53.120836407999995,0,0.016657390089304093,0.0791930532382975,67.10327080887612,AI Recoverable,CONTINUE_MONITORING,0
28,56,10,0.26550321836616064,NORMAL,LOW,79.5055406915,100,0.0,0,0,0.0,5.356545759,0,0.0,0.10357856230845075,56.617923299473105,AI Recoverable,CONTINUE_MONITORING,0
28,57,1,0.0,NORMAL,LOW,60.1821790101,100,0.04058602283045972,2,1,0.1304395171228448,56.791089149499996,0,0.03764673303837463,0.045312835991498934,68.55536688720547,AI Recoverable,CONTINUE_MONITORING,0
28,57,2,0.0,NORMAL,LOW,74.2491776327,100,0.2117959399322092,4,2,0.38002654894237786,38.2954860173,0,0.2017247673685706,0.08706258717554582,72.57660179294125,AI Recoverable,CONTINUE_MONITORING,1
28,57,3,0.0,CHANNEL_CONGESTION,HIGH,72.26695218125,100,0.15797948680738397,4,2,0.3342825637862764,43.917605945999995,0,0.1409638314073838,0.07113576087813711,67.12116937776872,AI Recoverable,REROUTE,1
28,57,4,0.26550321836616064,NORMAL,LOW,74.944043378,100,0.0,1,0,0.05,15.750318608999999,0,0.0,0.12548630807264227,56.07022965536832,AI Recoverable,CONTINUE_MONITORING,0
28,57,5,0.0,NORMAL,LOW,62.15520622205,100,0.04791728807431331,1,0,0.08114623724830365,54.1413041,0,0.04296341451120586,0.041219930221932155,68.85748165105001,AI Recoverable,CONTINUE_MONITORING,0
28,57,6,0.0,NORMAL,LOW,62.78165132235001,100,0.03386309605948041,1,0,0.07201101243866227,50.1645989735,0,0.03279504222397944,0.03842083371848748,68.54469150046721,AI Recoverable,CONTINUE_MONITORING,0
28,57,7,0.0,NORMAL,LOW,77.8811403494,100,0.2058008124757732,3,1,0.3043506093568299,34.62307579735,0,0.2074558788099985,0.08393778240029581,72.59213047760805,AI Recoverable,CONTINUE_MONITORING,1
28,57,8,0.0,NORMAL,LOW,66.28276607955,100,0.057350135244958626,2,1,0.14301260143371897,43.367423791949996,0,0.0596575810993709,0.034418618360376296,69.38311305688346,AI Recoverable,CONTINUE_MONITORING,0
28,57,9,0.0,NORMAL,LOW,61.91344669794999,100,0.021254901612376354,4,2,0.2180666663705199,51.5029268825,0,0.018390104574926992,0.07447291265902212,67.24717626152123,AI Recoverable,CONTINUE_MONITORING,0
28,57,10,0.26550321836616064,NORMAL,LOW,79.8400909255,100,0.0,0,0,0.0,4.8932447219999995,0,0.0,0.09735815317989238,56.77343352768707,AI Recoverable,CONTINUE_MONITORING,0
28,58,1,0.0,NORMAL,LOW,59.73165473224999,100,0.03802365215329195,2,1,0.12851773911496897,57.188634913,0,0.03898945808671613,0.05587644326814656,68.25345654222932,AI Recoverable,CONTINUE_MONITORING,0
28,58,2,0.0,NORMAL,LOW,74.8879243389,100,0.21986103262726858,4,2,0.38688187773317834,38.3245226856,0,0.20231753758165666,0.088754232846315,72.70154020720406,AI Recoverable,CONTINUE_MONITORING,1
28,58,3,0.0,CHANNEL_CONGESTION,HIGH,71.73710936575002,100,0.16387794254845742,4,2,0.33929625116618883,45.0460962075,0,0.14578066513846782,0.07415704851249527,67.08037411013422,AI Recoverable,REROUTE,1
28,58,4,0.26550321836616064,NORMAL,LOW,74.2182066385,100,0.0,1,0,0.05,17.7941663865,0,0.0,0.12856060536839098,55.9933722229746,AI Recoverable,CONTINUE_MONITORING,0
28,58,5,0.0,NORMAL,LOW,62.3177262146,100,0.04695517683055642,1,0,0.08052086493986167,53.496047529,0,0.04582908583069046,0.03895345880715306,68.92355792473921,AI Recoverable,CONTINUE_MONITORING,0
28,58,6,0.0,NORMAL,LOW,62.3247183748,100,0.030033463809141216,1,0,0.06952175147594179,51.1770900555,0,0.032768127745653665,0.05391693834301392,68.080427095064,AI Recoverable,CONTINUE_MONITORING,0
28,58,7,0.0,NORMAL,LOW,76.83753517609999,100,0.20159870695227597,3,1,0.30119903021420696,36.42669338774999,0,0.20432670032186048,0.08872509874063272,72.3571136737483,AI Recoverable,CONTINUE_MONITORING,1
28,58,8,0.0,NORMAL,LOW,65.42445538795,100,0.05768857969748051,2,1,0.14326643477311038,44.565437086550006,0,0.05881155558784254,0.03845361902970357,69.28054667408544,AI Recoverable,CONTINUE_MONITORING,0
28,58,9,0.0,NORMAL,LOW,61.53966207632499,100,0.020193697396844658,4,2,0.21716464278731798,51.452156266,0,0.018955557493798524,0.07576586797735474,67.199282823441,AI Recoverable,CONTINUE_MONITORING,0
28,58,10,0.26550321836616064,NORMAL,LOW,80.9166061402,100,0.0,0,0,0.0,3.1148333433,0,0.0,0.09231594994424774,56.899488608578174,AI Recoverable,CONTINUE_MONITORING,0
28,59,1,0.0,NORMAL,LOW,59.1909211605,100,0.036702918890192074,2,1,0.12752718916764405,58.703346143,0,0.038475028674965835,0.05954233142239718,68.13025037899357,AI Recoverable,CONTINUE_MONITORING,0
28,59,2,0.0,NORMAL,LOW,74.0163565011,100,0.21491503529717096,4,2,0.38267778000259534,40.73521348,0,0.20804152624362665,0.08592529287347617,72.73058364654278,AI Recoverable,CONTINUE_MONITORING,1
28,59,3,0.0,CHANNEL_CONGESTION,HIGH,70.64041521725,100,0.15658255056826192,4,2,0.33309516798302263,47.472168851000006,0,0.15166200782707825,0.08146009707917867,67.01244144327288,AI Recoverable,REROUTE,1
28,59,4,0.26550321836616064,CHANNEL_CONGESTION,HIGH,74.259568814,100,0.0,1,0,0.05,18.6985686915,0,0.0,0.12926322937112766,50.975806622906184,Human Intervention Required,CONTINUE_MONITORING,0
28,59,5,0.0,NORMAL,LOW,62.495633445850004,100,0.04870239877728105,1,0,0.08165655920523268,54.326584169,0,0.04549334161529973,0.045025979459703325,68.80333190520604,AI Recoverable,CONTINUE_MONITORING,0
28,59,6,0.0,NORMAL,LOW,62.3824559953,100,0.026397773901676972,1,0,0.06715855303609003,50.60083418699999,0,0.0320997847955979,0.0632338550563849,67.7681069495799,AI Recoverable,CONTINUE_MONITORING,0
28,59,7,0.0,NORMAL,LOW,75.70044647894998,100,0.20608470989154068,3,1,0.3045635324186555,38.414435936749996,0,0.2026570900610471,0.08771174712294316,72.4554714203677,AI Recoverable,CONTINUE_MONITORING,1
28,59,8,0.0,NORMAL,LOW,64.92285350665001,100,0.058256854442713765,2,1,0.1436926408320353,44.9369712841,0,0.05817144353600006,0.044780841185770415,69.12733049457,AI Recoverable,CONTINUE_MONITORING,0
28,59,9,0.0,NORMAL,LOW,61.689294596125,100,0.01645604298814732,4,2,0.21398763653992522,51.176795655999996,0,0.019304565913669098,0.07897897220386463,67.04769221380302,AI Recoverable,CONTINUE_MONITORING,0
28,59,10,0.27033723670318244,NORMAL,LOW,81.7045243095,100,0.0,0,0,0.0,0.9080255272500001,0,0.0,0.09271560683279689,56.720306544568686,AI Recoverable,CONTINUE_MONITORING,0
28,60,1,0.0,NORMAL,LOW,59.24390513890001,100,0.033578191166402004,2,1,0.1251836433748015,58.22347815449999,0,0.03793232392643809,0.057534772484578056,68.11251775047796,AI Recoverable,CONTINUE_MONITORING,0
28,60,2,0.0,NORMAL,LOW,74.44895473225,100,0.20791198931476496,4,2,0.37672519091755025,39.574625473999994,0,0.21050151426859742,0.07917384635395253,72.78390877013246,AI Recoverable,CONTINUE_MONITORING,1
28,60,3,0.0,CHANNEL_CONGESTION,HIGH,70.6443700311,100,0.15759999086880286,4,2,0.3339599922384825,46.964052884,0,0.15306115647120488,0.07440856709905386,66.99972175720728,AI Recoverable,REROUTE,1
28,60,4,0.26550321836616064,CHANNEL_CONGESTION,HIGH,74.8758948245,100,0.0,1,0,0.05,17.56034928,0,0.0,0.12455206740288238,51.09358567211232,Human Intervention Required,CONTINUE_MONITORING,0
28,60,5,0.0,NORMAL,LOW,61.79270573915001,100,0.05235674151051925,1,0,0.08403188198183752,55.5322636765,0,0.046829381337477896,0.048963054576194875,68.79135227918029,AI Recoverable,CONTINUE_MONITORING,0
28,60,6,0.0,NORMAL,LOW,60.135369045925,100,0.018953332836968755,1,0,0.06231966634402969,53.6056937475,0,0.030095283246128986,0.0775531755620179,67.24119010015022,AI Recoverable,CONTINUE_MONITORING,0
28,60,7,0.0,NORMAL,LOW,76.00885729010001,100,0.2063402419017454,3,1,0.3047551814263091,38.48790375075,0,0.20455690219995187,0.08755783789798888,72.4834279125847,AI Recoverable,CONTINUE_MONITORING,1
28,60,8,0.0,NORMAL,LOW,65.34906354715001,100,0.04823357771940846,2,1,0.13617518328955636,43.45256262584999,0,0.05801460264542904,0.032535137097498334,69.23143915340499,AI Recoverable,CONTINUE_MONITORING,0
28,60,9,0.0,NORMAL,LOW,61.60196126465001,100,0.01639420979058152,4,2,0.2139350783219943,50.977571564,0,0.018361770446864906,0.07548142680897274,67.12446623005597,AI Recoverable,CONTINUE_MONITORING,0
28,60,10,0.26550321836616064,NORMAL,LOW,81.2291208134,100,0.0,0,0,0.0,1.5567698736,0,0.0,0.09342339326965066,56.8718025254431,AI Recoverable,CONTINUE_MONITORING,0
28,61,1,0.0,NORMAL,LOW,58.137442389600004,100,0.03408403515112233,2,1,0.12556302636334177,59.872473086499994,0,0.03640041116547872,0.06613233488483283,67.89237644255641,AI Recoverable,CONTINUE_MONITORING,0
28,61,2,0.0,NORMAL,LOW,68.8441651031,100,0.11346255275382128,4,2,0.2964431698407481,44.964585500999995,0,0.21123839041771725,0.031074696753183084,72.10476754042402,AI Recoverable,CONTINUE_MONITORING,0
28,61,3,0.0,NORMAL,LOW,69.67117251465001,100,0.15525091613365305,4,2,0.3319632787136051,48.6717694395,0,0.15714569433045203,0.07422730764987373,71.32079257473073,AI Recoverable,CONTINUE_MONITORING,1
28,61,4,0.26550321836616064,CHANNEL_CONGESTION,HIGH,73.926201821,100,0.0,1,0,0.05,18.880929715500002,0,0.0,0.13189511265915066,50.910009540705616,Human Intervention Required,CONTINUE_MONITORING,0
28,61,5,0.0,NORMAL,LOW,61.8903049626,100,0.052762027889031206,1,0,0.08429531812787028,55.364484563999994,0,0.04895218249916747,0.04819220160083526,68.83995734275142,AI Recoverable,CONTINUE_MONITORING,0
28,61,6,0.0,NORMAL,LOW,60.14539321395,100,0.019470679553953704,1,0,0.06265594171006991,53.82432662349999,0,0.026140213642148545,0.07781333050697992,67.20548246482605,AI Recoverable,CONTINUE_MONITORING,0
28,61,7,0.0,NORMAL,LOW,76.48574741260002,100,0.2036654926997612,4,2,0.3731156687947971,36.71842420335,0,0.20617672820152183,0.08656909497512977,72.47084976163218,AI Recoverable,CONTINUE_MONITORING,1
28,61,8,0.0,NORMAL,LOW,61.456243522025,100,0.015756960074852354,3,1,0.16181772005613926,46.4079480791,0,0.05345841727997554,0.09195083586465802,67.05095247768035,AI Recoverable,CONTINUE_MONITORING,0
28,61,9,0.0,NORMAL,LOW,61.585890175025014,100,0.016395807189141298,4,2,0.21393643611077012,50.8762440655,0,0.018235764860071033,0.0752001371431924,67.13027036380372,AI Recoverable,CONTINUE_MONITORING,0
28,61,10,0.5119055282867329,NORMAL,LOW,82.328813737,100,0.0,0,0,0.0,0.0,0,0.0,0.0970572463430075,48.15687535138917,Human Intervention Required,CONTINUE_MONITORING,0
28,62,1,0.0,NORMAL,LOW,58.582721260250004,100,0.033257225487197214,2,1,0.12494291911539791,58.460406765,0,0.03584168537214223,0.06353260826287255,67.93524615689354,AI Recoverable,CONTINUE_MONITORING,0
28,62,2,0.0,NORMAL,LOW,69.58505254174999,100,0.11726828064044928,4,2,0.2996780385443819,43.265104333,0,0.16955128281567924,0.03364833712737736,71.69967001278134,AI Recoverable,CONTINUE_MONITORING,0
28,62,3,0.0,CHANNEL_CONGESTION,HIGH,70.31080332075,100,0.15197619875005128,4,2,0.32917976893754364,47.705947327000004,0,0.1573559990098142,0.0732638490502483,66.94974359167276,AI Recoverable,REROUTE,1
28,62,4,0.26550321836616064,NORMAL,LOW,73.648866268,100,0.0,1,0,0.05,18.664690342500002,0,0.0,0.1330651416214127,55.880758816649056,AI Recoverable,CONTINUE_MONITORING,0
28,62,5,0.0,NORMAL,LOW,62.1405689661,100,0.04921039279894304,1,0,0.08198675531931299,54.489620495000004,0,0.05064571699814753,0.04282860542962463,68.91994989021971,AI Recoverable,CONTINUE_MONITORING,0
28,62,6,0.0,NORMAL,LOW,59.92836161745,100,0.02041958597989176,1,0,0.06327273088692964,54.0709494865,0,0.02386177232875706,0.07563869332783879,67.25604210968943,AI Recoverable,CONTINUE_MONITORING,0
28,62,7,0.0,NORMAL,LOW,75.66726396620001,100,0.19872212589274502,4,2,0.3689138070088333,38.32048749105,0,0.20438824275888184,0.08534467356199427,72.38470810639386,AI Recoverable,CONTINUE_MONITORING,1
28,62,8,0.0,NORMAL,LOW,61.81543619164999,100,0.017694832699799955,3,1,0.16327112452484996,45.989089264849994,0,0.03794714302757363,0.09095264466827147,66.95955196756495,AI Recoverable,CONTINUE_MONITORING,0
28,62,9,0.0,NORMAL,LOW,62.15086117740002,100,0.01828849797436657,4,2,0.2155452232782116,49.274984939999996,0,0.01761599441353515,0.07506453629196752,67.16531649632348,AI Recoverable,CONTINUE_MONITORING,0
28,62,10,0.5119055282867329,NORMAL,LOW,82.7223616105,100,0.0,0,0,0.0,0.0,0,0.0,0.09389740630662247,48.235871352298794,Human Intervention Required,CONTINUE_MONITORING,0
28,63,1,0.0,NORMAL,LOW,57.449917013249994,100,0.03250144646549089,2,1,0.12437608484911818,60.388205078,0,0.03456761084490795,0.07660500455710018,67.58057992383138,AI Recoverable,CONTINUE_MONITORING,0
28,63,2,0.0,NORMAL,LOW,69.77584205074999,100,0.12506105266786274,4,2,0.3063018947676833,43.276866643,0,0.15745912888082128,0.04025051159024906,71.56954955240923,AI Recoverable,CONTINUE_MONITORING,0
28,63,3,0.0,NORMAL,LOW,69.97411332000001,100,0.1626767028027898,4,2,0.33827519738237133,49.424993178499996,0,0.15553312346670708,0.08715342503412804,71.13002966486965,AI Recoverable,CONTINUE_MONITORING,1
28,63,4,0.26550321836616064,NORMAL,LOW,74.50793265,100,0.0,1,0,0.05,16.8814414395,0,0.0,0.12746633611852476,56.020728954221255,AI Recoverable,CONTINUE_MONITORING,0
28,63,5,0.0,NORMAL,LOW,63.041375560850014,100,0.046502306299770306,1,0,0.0802264990948507,52.6658655065,0,0.04976126113256924,0.04348589437298356,68.8405113779965,AI Recoverable,CONTINUE_MONITORING,0
28,63,6,0.0,NORMAL,LOW,60.91665296427499,100,0.02100157922004712,1,0,0.06365102649303063,52.083971750500005,0,0.022264352845396063,0.07519116723624242,67.26289593194883,AI Recoverable,CONTINUE_MONITORING,0
28,63,7,0.0,NORMAL,LOW,76.03906660885,100,0.20353155280315224,4,2,0.37300181988267944,36.9476317216,0,0.20191421659515305,0.08557772266345831,72.4503301554281,AI Recoverable,CONTINUE_MONITORING,1
28,63,8,0.0,NORMAL,LOW,60.536964727925,100,0.0163627813650884,3,1,0.1622720860238163,48.2774381097,0,0.032976762458735695,0.08605225784089188,67.00571680586683,AI Recoverable,CONTINUE_MONITORING,0
28,63,9,0.0,NORMAL,LOW,63.050298166775,100,0.02108402612026701,4,2,0.21792142220222696,46.8800982975,0,0.017768505139781364,0.08177136332550905,67.05508149066543,AI Recoverable,CONTINUE_MONITORING,0
28,63,10,0.5119055282867329,NORMAL,LOW,83.12860347700001,100,0.0,0,0,0.0,0.0,0,0.0,0.09027614757462965,48.32640282059861,Human Intervention Required,CONTINUE_MONITORING,0
28,64,1,0.0,NORMAL,LOW,56.52215633325001,100,0.029562578999176026,2,1,0.12217193424938202,61.817317178999986,0,0.03356776834210389,0.08759288028926848,67.23710725617285,AI Recoverable,CONTINUE_MONITORING,0
28,64,2,0.0,NORMAL,LOW,70.46378978130001,100,0.12428196290846039,4,2,0.3056396684721914,41.57114460145,0,0.14652496329472853,0.04129877878683519,71.4184194214456,AI Recoverable,CONTINUE_MONITORING,0
28,64,3,0.0,NORMAL,LOW,68.39807731295,100,0.1558126724376287,4,2,0.33244077157198443,51.653491282,0,0.1585751011181352,0.07880482210040507,71.23188390742379,AI Recoverable,CONTINUE_MONITORING,1
28,64,4,0.26550321836616064,NORMAL,LOW,74.4557584595,100,0.0,1,0,0.05,17.347058757,0,0.0,0.12746633611852476,56.020728954221255,AI Recoverable,CONTINUE_MONITORING,0
28,64,5,0.0,NORMAL,LOW,62.024886861750005,100,0.04787240117123342,1,0,0.08111706076130172,54.426213049,0,0.048885433308507364,0.04162633398618465,68.90564400685511,AI Recoverable,CONTINUE_MONITORING,0
28,64,6,0.0,NORMAL,LOW,60.565782052700015,100,0.015644458906751903,1,0,0.06016889828938874,52.330535819999994,0,0.021174486974969497,0.07783561779611059,67.07874360298196,AI Recoverable,CONTINUE_MONITORING,0
28,64,7,0.0,NORMAL,LOW,75.8009020659,100,0.2006130275436163,4,2,0.37052107341207385,36.81924310895,0,0.2036276430873979,0.08420572577065444,72.44339383747993,AI Recoverable,CONTINUE_MONITORING,1
28,64,8,0.0,NORMAL,LOW,60.25371403155001,100,0.016092904966440395,3,1,0.1620696787248303,48.9795336882,0,0.026791535291787332,0.08662377395977561,66.92417910325229,AI Recoverable,CONTINUE_MONITORING,0
28,64,9,0.0,NORMAL,LOW,63.70631649242501,100,0.01788756164121015,4,2,0.21520442739502865,45.66502629155,0,0.01873180960483062,0.08327024084064816,66.9633133078563,AI Recoverable,CONTINUE_MONITORING,0
28,64,10,0.5119055282867329,NORMAL,LOW,82.88414080000001,100,0.0,0,0,0.0,0.0,0,0.0,0.09415118633312458,48.22952685163624,Human Intervention Required,CONTINUE_MONITORING,0
28,65,1,0.0,NORMAL,LOW,56.86454241725001,100,0.0305579884430579,2,1,0.12291849133229343,60.3826842945,0,0.03168646051746719,0.08346148526548258,67.34148724239876,AI Recoverable,CONTINUE_MONITORING,0
28,65,2,0.0,NORMAL,LOW,69.6885334385,100,0.12458308903748665,4,2,0.3058956256818637,42.3474939665,0,0.13360260623248832,0.045311263096014964,71.19490626567423,AI Recoverable,CONTINUE_MONITORING,0
28,65,3,0.0,NORMAL,LOW,68.7554793356,100,0.14872412006247374,4,2,0.3264155020531027,50.201873484000004,0,0.1564081090702982,0.07326378883876306,71.20696877098338,AI Recoverable,CONTINUE_MONITORING,0
28,65,4,0.26550321836616064,CHANNEL_CONGESTION,HIGH,75.367669745,100,0.0,1,0,0.05,16.137572481,0,0.0,0.12387831428208584,51.11042950013223,Human Intervention Required,CONTINUE_MONITORING,0
28,65,5,0.0,NORMAL,LOW,62.45929969695001,100,0.053843823037562646,1,0,0.08499848497441573,53.5343875315,0,0.04918026210509963,0.04235396215597165,69.00983002790295,AI Recoverable,CONTINUE_MONITORING,0
28,65,6,0.0,NORMAL,LOW,60.246568134324995,100,0.013823680515230021,1,0,0.058985392334899515,51.7687050005,0,0.018061886781691423,0.07835691423627689,66.99816962221459,AI Recoverable,CONTINUE_MONITORING,0
28,65,7,0.0,NORMAL,LOW,75.76501561655002,100,0.18723760431676317,4,2,0.35915196366924873,35.52863102764999,0,0.2019860499808277,0.08110543816910298,72.23697663191597,AI Recoverable,CONTINUE_MONITORING,1
28,65,8,0.0,NORMAL,LOW,61.87286173535001,100,0.019186703506762447,3,1,0.16439002763007182,46.507465732899995,0,0.02080761944551466,0.08872695625797178,66.87363635814108,AI Recoverable,CONTINUE_MONITORING,0
28,65,9,0.0,NORMAL,LOW,63.38709619492499,100,0.020370181644952398,4,2,0.21731465439820954,46.555070861,0,0.01797328287254236,0.07897942388541945,67.11265086448897,AI Recoverable,CONTINUE_MONITORING,0
28,65,10,0.5119055282867329,NORMAL,LOW,82.4690473345,100,0.0,0,0,0.0,0.0,0,0.0,0.09772365203668965,48.14021520904711,Human Intervention Required,CONTINUE_MONITORING,0
28,66,1,0.0,NORMAL,LOW,55.68711493000001,100,0.02850054094589224,2,1,0.12137540570941918,61.926458449,0,0.03156225496936358,0.09665616780797204,66.96922917341219,AI Recoverable,CONTINUE_MONITORING,0
28,66,2,0.0,NORMAL,LOW,69.66316594474999,100,0.12618544617915936,4,2,0.3072576292522855,43.162192181,0,0.12202689803237723,0.041621017330491505,71.20345247064466,AI Recoverable,CONTINUE_MONITORING,0
28,66,3,0.0,NORMAL,LOW,67.96820386284999,100,0.15289031324183827,4,2,0.3299567662555626,51.72332348,0,0.15303892144486564,0.07469089756477909,71.22092304016594,AI Recoverable,CONTINUE_MONITORING,1
28,66,4,0.26550321836616064,NORMAL,LOW,75.90979289650001,100,0.0,1,0,0.05,15.287938217999999,0,0.0,0.1173473110275779,56.27370458149492,AI Recoverable,CONTINUE_MONITORING,0
28,66,5,0.0,NORMAL,LOW,63.3008209121,100,0.05843246348032789,1,0,0.08798110126221313,53.1900759065,0,0.051179880078784476,0.050749068079011805,68.9117213684191,AI Recoverable,CONTINUE_MONITORING,0
28,66,6,0.0,NORMAL,LOW,59.35461489435001,100,0.00919949274829104,1,0,0.05597967028638918,51.7125528805,0,0.016797501939191436,0.09082105192096579,66.58143857633358,AI Recoverable,CONTINUE_MONITORING,0
28,66,7,0.0,NORMAL,LOW,75.92979413859999,100,0.1860771727128993,4,2,0.35816559680596444,35.117935394,0,0.19529905375087425,0.08158218413923402,72.13497938828588,AI Recoverable,CONTINUE_MONITORING,1
28,66,8,0.0,NORMAL,LOW,61.41683769887501,100,0.017006137991544226,3,1,0.16275460349365817,46.607949354750005,0,0.017669196617840832,0.092273729266795,66.70997149433941,AI Recoverable,CONTINUE_MONITORING,0
28,66,9,0.0,NORMAL,LOW,64.35997135174999,100,0.022426623350549953,4,2,0.21906262984796748,45.5883813364,0,0.019274704933276956,0.08005812107997734,67.13982648934433,AI Recoverable,CONTINUE_MONITORING,0
28,66,10,0.5119055282867329,NORMAL,LOW,82.3865991385,100,0.0,0,0,0.0,0.0,0,0.0,0.0970572463430075,48.15687535138917,Human Intervention Required,CONTINUE_MONITORING,0
28,67,1,0.0,NORMAL,LOW,55.398093568499995,100,0.027630208361064678,2,1,0.1207226562707985,61.861739444,0,0.03016333153148167,0.09907129067896558,66.87745521556197,AI Recoverable,CONTINUE_MONITORING,0
28,67,2,0.0,NORMAL,LOW,75.6281935974,100,0.22974402536743957,4,2,0.3952824215623236,38.090782133,0,0.1242888102544264,0.08538605636825569,72.20311720068665,AI Recoverable,CONTINUE_MONITORING,1
28,67,3,0.0,NORMAL,LOW,69.4331070459,100,0.16822778681623363,4,2,0.34299361879379864,50.1156223315,0,0.1539582949938209,0.08642867283057054,71.24342186549862,AI Recoverable,CONTINUE_MONITORING,1
28,67,4,0.26550321836616064,NORMAL,LOW,76.1515421055,100,0.0,1,0,0.05,14.565490532999998,0,0.0,0.097531050180655,56.769111102668,AI Recoverable,CONTINUE_MONITORING,0
28,67,5,0.0,NORMAL,LOW,63.96645382139998,100,0.053057057968301326,1,0,0.08448708767939586,51.934935245000005,0,0.05335033319439559,0.045372910024103374,68.9603217407074,AI Recoverable,CONTINUE_MONITORING,0
28,67,6,0.0,NORMAL,LOW,59.50610470247499,100,0.010425545651426869,1,0,0.05677660467342747,52.301537839,0,0.013972279456316967,0.08433132652152153,66.73995054455366,AI Recoverable,CONTINUE_MONITORING,0
28,67,7,0.0,NORMAL,LOW,76.1927647831,100,0.19746883534091306,4,2,0.36784851003977614,35.60726868725,0,0.1924885594715544,0.08662880989908817,72.20854205405661,AI Recoverable,CONTINUE_MONITORING,1
28,67,8,0.0,NORMAL,LOW,64.94115733334999,100,0.05680405979972296,3,1,0.1926030448497922,44.5764600169,0,0.017189911871612226,0.04285179631292779,68.73668540688737,AI Recoverable,CONTINUE_MONITORING,0
28,67,9,0.0,NORMAL,LOW,64.4176493062,100,0.02259937310530924,4,2,0.21920946713951286,44.49543944404999,0,0.020735951707553435,0.07367361867200695,67.31750651238154,AI Recoverable,CONTINUE_MONITORING,0
28,67,10,0.27033723670318244,NORMAL,LOW,82.16648162790001,100,0.0,0,0,0.0,0.9656544501,0,0.0,0.09167219998642495,56.74639171572798,AI Recoverable,CONTINUE_MONITORING,0
28,68,1,0.0,NORMAL,LOW,54.13260180999999,100,0.02540577535796577,2,1,0.11905433151847433,64.038333618,0,0.029114449358374844,0.11301818949471365,66.47380526337521,AI Recoverable,CONTINUE_MONITORING,0
28,68,2,0.0,NORMAL,LOW,69.94307242990001,100,0.1241157515202945,4,2,0.30549838879225033,43.301730788,0,0.1711029882726891,0.038796405135067435,71.7234347847561,AI Recoverable,CONTINUE_MONITORING,0
28,68,3,0.0,NORMAL,LOW,68.4455213818,100,0.15868868684406037,4,2,0.33488538381745137,51.930829917,0,0.16083475939540506,0.08186064248421798,71.2356052687298,AI Recoverable,CONTINUE_MONITORING,1
28,68,4,0.26550321836616064,NORMAL,LOW,75.82625517700001,100,0.0,1,0,0.05,15.877811619,0,0.0,0.1197627975272354,56.21331741900348,AI Recoverable,CONTINUE_MONITORING,0
28,68,5,0.0,NORMAL,LOW,64.21792050570001,100,0.045703899861109405,1,0,0.07970753490972111,51.026841467000004,0,0.052276244664497776,0.049692484311204654,68.69452833608703,AI Recoverable,CONTINUE_MONITORING,0
28,68,6,0.0,NORMAL,LOW,59.08744338815001,100,0.011024806852495794,1,0,0.057166124454122266,53.110465497999996,0,0.012940929681272634,0.08306550904354926,66.7732677077739,AI Recoverable,CONTINUE_MONITORING,0
28,68,7,0.0,NORMAL,LOW,76.5791267452,100,0.19179916228262783,3,1,0.2938493717119709,35.1560551935,0,0.19573059758270206,0.08182475515094523,72.24767034270594,AI Recoverable,CONTINUE_MONITORING,1
28,68,8,0.0,NORMAL,LOW,59.154790668625004,100,0.013435586687833888,2,1,0.11007669001587542,50.1932698275,0,0.03460458020805507,0.09069919678143235,66.84727761630141,AI Recoverable,CONTINUE_MONITORING,0
28,68,9,0.0,NORMAL,LOW,64.06833378735,100,0.023452371406923807,4,2,0.21993451569588524,44.460317790750004,0,0.021391299152313196,0.07856627216197876,67.21880361561215,AI Recoverable,CONTINUE_MONITORING,0
28,68,10,0.27033723670318244,NORMAL,LOW,82.4510984839,100,0.0,0,0,0.0,0.9853412886,0,0.0,0.08877065310340515,56.818930387803476,AI Recoverable,CONTINUE_MONITORING,0
28,69,1,0.0,NORMAL,LOW,54.49544736775,100,0.027844685176248232,2,1,0.12088351388218618,64.3397151975,0,0.027453725502391658,0.10497176871633174,66.70713674064058,AI Recoverable,CONTINUE_MONITORING,0
28,69,2,0.0,NORMAL,LOW,69.12914349999998,100,0.1250164023761876,4,2,0.3062639420197595,44.597017389499996,0,0.139282163957886,0.04165824287297004,71.35169361527835,AI Recoverable,CONTINUE_MONITORING,0
28,69,3,0.0,NORMAL,LOW,67.72267026115,100,0.1577360681087272,4,2,0.3340756578924181,54.0801033705,0,0.15741470716953096,0.09148693955095055,70.94169494509607,AI Recoverable,CONTINUE_MONITORING,1
28,69,4,0.26550321836616064,NORMAL,LOW,77.0740589435,100,0.0,1,0,0.05,13.703556217500001,0,0.0,0.09289019859219894,56.885132392379404,AI Recoverable,CONTINUE_MONITORING,0
28,69,5,0.0,NORMAL,LOW,64.5757277437,100,0.051151101818640035,1,0,0.08324821618211603,50.17310380499999,0,0.04995852033092768,0.04284713807863161,68.95142878771627,AI Recoverable,CONTINUE_MONITORING,0
28,69,6,0.0,NORMAL,LOW,59.199632946049995,100,0.011570969719360927,1,0,0.05752113031758461,52.860688169,0,0.011723959910136124,0.0853467370464216,66.71499056732803,AI Recoverable,CONTINUE_MONITORING,0
28,69,7,0.0,NORMAL,LOW,75.59066127410001,100,0.18314489453697438,3,1,0.2873586709027308,37.392006417999994,0,0.1923871609923431,0.0804204677084549,72.07625780795155,AI Recoverable,CONTINUE_MONITORING,1
28,69,8,0.0,NORMAL,LOW,59.029220905,100,0.013862938614094624,2,1,0.11039720396057097,50.8587009995,0,0.021184231019672716,0.08970272553752878,66.74653294404041,AI Recoverable,CONTINUE_MONITORING,0
28,69,9,0.0,NORMAL,LOW,63.376255701024995,100,0.024795807674041607,4,2,0.22107643652293538,45.7184388981,0,0.02197876698292952,0.08024249643345838,67.20964141247366,AI Recoverable,CONTINUE_MONITORING,0
28,69,10,0.26550321836616064,NORMAL,LOW,81.67358620810002,100,0.0,0,0,0.0,2.0224863594,0,0.0,0.09104826348062,56.93118077016888,AI Recoverable,CONTINUE_MONITORING,0
28,70,1,0.0,NORMAL,LOW,54.646880154499996,100,0.028036771423023358,2,1,0.12102757856726752,63.172670429,0,0.027944893312666506,0.10614290080965227,66.68661184134582,AI Recoverable,CONTINUE_MONITORING,0
28,70,2,0.0,NORMAL,LOW,68.6753319445,100,0.1290047342858103,4,2,0.3096540241429388,45.6295437065,0,0.13965518074013575,0.05092998000302662,71.20339699304189,AI Recoverable,CONTINUE_MONITORING,0
28,70,3,0.0,NORMAL,LOW,67.58308627025,100,0.16363289230783376,4,2,0.33908795846165873,54.876107891500006,0,0.1573981969428848,0.10060296362148236,70.83156572504846,AI Recoverable,CONTINUE_MONITORING,1
28,70,4,0.26550321836616064,NORMAL,LOW,77.867081591,100,0.0,1,0,0.05,12.650795262,0,0.0,0.08625590547309603,57.050989720356974,AI Recoverable,CONTINUE_MONITORING,0
28,70,5,0.0,NORMAL,LOW,63.719823995199995,100,0.0514050585650137,1,0,0.08341328806725891,52.0249607325,0,0.05205169900882378,0.042584703662212564,68.9840005698332,AI Recoverable,CONTINUE_MONITORING,0
28,70,6,0.0,NORMAL,LOW,60.48144851742501,100,0.011697904822748354,1,0,0.05760363813478643,50.637264524500004,0,0.011317520283960929,0.0843452823844062,66.73850123968442,AI Recoverable,CONTINUE_MONITORING,0
28,70,7,0.0,NORMAL,LOW,76.88360894115,100,0.19487961489305525,4,2,0.365647672659097,35.347008491349996,0,0.1873453420477172,0.08412582201218444,72.16790016803365,AI Recoverable,CONTINUE_MONITORING,1
28,70,8,0.0,NORMAL,LOW,58.663860982375006,100,0.014693152822856406,3,1,0.1610198646171423,51.6231386945,0,0.021000241308222527,0.08581996300148143,66.85836639450231,AI Recoverable,CONTINUE_MONITORING,0
28,70,9,0.0,NORMAL,LOW,64.16214177455,100,0.0254158600347749,4,2,0.22160348102955868,44.11196510645,0,0.023348952307661264,0.0738721702676659,67.39500246708046,AI Recoverable,CONTINUE_MONITORING,0
28,70,10,0.26550321836616064,NORMAL,LOW,81.7685228827,100,0.0,0,0,0.0,1.7470260468,0,0.0,0.09137849730439207,56.922924924574566,AI Recoverable,CONTINUE_MONITORING,0
28,71,1,0.0,NORMAL,LOW,54.313553670500006,100,0.024726958117854712,2,1,0.11854521858839104,63.7201612425,0,0.027649548803894204,0.11454515868773218,66.40740568320273,AI Recoverable,CONTINUE_MONITORING,0
28,71,2,0.0,NORMAL,LOW,67.736776138,100,0.12412490568851667,4,2,0.3055061698352392,46.9276999955,0,0.14147071064778785,0.05578432470060768,71.002597102733,AI Recoverable,CONTINUE_MONITORING,0
28,71,3,0.0,NORMAL,LOW,68.2965799845,100,0.16621558286767502,4,2,0.34128324543752375,53.45922820100001,0,0.16125447231696718,0.09256794501418653,71.1226577551685,AI Recoverable,CONTINUE_MONITORING,1
28,71,4,0.26550321836616064,NORMAL,LOW,76.71549133149999,100,0.0,1,0,0.05,14.6787895575,0,0.0,0.09109090138050158,56.930114822671825,AI Recoverable,CONTINUE_MONITORING,0
28,71,5,0.0,NORMAL,LOW,63.216076242949995,100,0.04906762375040211,1,0,0.08189395543776137,53.368355249000004,0,0.051786459006579036,0.046749065315995986,68.83049043217393,AI Recoverable,CONTINUE_MONITORING,0
28,71,6,0.0,NORMAL,LOW,60.57396495925001,100,0.008646029186889956,1,0,0.05561991897147847,50.00110856755,0,0.011057992218029724,0.09084233210767578,66.5124422032262,AI Recoverable,CONTINUE_MONITORING,0
28,71,7,0.0,NORMAL,LOW,77.2750202815,100,0.2024710434521164,4,2,0.3721003869342989,34.521548497999994,0,0.1919356396352223,0.0797618765145417,72.474730352531,AI Recoverable,CONTINUE_MONITORING,1
28,71,8,0.0,NORMAL,LOW,59.00964824249999,100,0.011378696810916824,3,1,0.1585340226081876,50.646926713,0,0.020620208475104217,0.09033516324992741,66.67539693972118,AI Recoverable,CONTINUE_MONITORING,0
28,71,9,0.0,NORMAL,LOW,62.83029930875001,100,0.020041230632292562,4,2,0.2170350460374487,45.515964287749995,0,0.024241362990456396,0.08822260735897491,66.93767305857602,AI Recoverable,CONTINUE_MONITORING,0
28,71,10,0.27033723670318244,NORMAL,LOW,81.86344282760001,100,0.0,0,0,0.0,0.8024891094000001,0,0.0,0.09506963531653356,56.66145583247527,AI Recoverable,CONTINUE_MONITORING,0
28,72,1,0.0,NORMAL,LOW,54.985747148749994,100,0.027042313919500696,2,1,0.12028173543962553,62.873582895,0,0.026128303216418357,0.10475882057880948,66.68315879608396,AI Recoverable,CONTINUE_MONITORING,0
28,72,2,0.0,NORMAL,LOW,73.4370089365,100,0.21652401927159903,4,2,0.3840454163808592,41.5684417455,0,0.1397182863999098,0.08971377433624461,71.98481889102496,AI Recoverable,CONTINUE_MONITORING,1
28,72,3,0.0,NORMAL,LOW,67.42762659324998,100,0.16632004994502395,4,2,0.34137204245327035,55.4215727935,0,0.16389481723253668,0.10747683345433467,70.77842833486748,AI Recoverable,CONTINUE_MONITORING,1
28,72,4,0.26550321836616064,NORMAL,LOW,76.380400611,100,0.0,1,0,0.05,15.493913397000002,0,0.0,0.11510896388555292,56.32966326004555,AI Recoverable,CONTINUE_MONITORING,0
28,72,5,0.0,NORMAL,LOW,62.06572487574999,100,0.04463908222028336,1,0,0.07901540344318418,55.795286224,0,0.049774151000005956,0.06498955984659527,68.26578415824085,AI Recoverable,CONTINUE_MONITORING,0
28,72,6,0.0,NORMAL,LOW,62.14054056225,100,0.013832421854334575,1,0,0.058991074205317476,46.98382532535,0,0.010064944628676051,0.08609453537787237,66.72493449892663,AI Recoverable,CONTINUE_MONITORING,0
28,72,7,0.0048196948682385585,NORMAL,LOW,77.44645820485,100,0.20666064676933749,4,2,0.3756615497539369,34.374577812000005,0,0.1965082101064311,0.07935992164862116,72.44560767484718,AI Recoverable,CONTINUE_MONITORING,1
28,72,8,0.0,NORMAL,LOW,63.4211595195,100,0.04930850148478154,3,1,0.18698137611358615,47.705736703,0,0.018838029906234503,0.03886443671424511,68.70293941090185,AI Recoverable,CONTINUE_MONITORING,0
28,72,9,0.0,NORMAL,LOW,61.560218417200005,100,0.018360279681177632,4,2,0.215606237729001,47.15516214704999,0,0.022295019189155663,0.08419726770564173,66.98522409287406,AI Recoverable,CONTINUE_MONITORING,0
28,72,10,0.5119055282867329,NORMAL,LOW,82.07065358650001,100,0.0,0,0,0.0,0.0,0,0.0,0.09616975682149242,48.17906258942704,Human Intervention Required,CONTINUE_MONITORING,0
28,73,1,0.0,NORMAL,LOW,56.17625644974999,100,0.028218731538017006,2,1,0.12116404865351277,60.957606669,0,0.026740604735093196,0.08901665514728185,67.10636429942922,AI Recoverable,CONTINUE_MONITORING,0
28,73,2,0.0,NORMAL,LOW,73.95849004600001,100,0.22627720006282137,4,2,0.39233562005339817,41.898717323,0,0.16558721962141681,0.08738411422152514,72.49681334193247,AI Recoverable,CONTINUE_MONITORING,1
28,73,3,0.0,NORMAL,LOW,68.13528011875,100,0.1695489538669958,4,2,0.34411661078694644,54.063825057500004,0,0.16365907419377201,0.09552449127352103,71.1394575374396,AI Recoverable,CONTINUE_MONITORING,1
28,73,4,0.26550321836616064,NORMAL,LOW,76.4733096395,100,0.0,1,0,0.05,15.4768382955,0,0.0,0.11458532501243257,56.342754231873556,AI Recoverable,CONTINUE_MONITORING,0
28,73,5,0.0,NORMAL,LOW,60.78284083305,100,0.03855853672375472,1,0,0.07506304887044057,57.769394749,0,0.04726707193624781,0.07977288244458036,67.74951939272306,AI Recoverable,CONTINUE_MONITORING,0
28,73,6,0.0,NORMAL,LOW,63.75393641432502,100,0.019489656863642246,1,0,0.06266827696136747,44.50903387699999,0,0.012097825097316519,0.08420353652967372,66.90568297500417,AI Recoverable,CONTINUE_MONITORING,0
28,73,7,0.0,NORMAL,LOW,77.45814208070001,100,0.21069200951076805,3,1,0.30801900713307606,34.805398435899995,0,0.19905194470157683,0.07915930064868792,72.72537712101392,AI Recoverable,CONTINUE_MONITORING,1
28,73,8,0.0,NORMAL,LOW,61.42691933725,100,0.040273055746932365,2,1,0.13020479181019928,50.152454779,0,0.02916759314430212,0.050605986315456875,68.33198738849524,AI Recoverable,CONTINUE_MONITORING,0
28,73,9,0.0,NORMAL,LOW,61.267506344850005,100,0.01788823258824648,4,2,0.21520499770000953,48.11992346939999,0,0.02119726082444276,0.0806297695805488,67.05399302049562,AI Recoverable,CONTINUE_MONITORING,0
28,73,10,0.27033723670318244,NORMAL,LOW,81.41950192960002,100,0.0,0,0,0.0,0.9323847549000001,0,0.0,0.09570731665649201,56.64551379897631,AI Recoverable,CONTINUE_MONITORING,0
28,74,1,0.0,NORMAL,LOW,56.0122069495,100,0.024769408082787246,2,1,0.11857705606209044,61.036096232,0,0.027487343885855265,0.09363971613454836,66.92926869715058,AI Recoverable,CONTINUE_MONITORING,0
28,74,2,0.0,NORMAL,LOW,73.8685103696,100,0.22249468388403862,4,2,0.38912048130143284,41.958698527,0,0.1828157766547373,0.08497462244597775,72.6536858830787,AI Recoverable,CONTINUE_MONITORING,1
28,74,3,0.0,NORMAL,LOW,68.5976266047,100,0.17593353683203602,4,2,0.34954350630723063,53.1313753145,0,0.16614818275357454,0.08924881128491158,71.44893228205366,AI Recoverable,CONTINUE_MONITORING,1
28,74,4,0.26550321836616064,NORMAL,LOW,75.69834785750001,100,0.0,1,0,0.05,17.544182031000002,0,0.0,0.1172003402109818,56.27737885190983,AI Recoverable,CONTINUE_MONITORING,0
28,74,5,0.0,NORMAL,LOW,60.249032497349994,100,0.03216077169436931,1,0,0.07090450160134006,57.700452902500004,0,0.04444255744805956,0.0900073711140108,67.33745673051772,AI Recoverable,CONTINUE_MONITORING,0
28,74,6,0.0,NORMAL,LOW,63.39870356612499,100,0.018341759017057174,1,0,0.061922143361087166,44.643579007999996,0,0.014980074601669321,0.08323082572313678,66.93586528327941,AI Recoverable,CONTINUE_MONITORING,0
28,74,7,0.0,NORMAL,LOW,77.8634167129,100,0.20717498710295384,3,1,0.30538124032721536,34.444230331099995,0,0.20290635213594566,0.08179551309445798,72.62767543605707,AI Recoverable,CONTINUE_MONITORING,1
28,74,8,0.0,NORMAL,LOW,61.601854882750004,100,0.03922037860888109,2,1,0.12941528395666083,49.0119714225,0,0.030214205091221157,0.055008932170818814,68.21132631881936,AI Recoverable,CONTINUE_MONITORING,0
28,74,9,0.0,NORMAL,LOW,61.317411236625,100,0.01949930776907112,4,2,0.21657441160371046,48.358582318,0,0.020276667261948586,0.08318819768782959,67.01304788580516,AI Recoverable,CONTINUE_MONITORING,0
28,74,10,0.5119055282867329,NORMAL,LOW,81.39096989350001,100,0.0,0,0,0.0,0.0,0,0.0,0.10099437098382025,48.058447235368845,Human Intervention Required,CONTINUE_MONITORING,0
28,75,1,0.0,NORMAL,LOW,55.71762911425,100,0.023546287622144176,2,1,0.11765971571660813,61.889373776,0,0.026022008056201792,0.09752301097604543,66.79307055860376,AI Recoverable,CONTINUE_MONITORING,0
28,75,2,0.0,NORMAL,LOW,68.6323608216,100,0.11567522515471927,4,2,0.2983239413815114,46.065460187000006,0,0.1953279812122016,0.037169705582869805,71.83754167564464,AI Recoverable,CONTINUE_MONITORING,0
28,75,3,0.0,NORMAL,LOW,67.07430143295,100,0.16114731671673352,4,2,0.3369752192092235,54.869572119000004,0,0.17061120326434984,0.0918992738693315,71.13157652024489,AI Recoverable,CONTINUE_MONITORING,1
28,75,4,0.26550321836616064,NORMAL,LOW,76.1899785301,100,0.0,1,0,0.05,17.421759463500003,0,0.0,0.11202938918003968,56.406652627683386,AI Recoverable,CONTINUE_MONITORING,0
28,75,5,0.0,NORMAL,LOW,61.949265082299995,100,0.03794830074605412,1,0,0.07466639548493519,54.995763694999994,0,0.03986458172184604,0.07249034136967747,67.84535329789759,AI Recoverable,CONTINUE_MONITORING,0
28,75,6,0.0,NORMAL,LOW,62.24299759824999,100,0.012564786343580964,1,0,0.05816711112332763,45.395977453,0,0.015583615749371272,0.09817797526523675,66.4526825027344,AI Recoverable,CONTINUE_MONITORING,0
28,75,7,0.0,NORMAL,LOW,77.48216569435002,100,0.1981436924549348,3,1,0.2986077693412011,34.676808473,0,0.2052154583728385,0.08026332360022881,72.50844534282135,AI Recoverable,CONTINUE_MONITORING,1
28,75,8,0.0,NORMAL,LOW,56.77816510037501,100,0.009406305663300836,2,1,0.10705472924747564,53.760668724999995,0,0.033448443549075876,0.09911562432701115,66.54471994058149,AI Recoverable,CONTINUE_MONITORING,0
28,75,9,0.0,NORMAL,LOW,60.137836338125005,100,0.01601544818104936,4,2,0.21361313095389198,50.46726390900001,0,0.020018479829500113,0.08138356672104907,66.98590459388976,AI Recoverable,CONTINUE_MONITORING,0
28,75,10,0.27033723670318244,NORMAL,LOW,81.0892959019,100,0.0,0,0,0.0,1.01850735285,0,0.0,0.09641835097656759,56.62773794097442,AI Recoverable,CONTINUE_MONITORING,0
28,76,1,0.0,NORMAL,LOW,55.34181058125001,100,0.023983900322964234,2,1,0.11798792524222318,61.82992350799999,0,0.025026404185885788,0.10210925550369165,66.67721066072585,AI Recoverable,CONTINUE_MONITORING,0
28,76,2,0.0,NORMAL,LOW,68.1785393756,100,0.11144569169525903,4,2,0.2947288379409702,46.157146134,0,0.1614160123150531,0.03777373122951255,71.3987306763179,AI Recoverable,CONTINUE_MONITORING,0
28,76,3,0.0,NORMAL,LOW,65.90810832795,100,0.152110290246663,4,2,0.3292937467096636,56.9748663615,0,0.16582735664700507,0.09589244536781949,70.80316823720781,AI Recoverable,CONTINUE_MONITORING,1
28,76,4,0.2991518991833152,NORMAL,LOW,77.01194047995,100,0.0,1,0,0.05,16.236454896,0,0.0,0.1129383540486355,55.20622467736808,AI Recoverable,CONTINUE_MONITORING,0
28,76,5,0.0,NORMAL,LOW,60.4151713834,100,0.03408674294044801,1,0,0.0721563829112912,57.492920711,0,0.03971689434269714,0.08040284571872025,67.56883265926791,AI Recoverable,CONTINUE_MONITORING,0
28,76,6,0.0,NORMAL,LOW,62.322887727449995,100,0.01565220493130758,1,0,0.06017393320534993,45.03155348130001,0,0.013971887360244975,0.09157279507990779,66.66344309523089,AI Recoverable,CONTINUE_MONITORING,0
28,76,7,0.0,NORMAL,LOW,77.07734588035,100,0.18991286586891573,3,1,0.2924346494016868,34.975419198,0,0.2029630408370959,0.07517258415991812,72.44857312175132,AI Recoverable,CONTINUE_MONITORING,1
28,76,8,0.0,NORMAL,LOW,56.55643968837501,100,0.010444659169578839,2,1,0.10783349437718413,54.3296164875,0,0.02376406306306402,0.09847235175528202,66.48472502014016,AI Recoverable,CONTINUE_MONITORING,0
28,76,9,0.0,NORMAL,LOW,60.317599781625,100,0.017621312488630053,4,2,0.21497811561533556,51.26038557299999,0,0.017657264293572006,0.07871756729337864,67.06105971037385,AI Recoverable,CONTINUE_MONITORING,0
28,76,10,0.26550321836616064,NORMAL,LOW,80.9747969651,100,0.0,0,0,0.0,1.51110404865,0,0.0,0.09553172540610666,56.81909422203171,AI Recoverable,CONTINUE_MONITORING,0
28,77,1,0.0,NORMAL,LOW,55.086427840499994,100,0.027676293832246044,2,1,0.12075722037418454,63.6012710915,0,0.02505365990484714,0.10274899331306075,66.73533764286687,AI Recoverable,CONTINUE_MONITORING,0
28,77,2,0.0,NORMAL,LOW,66.77642087800001,100,0.10615867997582226,4,2,0.2902348779794489,48.44064884149999,0,0.15837206231815892,0.04501160908640256,71.08160399553796,AI Recoverable,CONTINUE_MONITORING,0
28,77,3,0.0,NORMAL,LOW,66.2289051533,100,0.143881925973879,4,2,0.3222996370777972,56.0666164735,0,0.1611415077390422,0.09165675214555802,70.69763479322904,AI Recoverable,CONTINUE_MONITORING,0
28,77,4,0.2991518991833152,NORMAL,LOW,76.40988107045,100,0.0,1,0,0.05,17.447706306,0,0.0,0.11180234008325707,55.234625026502535,AI Recoverable,CONTINUE_MONITORING,0
28,77,5,0.0,NORMAL,LOW,60.92746655235,100,0.0378217194152775,1,0,0.07458411761993038,56.614339752999996,0,0.03646110368762173,0.07456198195135977,67.75699587639777,AI Recoverable,CONTINUE_MONITORING,0
28,77,6,0.0,NORMAL,LOW,62.406175304475006,100,0.019111902133330406,1,0,0.06242273638666477,45.29697566115,0,0.01587897754078143,0.0908904906673712,66.76876555139015,AI Recoverable,CONTINUE_MONITORING,0
28,77,7,0.0,NORMAL,LOW,76.71647293985001,100,0.1875095854006534,3,1,0.29063218905049004,36.01878977965,0,0.1987356479996421,0.08869985754360121,72.02005174941945,AI Recoverable,CONTINUE_MONITORING,1
28,77,8,0.0,NORMAL,LOW,57.98826311650001,100,0.014172318576525227,2,1,0.11062923893239393,51.8187882695,0,0.023944803845160106,0.09330320113162749,66.69031438169142,AI Recoverable,CONTINUE_MONITORING,0
28,77,9,0.0,NORMAL,LOW,60.55871440835,100,0.015042941732001375,4,2,0.21278650047220118,50.65840937749999,0,0.017800235045733467,0.07885552777587235,67.00747299070055,AI Recoverable,CONTINUE_MONITORING,0
28,77,10,0.5119055282867329,NORMAL,LOW,81.59701094350001,100,0.0,0,0,0.0,0.0,0,0.0,0.09917731701361754,48.10387358462391,Human Intervention Required,CONTINUE_MONITORING,0
28,78,1,0.0,NORMAL,LOW,54.312840761500006,100,0.02819697626300791,2,1,0.12114773219725594,65.42674768399999,0,0.02625013514541603,0.10148330915295323,66.78935814789048,AI Recoverable,CONTINUE_MONITORING,0
28,78,2,0.0,NORMAL,LOW,67.24253462655001,100,0.10317762279160923,4,2,0.28770097937286787,48.0160540655,0,0.14133481130091916,0.036764798816281585,71.05778059843433,AI Recoverable,CONTINUE_MONITORING,0
28,78,3,0.0,NORMAL,LOW,66.40696132490001,100,0.1466101199961342,4,2,0.3246186019967141,56.226780608,0,0.15553166110124672,0.09812605525049256,70.53436762967284,AI Recoverable,CONTINUE_MONITORING,0
28,78,4,0.2991518991833152,NORMAL,LOW,75.84726679345,100,0.0,1,0,0.05,18.7657637895,0,0.0,0.11608271325221597,55.127615697278564,AI Recoverable,CONTINUE_MONITORING,0
28,78,5,0.0,NORMAL,LOW,61.86537270585,100,0.04155204602371295,1,0,0.07700882991541343,55.321294343000005,0,0.03662716583736976,0.06284316780644728,68.12623338368677,AI Recoverable,CONTINUE_MONITORING,0
28,78,6,0.0,NORMAL,LOW,61.931961359075004,100,0.017422922084840704,1,0,0.06132489935514646,45.15360271755,0,0.01765601394044769,0.09366640962257577,66.6833583405369,AI Recoverable,CONTINUE_MONITORING,0
28,78,7,0.0,NORMAL,LOW,77.21030323525,100,0.188995145093739,3,1,0.2917463588203042,35.009547728,0,0.19533351526754764,0.09014431292422098,71.97963023144473,AI Recoverable,CONTINUE_MONITORING,1
28,78,8,0.0,NORMAL,LOW,57.35166795262501,100,0.0145671198367085,2,1,0.11092533987753138,52.911827361,0,0.020144036060088136,0.09231849948670323,66.68482027016746,AI Recoverable,CONTINUE_MONITORING,0
28,78,9,0.0,NORMAL,LOW,60.880145247675,100,0.01608735008901886,4,2,0.21367424757566605,50.9900967185,0,0.016562296505860184,0.07581684263543143,67.09194890095318,AI Recoverable,CONTINUE_MONITORING,0
28,78,10,0.27033723670318244,NORMAL,LOW,80.8816532636,100,0.0,0,0,0.0,0.6088609111500001,0,0.0,0.10010916855496588,56.53546750151446,AI Recoverable,CONTINUE_MONITORING,0
28,79,1,0.0,NORMAL,LOW,55.287031157,100,0.025708881726581874,2,1,0.11928166129493642,63.795638825,0,0.026403294136143316,0.10544583563697163,66.64206468496879,AI Recoverable,CONTINUE_MONITORING,0
28,79,2,0.004841005451241671,NORMAL,LOW,68.341799498,100,0.10893804352219998,4,2,0.29259733699387,47.003809041,0,0.12320655332768554,0.03839095813656823,70.78161725951318,AI Recoverable,CONTINUE_MONITORING,0
28,79,3,0.0,NORMAL,LOW,66.63080771850001,100,0.14436753886343504,4,2,0.3227124080339198,55.55603627200001,0,0.15313868256600266,0.09201625173344496,70.6183313095926,AI Recoverable,CONTINUE_MONITORING,0
28,79,4,0.26550321836616064,NORMAL,LOW,75.29861119985,100,0.0,1,0,0.05,19.1703943125,0,0.0,0.1173898002365884,56.27264235126967,AI Recoverable,CONTINUE_MONITORING,0
28,79,5,0.0,NORMAL,LOW,60.98151206015,100,0.043317187892122834,1,0,0.07815617212987985,56.70568602899999,0,0.03816535512189455,0.0604277739078507,68.23730296136512,AI Recoverable,CONTINUE_MONITORING,0
28,79,6,0.0,NORMAL,LOW,60.908518594899995,100,0.012667946688423696,1,0,0.05823416534747541,46.005166291849996,0,0.016859977056868564,0.100102642138991,66.41939265086239,AI Recoverable,CONTINUE_MONITORING,0
28,79,7,0.0,NORMAL,LOW,76.25384827539999,100,0.18691378021079091,3,1,0.2901853351580932,37.0191063116,0,0.19274162215708923,0.08640308358544424,72.00561473615059,AI Recoverable,CONTINUE_MONITORING,1
28,79,8,0.0,NORMAL,LOW,58.959630726125,100,0.017904158737469963,2,1,0.11342811905310247,50.860535519,0,0.01666364541071178,0.09103890648610935,66.74874696670378,AI Recoverable,CONTINUE_MONITORING,0
28,79,9,0.0,NORMAL,LOW,60.826710000325015,100,0.019090913623841445,4,2,0.21622727658026525,51.3295600675,0,0.016623495463073564,0.07852564969917264,67.08491198462825,AI Recoverable,CONTINUE_MONITORING,0
28,79,10,0.26550321836616064,NORMAL,LOW,80.19174623100001,100,0.0,0,0,0.0,1.77123660075,0,0.0,0.09766275991419693,56.765818359329444,AI Recoverable,CONTINUE_MONITORING,0
28,80,1,0.0,NORMAL,LOW,55.99782221875,100,0.02851611571283168,2,1,0.12138708678462376,61.856663968,0,0.02578839208534675,0.09162249305538916,67.03764390872536,AI Recoverable,CONTINUE_MONITORING,0
28,80,2,0.0,NORMAL,LOW,68.5078550339,100,0.11218598384056802,4,2,0.29535808626448284,46.572644772000004,0,0.10903674989620535,0.03770098061763871,70.89156266033244,AI Recoverable,CONTINUE_MONITORING,0
28,80,3,0.0,NORMAL,LOW,66.50331195475,100,0.15317032254149704,4,2,0.33019477416027254,56.5214181975,0,0.14804666851058876,0.10077337745764281,70.52453869949476,AI Recoverable,CONTINUE_MONITORING,1
28,80,4,0.26550321836616064,NORMAL,LOW,75.12271534835,100,0.0,1,0,0.05,19.7786670795,0,0.0,0.11899190421442118,56.232589751823845,AI Recoverable,CONTINUE_MONITORING,0
28,80,5,0.0,NORMAL,LOW,60.74996400620001,100,0.050330947489184805,1,0,0.08271511586797012,58.21085526099999,0,0.04025679595010301,0.06534896585859229,68.27546276281991,AI Recoverable,CONTINUE_MONITORING,0
28,80,6,0.0,NORMAL,LOW,61.436772353500004,100,0.012856999315345613,1,0,0.05835704955497465,45.8094200185,0,0.014639150711934777,0.09606360828465033,66.50194128631,AI Recoverable,CONTINUE_MONITORING,0
28,80,7,0.0,NORMAL,LOW,76.69985095765,100,0.19521771041455913,3,1,0.29641328281091933,35.861826046350004,0,0.189280643727302,0.08412582201218444,72.19401509525959,AI Recoverable,CONTINUE_MONITORING,1
28,80,8,0.0,NORMAL,LOW,58.027974464875,100,0.014721269446371501,2,1,0.11104095208477863,53.14856207849999,0,0.014680486298942658,0.0884101042253953,66.73097764628196,AI Recoverable,CONTINUE_MONITORING,0
28,80,9,0.0,NORMAL,LOW,59.59999644775,100,0.01606602069704467,4,2,0.21365611759248798,52.890626602,0,0.017467389343188183,0.08110531776701468,66.9683613631974,AI Recoverable,CONTINUE_MONITORING,0
28,80,10,0.26550321836616064,NORMAL,LOW,79.9838855185,100,0.0,0,0,0.0,2.872933326,0,0.0,0.0981182008248308,56.754432336563596,AI Recoverable,CONTINUE_MONITORING,0
28,81,1,0.0,NORMAL,LOW,55.900876733500006,100,0.025526787795985308,2,1,0.11914509084698899,62.3327014465,0,0.027326338213917948,0.10017486065777226,66.77942762161457,AI Recoverable,CONTINUE_MONITORING,0
28,81,2,0.0,NORMAL,LOW,67.6320379173,100,0.11106386440386251,4,2,0.2944042847432832,48.500401290499994,0,0.1095226382077346,0.04251177807978801,70.75370921815988,AI Recoverable,CONTINUE_MONITORING,0
28,81,3,0.0,NORMAL,LOW,65.2285220097,100,0.15010662535449978,4,2,0.32759063155132484,58.31740551149999,0,0.14957072442947425,0.09500653095716471,70.62267647745561,AI Recoverable,CONTINUE_MONITORING,1
28,81,4,0.26550321836616064,NORMAL,LOW,74.88834360390001,100,0.0,1,0,0.05,19.4420002905,0,0.0,0.12336001237111172,56.12338704790658,AI Recoverable,CONTINUE_MONITORING,0
28,81,5,0.0,NORMAL,LOW,59.55461311409999,100,0.044145360286122294,1,0,0.07869448418597949,60.647970631999996,0,0.04409449437325989,0.08039151346195994,67.81406431290604,AI Recoverable,CONTINUE_MONITORING,0
28,81,6,0.0,NORMAL,LOW,60.121401740574996,100,0.011975827484552918,1,0,0.0577842878649594,47.73805766605,0,0.014736776316058403,0.09686205241265267,66.46533300253532,AI Recoverable,CONTINUE_MONITORING,0
28,81,7,0.0,NORMAL,LOW,76.62480387975,100,0.19305659795207195,3,1,0.29479244846405395,34.9619109928,0,0.19136218530277987,0.07181067609703706,72.47948690964331,AI Recoverable,CONTINUE_MONITORING,1
28,81,8,0.0,NORMAL,LOW,57.83756982487499,100,0.016133476477411444,2,1,0.11210010735805859,54.567062625,0,0.014469714441243012,0.08588483918826184,66.82024569425411,AI Recoverable,CONTINUE_MONITORING,0
28,81,9,0.0,NORMAL,LOW,61.01269163199999,100,0.019697773760674237,4,2,0.21674310769657312,50.549477835,0,0.016567001617388496,0.08084495626673471,67.03850158471899,AI Recoverable,CONTINUE_MONITORING,0
28,81,10,0.26550321836616064,NORMAL,LOW,78.9176337412,100,0.0,0,0,0.0,4.2789407058,0,0.0,0.10033088805955304,56.699115155695544,AI Recoverable,CONTINUE_MONITORING,0
28,82,1,0.0,NORMAL,LOW,55.9601284685,100,0.028332072678450677,2,1,0.12124905450883802,63.058333459500005,0,0.026645544085086983,0.09538957994804387,66.94835739571879,AI Recoverable,CONTINUE_MONITORING,0
28,82,2,0.0,NORMAL,LOW,67.6033010706,100,0.10537102074430235,4,2,0.289565367632657,47.9566363445,0,0.10913254655592743,0.03821141101667891,70.74346060502835,AI Recoverable,CONTINUE_MONITORING,0
28,82,3,0.0,NORMAL,LOW,64.9110125454,100,0.15514568340011597,4,2,0.3318738308900986,60.018507694,0,0.14837110218847224,0.10042384102398672,70.57602866428738,AI Recoverable,CONTINUE_MONITORING,1
28,82,4,0.26550321836616064,NORMAL,LOW,73.772435723,100,0.0,1,0,0.05,21.408903116999998,0,0.0,0.12412160924426408,56.10434712607777,AI Recoverable,CONTINUE_MONITORING,0
28,82,5,0.0,NORMAL,LOW,60.84068086440001,100,0.04725060514342517,1,0,0.08071289334322637,58.31356627499999,0,0.04364702464073554,0.06916965950655385,68.152240861612,AI Recoverable,CONTINUE_MONITORING,0
28,82,6,0.0,NORMAL,LOW,60.237699033750005,100,0.014225483654830775,1,0,0.05924656437564001,47.96870570424999,0,0.01395773192427494,0.09221170448382066,66.61879438024383,AI Recoverable,CONTINUE_MONITORING,0
28,82,7,0.0,NORMAL,LOW,76.03343414845,100,0.19791223914080902,3,1,0.2984341793556068,35.95899859425,0,0.19115397405567558,0.08402493642180975,72.26916111282769,AI Recoverable,CONTINUE_MONITORING,1
28,82,8,0.0,NORMAL,LOW,57.588140775750006,100,0.014578974570786921,2,1,0.1109342309280902,54.533838969499996,0,0.01568981097365156,0.08673115531526854,66.78019871827054,AI Recoverable,CONTINUE_MONITORING,0
28,82,9,0.0,NORMAL,LOW,60.57900070400001,100,0.017582825209184326,4,2,0.2149454014278067,50.732665048,0,0.01794723211456355,0.07958142500433452,67.04159320022094,AI Recoverable,CONTINUE_MONITORING,0
28,82,10,0.26550321836616064,NORMAL,LOW,78.889378613,100,0.0,0,0,0.0,4.939200765,0,0.0,0.10219151532141302,56.65259947414904,AI Recoverable,CONTINUE_MONITORING,0
28,83,1,0.0,NORMAL,LOW,56.594852481000004,100,0.030337437192837616,2,1,0.12275307789462822,62.0232738095,0,0.02757893858829524,0.08736172776885132,67.19849493551841,AI Recoverable,CONTINUE_MONITORING,0
28,83,2,0.0,NORMAL,LOW,66.7234669764,100,0.10555648965576311,4,2,0.28972301620739865,50.1656725975,0,0.1073144211656466,0.042738584353691156,70.61580939592945,AI Recoverable,CONTINUE_MONITORING,0
28,83,3,0.0,NORMAL,LOW,64.9767248755,100,0.16805529986752107,4,2,0.34284700488739295,60.391741571,0,0.15145974564183026,0.10290132062530633,70.80317043813605,AI Recoverable,CONTINUE_MONITORING,1
28,83,4,0.26550321836616064,NORMAL,LOW,74.193457446,100,0.0,1,0,0.05,19.498932261,0,0.0,0.12981770798736858,55.96194465750016,AI Recoverable,CONTINUE_MONITORING,0
28,83,5,0.0,NORMAL,LOW,60.4232039521,100,0.052635670551879364,1,0,0.08421318585872159,59.954994685,0,0.045898642099867076,0.07749183047303687,68.07440407021033,AI Recoverable,CONTINUE_MONITORING,0
28,83,6,0.0,NORMAL,LOW,59.5354465391,100,0.014143930367675726,1,0,0.059193554738989226,49.00720098065,0,0.013948530188368351,0.08957459935936385,66.68299892525309,AI Recoverable,CONTINUE_MONITORING,0
28,83,7,0.0,NORMAL,LOW,77.08964286295,100,0.20852112648471757,3,1,0.3063908448635382,34.306739662,0,0.19406703793591848,0.07906075841612326,72.63457394865046,AI Recoverable,CONTINUE_MONITORING,1
28,83,8,0.0,NORMAL,LOW,56.206019669999996,100,0.009598935616153452,2,1,0.1071992017121151,57.006182241999994,0,0.015280392240860842,0.08938864611357222,66.61006648189236,AI Recoverable,CONTINUE_MONITORING,0
28,83,9,0.0,NORMAL,LOW,61.47161006475,100,0.017677477908653934,4,2,0.21502585622235587,48.80105053174999,0,0.01766833123592219,0.0797450900684682,67.0366056188206,AI Recoverable,CONTINUE_MONITORING,0
28,83,10,0.26550321836616064,NORMAL,LOW,78.7290889305,100,0.0,0,0,0.0,4.754091699,0,0.0,0.10174414784360586,56.66378366109422,AI Recoverable,CONTINUE_MONITORING,0
28,84,1,0.0,NORMAL,LOW,56.175142566750004,100,0.029263719605759606,2,1,0.12194778970431971,62.1688037875,0,0.028480212472787488,0.09044381502754473,67.10898114115444,AI Recoverable,CONTINUE_MONITORING,0
28,84,2,0.0,NORMAL,LOW,67.6806911663,100,0.11253611815886222,4,2,0.2956557004350329,49.245294503,0,0.10770310320006637,0.049764261789403186,70.58364685044283,AI Recoverable,CONTINUE_MONITORING,0
28,84,3,0.0,NORMAL,LOW,64.25704419875001,100,0.1671469811109716,4,2,0.34207493394432587,62.614959276,0,0.15833495576404594,0.1078812740758387,70.72925732796391,AI Recoverable,CONTINUE_MONITORING,1
28,84,4,0.26550321836616064,NORMAL,LOW,73.47669333450001,100,0.0,1,0,0.05,20.823423822000002,0,0.0,0.1310121537243687,55.93208351407516,AI Recoverable,CONTINUE_MONITORING,0
28,84,5,0.0,NORMAL,LOW,61.27088266995,100,0.05754576809384277,1,0,0.08740474926099781,58.3982064225,0,0.049065869156346635,0.07518198014397559,68.26202454984093,AI Recoverable,CONTINUE_MONITORING,0
28,84,6,0.0,NORMAL,LOW,58.121110698625,100,0.01045421310341872,1,0,0.05679523851722217,50.549285549,0,0.013465005361818737,0.09597443966597996,66.44437332403706,AI Recoverable,CONTINUE_MONITORING,0
28,84,7,0.0,NORMAL,LOW,76.05138641495,100,0.20349486828398755,3,1,0.30262115121299066,36.353849505,0,0.19998334153382805,0.08621306903992221,72.41440405501997,AI Recoverable,CONTINUE_MONITORING,1
28,84,8,0.0,NORMAL,LOW,56.744205688375004,100,0.011019775100353525,2,1,0.10826483132526515,56.71862179,0,0.013090834763593094,0.08831069482025045,66.64353647913673,AI Recoverable,CONTINUE_MONITORING,0
28,84,9,0.0,NORMAL,LOW,62.39470178132501,100,0.020809379295087842,4,2,0.2176879724008247,46.944816852550005,0,0.017919344940511985,0.08526328354647128,66.9637989466451,AI Recoverable,CONTINUE_MONITORING,0
28,84,10,0.26550321836616064,NORMAL,LOW,78.84080830399999,100,0.0,0,0,0.0,4.6325723625,0,0.0,0.10174414784360586,56.66378366109422,AI Recoverable,CONTINUE_MONITORING,0
28,85,1,0.0,NORMAL,LOW,54.455957753250004,100,0.026452661693448377,2,1,0.11983949627008629,64.5553573485,0,0.028655774499748966,0.10596528889673829,66.66647875644799,AI Recoverable,CONTINUE_MONITORING,0
28,85,2,0.0,NORMAL,LOW,68.10647209494999,100,0.1153106090361451,4,2,0.29801401768072333,48.443830504999994,0,0.1103007222001288,0.046697574077523174,70.74178005078609,AI Recoverable,CONTINUE_MONITORING,0
28,85,3,0.0,NORMAL,LOW,64.4219111892,100,0.16157533728816875,4,2,0.3373390366949435,61.429394802000004,0,0.16125158205173623,0.10137875470028579,70.80955369877358,AI Recoverable,CONTINUE_MONITORING,1
28,85,4,0.26550321836616064,CHANNEL_CONGESTION,HIGH,73.77106077100001,100,0.0,1,0,0.05,19.9876856985,0,0.0,0.1315277927441909,50.91919253857961,Human Intervention Required,CONTINUE_MONITORING,0
28,85,5,0.0,NORMAL,LOW,62.08719665179999,100,0.061371071663905576,1,0,0.08989119658153863,56.655200915,0,0.05253089964717644,0.07143052186906251,68.4669673830233,AI Recoverable,CONTINUE_MONITORING,0
28,85,6,0.0,NORMAL,LOW,57.52123004387501,100,0.00601456574253478,1,0,0.05390946773264761,51.088200826999994,0,0.01204816748064094,0.11897040388954594,65.76651289241845,AI Recoverable,CONTINUE_MONITORING,0
28,85,7,0.0,NORMAL,LOW,75.55945139385,100,0.2040941435386726,3,1,0.30307060765400445,38.31144689005,0,0.2007968164038566,0.08652626600439117,72.42669438470224,AI Recoverable,CONTINUE_MONITORING,1
28,85,8,0.0,NORMAL,LOW,57.017363130625,100,0.008274114240420233,2,1,0.10620558568031518,55.3690715945,0,0.012553272899656815,0.0984704620217689,66.32925346326076,AI Recoverable,CONTINUE_MONITORING,0
28,85,9,0.0,NORMAL,LOW,61.75464056907498,100,0.02007996136214606,4,2,0.21706796715782417,48.7168091298,0,0.01909950055041665,0.08115831858136346,67.063636268213,AI Recoverable,CONTINUE_MONITORING,0
28,85,10,0.26550321836616064,NORMAL,LOW,78.72614625050001,100,0.0,0,0,0.0,4.0980058425,0,0.0,0.10130792140870326,56.67468932196679,AI Recoverable,CONTINUE_MONITORING,0
28,86,1,0.0,NORMAL,LOW,54.394748234750004,100,0.02622793234435923,2,1,0.11967094925826943,63.87907950699999,0,0.02752357356334193,0.11042990366628957,66.53904679086335,AI Recoverable,CONTINUE_MONITORING,0
28,86,2,0.0,NORMAL,LOW,68.95674972215,100,0.1115071026850439,4,2,0.29478103728228733,46.5780470935,0,0.11157051699069445,0.042171092281708455,70.7915699165651,AI Recoverable,CONTINUE_MONITORING,0
28,86,3,0.0,NORMAL,LOW,64.5096217619,100,0.15567808080649712,4,2,0.33232636868552257,60.476808509499996,0,0.1607567909694294,0.09726962581429144,70.78938888046696,AI Recoverable,CONTINUE_MONITORING,1
28,86,4,0.26550321836616064,NORMAL,LOW,74.74524821450001,100,0.0,1,0,0.05,17.745667182000002,0,0.0,0.12524639119041514,56.076227577424,AI Recoverable,CONTINUE_MONITORING,0
28,86,5,0.0,NORMAL,LOW,62.3691840623,100,0.06219388084204028,1,0,0.09042602254732618,56.399271967,0,0.05522410810265619,0.07194059533991481,68.49760381436948,AI Recoverable,CONTINUE_MONITORING,0
28,86,6,0.0,NORMAL,LOW,57.256023389625,100,0.005552305012491532,1,0,0.053608998258119496,50.83931419475,0,0.00975833257218224,0.12311443735346239,65.63076849213509,AI Recoverable,CONTINUE_MONITORING,0
28,86,7,0.0,NORMAL,LOW,75.43578404419999,100,0.2094838653308183,3,1,0.3071128989981137,37.97872581755,0,0.20221929961763802,0.08717880710402204,72.53240012519218,AI Recoverable,CONTINUE_MONITORING,1
28,86,8,0.0,NORMAL,LOW,55.92703135700001,100,0.0061685100652768355,2,1,0.10462638254895763,56.814303435999996,0,0.01082697291284365,0.10988917094666728,65.9844106567673,AI Recoverable,CONTINUE_MONITORING,0
28,86,9,0.0,NORMAL,LOW,61.25336574312502,100,0.02029545017286428,4,2,0.21725113264693466,49.572160522000004,0,0.019442626863648314,0.07937813060426224,67.1158820069872,AI Recoverable,CONTINUE_MONITORING,0
28,86,10,0.26550321836616064,NORMAL,LOW,79.2520202949,100,0.0,0,0,0.0,3.1528373211000003,0,0.0,0.09886928331587652,56.73565527428745,AI Recoverable,CONTINUE_MONITORING,0
28,87,1,0.0,NORMAL,LOW,55.102580718750005,100,0.028032950142544134,2,1,0.12102471260690811,61.939500822,0,0.02755431499538754,0.09981618918024981,66.8407974232985,AI Recoverable,CONTINUE_MONITORING,0
28,87,2,0.0,NORMAL,LOW,74.06610914845001,100,0.19701351798123945,4,2,0.36746149028405356,42.39836989249999,0,0.1104915184447295,0.08469775152590009,71.42774175592457,AI Recoverable,CONTINUE_MONITORING,1
28,87,3,0.0,NORMAL,LOW,64.41352847975,100,0.15514358953349347,4,2,0.3318720511034695,61.3746429725,0,0.15976761778820756,0.10189072052392456,70.65327995545383,AI Recoverable,CONTINUE_MONITORING,1
28,87,4,0.26550321836616064,NORMAL,LOW,75.38152997050001,100,0.0,1,0,0.05,15.579785241000002,0,0.0,0.12386674722195012,56.11071867663562,AI Recoverable,CONTINUE_MONITORING,0
28,87,5,0.0,NORMAL,LOW,62.18030655855,100,0.06222951199312119,1,0,0.09044918279552877,56.592805304500004,0,0.057997743733925126,0.07347266276669528,68.48775110803429,AI Recoverable,CONTINUE_MONITORING,0
28,87,6,0.0,NORMAL,LOW,58.6356763398,100,0.007293575189632079,1,0,0.054740823873260853,48.628791336199995,0,0.008720361207080673,0.11496966594779146,65.85883346716865,AI Recoverable,CONTINUE_MONITORING,0
28,87,7,0.0,NORMAL,LOW,76.0788448728,100,0.21618539169570675,3,1,0.31213904377178003,36.310833104299995,0,0.20613603358830618,0.09249557518355411,72.57267879020834,AI Recoverable,CONTINUE_MONITORING,1
28,87,8,0.0,NORMAL,LOW,57.90014467675001,100,0.019300504166007714,2,1,0.11447537812450578,55.690425811500006,0,0.008800196362601785,0.0835975141114943,66.8840741941588,AI Recoverable,CONTINUE_MONITORING,0
28,87,9,0.0,NORMAL,LOW,61.26257259299999,100,0.019468813496451437,4,2,0.21654849147198374,49.450525414000005,0,0.019590948204570385,0.081523159317755,67.04720676903086,AI Recoverable,CONTINUE_MONITORING,0
28,87,10,0.26550321836616064,NORMAL,LOW,79.8063460412,100,0.0,0,0,0.0,1.23166254555,0,0.0,0.10053955423704442,56.69389850125827,AI Recoverable,CONTINUE_MONITORING,0
28,88,1,0.0,NORMAL,LOW,54.649867451,100,0.02824010301736582,2,1,0.12118007726302438,62.677287752,0,0.028053943179816094,0.10670175494125789,66.67779761861404,AI Recoverable,CONTINUE_MONITORING,0
28,88,2,0.0,NORMAL,LOW,74.6082531414,100,0.215023455493738,4,2,0.38276993716967733,42.093545913,0,0.14897339264675935,0.08793160377146514,72.09191294205573,AI Recoverable,CONTINUE_MONITORING,1
28,88,3,0.0,NORMAL,LOW,63.6085536514,100,0.16551209481462018,4,2,0.3406852805924272,63.1123004825,0,0.15960697726497933,0.10254632832400523,70.84265346084206,AI Recoverable,CONTINUE_MONITORING,1
28,88,4,0.26550321836616064,CHANNEL_CONGESTION,HIGH,74.455357174,100,0.0,1,0,0.05,16.9737073425,0,0.0,0.12746633611852476,51.02072895422126,Human Intervention Required,CONTINUE_MONITORING,0
28,88,5,0.0,NORMAL,LOW,61.319044140950005,100,0.06009502204498685,1,0,0.08906176432924146,58.535765643000005,0,0.06010548003820683,0.07609963553503185,68.40046435290601,AI Recoverable,CONTINUE_MONITORING,0
28,88,6,0.0,NORMAL,LOW,58.92323619939999,100,0.008272443916275412,1,0,0.05537708854557902,47.9252732946,0,0.008272275075095021,0.11370790066477876,65.905474112457,AI Recoverable,CONTINUE_MONITORING,0
28,88,7,0.0,NORMAL,LOW,75.98369611785,100,0.226481400391401,3,1,0.3198610502935507,37.1076006257,0,0.2107047328554584,0.09364306913660403,72.79559860796749,AI Recoverable,CONTINUE_MONITORING,1
28,88,8,0.0,NORMAL,LOW,58.86508402087499,100,0.019054822162962205,2,1,0.11429111662222166,53.698861758999996,0,0.013400808736151959,0.0832688602679591,66.93338302392178,AI Recoverable,CONTINUE_MONITORING,0
28,88,9,0.0,NORMAL,LOW,61.365765230875,100,0.0185993216820647,4,2,0.215809423429755,48.57549610024999,0,0.019606995561863926,0.0812224018947344,67.03749634189157,AI Recoverable,CONTINUE_MONITORING,0
28,88,10,0.26550321836616064,NORMAL,LOW,78.9251392931,100,0.0,0,0,0.0,2.7809190504,0,0.0,0.09998868045744702,56.7076703457482,AI Recoverable,CONTINUE_MONITORING,0
28,89,1,0.0,NORMAL,LOW,55.179079822249996,100,0.02943463803641587,2,1,0.1220759785273119,60.787181403,0,0.02782246225769655,0.09757992496509948,66.9274192591778,AI Recoverable,CONTINUE_MONITORING,0
28,89,2,0.0,NORMAL,LOW,75.07252365375001,100,0.20584585825784843,4,2,0.3749689795191712,40.9483222895,0,0.16970174911782537,0.08696251235014141,72.13987184758169,AI Recoverable,CONTINUE_MONITORING,1
28,89,3,0.0,NORMAL,LOW,62.9540419217,100,0.16696094495746097,4,2,0.3419168032138419,64.2449179755,0,0.1623614801419112,0.10046967270644047,70.95109188290732,AI Recoverable,CONTINUE_MONITORING,1
28,89,4,0.26550321836616064,CHANNEL_CONGESTION,HIGH,74.03464756700001,100,0.0,1,0,0.05,18.562592452500002,0,0.0,0.13212896015327247,50.90416335335256,Human Intervention Required,CONTINUE_MONITORING,0
28,89,5,0.0,NORMAL,LOW,63.23012464625,100,0.06855203601549223,1,0,0.09455882341006995,55.940497357,0,0.06050944226280158,0.07426464997120996,68.6195188936576,AI Recoverable,CONTINUE_MONITORING,0
28,89,6,0.0,NORMAL,LOW,59.59435369055001,100,0.006610678672227362,1,0,0.05429694113694779,46.61783315619999,0,0.007743927589891977,0.12141776549123384,65.67420871206262,AI Recoverable,CONTINUE_MONITORING,0
28,89,7,0.0,NORMAL,LOW,75.3086871509,100,0.2260007882453375,3,1,0.3195005911840031,38.9415437815,0,0.21630797381110237,0.09249738929886919,72.87066077054605,AI Recoverable,CONTINUE_MONITORING,1
28,89,8,0.0,NORMAL,LOW,59.37557622262501,100,0.018288601429591964,2,1,0.11371645107219398,53.21013945349999,0,0.014650928251791531,0.08143586611527132,66.97638465822796,AI Recoverable,CONTINUE_MONITORING,0
28,89,9,0.0,NORMAL,LOW,60.122767832625,100,0.018235659837453344,4,2,0.21550031086183535,50.396563308,0,0.019475206145825413,0.08158163918984351,67.01992427846123,AI Recoverable,CONTINUE_MONITORING,0
28,89,10,0.26550321836616064,NORMAL,LOW,78.6684615983,100,0.0,0,0,0.0,2.63058189345,0,0.0,0.09968944413640024,56.715151253774366,AI Recoverable,CONTINUE_MONITORING,0
