simulation_id,timestamp,node_id,cpu,memory,battery,rssi,packet_loss,latency,throughput,queue_size,traffic_load,link_quality,mobility_speed
35,0,1,4.998648,0.000000,100.000000,24.086601,0.759134,50.825431,0.000000,0,0.000000,0.240866,1.760948
35,0,2,1.357250,0.000000,100.000000,16.559666,0.834403,56.826384,0.000000,0,0.000000,0.165597,4.414506
35,0,3,1.117980,0.000000,100.000000,8.870203,0.911298,62.964943,0.000000,0,0.000000,0.088702,3.953289
35,0,4,0.000000,0.670392,100.000000,10.807469,0.891925,61.417205,0.000000,0,481.000000,0.108075,6.030497
35,0,5,1.673204,2.894786,100.000000,18.655579,0.813444,55.155487,0.000000,1,459.000000,0.186556,9.434349
35,0,6,0.616801,0.000000,100.000000,23.823261,0.761767,51.046684,0.000000,0,0.000000,0.238233,6.511675
35,0,7,0.000000,0.000000,100.000000,17.743906,0.822561,55.901248,0.000000,0,0.000000,0.177439,8.286927
35,0,8,0.000000,0.359990,100.000000,14.258196,0.857418,58.664026,0.000000,0,0.000000,0.142582,9.902659
35,0,9,3.330768,2.147787,100.000000,15.948218,0.840518,57.314012,0.000000,1,1401.000000,0.159482,1.194532
35,0,10,0.587625,0.000000,100.000000,10.807469,0.891925,61.417205,0.000000,0,1982.000000,0.108075,3.679274
35,1,1,4.442957,1.314294,100.000000,23.675699,0.763243,51.152718,0.000000,0,0.000000,0.236757,1.760948
35,1,2,0.000000,2.761907,100.000000,16.868391,0.831316,56.579918,1.000000,2,1230.000000,0.168684,4.414506
35,1,3,0.000000,0.000000,100.000000,8.872905,0.911271,62.962804,0.000000,0,0.000000,0.088729,3.953289
35,1,4,0.333502,1.639717,100.000000,11.473372,0.885266,60.885558,0.000000,0,0.000000,0.114734,6.030497
35,1,5,0.000000,0.651761,100.000000,18.373720,0.816263,55.380171,1.000000,0,0.000000,0.183737,9.434349
35,1,6,0.000000,1.644690,100.000000,24.039182,0.759608,50.879686,0.000000,0,1170.000000,0.240392,6.511675
35,1,7,0.000000,0.062961,100.000000,18.051596,0.819484,55.661432,0.000000,0,0.000000,0.180516,8.286927
35,1,8,0.000000,0.407543,100.000000,15.002786,0.849972,58.069141,0.000000,0,0.000000,0.150028,9.902659
35,1,9,0.000000,4.132782,100.000000,15.774920,0.842251,57.452254,0.000000,2,1975.000000,0.157749,1.194532
35,1,10,0.579700,0.000000,100.000000,11.473372,0.885266,60.885558,0.000000,0,0.000000,0.114734,3.679274
35,2,1,2.786116,0.630518,100.000000,22.725592,0.772744,51.909645,0.000000,0,0.000000,0.227256,1.760948
35,2,2,2.921811,0.078764,100.000000,16.760544,0.832395,56.665918,0.000000,3,862.000000,0.167605,4.414506
35,2,3,2.739796,0.000000,100.000000,8.727532,0.912725,63.078664,0.000000,0,1299.000000,0.087275,3.953289
35,2,4,0.000000,3.241092,100.000000,12.533662,0.874663,60.039115,0.000000,0,0.000000,0.125337,6.030497
35,2,5,4.175056,0.000000,100.000000,18.944458,0.810555,54.924430,0.000000,0,0.000000,0.189445,9.434349
35,2,6,4.869793,4.614156,100.000000,23.532244,0.764678,51.283858,0.000000,1,355.000000,0.235322,6.511675
35,2,7,3.811124,0.000000,100.000000,18.400433,0.815996,55.382221,0.000000,0,0.000000,0.184004,8.286927
35,2,8,0.938266,0.000000,100.000000,14.353241,0.856468,58.587371,0.000000,2,731.000000,0.143532,9.902659
35,2,9,0.000000,1.175063,100.000000,16.108263,0.838917,57.186310,0.000000,1,0.000000,0.161083,1.194532
35,2,10,0.000000,0.361501,100.000000,12.533662,0.874663,60.039115,0.000000,0,0.000000,0.125337,3.679274
35,3,1,5.478133,2.123063,100.000000,22.205087,0.777949,52.324406,0.000000,0,0.000000,0.222051,1.760948
35,3,2,6.412402,0.000000,100.000000,17.180028,0.828200,56.331330,1.000000,2,300.000000,0.171800,4.414506
35,3,3,5.380221,0.000000,100.000000,8.824855,0.911751,63.000776,2.000000,2,1026.000000,0.088249,3.953289
35,3,4,0.371388,2.145361,100.000000,12.374266,0.876257,60.166356,0.000000,1,1065.000000,0.123743,6.030497
35,3,5,8.671180,0.000000,100.000000,18.321744,0.816783,55.421084,0.000000,0,0.000000,0.183217,9.434349
35,3,6,6.726719,4.888903,100.000000,24.045579,0.759544,50.875987,1.000000,0,0.000000,0.240456,6.511675
35,3,7,0.126400,0.000000,100.000000,19.476903,0.805231,54.524304,0.000000,1,992.000000,0.194769,8.286927
35,3,8,0.000000,1.845586,100.000000,14.048822,0.859512,58.831009,2.000000,3,821.000000,0.140488,9.902659
35,3,9,1.589714,0.341577,100.000000,15.688491,0.843115,57.521217,0.000000,0,0.000000,0.156885,1.194532
35,3,10,0.000000,0.786540,100.000000,12.374266,0.876257,60.166356,0.000000,0,0.000000,0.123743,3.679274
35,4,1,1.890454,0.538552,100.000000,23.525288,0.764747,51.272532,0.000000,0,0.000000,0.235253,1.760948
35,4,2,7.177572,0.000000,100.000000,16.788541,0.832115,56.643536,1.000000,0,1792.000000,0.167885,4.414506
35,4,3,7.612113,0.000000,100.000000,8.328214,0.916718,63.397432,0.000000,2,0.000000,0.083282,3.953289
35,4,4,0.000000,1.704877,100.000000,12.790616,0.872094,59.834000,0.000000,1,1354.000000,0.127906,6.030497
35,4,5,8.095964,2.110579,100.000000,18.753106,0.812469,55.077392,1.000000,1,0.000000,0.187531,9.434349
35,4,6,6.632757,3.592061,100.000000,22.915831,0.770842,51.774914,0.000000,0,0.000000,0.229158,6.511675
35,4,7,0.000000,0.000000,100.000000,18.300807,0.816992,55.460705,0.000000,1,0.000000,0.183008,8.286927
35,4,8,0.000000,2.830381,100.000000,14.120854,0.858791,58.772862,0.000000,1,0.000000,0.141209,9.902659
35,4,9,0.000000,0.000000,100.000000,16.473020,0.835270,56.895245,0.000000,0,1066.000000,0.164730,1.194532
35,4,10,0.000000,3.044921,100.000000,12.790616,0.872094,59.834000,0.000000,0,336.000000,0.127906,3.679274
35,5,1,3.748311,0.354013,100.000000,24.718550,0.752814,50.322166,0.000000,0,0.000000,0.247186,1.760948
35,5,2,10.341147,0.078201,100.000000,15.870578,0.841294,57.375963,1.000000,1,0.000000,0.158706,4.414506
35,5,3,4.552957,0.222821,100.000000,8.164710,0.918353,63.528076,0.000000,1,1172.000000,0.081647,3.953289
35,5,4,0.000000,4.362699,100.000000,14.155447,0.858446,58.744625,0.000000,0,0.000000,0.141554,6.030497
35,5,5,5.796036,0.000000,100.000000,18.164120,0.818359,55.547970,0.000000,1,0.000000,0.181641,9.434349
35,5,6,9.707307,4.346867,100.000000,22.131987,0.778680,52.400413,0.000000,0,833.000000,0.221320,6.511675
35,5,7,4.306461,2.074570,100.000000,18.001427,0.819986,55.699547,0.000000,0,0.000000,0.180014,8.286927
35,5,8,0.000000,4.423097,100.000000,13.848843,0.861512,58.989480,0.000000,1,2601.000000,0.138488,9.902659
35,5,9,1.754558,0.000000,100.000000,15.847528,0.841525,57.394392,1.000000,0,1026.000000,0.158475,1.194532
35,5,10,4.968940,5.498317,100.000000,14.155447,0.858446,58.744625,0.000000,0,0.000000,0.141554,3.679274
35,6,1,1.198692,0.941130,100.000000,22.924629,0.770754,51.751059,0.000000,0,0.000000,0.229246,1.760948
35,6,2,6.671165,1.359713,100.000000,15.882042,0.841180,57.366820,0.000000,1,0.000000,0.158820,4.414506
35,6,3,9.467199,1.938719,100.000000,8.269374,0.917306,63.444942,0.000000,2,656.000000,0.082694,3.953289
35,6,4,0.000000,2.902505,100.000000,14.002503,0.859975,58.866692,0.000000,0,340.000000,0.140025,6.030497
35,6,5,1.907088,0.000000,100.000000,18.067658,0.819323,55.624070,1.000000,1,0.000000,0.180677,9.434349
35,6,6,12.602117,6.984410,100.000000,21.671822,0.783282,52.766223,0.000000,1,1848.000000,0.216718,6.511675
35,6,7,8.924334,4.420159,100.000000,17.046149,0.829539,56.461046,0.000000,0,0.000000,0.170461,8.286927
35,6,8,0.000000,2.949132,100.000000,14.567088,0.854329,58.416102,0.000000,1,0.000000,0.145671,9.902659
35,6,9,1.102845,1.897535,100.000000,16.106557,0.838934,57.187672,1.000000,0,603.000000,0.161066,1.194532
35,6,10,2.522033,5.012528,100.000000,14.002503,0.859975,58.866692,0.000000,0,0.000000,0.140025,3.679274
35,7,1,5.074064,3.358676,100.000000,22.371854,0.776281,52.191512,0.000000,1,656.000000,0.223719,1.760948
35,7,2,4.429699,0.000000,100.000000,16.270238,0.837298,57.057207,0.000000,2,1423.000000,0.162702,4.414506
35,7,3,8.997056,4.900088,100.000000,12.763199,0.872368,59.856369,2.000000,1,771.000000,0.127632,3.953289
35,7,4,0.000000,4.578624,100.000000,13.032320,0.869677,59.641065,0.000000,0,0.000000,0.130323,6.030497
35,7,5,3.304404,0.989635,100.000000,18.952678,0.810473,54.917763,0.000000,2,1415.000000,0.189527,9.434349
35,7,6,17.009245,8.673972,100.000000,20.666038,0.793340,53.564212,0.000000,1,0.000000,0.206660,6.511675
35,7,7,4.022324,5.847144,100.000000,31.792098,0.682079,44.699177,0.000000,0,0.000000,0.317921,8.286927
35,7,8,2.941215,3.593733,100.000000,14.931454,0.850685,58.125380,2.000000,2,848.000000,0.149315,9.902659
35,7,9,0.000000,3.987285,100.000000,17.292972,0.827070,56.241097,0.000000,0,0.000000,0.172930,1.194532
35,7,10,2.510106,7.496202,100.000000,13.032320,0.869677,59.641065,0.000000,0,0.000000,0.130323,3.679274
35,8,1,4.416419,1.019748,100.000000,23.577955,0.764220,51.230578,1.000000,1,1242.000000,0.235780,1.760948
35,8,2,7.773562,0.000000,100.000000,15.149316,0.848507,57.951706,0.000000,2,1061.000000,0.151493,4.414506
35,8,3,12.395446,4.720189,100.000000,12.773329,0.872267,59.848000,0.000000,0,874.000000,0.127733,3.953289
35,8,4,0.682302,5.513666,100.000000,13.386254,0.866137,59.358554,0.000000,0,0.000000,0.133863,6.030497
35,8,5,8.210467,3.736760,100.000000,18.165173,0.818348,55.546534,1.000000,2,0.000000,0.181652,9.434349
35,8,6,13.737334,10.425626,100.000000,20.414317,0.795857,53.761203,0.000000,0,0.000000,0.204143,6.511675
35,8,7,1.478612,6.876387,100.000000,30.135112,0.698649,46.014224,0.000000,1,1162.000000,0.301351,8.286927
35,8,8,0.000000,4.610531,100.000000,13.633239,0.863668,59.161491,0.000000,2,0.000000,0.136332,9.902659
35,8,9,0.000000,6.968674,100.000000,16.459196,0.835408,56.906344,0.000000,1,263.000000,0.164592,1.194532
35,8,10,5.449064,5.532678,100.000000,13.386254,0.866137,59.358554,0.000000,0,0.000000,0.133863,3.679274
35,9,1,1.965426,0.000000,100.000000,23.273135,0.767269,51.473404,0.000000,0,0.000000,0.232731,1.760948
35,9,2,11.359311,0.000000,100.000000,14.324107,0.856759,58.610388,1.000000,2,0.000000,0.143241,4.414506
35,9,3,17.206362,6.254400,100.000000,13.163192,0.868368,59.537089,0.000000,0,424.000000,0.131632,3.953289
35,9,4,0.079687,6.120820,100.000000,11.981929,0.880181,60.479558,0.000000,0,1055.000000,0.119819,6.030497
35,9,5,8.046859,5.440569,100.000000,17.404654,0.825953,56.153311,1.000000,0,0.000000,0.174047,9.434349
35,9,6,9.871555,13.001143,100.000000,20.343305,0.796567,53.819197,0.000000,0,0.000000,0.203433,6.511675
35,9,7,5.531863,5.426622,100.000000,30.713119,0.692869,45.555305,0.000000,3,1029.000000,0.307131,8.286927
35,9,8,2.799293,6.056351,100.000000,13.562173,0.864378,59.218525,1.000000,1,0.000000,0.135622,9.902659
35,9,9,0.000000,4.532292,100.000000,15.635153,0.843648,57.563931,1.000000,1,870.000000,0.156352,1.194532
35,9,10,4.659741,7.404046,100.000000,11.981929,0.880181,60.479558,0.000000,0,0.000000,0.119819,3.679274
35,10,1,6.150969,0.460879,100.000000,22.457776,0.775422,52.123044,0.000000,0,0.000000,0.224578,1.760948
35,10,2,13.385618,0.000000,100.000000,13.923128,0.860769,58.930617,0.000000,0,0.000000,0.139231,4.414506
35,10,3,14.801416,7.638698,100.000000,13.119553,0.868804,59.572451,0.000000,0,0.000000,0.131196,3.953289
35,10,4,1.964830,7.636423,100.000000,12.946155,0.870538,59.709844,0.000000,0,0.000000,0.129462,6.030497
35,10,5,6.770568,6.223094,100.000000,17.780687,0.822193,55.852876,0.000000,2,3717.000000,0.177807,9.434349
35,10,6,9.991123,11.502108,100.000000,20.185953,0.798140,53.947737,0.000000,0,0.000000,0.201860,6.511675
35,10,7,7.401367,5.765107,100.000000,31.849597,0.681504,44.653576,0.000000,2,0.000000,0.318496,8.286927
35,10,8,4.896732,3.947838,100.000000,13.422756,0.865772,59.330327,0.000000,1,911.000000,0.134228,9.902659
35,10,9,0.000000,6.706160,100.000000,16.189183,0.838108,57.121755,0.000000,1,0.000000,0.161892,1.194532
35,10,10,0.327955,7.160487,100.000000,12.946155,0.870538,59.709844,0.000000,0,1314.000000,0.129462,3.679274
35,11,1,5.226602,0.073465,100.000000,20.718276,0.792817,53.509473,0.000000,0,0.000000,0.207183,1.760948
35,11,2,10.801704,0.000000,100.000000,15.014052,0.849859,58.059798,2.000000,1,0.000000,0.150141,4.414506
35,11,3,19.217021,8.664560,100.000000,12.608424,0.873916,59.980715,1.000000,2,2594.000000,0.126084,3.953289
35,11,4,0.000000,5.073430,100.000000,12.344928,0.876551,60.189776,0.000000,0,0.000000,0.123449,6.030497
35,11,5,2.472459,8.932410,100.000000,17.958924,0.820411,55.710172,1.000000,1,0.000000,0.179589,9.434349
35,11,6,5.417847,12.220979,100.000000,19.155682,0.808443,54.768173,1.000000,1,0.000000,0.191557,6.511675
35,11,7,3.825279,7.122789,100.000000,30.952618,0.690474,45.365207,0.000000,1,662.000000,0.309526,8.286927
35,11,8,5.671055,3.581581,100.000000,14.513817,0.854862,58.459211,1.000000,0,0.000000,0.145138,9.902659
35,11,9,0.000000,6.211626,100.000000,16.252562,0.837474,57.071148,0.000000,0,0.000000,0.162526,1.194532
35,11,10,0.679571,6.200870,100.000000,12.344928,0.876551,60.189776,0.000000,0,1142.000000,0.123449,3.679274
35,12,1,6.598975,0.365637,100.000000,22.393582,0.776064,52.174198,0.000000,1,316.000000,0.223936,1.760948
35,12,2,14.884774,2.158082,100.000000,13.779517,0.862205,59.044968,1.000000,3,1457.000000,0.137795,4.414506
35,12,3,20.907128,9.752929,100.000000,13.680604,0.863194,59.124694,0.000000,2,0.000000,0.136806,3.953289
35,12,4,0.000000,2.965479,100.000000,13.788791,0.862112,59.037263,0.000000,0,966.000000,0.137888,6.030497
35,12,5,6.500601,11.816594,100.000000,17.591352,0.824086,56.003937,1.000000,0,0.000000,0.175914,9.434349
35,12,6,7.072299,12.679118,100.000000,19.127652,0.808723,54.786681,2.000000,0,0.000000,0.191277,6.511675
35,12,7,3.827795,7.017271,100.000000,29.208728,0.707913,46.750123,2.000000,0,0.000000,0.292087,8.286927
35,12,8,5.334434,4.814519,100.000000,14.281247,0.857188,58.645081,0.000000,0,0.000000,0.142812,9.902659
35,12,9,0.754886,5.786892,100.000000,15.520082,0.844799,57.655605,0.000000,1,1205.000000,0.155201,1.194532
35,12,10,0.447341,9.039982,100.000000,13.788791,0.862112,59.037263,0.000000,0,681.000000,0.137888,3.679274
35,13,1,11.211545,0.000000,100.000000,21.021910,0.789781,53.267425,1.000000,0,0.000000,0.210219,1.760948
35,13,2,16.904530,2.905561,100.000000,14.295551,0.857044,58.632933,1.000000,2,0.000000,0.142956,4.414506
35,13,3,22.394180,6.801060,100.000000,13.784440,0.862156,59.041565,0.000000,0,0.000000,0.137844,3.953289
35,13,4,0.976850,1.101684,100.000000,14.138192,0.858618,58.758396,0.000000,0,0.000000,0.141382,6.030497
35,13,5,10.865830,11.118289,100.000000,16.976970,0.830230,56.493770,1.000000,1,0.000000,0.169770,9.434349
35,13,6,11.783245,10.073164,100.000000,18.944931,0.810551,54.930656,1.000000,1,0.000000,0.189449,6.511675
35,13,7,5.210278,9.771614,100.000000,28.153319,0.718467,47.589024,1.000000,1,868.000000,0.281533,8.286927
35,13,8,6.579421,5.303013,100.000000,14.953781,0.850462,58.107960,0.000000,2,2744.000000,0.149538,9.902659
35,13,9,3.668815,3.753999,100.000000,14.884019,0.851160,58.163185,1.000000,1,670.000000,0.148840,1.194532
35,13,10,0.079327,7.481206,100.000000,14.138192,0.858618,58.758396,0.000000,0,0.000000,0.141382,3.679274
35,14,1,8.091476,2.888651,100.000000,21.113588,0.788864,53.194346,0.000000,0,998.000000,0.211136,1.760948
35,14,2,16.211592,4.267747,100.000000,14.760384,0.852396,58.261941,1.000000,1,0.000000,0.147604,4.414506
35,14,3,24.428444,9.552453,100.000000,13.148023,0.868520,59.549131,0.000000,0,0.000000,0.131480,3.953289
35,14,4,1.548547,1.991858,100.000000,15.346567,0.846534,57.794057,0.000000,0,2825.000000,0.153466,6.030497
35,14,5,14.253886,10.201720,100.000000,16.484386,0.835156,56.886945,1.000000,0,0.000000,0.164844,9.434349
35,14,6,12.893639,12.544875,100.000000,19.028977,0.809710,54.863089,0.000000,1,1156.000000,0.190290,6.511675
35,14,7,1.330199,11.902016,100.000000,27.877800,0.721222,47.808103,0.000000,1,0.000000,0.278778,8.286927
35,14,8,4.872919,2.984562,100.000000,14.493122,0.855069,58.475269,0.000000,2,0.000000,0.144931,9.902659
35,14,9,8.001255,6.350642,100.000000,14.600479,0.853995,58.389578,2.000000,0,0.000000,0.146005,1.194532
35,14,10,4.765211,6.228279,100.000000,15.346567,0.846534,57.794057,0.000000,0,602.000000,0.153466,3.679274
35,15,1,6.928907,1.306383,100.000000,19.531191,0.804688,54.455940,0.000000,0,0.000000,0.195312,1.760948
35,15,2,20.871378,6.853142,100.000000,14.858059,0.851419,58.183994,0.000000,1,0.000000,0.148581,4.414506
35,15,3,28.215652,9.819221,100.000000,14.376166,0.856238,58.569313,1.000000,1,1433.000000,0.143762,3.953289
35,15,4,4.849576,0.000000,100.000000,14.424321,0.855757,58.530038,0.000000,0,2195.000000,0.144243,6.030497
35,15,5,9.670176,7.876149,100.000000,16.079973,0.839200,57.209348,0.000000,0,0.000000,0.160800,9.434349
35,15,6,17.795099,13.717344,100.000000,19.254292,0.807457,54.683582,1.000000,1,961.000000,0.192543,6.511675
35,15,7,0.000000,9.910152,100.000000,28.118178,0.718818,47.616964,0.000000,1,647.000000,0.281182,8.286927
35,15,8,2.119275,0.393204,100.000000,15.657090,0.843429,57.546701,0.000000,0,0.000000,0.156571,9.902659
35,15,9,4.552283,3.458964,100.000000,13.946673,0.860533,58.911359,0.000000,0,0.000000,0.139467,1.194532
35,15,10,4.399367,6.993690,100.000000,14.424321,0.855757,58.530038,0.000000,0,0.000000,0.144243,3.679274
35,16,1,5.890369,0.000000,100.000000,17.991962,0.820080,55.683515,0.000000,0,0.000000,0.179920,1.760948
35,16,2,17.978209,7.408484,100.000000,15.417221,0.845828,57.737917,0.000000,0,0.000000,0.154172,4.414506
35,16,3,30.607418,9.805627,100.000000,14.642110,0.853579,58.357991,0.000000,1,0.000000,0.146421,3.953289
35,16,4,5.572316,0.000000,100.000000,12.853090,0.871469,59.784131,0.000000,0,551.000000,0.128531,6.030497
35,16,5,11.642208,8.059712,100.000000,15.725658,0.842743,57.492017,0.000000,0,0.000000,0.157257,9.434349
35,16,6,21.664937,11.739760,100.000000,18.916627,0.810834,54.954518,1.000000,3,776.000000,0.189166,6.511675
35,16,7,0.000000,9.493891,100.000000,28.856767,0.711432,47.029825,1.000000,1,449.000000,0.288568,8.286927
35,16,8,0.000000,0.000000,100.000000,16.445790,0.835542,56.917913,0.000000,0,0.000000,0.164458,9.902659
35,16,9,3.607828,4.276974,100.000000,13.930367,0.860696,58.924521,0.000000,0,1236.000000,0.139304,1.194532
35,16,10,8.120604,5.331585,100.000000,12.853090,0.871469,59.784131,0.000000,0,0.000000,0.128531,3.679274
35,17,1,6.835478,1.192259,100.000000,17.745465,0.822545,55.880136,0.000000,1,586.000000,0.177455,1.760948
35,17,2,21.088727,6.747194,100.000000,14.999668,0.850003,58.071343,0.000000,2,1660.000000,0.149997,4.414506
35,17,3,33.930694,6.878616,100.000000,13.882333,0.861177,58.964831,0.000000,1,0.000000,0.138823,3.953289
35,17,4,3.453449,0.000000,100.000000,12.694590,0.873054,59.910653,0.000000,0,0.000000,0.126946,6.030497
35,17,5,7.063486,10.772700,100.000000,16.186382,0.838136,57.124225,0.000000,0,0.000000,0.161864,9.434349
35,17,6,22.237977,11.591105,100.000000,18.772170,0.812278,55.072686,0.000000,3,0.000000,0.187722,6.511675
35,17,7,0.000000,7.220853,100.000000,30.206813,0.697932,45.957285,0.000000,1,1018.000000,0.302068,8.286927
35,17,8,0.330842,1.592368,100.000000,15.666475,0.843335,57.540131,0.000000,0,0.000000,0.156665,9.902659
35,17,9,0.964043,4.132018,100.000000,14.727228,0.852728,58.288444,0.000000,0,0.000000,0.147272,1.194532
35,17,10,4.130570,6.677393,100.000000,12.694590,0.873054,59.910653,0.000000,0,1389.000000,0.126946,3.679274
35,18,1,9.770632,0.000000,100.000000,19.458482,0.805415,54.513919,0.000000,1,0.000000,0.194585,1.760948
35,18,2,19.871412,5.876911,100.000000,14.886275,0.851137,58.161500,0.000000,2,0.000000,0.148863,4.414506
35,18,3,29.424087,6.343511,100.000000,14.155712,0.858443,58.746568,0.000000,0,0.000000,0.141557,3.953289
35,18,4,5.751905,0.705989,100.000000,12.730583,0.872694,59.881922,0.000000,0,0.000000,0.127306,6.030497
35,18,5,10.243697,11.597273,100.000000,16.020823,0.839792,57.256535,0.000000,1,1483.000000,0.160208,9.434349
35,18,6,18.982100,9.547930,100.000000,17.870297,0.821297,55.788479,0.000000,2,968.000000,0.178703,6.511675
35,18,7,3.521288,9.230164,100.000000,27.955516,0.720445,47.746304,0.000000,1,0.000000,0.279555,8.286927
35,18,8,4.583827,1.723068,100.000000,16.618572,0.833814,56.780099,0.000000,1,1280.000000,0.166186,9.902659
35,18,9,0.428252,1.967171,100.000000,14.138790,0.858612,58.758063,0.000000,1,1037.000000,0.141388,1.194532
35,18,10,1.158397,7.352204,100.000000,12.730583,0.872694,59.881922,0.000000,0,671.000000,0.127306,3.679274
35,19,1,11.797829,0.000000,100.000000,19.858855,0.801411,54.194668,1.000000,0,1118.000000,0.198589,1.760948
35,19,2,16.142850,5.144372,100.000000,14.495755,0.855042,58.473241,3.000000,1,1482.000000,0.144958,4.414506
35,19,3,32.112715,9.048122,100.000000,14.362055,0.856379,58.582280,0.000000,0,0.000000,0.143621,3.953289
35,19,4,5.311130,0.000000,100.000000,11.116261,0.888837,61.170665,0.000000,0,521.000000,0.111163,6.030497
35,19,5,8.595762,14.128681,100.000000,16.727747,0.832723,56.692411,2.000000,2,0.000000,0.167277,9.434349
35,19,6,15.624105,9.460023,100.000000,18.846226,0.811538,55.013486,1.000000,2,0.000000,0.188462,6.511675
35,19,7,2.752687,11.476464,100.000000,30.182316,0.698177,45.976738,1.000000,0,1056.000000,0.301823,8.286927
35,19,8,3.416929,0.000000,100.000000,16.458880,0.835411,56.907967,0.000000,1,0.000000,0.164589,9.902659
35,19,9,0.000000,0.000000,100.000000,14.583069,0.854169,58.403374,2.000000,1,1480.000000,0.145831,1.194532
35,19,10,0.000000,8.524747,100.000000,11.116261,0.888837,61.170665,0.000000,0,0.000000,0.111163,3.679274
35,20,1,12.063362,1.168009,100.000000,20.005179,0.799948,54.077998,0.000000,0,0.000000,0.200052,1.760948
35,20,2,15.013658,4.355016,100.000000,13.847771,0.861522,58.990425,0.000000,1,0.000000,0.138478,4.414506
35,20,3,34.451826,6.893835,100.000000,14.822314,0.851777,58.215539,1.000000,4,3681.000000,0.148223,3.953289
35,20,4,8.133978,0.495380,100.000000,12.259601,0.877404,60.257892,0.000000,0,1319.000000,0.122596,6.030497
35,20,5,9.703418,14.508955,100.000000,16.083178,0.839168,57.206904,0.000000,1,0.000000,0.160832,9.434349
35,20,6,11.653746,9.738018,100.000000,17.624832,0.823752,55.984324,0.000000,0,0.000000,0.176248,6.511675
35,20,7,7.542754,9.344107,100.000000,27.843749,0.721563,47.835181,0.000000,0,0.000000,0.278437,8.286927
35,20,8,0.000000,0.000000,100.000000,16.531726,0.834683,56.850513,1.000000,0,521.000000,0.165317,9.902659
35,20,9,0.000000,0.000000,100.000000,13.492346,0.865077,59.273949,0.000000,0,0.000000,0.134923,1.194532
35,20,10,2.515961,8.255067,100.000000,12.259601,0.877404,60.257892,0.000000,0,0.000000,0.122596,3.679274
35,21,1,12.342543,4.134819,100.000000,21.574599,0.784254,52.826884,0.000000,0,870.000000,0.215746,1.760948
35,21,2,13.960319,7.047769,100.000000,13.445052,0.865549,59.311688,1.000000,1,1454.000000,0.134451,4.414506
35,21,3,35.265336,5.515271,100.000000,14.809625,0.851904,58.225973,0.000000,5,561.000000,0.148096,3.953289
35,21,4,4.087585,0.000000,100.000000,12.997602,0.870024,59.668778,0.000000,0,0.000000,0.129976,6.030497
35,21,5,12.335784,11.815087,100.000000,16.168119,0.838319,57.139514,0.000000,1,0.000000,0.161681,9.434349
35,21,6,10.280999,9.676142,100.000000,17.279303,0.827207,56.259724,0.000000,0,0.000000,0.172793,6.511675
35,21,7,5.158092,10.076136,100.000000,27.510775,0.724892,48.099991,0.000000,0,0.000000,0.275108,8.286927
35,21,8,2.859169,1.003782,100.000000,17.178098,0.828219,56.334719,1.000000,1,0.000000,0.171781,9.902659
35,21,9,0.000000,0.000000,100.000000,13.474904,0.865251,59.287827,0.000000,1,785.000000,0.134749,1.194532
35,21,10,0.000000,8.709306,100.000000,12.997602,0.870024,59.668778,0.000000,0,0.000000,0.129976,3.679274
35,22,1,11.975315,2.174624,100.000000,22.773258,0.772267,51.871665,0.000000,0,0.000000,0.227733,1.760948
35,22,2,10.336012,9.350027,100.000000,13.648132,0.863519,59.149564,0.000000,2,1397.000000,0.136481,4.414506
35,22,3,38.460995,4.438402,100.000000,15.068293,0.849317,58.018551,0.000000,3,673.000000,0.150683,3.953289
35,22,4,0.460573,0.000000,100.000000,12.379529,0.876205,60.162155,0.000000,0,0.000000,0.123795,6.030497
35,22,5,12.370454,9.807592,100.000000,16.668489,0.833315,56.740617,0.000000,0,0.000000,0.166685,9.434349
35,22,6,11.397354,9.848957,100.000000,18.284888,0.817151,55.457480,0.000000,0,1313.000000,0.182849,6.511675
35,22,7,7.406989,8.319513,100.000000,28.010307,0.719897,47.702736,0.000000,0,0.000000,0.280103,8.286927
35,22,8,6.508533,0.000000,100.000000,17.124144,0.828759,56.377113,0.000000,1,0.000000,0.171241,9.902659
35,22,9,2.540277,0.657832,100.000000,14.159077,0.858409,58.741741,0.000000,1,0.000000,0.141591,1.194532
35,22,10,0.469697,8.371736,100.000000,12.379529,0.876205,60.162155,0.000000,0,569.000000,0.123795,3.679274
35,23,1,14.956005,1.092786,100.000000,21.846823,0.781532,52.609920,0.000000,0,0.000000,0.218468,1.760948
35,23,2,13.196381,9.041422,100.000000,14.689698,0.853103,58.318285,0.000000,1,0.000000,0.146897,4.414506
35,23,3,41.781843,1.878018,100.000000,15.262712,0.847373,57.862821,1.000000,2,816.000000,0.152627,3.953289
35,23,4,4.678545,2.917994,100.000000,13.771479,0.862285,59.051080,0.000000,0,555.000000,0.137715,6.030497
35,23,5,8.616507,11.269350,100.000000,17.361005,0.826390,56.187557,0.000000,0,0.000000,0.173610,9.434349
35,23,6,12.458708,9.770625,100.000000,18.399710,0.816003,55.364465,1.000000,0,0.000000,0.183997,6.511675
35,23,7,8.150689,8.122639,100.000000,27.187372,0.728126,48.357231,0.000000,0,0.000000,0.271874,8.286927
35,23,8,3.328682,0.000000,100.000000,17.243684,0.827563,56.281324,0.000000,1,1376.000000,0.172437,9.902659
35,23,9,0.000000,3.594410,100.000000,15.372476,0.846275,57.773383,0.000000,2,1719.000000,0.153725,1.194532
35,23,10,2.200804,8.525926,100.000000,13.771479,0.862285,59.051080,0.000000,0,0.000000,0.137715,3.679274
35,24,1,15.141227,2.375774,100.000000,22.067557,0.779324,52.434005,0.000000,1,1277.000000,0.220676,1.760948
35,24,2,12.407552,9.554983,100.000000,15.163243,0.848368,57.940355,0.000000,4,4276.000000,0.151632,4.414506
35,24,3,38.516241,0.000000,100.000000,14.599902,0.854001,58.391795,1.000000,0,0.000000,0.145999,3.953289
35,24,4,3.608349,1.267360,100.000000,14.440240,0.855598,58.517333,0.000000,0,0.000000,0.144402,6.030497
35,24,5,12.255928,10.816466,100.000000,16.826296,0.831737,56.614383,0.000000,0,0.000000,0.168263,9.434349
35,24,6,11.927707,8.726340,100.000000,18.816744,0.811833,55.034349,0.000000,0,0.000000,0.188167,6.511675
35,24,7,9.867393,8.871093,100.000000,28.893570,0.711064,47.000576,0.000000,0,0.000000,0.288936,8.286927
35,24,8,2.266729,0.487074,100.000000,17.677761,0.823222,55.934685,1.000000,2,0.000000,0.176778,9.902659
35,24,9,0.000000,6.384535,100.000000,14.589673,0.854103,58.398139,0.000000,2,0.000000,0.145897,1.194532
35,24,10,2.401822,7.369152,100.000000,14.440240,0.855598,58.517333,0.000000,0,0.000000,0.144402,3.679274
35,25,1,11.835368,4.735946,100.000000,22.676372,0.773236,51.948862,0.000000,1,0.000000,0.226764,1.760948
35,25,2,10.886089,6.578313,100.000000,15.146570,0.848534,57.953779,1.000000,6,1416.000000,0.151466,4.414506
35,25,3,33.698707,0.229644,100.000000,14.757801,0.852422,58.265646,0.000000,0,0.000000,0.147578,3.953289
35,25,4,6.609723,2.620922,100.000000,15.220642,0.847794,57.894543,0.000000,0,0.000000,0.152206,6.030497
35,25,5,16.108832,8.579887,100.000000,15.987443,0.840126,57.284213,1.000000,0,591.000000,0.159874,9.434349
35,25,6,13.049653,8.615661,100.000000,18.675582,0.813244,55.145825,1.000000,1,0.000000,0.186756,6.511675
35,25,7,5.860414,6.850062,100.000000,28.205240,0.717948,47.547742,1.000000,0,1357.000000,0.282052,8.286927
35,25,8,5.097512,0.863996,100.000000,18.748983,0.812510,55.079928,0.000000,1,1102.000000,0.187490,9.902659
35,25,9,1.221118,7.034816,100.000000,13.270180,0.867298,59.451313,0.000000,0,0.000000,0.132702,1.194532
35,25,10,0.000000,9.800381,100.000000,15.220642,0.847794,57.894543,0.000000,0,0.000000,0.152206,3.679274
35,26,1,11.505861,5.805448,100.000000,23.282929,0.767171,51.465602,0.000000,0,0.000000,0.232829,1.760948
35,26,2,8.556486,5.622945,100.000000,14.973654,0.850263,58.092143,1.000000,2,0.000000,0.149737,4.414506
35,26,3,29.953448,0.000000,100.000000,14.403949,0.855961,58.547599,0.000000,1,996.000000,0.144039,3.953289
35,26,4,1.887021,4.810207,100.000000,14.096538,0.859035,58.791641,0.000000,0,0.000000,0.140965,6.030497
35,26,5,15.236991,6.476291,100.000000,11.390255,0.886097,60.954986,1.000000,2,754.000000,0.113903,9.434349
35,26,6,14.350936,10.724138,100.000000,17.598621,0.824014,56.002115,0.000000,1,0.000000,0.175986,6.511675
35,26,7,3.263009,7.314756,100.000000,25.725158,0.742748,49.520770,0.000000,0,0.000000,0.257252,8.286927
35,26,8,5.030988,0.778504,100.000000,12.867216,0.871328,59.776065,0.000000,1,526.000000,0.128672,9.902659
35,26,9,3.162981,5.895720,100.000000,12.477371,0.875226,60.084266,0.000000,0,0.000000,0.124774,1.194532
35,26,10,0.000000,10.119819,100.000000,14.096538,0.859035,58.791641,0.000000,0,1155.000000,0.140965,3.679274
35,27,1,11.132936,3.984918,100.000000,24.575330,0.754247,50.436213,0.000000,0,0.000000,0.245753,1.760948
35,27,2,13.263717,3.344478,100.000000,14.903013,0.850970,58.148926,0.000000,2,2074.000000,0.149030,4.414506
35,27,3,25.824486,2.482701,100.000000,13.907078,0.860929,58.943374,2.000000,2,0.000000,0.139071,3.953289
35,27,4,4.816323,5.264449,100.000000,13.216098,0.867839,59.494372,0.000000,0,0.000000,0.132161,6.030497
35,27,5,17.594112,3.846758,100.000000,15.480201,0.845198,57.690259,0.000000,0,0.000000,0.154802,9.434349
35,27,6,11.404739,13.500140,100.000000,18.149272,0.818507,55.562271,0.000000,1,0.000000,0.181493,6.511675
35,27,7,0.250764,5.070653,100.000000,25.588877,0.744111,49.629250,0.000000,0,0.000000,0.255889,8.286927
35,27,8,5.824171,0.916687,100.000000,18.590021,0.814100,55.206672,2.000000,0,1570.000000,0.185900,9.902659
35,27,9,4.012979,5.829915,100.000000,12.876785,0.871232,59.765306,0.000000,0,0.000000,0.128768,1.194532
35,27,10,0.000000,12.534743,100.000000,13.216098,0.867839,59.494372,0.000000,0,1017.000000,0.132161,3.679274
35,28,1,13.773310,3.006812,100.000000,26.011648,0.739884,49.292742,0.000000,0,0.000000,0.260116,1.760948
35,28,2,8.508771,3.457125,100.000000,14.676488,0.853235,58.330265,0.000000,1,0.000000,0.146765,4.414506
35,28,3,30.262933,0.000000,100.000000,13.722895,0.862771,59.090171,1.000000,1,0.000000,0.137229,3.953289
35,28,4,6.836892,3.362919,100.000000,14.047440,0.859526,58.830827,0.000000,0,0.000000,0.140474,6.030497
35,28,5,21.572462,0.979462,100.000000,15.661552,0.843384,57.546616,0.000000,1,1864.000000,0.156616,9.434349
35,28,6,16.168126,11.595914,100.000000,17.569306,0.824307,56.023535,0.000000,0,0.000000,0.175693,6.511675
35,28,7,0.000000,7.551170,100.000000,23.917529,0.760825,50.960093,0.000000,0,0.000000,0.239175,8.286927
35,28,8,9.723498,2.008302,100.000000,18.764116,0.812359,55.068155,1.000000,0,1374.000000,0.187641,9.902659
35,28,9,0.000000,6.008008,100.000000,12.817523,0.871825,59.812558,0.000000,2,2305.000000,0.128175,1.194532
35,28,10,0.628728,12.419441,100.000000,14.047440,0.859526,58.830827,0.000000,0,0.000000,0.140474,3.679274
35,29,1,16.376813,3.567543,100.000000,27.802711,0.721973,47.867815,0.000000,0,0.000000,0.278027,1.760948
35,29,2,4.546587,5.731207,100.000000,13.206575,0.867934,59.503278,2.000000,1,1415.000000,0.132066,4.414506
35,29,3,29.966011,2.550013,100.000000,14.181999,0.858180,58.724166,0.000000,2,1416.000000,0.141820,3.953289
35,29,4,8.263085,4.210717,100.000000,13.089260,0.869107,59.595615,0.000000,0,590.000000,0.130893,6.030497
35,29,5,25.446376,2.385590,100.000000,15.204836,0.847952,57.913095,0.000000,1,0.000000,0.152048,9.434349
35,29,6,19.619976,13.572929,100.000000,18.397288,0.816027,55.365222,0.000000,0,0.000000,0.183973,6.511675
35,29,7,4.004902,6.168914,100.000000,26.359898,0.736401,49.015594,0.000000,2,1820.000000,0.263599,8.286927
35,29,8,13.209576,2.463710,100.000000,18.687107,0.813129,55.129118,0.000000,0,0.000000,0.186871,9.902659
35,29,9,0.000000,3.364347,100.000000,12.221991,0.877780,60.287978,2.000000,1,0.000000,0.122220,1.194532
35,29,10,0.000000,13.664271,100.000000,13.089260,0.869107,59.595615,0.000000,0,0.000000,0.130893,3.679274
35,30,1,12.801745,6.354741,100.000000,29.070938,0.709291,46.859617,0.000000,0,315.000000,0.290709,1.760948
35,30,2,2.160721,5.728619,100.000000,13.167083,0.868329,59.535340,1.000000,0,0.000000,0.131671,4.414506
35,30,3,30.546138,1.131959,100.000000,13.580192,0.864198,59.204189,0.000000,1,0.000000,0.135802,3.953289
35,30,4,12.055980,5.631383,100.000000,12.943879,0.870561,59.711661,0.000000,0,0.000000,0.129439,6.030497
35,30,5,20.936418,0.000000,100.000000,14.817332,0.851827,58.224111,0.000000,0,437.000000,0.148173,9.434349
35,30,6,24.583063,14.709098,100.000000,17.470340,0.825297,56.102938,0.000000,0,1632.000000,0.174703,6.511675
35,30,7,3.389677,4.245365,100.000000,24.314439,0.756856,50.643976,0.000000,2,0.000000,0.243144,8.286927
35,30,8,14.703332,2.917598,100.000000,18.436800,0.815632,55.328979,1.000000,2,873.000000,0.184368,9.902659
35,30,9,0.000000,3.334822,100.000000,12.052389,0.879476,60.423465,0.000000,0,0.000000,0.120524,1.194532
35,30,10,0.000000,14.107465,100.000000,12.943879,0.870561,59.711661,0.000000,0,0.000000,0.129439,3.679274
35,31,1,10.391320,5.883255,100.000000,28.416360,0.715836,47.379896,0.000000,0,0.000000,0.284164,1.760948
35,31,2,1.370096,5.556690,100.000000,14.272586,0.857274,58.653606,0.000000,0,0.000000,0.142726,4.414506
35,31,3,27.114417,0.000000,100.000000,12.432942,0.875671,60.119723,1.000000,2,709.000000,0.124329,3.953289
35,31,4,12.255672,6.199441,100.000000,14.078025,0.859220,58.806416,0.000000,0,0.000000,0.140780,6.030497
35,31,5,18.475888,0.000000,100.000000,15.555741,0.844443,57.633637,0.000000,1,1376.000000,0.155557,9.434349
35,31,6,22.558528,16.217000,100.000000,16.530650,0.834694,56.851791,0.000000,0,0.000000,0.165306,6.511675
35,31,7,0.693737,4.030371,100.000000,22.764456,0.772355,51.878678,0.000000,0,895.000000,0.227645,8.286927
35,31,8,12.183176,3.105508,100.000000,18.643250,0.813568,55.165333,1.000000,1,0.000000,0.186432,9.902659
35,31,9,0.854019,4.953159,100.000000,12.639565,0.873604,59.954616,0.000000,0,0.000000,0.126396,1.194532
35,31,10,0.000000,13.910916,100.000000,14.078025,0.859220,58.806416,0.000000,0,1830.000000,0.140780,3.679274
35,32,1,5.462396,5.693648,100.000000,27.268149,0.727319,48.292976,0.000000,0,0.000000,0.272681,1.760948
35,32,2,4.492665,3.942776,100.000000,14.818154,0.851818,58.217358,1.000000,0,1135.000000,0.148182,4.414506
35,32,3,23.853671,0.000000,100.000000,13.755896,0.862441,59.063821,2.000000,1,285.000000,0.137559,3.953289
35,32,4,14.477902,4.749663,100.000000,14.120449,0.858796,58.772557,1.000000,0,672.000000,0.141204,6.030497
35,32,5,14.316655,0.772928,100.000000,16.262024,0.837380,57.068385,0.000000,1,0.000000,0.162620,9.434349
35,32,6,25.199327,18.825234,100.000000,16.831594,0.831684,56.611197,0.000000,2,1752.000000,0.168316,6.511675
35,32,7,1.120828,4.144511,100.000000,22.366528,0.776335,52.195756,0.000000,0,0.000000,0.223665,8.286927
35,32,8,15.119386,4.608959,100.000000,18.934907,0.810651,54.932030,3.000000,2,0.000000,0.189349,9.902659
35,32,9,3.345798,3.639458,100.000000,13.377437,0.866226,59.365612,0.000000,0,0.000000,0.133774,1.194532
35,32,10,3.776975,14.755297,100.000000,14.120449,0.858796,58.772557,1.000000,0,0.000000,0.141204,3.679274
35,33,1,0.681271,5.597172,100.000000,26.278046,0.737220,49.080730,0.000000,1,954.000000,0.262780,1.760948
35,33,2,8.451310,1.287842,100.000000,14.610601,0.853894,58.382473,0.000000,0,0.000000,0.146106,4.414506
35,33,3,24.594190,0.000000,100.000000,14.947879,0.850521,58.112472,0.000000,0,0.000000,0.149479,3.953289
35,33,4,10.684858,2.935063,100.000000,13.370417,0.866296,59.371195,1.000000,0,2293.000000,0.133704,6.030497
35,33,5,18.426270,0.000000,100.000000,16.601336,0.833987,56.796639,0.000000,1,633.000000,0.166013,9.434349
35,33,6,21.763692,17.026999,100.000000,17.686355,0.823136,55.929006,0.000000,2,0.000000,0.176864,6.511675
35,33,7,4.699033,5.151865,100.000000,22.601518,0.773985,52.008507,0.000000,0,0.000000,0.226015,8.286927
35,33,8,18.317056,2.011261,100.000000,18.686267,0.813137,55.129931,0.000000,2,0.000000,0.186863,9.902659
35,33,9,2.815257,3.012209,100.000000,14.179459,0.858205,58.725460,0.000000,1,326.000000,0.141795,1.194532
35,33,10,0.000000,14.827925,100.000000,13.370417,0.866296,59.371195,1.000000,0,0.000000,0.133704,3.679274
35,34,1,4.622195,7.709324,100.000000,27.243076,0.727569,48.312920,1.000000,0,0.000000,0.272431,1.760948
35,34,2,9.021367,3.984630,100.000000,13.809270,0.861907,59.021904,1.000000,1,0.000000,0.138093,4.414506
35,34,3,26.353187,0.000000,100.000000,14.315448,0.856846,58.617132,1.000000,2,768.000000,0.143154,3.953289
35,34,4,10.412269,1.999785,100.000000,14.187844,0.858122,58.718769,1.000000,1,525.000000,0.141878,6.030497
35,34,5,16.265569,0.000000,100.000000,16.687939,0.833121,56.728505,1.000000,2,0.000000,0.166879,9.434349
35,34,6,22.582572,18.298506,100.000000,17.513304,0.824867,56.067205,1.000000,0,1426.000000,0.175133,6.511675
35,34,7,5.453962,5.835394,100.000000,22.682427,0.773176,51.944037,0.000000,0,0.000000,0.226824,8.286927
35,34,8,19.235068,2.846381,100.000000,17.635681,0.823643,55.967836,1.000000,1,1199.000000,0.176357,9.902659
35,34,9,5.489572,1.730260,100.000000,14.473583,0.855264,58.490725,0.000000,1,0.000000,0.144736,1.194532
35,34,10,2.740948,13.696378,100.000000,14.187844,0.858122,58.718769,1.000000,0,1043.000000,0.141878,3.679274
35,35,1,0.000000,6.937321,100.000000,28.545350,0.714547,47.277356,0.000000,0,0.000000,0.285453,1.760948
35,35,2,13.949163,2.122417,100.000000,12.905298,0.870947,59.743231,2.000000,0,446.000000,0.129053,4.414506
35,35,3,24.319036,0.000000,100.000000,14.561707,0.854383,58.421126,1.000000,3,3389.000000,0.145617,3.953289
35,35,4,9.835606,2.923724,100.000000,13.156874,0.868431,59.541644,0.000000,1,0.000000,0.131569,6.030497
35,35,5,16.058063,0.000000,100.000000,16.488177,0.835118,56.889383,1.000000,1,0.000000,0.164882,9.434349
35,35,6,19.308950,19.172257,100.000000,17.399249,0.826008,56.159315,0.000000,0,0.000000,0.173992,6.511675
35,35,7,3.674463,3.039561,100.000000,23.925700,0.760743,50.953585,0.000000,0,0.000000,0.239257,8.286927
35,35,8,19.178214,3.334970,100.000000,17.518528,0.824815,56.061199,1.000000,1,0.000000,0.175185,9.902659
35,35,9,4.665210,1.661692,100.000000,14.314965,0.856850,58.617326,1.000000,0,0.000000,0.143150,1.194532
35,35,10,4.299518,14.239395,100.000000,13.156874,0.868431,59.541644,0.000000,0,411.000000,0.131569,3.679274
35,36,1,0.165258,4.312854,100.000000,26.928842,0.730712,48.562899,0.000000,1,1205.000000,0.269288,1.760948
35,36,2,16.579539,1.683187,100.000000,13.722201,0.862778,59.090963,0.000000,1,1002.000000,0.137222,4.414506
35,36,3,28.916215,0.325594,100.000000,13.409373,0.865906,59.340496,0.000000,2,0.000000,0.134094,3.953289
35,36,4,12.549996,1.420370,100.000000,11.861999,0.881380,60.575301,0.000000,0,1020.000000,0.118620,6.030497
35,36,5,15.131632,1.875855,100.000000,17.106756,0.828932,56.393832,0.000000,1,1152.000000,0.171068,9.434349
35,36,6,19.554421,21.154188,100.000000,16.466018,0.835340,56.903074,0.000000,0,0.000000,0.164660,6.511675
35,36,7,0.696444,0.602477,100.000000,22.366638,0.776334,52.195668,0.000000,0,0.000000,0.223666,8.286927
35,36,8,16.505248,4.222413,100.000000,16.748374,0.832516,56.675576,0.000000,0,0.000000,0.167484,9.902659
35,36,9,6.075601,0.519729,100.000000,14.984958,0.850150,58.082624,0.000000,0,0.000000,0.149850,1.194532
35,36,10,4.222618,15.781654,100.000000,11.861999,0.881380,60.575301,0.000000,0,0.000000,0.118620,3.679274
35,37,1,0.000000,3.027742,100.000000,28.303529,0.716965,47.469598,0.000000,2,961.000000,0.283035,1.760948
35,37,2,20.879899,0.400885,100.000000,12.573883,0.874261,60.007628,0.000000,1,0.000000,0.125739,4.414506
35,37,3,32.438977,0.000000,100.000000,14.934332,0.850657,58.123614,2.000000,0,716.000000,0.149343,3.953289
35,37,4,15.783732,3.865466,100.000000,10.649397,0.893506,61.543412,0.000000,0,0.000000,0.106494,6.030497
35,37,5,13.392194,4.218534,100.000000,16.497291,0.835027,56.881792,0.000000,1,0.000000,0.164973,9.434349
35,37,6,20.521869,22.036585,100.000000,15.962622,0.840374,57.303603,0.000000,0,0.000000,0.159626,6.511675
35,37,7,0.000000,0.860244,100.000000,20.261677,0.797383,53.873492,0.000000,0,0.000000,0.202617,8.286927
35,37,8,20.719844,7.000983,100.000000,17.298974,0.827010,56.236360,2.000000,3,1164.000000,0.172990,9.902659
35,37,9,5.348446,0.000000,100.000000,13.789784,0.862102,59.036470,0.000000,0,0.000000,0.137898,1.194532
35,37,10,1.804427,13.388019,100.000000,10.649397,0.893506,61.543412,0.000000,0,1735.000000,0.106494,3.679274
35,38,1,0.000000,0.174068,100.000000,28.983395,0.710166,46.929188,1.000000,0,0.000000,0.289834,1.760948
35,38,2,16.601399,0.000000,100.000000,12.413365,0.875866,60.135833,2.000000,3,940.000000,0.124134,4.414506
35,38,3,33.353671,0.055317,100.000000,15.002635,0.849974,58.068803,0.000000,0,0.000000,0.150026,3.953289
35,38,4,17.026526,1.039233,100.000000,10.384306,0.896157,61.755070,0.000000,0,905.000000,0.103843,6.030497
35,38,5,18.040261,2.132207,100.000000,16.778152,0.832218,56.658433,1.000000,1,0.000000,0.167782,9.434349
35,38,6,17.475092,22.118099,100.000000,16.179973,0.838200,57.129793,0.000000,0,0.000000,0.161800,6.511675
35,38,7,0.000000,0.000000,100.000000,19.636971,0.803630,54.371592,0.000000,1,1137.000000,0.196370,8.286927
35,38,8,24.076613,5.349378,100.000000,16.950299,0.830497,56.514472,2.000000,1,0.000000,0.169503,9.902659
35,38,9,2.074367,2.289508,100.000000,13.893626,0.861064,58.953596,0.000000,0,394.000000,0.138936,1.194532
35,38,10,0.000000,14.853371,100.000000,10.384306,0.896157,61.755070,0.000000,0,946.000000,0.103843,3.679274
35,39,1,4.865907,0.000000,100.000000,27.395535,0.726045,48.191650,0.000000,0,0.000000,0.273955,1.760948
35,39,2,13.837018,2.383203,100.000000,13.076028,0.869240,59.606870,0.000000,2,0.000000,0.130760,4.414506
35,39,3,29.803746,0.000000,100.000000,15.593091,0.844069,57.597658,0.000000,1,528.000000,0.155931,3.953289
35,39,4,12.793491,0.000000,100.000000,10.449706,0.895503,61.702852,0.000000,0,540.000000,0.104497,6.030497
35,39,5,20.327475,4.614116,100.000000,17.059693,0.829403,56.431992,0.000000,2,1143.000000,0.170597,9.434349
35,39,6,22.409238,24.135597,100.000000,17.143878,0.828561,56.361049,0.000000,0,0.000000,0.171439,6.511675
35,39,7,0.000000,2.764066,100.000000,21.032436,0.789676,53.259034,0.000000,1,0.000000,0.210324,8.286927
35,39,8,26.203077,7.695634,100.000000,17.690232,0.823098,55.924198,0.000000,2,1201.000000,0.176902,9.902659
35,39,9,2.886142,2.719432,100.000000,14.696518,0.853035,58.312860,0.000000,1,856.000000,0.146965,1.194532
35,39,10,4.927921,15.213623,100.000000,10.449706,0.895503,61.702852,0.000000,0,0.000000,0.104497,3.679274
35,40,1,4.678763,2.451737,100.000000,27.018441,0.729816,48.491618,0.000000,0,0.000000,0.270184,1.760948
35,40,2,13.483853,3.863014,100.000000,13.575800,0.864242,59.207865,0.000000,0,840.000000,0.135758,4.414506
35,40,3,29.170422,0.000000,100.000000,14.909672,0.850903,58.142932,1.000000,1,1302.000000,0.149097,3.953289
35,40,4,17.526639,0.057949,100.000000,9.388790,0.906112,62.549972,0.000000,0,0.000000,0.093888,6.030497
35,40,5,21.533506,7.594180,100.000000,16.814970,0.831850,56.626780,1.000000,0,0.000000,0.168150,9.434349
35,40,6,20.162424,24.277441,100.000000,17.066713,0.829333,56.422776,1.000000,0,0.000000,0.170667,6.511675
35,40,7,0.000000,4.958550,100.000000,21.271343,0.787287,53.068598,1.000000,0,856.000000,0.212713,8.286927
35,40,8,21.273189,8.341060,100.000000,17.293878,0.827061,56.240378,1.000000,2,0.000000,0.172939,9.902659
35,40,9,0.000000,2.137418,100.000000,14.188270,0.858117,58.718430,1.000000,2,1263.000000,0.141883,1.194532
35,40,10,1.597274,14.539479,100.000000,9.388790,0.906112,62.549972,0.000000,0,1094.000000,0.093888,3.679274
35,41,1,6.202794,0.632311,100.000000,25.271193,0.747288,49.882150,0.000000,1,565.000000,0.252712,1.760948
35,41,2,18.155622,5.341142,100.000000,13.334046,0.866660,59.400515,1.000000,1,0.000000,0.133340,4.414506
35,41,3,26.808138,2.154800,100.000000,14.473043,0.855270,58.491302,0.000000,1,0.000000,0.144730,3.953289
35,41,4,20.520034,2.028986,100.000000,8.205408,0.917946,63.494973,0.000000,0,0.000000,0.082054,6.030497
35,41,5,20.486869,8.322499,100.000000,16.905154,0.830948,56.553377,1.000000,0,1589.000000,0.169052,9.434349
35,41,6,17.501459,21.421661,100.000000,18.129435,0.818706,55.575975,0.000000,0,0.000000,0.181294,6.511675
35,41,7,0.000000,3.003833,100.000000,23.457737,0.765423,51.326344,0.000000,2,1108.000000,0.234577,8.286927
35,41,8,20.531266,8.511030,100.000000,16.089373,0.839106,57.201345,0.000000,1,0.000000,0.160894,9.902659
35,41,9,3.287540,4.869991,100.000000,14.637124,0.853629,58.360235,0.000000,1,0.000000,0.146371,1.194532
35,41,10,0.000000,16.294483,100.000000,8.205408,0.917946,63.494973,0.000000,0,0.000000,0.082054,3.679274
35,42,1,10.002670,3.274400,100.000000,25.499725,0.745003,49.700219,0.000000,2,644.000000,0.254997,1.760948
35,42,2,20.983514,4.857500,100.000000,13.728779,0.862712,59.085478,2.000000,2,802.000000,0.137288,4.414506
35,42,3,23.349876,4.397903,100.000000,13.938668,0.860613,58.917641,0.000000,0,0.000000,0.139387,3.953289
35,42,4,16.305083,4.041043,100.000000,9.447152,0.905528,62.503369,0.000000,0,1361.000000,0.094472,6.030497
35,42,5,17.918601,10.111355,100.000000,17.538258,0.824617,56.048340,0.000000,0,0.000000,0.175383,9.434349
35,42,6,19.485666,20.662857,100.000000,17.871227,0.821288,55.780872,1.000000,2,937.000000,0.178712,6.511675
35,42,7,3.145884,4.063179,100.000000,21.701006,0.782990,52.726135,1.000000,1,0.000000,0.217010,8.286927
35,42,8,19.519438,6.960583,100.000000,15.046497,0.849535,58.033593,2.000000,1,1097.000000,0.150465,9.902659
35,42,9,2.881017,7.217477,100.000000,15.797281,0.842027,57.434479,0.000000,0,0.000000,0.157973,1.194532
35,42,10,0.000000,14.580321,100.000000,9.447152,0.905528,62.503369,0.000000,0,0.000000,0.094472,3.679274
35,43,1,14.476834,2.682946,100.000000,23.925516,0.760745,50.953731,1.000000,0,0.000000,0.239255,1.760948
35,43,2,21.551684,6.607677,100.000000,14.555731,0.854443,58.425455,0.000000,3,752.000000,0.145557,4.414506
35,43,3,25.325621,3.730906,100.000000,13.385455,0.866145,59.359193,1.000000,1,0.000000,0.133855,3.953289
35,43,4,13.211321,7.001428,100.000000,8.532517,0.914675,63.233748,0.000000,0,0.000000,0.085325,6.030497
35,43,5,22.787872,8.842062,100.000000,17.498566,0.825014,56.078955,1.000000,1,0.000000,0.174986,9.434349
35,43,6,20.724832,23.195962,100.000000,18.540680,0.814593,55.247769,2.000000,2,0.000000,0.185407,6.511675
35,43,7,7.413749,2.292626,100.000000,23.522586,0.764774,51.274685,1.000000,0,859.000000,0.235226,8.286927
35,43,8,23.269513,8.296430,100.000000,15.211137,0.847889,57.902354,0.000000,2,1091.000000,0.152111,9.902659
35,43,9,3.019000,9.311264,100.000000,16.029863,0.839701,57.248895,0.000000,0,405.000000,0.160299,1.194532
35,43,10,0.983284,15.092774,100.000000,8.532517,0.914675,63.233748,0.000000,0,1382.000000,0.085325,3.679274
35,44,1,10.763371,1.443181,100.000000,25.192277,0.748077,49.944978,0.000000,0,0.000000,0.251923,1.760948
35,44,2,23.000379,3.626178,100.000000,14.856173,0.851438,58.185905,1.000000,2,734.000000,0.148562,4.414506
35,44,3,27.320223,0.993486,100.000000,13.042629,0.869574,59.633044,2.000000,1,0.000000,0.130426,3.953289
35,44,4,9.887941,7.426077,100.000000,9.316711,0.906833,62.607528,0.000000,0,0.000000,0.093167,6.030497
35,44,5,21.516063,6.728488,100.000000,17.191288,0.828087,56.324863,1.000000,2,1019.000000,0.171913,9.434349
35,44,6,21.062954,21.650848,100.000000,19.730421,0.802696,54.298886,1.000000,1,2855.000000,0.197304,6.511675
35,44,7,11.842590,1.237353,100.000000,24.320589,0.756794,50.639078,0.000000,0,0.000000,0.243206,8.286927
35,44,8,28.043927,5.919596,100.000000,14.695387,0.853046,58.314475,1.000000,3,0.000000,0.146954,9.902659
35,44,9,2.790536,8.617595,100.000000,15.284617,0.847154,57.843493,0.000000,1,496.000000,0.152846,1.194532
35,44,10,4.803187,14.508651,100.000000,9.316711,0.906833,62.607528,0.000000,0,0.000000,0.093167,3.679274
35,45,1,11.238079,1.680466,100.000000,25.736639,0.742634,49.511631,0.000000,1,749.000000,0.257366,1.760948
35,45,2,26.157374,5.365231,100.000000,14.743659,0.852563,58.276027,1.000000,1,0.000000,0.147437,4.414506
35,45,3,24.577139,1.223390,100.000000,13.139290,0.868607,59.555692,1.000000,2,0.000000,0.131393,3.953289
35,45,4,14.494696,7.234360,100.000000,10.767817,0.892322,61.448863,0.000000,0,0.000000,0.107678,6.030497
35,45,5,21.873015,9.525785,100.000000,17.366418,0.826336,56.185590,0.000000,1,0.000000,0.173664,9.434349
35,45,6,19.801005,19.956539,100.000000,18.891894,0.811081,54.967951,0.000000,1,0.000000,0.188919,6.511675
35,45,7,10.511588,0.938700,100.000000,24.142015,0.758580,50.781297,0.000000,1,2036.000000,0.241420,8.286927
35,45,8,29.012775,3.381980,100.000000,16.155959,0.838440,57.148978,2.000000,1,1357.000000,0.161560,9.902659
35,45,9,7.282175,11.377387,100.000000,15.264333,0.847357,57.859725,0.000000,1,0.000000,0.152643,1.194532
35,45,10,4.739975,16.254884,100.000000,10.767817,0.892322,61.448863,0.000000,0,0.000000,0.107678,3.679274
35,46,1,14.887446,3.923838,100.000000,25.899476,0.741005,49.382021,1.000000,0,0.000000,0.258995,1.760948
35,46,2,29.489619,2.409092,100.000000,15.020191,0.849798,58.055690,0.000000,0,0.000000,0.150202,4.414506
35,46,3,21.894555,4.150057,100.000000,13.384654,0.866153,59.359988,0.000000,2,334.000000,0.133847,3.953289
35,46,4,10.110247,7.856500,100.000000,11.875058,0.881249,60.564875,0.000000,0,0.000000,0.118751,6.030497
35,46,5,18.138613,7.622341,100.000000,17.462516,0.825375,56.109188,1.000000,1,618.000000,0.174625,9.434349
35,46,6,23.882087,19.695101,100.000000,19.633311,0.803667,54.376193,1.000000,2,1185.000000,0.196333,6.511675
35,46,7,10.945608,0.000000,100.000000,24.083212,0.759168,50.828131,1.000000,1,395.000000,0.240832,8.286927
35,46,8,33.597229,2.923246,100.000000,16.110513,0.838895,57.185741,0.000000,1,0.000000,0.161105,9.902659
35,46,9,4.045530,10.204616,100.000000,16.016703,0.839833,57.259392,0.000000,0,427.000000,0.160167,1.194532
35,46,10,0.655017,15.113402,100.000000,11.875058,0.881249,60.564875,0.000000,0,0.000000,0.118751,3.679274
35,47,1,10.912057,5.056225,100.000000,27.198413,0.728016,48.348449,0.000000,0,0.000000,0.271984,1.760948
35,47,2,31.764213,0.033024,100.000000,14.687015,0.853130,58.322554,0.000000,1,1178.000000,0.146870,4.414506
35,47,3,16.922639,2.727382,100.000000,13.802534,0.861975,59.026603,0.000000,2,1247.000000,0.138025,3.953289
35,47,4,6.723945,9.874175,100.000000,11.502270,0.884977,60.862486,0.000000,0,0.000000,0.115023,6.030497
35,47,5,22.177083,6.192605,100.000000,16.876568,0.831234,56.578085,0.000000,2,913.000000,0.168766,9.434349
35,47,6,27.563488,22.620519,100.000000,21.106727,0.788933,53.202109,0.000000,2,0.000000,0.211067,6.511675
35,47,7,11.428473,2.729639,100.000000,25.930875,0.740691,49.357029,0.000000,1,559.000000,0.259309,8.286927
35,47,8,34.156497,2.949001,100.000000,16.898249,0.831018,56.558063,0.000000,0,0.000000,0.168982,9.902659
35,47,9,3.156174,12.864083,100.000000,15.008681,0.849913,58.063737,0.000000,0,0.000000,0.150087,1.194532
35,47,10,4.834718,12.826710,100.000000,11.502270,0.884977,60.862486,0.000000,0,1500.000000,0.115023,3.679274
35,48,1,6.561044,2.318156,100.000000,28.808426,0.711916,47.068246,0.000000,0,0.000000,0.288084,1.760948
35,48,2,31.633577,2.181729,100.000000,13.326821,0.866732,59.408069,0.000000,2,881.000000,0.133268,4.414506
35,48,3,12.617723,4.218017,100.000000,14.017753,0.859822,58.854677,0.000000,1,0.000000,0.140178,3.953289
35,48,4,9.035980,8.872313,100.000000,12.699659,0.873003,59.906606,0.000000,0,0.000000,0.126997,6.030497
35,48,5,25.272881,3.755913,100.000000,16.542400,0.834576,56.846788,1.000000,0,645.000000,0.165424,9.434349
35,48,6,28.054772,23.504664,100.000000,21.249544,0.787505,53.089004,0.000000,3,1719.000000,0.212495,6.511675
35,48,7,13.816332,3.685043,100.000000,26.732310,0.732677,48.719261,0.000000,1,0.000000,0.267323,8.286927
35,48,8,35.308314,3.164778,100.000000,16.687954,0.833120,56.725030,0.000000,0,0.000000,0.166880,9.902659
35,48,9,1.162580,11.850402,100.000000,14.527838,0.854722,58.447474,1.000000,1,335.000000,0.145278,1.194532
35,48,10,5.944138,13.726998,100.000000,12.699659,0.873003,59.906606,0.000000,0,0.000000,0.126997,3.679274
35,49,1,5.478021,1.805810,100.000000,30.287256,0.697127,45.893408,0.000000,0,0.000000,0.302873,1.760948
35,49,2,28.976455,3.641699,100.000000,13.188888,0.868111,59.517986,1.000000,1,0.000000,0.131889,4.414506
35,49,3,13.703507,5.126230,100.000000,13.830164,0.861698,59.004708,1.000000,1,0.000000,0.138302,3.953289
35,49,4,4.253308,11.159042,100.000000,12.944769,0.870552,59.710951,0.000000,0,0.000000,0.129448,6.030497
35,49,5,27.048297,5.019043,100.000000,16.355809,0.836442,56.997554,0.000000,1,1869.000000,0.163558,9.434349
35,49,6,27.471733,24.668167,100.000000,21.290504,0.787095,53.055280,1.000000,3,951.000000,0.212905,6.511675
35,49,7,12.854176,5.259827,100.000000,25.711420,0.742886,49.531705,0.000000,0,0.000000,0.257114,8.286927
35,49,8,34.514359,0.930359,100.000000,15.573242,0.844268,57.614528,1.000000,1,0.000000,0.155732,9.902659
35,49,9,0.000000,13.731276,100.000000,13.974146,0.860259,58.889326,0.000000,2,443.000000,0.139741,1.194532
35,49,10,5.434879,11.353401,100.000000,12.944769,0.870552,59.710951,0.000000,0,989.000000,0.129448,3.679274
35,50,1,7.816070,2.306064,100.000000,31.729955,0.682700,44.748465,0.000000,1,965.000000,0.317300,1.760948
35,50,2,30.796652,0.653057,100.000000,13.431201,0.865688,59.325171,1.000000,0,0.000000,0.134312,4.414506
35,50,3,14.593431,7.176138,100.000000,14.015601,0.859844,58.857000,2.000000,1,0.000000,0.140156,3.953289
35,50,4,9.197230,13.448670,100.000000,13.492401,0.865076,59.273830,0.000000,0,660.000000,0.134924,6.030497
35,50,5,29.576407,3.715652,100.000000,16.197846,0.838022,57.126038,1.000000,2,0.000000,0.161978,9.434349
35,50,6,30.305205,27.396240,100.000000,21.975741,0.780243,52.508990,2.000000,1,1391.000000,0.219757,6.511675
35,50,7,15.544020,3.564431,100.000000,26.091332,0.739087,49.229324,0.000000,1,589.000000,0.260913,8.286927
35,50,8,33.694326,3.083031,100.000000,15.815233,0.841848,57.422017,1.000000,1,0.000000,0.158152,9.902659
35,50,9,3.759352,14.237134,100.000000,13.772413,0.862276,59.050384,1.000000,0,0.000000,0.137724,1.194532
35,50,10,6.729888,13.985372,100.000000,13.492401,0.865076,59.273830,0.000000,0,312.000000,0.134924,3.679274
35,51,1,12.116215,0.000000,100.000000,33.019633,0.669804,43.726178,2.000000,2,1750.000000,0.330196,1.760948
35,51,2,33.867695,2.886592,100.000000,12.995456,0.870045,59.672819,0.000000,0,0.000000,0.129955,4.414506
35,51,3,10.404718,5.484762,100.000000,14.538128,0.854619,58.440347,0.000000,1,0.000000,0.145381,3.953289
35,51,4,5.395509,14.437003,100.000000,13.142369,0.868576,59.553222,0.000000,0,0.000000,0.131424,6.030497
35,51,5,25.981312,3.231361,100.000000,16.293647,0.837064,57.052107,2.000000,1,0.000000,0.162936,9.434349
35,51,6,31.493933,25.865725,100.000000,21.578665,0.784213,52.824255,1.000000,3,1083.000000,0.215787,6.511675
35,51,7,13.856002,4.446944,100.000000,24.033106,0.759669,50.868038,1.000000,0,0.000000,0.240331,8.286927
35,51,8,38.618339,3.933838,100.000000,15.225400,0.847746,57.892346,0.000000,1,679.000000,0.152254,9.902659
35,51,9,5.205103,16.713408,100.000000,13.800038,0.862000,59.028372,0.000000,1,639.000000,0.138000,1.194532
35,51,10,6.151932,16.942419,100.000000,13.142369,0.868576,59.553222,0.000000,0,0.000000,0.131424,3.679274
35,52,1,10.502975,0.000000,100.000000,31.488659,0.685113,44.939867,0.000000,2,0.000000,0.314887,1.760948
35,52,2,31.176430,2.538276,100.000000,13.316383,0.866836,59.416517,0.000000,0,0.000000,0.133164,4.414506
35,52,3,7.505662,7.022112,100.000000,13.327818,0.866722,59.406283,0.000000,1,1141.000000,0.133278,3.953289
35,52,4,8.479900,13.366687,100.000000,12.857181,0.871428,59.780866,0.000000,0,0.000000,0.128572,6.030497
35,52,5,22.443129,6.056594,100.000000,16.123348,0.838767,57.185077,0.000000,2,296.000000,0.161233,9.434349
35,52,6,27.184408,28.157285,100.000000,21.503811,0.784962,52.884525,0.000000,2,0.000000,0.215038,6.511675
35,52,7,10.076158,4.182167,100.000000,24.972065,0.750279,50.120306,0.000000,0,892.000000,0.249721,8.286927
35,52,8,35.729260,2.305398,100.000000,14.624578,0.853754,58.372202,0.000000,1,527.000000,0.146246,9.902659
35,52,9,2.654407,14.738659,100.000000,13.892578,0.861074,58.954502,0.000000,1,0.000000,0.138926,1.194532
35,52,10,9.935144,14.319253,100.000000,12.857181,0.871428,59.780866,0.000000,1,1455.000000,0.128572,3.679274
35,53,1,12.194481,2.138655,100.000000,32.643757,0.673562,44.023990,0.000000,0,0.000000,0.326438,1.760948
35,53,2,33.624374,1.204140,100.000000,13.055797,0.869442,59.625094,1.000000,1,0.000000,0.130558,4.414506
35,53,3,4.546106,8.321089,100.000000,12.764952,0.872350,59.856370,0.000000,2,1121.000000,0.127650,3.953289
35,53,4,8.211516,13.120151,100.000000,11.277823,0.887222,61.041677,0.000000,0,2111.000000,0.112778,6.030497
35,53,5,19.660525,8.477897,100.000000,15.416345,0.845837,57.751896,0.000000,1,0.000000,0.154163,9.434349
35,53,6,22.420309,30.333402,100.000000,22.437128,0.775629,52.140764,0.000000,0,0.000000,0.224371,6.511675
35,53,7,5.409397,5.849658,100.000000,25.806789,0.741932,49.455795,0.000000,0,0.000000,0.258068,8.286927
35,53,8,36.926916,2.290825,100.000000,13.773494,0.862265,59.052249,1.000000,0,363.000000,0.137735,9.902659
35,53,9,0.130139,15.388995,100.000000,13.360157,0.866398,59.379628,0.000000,1,556.000000,0.133602,1.194532
35,53,10,7.822629,14.478152,100.000000,11.277823,0.887222,61.041677,0.000000,1,0.000000,0.112778,3.679274
35,54,1,14.715822,0.000000,100.000000,31.591532,0.684085,44.858260,0.000000,0,1415.000000,0.315915,1.760948
35,54,2,36.454993,0.130462,100.000000,14.190780,0.858092,58.719142,0.000000,1,0.000000,0.141908,4.414506
35,54,3,8.189187,11.135751,100.000000,13.292231,0.867078,59.435453,1.000000,2,1446.000000,0.132922,3.953289
35,54,4,11.873981,11.026577,100.000000,11.572341,0.884277,60.806545,0.000000,0,0.000000,0.115723,6.030497
35,54,5,23.531166,7.339766,100.000000,16.225667,0.837743,57.103507,0.000000,0,0.000000,0.162257,9.434349
35,54,6,21.392435,31.365945,100.000000,21.535632,0.784644,52.858396,1.000000,2,275.000000,0.215356,6.511675
35,54,7,8.165728,7.965891,100.000000,23.656446,0.763436,51.168054,1.000000,1,1174.000000,0.236564,8.286927
35,54,8,35.767688,0.000000,100.000000,14.666609,0.853334,58.339828,1.000000,0,0.000000,0.146666,9.902659
35,54,9,3.840270,14.734084,100.000000,14.200943,0.857991,58.708457,0.000000,1,0.000000,0.142009,1.194532
35,54,10,4.770319,12.044626,100.000000,11.572341,0.884277,60.806545,0.000000,0,0.000000,0.115723,3.679274
35,55,1,16.605232,0.000000,100.000000,30.011147,0.699889,46.112673,0.000000,0,0.000000,0.300111,1.760948
35,55,2,35.550419,0.325261,100.000000,14.912091,0.850879,58.143233,1.000000,3,970.000000,0.149121,4.414506
35,55,3,8.852814,8.285014,100.000000,13.907343,0.860927,58.943805,0.000000,1,1298.000000,0.139073,3.953289
35,55,4,10.670368,13.364706,100.000000,11.111439,0.888886,61.174515,0.000000,0,334.000000,0.111114,6.030497
35,55,5,24.152799,6.120579,100.000000,16.295207,0.837048,57.045315,0.000000,1,519.000000,0.162952,9.434349
35,55,6,20.559273,32.834248,100.000000,20.957808,0.790422,53.319024,1.000000,3,1314.000000,0.209578,6.511675
35,55,7,7.014613,5.657782,100.000000,23.247636,0.767524,51.493718,1.000000,0,0.000000,0.232476,8.286927
35,55,8,37.557884,0.133691,100.000000,15.856658,0.841433,57.389802,0.000000,0,0.000000,0.158567,9.902659
35,55,9,1.614512,12.620278,100.000000,14.195844,0.858042,58.712524,1.000000,0,0.000000,0.141958,1.194532
35,55,10,2.210401,14.285670,100.000000,11.111439,0.888886,61.174515,0.000000,0,0.000000,0.111114,3.679274
35,56,1,18.875924,0.318188,100.000000,30.422162,0.695778,45.786291,1.000000,1,813.000000,0.304222,1.760948
35,56,2,36.144996,0.000000,100.000000,14.049258,0.859507,58.831583,0.000000,1,1347.000000,0.140493,4.414506
35,56,3,9.744502,6.197599,100.000000,14.487757,0.855122,58.480035,0.000000,1,1379.000000,0.144878,3.953289
35,56,4,10.197036,13.422575,100.000000,10.506831,0.894932,61.657241,0.000000,0,0.000000,0.105068,6.030497
35,56,5,26.287293,4.905538,100.000000,16.435605,0.835644,56.933966,1.000000,2,0.000000,0.164356,9.434349
35,56,6,16.981122,31.723271,100.000000,21.218141,0.787819,53.112084,0.000000,2,0.000000,0.212181,6.511675
35,56,7,6.458849,3.502132,100.000000,24.529541,0.754705,50.472676,0.000000,0,568.000000,0.245295,8.286927
35,56,8,35.010297,0.000000,100.000000,16.246573,0.837534,57.077600,0.000000,0,0.000000,0.162466,9.902659
35,56,9,0.921620,10.569193,100.000000,14.365985,0.856340,58.576639,0.000000,0,0.000000,0.143660,1.194532
35,56,10,3.239326,15.529663,100.000000,10.506831,0.894932,61.657241,0.000000,0,0.000000,0.105068,3.679274
35,57,1,14.104362,3.281652,100.000000,30.566510,0.694335,45.671689,0.000000,1,0.000000,0.305665,1.760948
35,57,2,39.697931,2.064335,100.000000,14.405627,0.855944,58.548279,1.000000,1,1314.000000,0.144056,4.414506
35,57,3,6.395606,8.630515,100.000000,13.549009,0.864510,59.229606,0.000000,1,494.000000,0.135490,3.953289
35,57,4,6.108004,15.876142,100.000000,12.056014,0.879440,60.420415,0.000000,0,0.000000,0.120560,6.030497
35,57,5,22.229341,4.044017,100.000000,15.891098,0.841089,57.368920,0.000000,1,1416.000000,0.158911,9.434349
35,57,6,17.659484,33.269014,100.000000,21.235126,0.787649,53.098536,0.000000,0,0.000000,0.212351,6.511675
35,57,7,4.918243,4.045676,100.000000,24.529202,0.754708,50.472946,0.000000,1,388.000000,0.245292,8.286927
35,57,8,34.552836,2.044524,100.000000,16.460545,0.835395,56.908686,1.000000,2,1398.000000,0.164605,9.902659
35,57,9,1.331564,9.633268,100.000000,13.397266,0.866027,59.349831,0.000000,0,0.000000,0.133973,1.194532
35,57,10,6.048130,13.650627,100.000000,12.056014,0.879440,60.420415,0.000000,0,0.000000,0.120560,3.679274
35,58,1,10.820976,1.495118,100.000000,31.649448,0.683506,44.812321,0.000000,0,0.000000,0.316494,1.760948
35,58,2,37.715719,2.892526,100.000000,14.136242,0.858638,58.764527,0.000000,3,1432.000000,0.141362,4.414506
35,58,3,2.833204,8.605105,100.000000,14.006909,0.859931,58.864819,0.000000,0,0.000000,0.140069,3.953289
35,58,4,8.790161,18.108530,100.000000,11.741177,0.882588,60.671756,0.000000,0,0.000000,0.117412,6.030497
35,58,5,18.643185,1.286022,100.000000,15.017038,0.849830,58.068801,0.000000,1,0.000000,0.150170,9.434349
35,58,6,14.600738,33.562472,100.000000,20.980413,0.790196,53.300679,1.000000,2,1557.000000,0.209804,6.511675
35,58,7,9.686929,3.900670,100.000000,22.336079,0.776639,52.220020,1.000000,0,0.000000,0.223361,8.286927
35,58,8,30.088631,0.594772,100.000000,16.721998,0.832780,56.701317,0.000000,1,0.000000,0.167220,9.902659
35,58,9,5.974799,9.240642,100.000000,12.526840,0.874732,60.044738,0.000000,1,931.000000,0.125268,1.194532
35,58,10,10.968973,15.524805,100.000000,11.741177,0.882588,60.671756,0.000000,0,0.000000,0.117412,3.679274
35,59,1,5.944362,0.167854,100.000000,30.205297,0.697947,45.958489,0.000000,0,0.000000,0.302053,1.760948
35,59,2,38.279434,4.844153,100.000000,15.234818,0.847652,57.887982,1.000000,2,0.000000,0.152348,4.414506
35,59,3,3.532316,9.729104,100.000000,13.012713,0.869873,59.658736,1.000000,1,0.000000,0.130127,3.953289
35,59,4,10.304702,17.847919,100.000000,11.136510,0.888635,61.154499,0.000000,0,941.000000,0.111365,6.030497
35,59,5,21.437098,3.939933,100.000000,15.570331,0.844297,57.624517,0.000000,1,710.000000,0.155703,9.434349
35,59,6,18.791445,34.471486,100.000000,20.279334,0.797207,53.859472,1.000000,1,1380.000000,0.202793,6.511675
35,59,7,6.599036,3.119042,100.000000,21.086579,0.789134,53.215876,0.000000,1,409.000000,0.210866,8.286927
35,59,8,35.071044,0.000000,100.000000,16.282390,0.837176,57.053655,1.000000,1,0.000000,0.162824,9.902659
35,59,9,2.748688,6.367799,100.000000,13.498576,0.865014,59.269026,0.000000,1,0.000000,0.134986,1.194532
35,59,10,12.734066,15.711651,100.000000,11.136510,0.888635,61.154499,0.000000,0,441.000000,0.111365,3.679274
35,60,1,8.387236,0.000000,100.000000,28.524289,0.714757,47.294098,0.000000,0,0.000000,0.285243,1.760948
35,60,2,35.974917,7.608213,100.000000,14.915011,0.850850,58.142072,1.000000,1,0.000000,0.149150,4.414506
35,60,3,6.430381,8.687860,100.000000,13.219831,0.867802,59.493422,1.000000,2,0.000000,0.132198,3.953289
35,60,4,7.076314,16.092384,100.000000,10.678749,0.893213,61.519977,0.000000,0,778.000000,0.106787,6.030497
35,60,5,26.199087,2.018942,100.000000,15.659062,0.843409,57.551455,0.000000,1,0.000000,0.156591,9.434349
35,60,6,18.344463,34.309419,100.000000,20.291044,0.797090,53.850116,1.000000,0,0.000000,0.202910,6.511675
35,60,7,4.568040,4.221397,100.000000,20.939366,0.790606,53.333225,0.000000,1,0.000000,0.209394,8.286927
35,60,8,34.237056,0.243936,100.000000,15.678033,0.843220,57.534478,0.000000,1,2575.000000,0.156780,9.902659
35,60,9,0.000000,7.737252,100.000000,13.938330,0.860617,58.917948,1.000000,0,443.000000,0.139383,1.194532
35,60,10,14.993876,14.352019,100.000000,10.678749,0.893213,61.519977,0.000000,0,1082.000000,0.106787,3.679274
35,61,1,11.734487,1.286741,100.000000,27.477294,0.725227,48.126620,0.000000,0,0.000000,0.274773,1.760948
35,61,2,32.907818,8.669376,100.000000,14.894037,0.851060,58.157687,1.000000,1,783.000000,0.148940,4.414506
35,61,3,10.622384,6.730290,100.000000,13.610158,0.863898,59.180850,2.000000,1,0.000000,0.136102,3.953289
35,61,4,6.891308,18.651735,100.000000,12.009410,0.879906,60.457620,0.000000,0,1441.000000,0.120094,6.030497
35,61,5,25.180652,4.384066,100.000000,16.147720,0.838523,57.160158,1.000000,1,762.000000,0.161477,9.434349
35,61,6,15.812900,34.508153,100.000000,19.383983,0.806160,54.573459,1.000000,1,0.000000,0.193840,6.511675
35,61,7,5.318049,5.733162,100.000000,20.663321,0.793367,53.553283,1.000000,1,2126.000000,0.206633,8.286927
35,61,8,37.301048,0.000000,100.000000,15.973931,0.840261,57.296387,2.000000,1,0.000000,0.159739,9.902659
35,61,9,1.355793,7.086604,100.000000,14.860030,0.851400,58.182328,0.000000,0,0.000000,0.148600,1.194532
35,61,10,12.883275,12.350961,100.000000,12.009410,0.879906,60.457620,0.000000,0,0.000000,0.120094,3.679274
35,62,1,12.112929,3.546850,100.000000,28.754427,0.712456,47.111165,0.000000,0,0.000000,0.287544,1.760948
35,62,2,31.572934,7.416668,100.000000,14.678400,0.853216,58.330047,1.000000,1,512.000000,0.146784,4.414506
35,62,3,11.951296,6.382791,100.000000,12.507223,0.874928,60.061168,0.000000,2,1080.000000,0.125072,3.953289
35,62,4,2.761531,20.707145,100.000000,12.283623,0.877164,60.238715,0.000000,0,0.000000,0.122836,6.030497
35,62,5,24.351214,4.484823,100.000000,15.763846,0.842362,57.468085,0.000000,1,0.000000,0.157638,9.434349
35,62,6,11.135310,35.277906,100.000000,19.334767,0.806652,54.612996,0.000000,1,0.000000,0.193348,6.511675
35,62,7,5.662887,4.296435,100.000000,21.615469,0.783845,52.794310,0.000000,2,1134.000000,0.216155,8.286927
35,62,8,32.410592,2.221766,100.000000,15.350021,0.846500,57.794544,1.000000,2,1008.000000,0.153500,9.902659
35,62,9,2.861437,9.832099,100.000000,14.615507,0.853845,58.377560,0.000000,1,402.000000,0.146155,1.194532
35,62,10,15.519570,14.258681,100.000000,12.283623,0.877164,60.238715,0.000000,0,0.000000,0.122836,3.679274
35,63,1,8.101463,5.022504,100.000000,28.097386,0.719026,47.633496,0.000000,0,0.000000,0.280974,1.760948
35,63,2,33.600759,7.532464,100.000000,14.552537,0.854475,58.429858,2.000000,1,0.000000,0.145525,4.414506
35,63,3,9.627007,5.334702,100.000000,12.305290,0.876947,60.222132,1.000000,1,1166.000000,0.123053,3.953289
35,63,4,3.185100,22.506595,100.000000,11.582674,0.884173,60.798296,0.000000,0,0.000000,0.115827,6.030497
35,63,5,24.716229,4.382069,100.000000,15.782143,0.842179,57.452594,0.000000,1,0.000000,0.157821,9.434349
35,63,6,13.932934,35.795429,100.000000,19.165483,0.808345,54.748234,1.000000,2,862.000000,0.191655,6.511675
35,63,7,2.673811,4.320055,100.000000,22.042820,0.779572,52.453719,0.000000,1,0.000000,0.220428,8.286927
35,63,8,31.268921,1.192380,100.000000,15.029730,0.849703,58.049472,1.000000,3,0.000000,0.150297,9.902659
35,63,9,0.139203,11.591826,100.000000,14.285239,0.857148,58.641130,1.000000,1,671.000000,0.142852,1.194532
35,63,10,17.827634,13.818322,100.000000,11.582674,0.884173,60.798296,0.000000,0,1598.000000,0.115827,3.679274
35,64,1,11.831657,3.959322,100.000000,27.302810,0.726972,48.265405,1.000000,0,1349.000000,0.273028,1.760948
35,64,2,35.886145,6.009040,100.000000,15.147686,0.848523,57.954997,1.000000,3,1087.000000,0.151477,4.414506
35,64,3,6.310186,7.389579,100.000000,11.561340,0.884387,60.816374,0.000000,1,0.000000,0.115613,3.953289
35,64,4,2.350175,22.615345,100.000000,12.062188,0.879378,60.415486,0.000000,0,0.000000,0.120622,6.030497
35,64,5,19.959802,2.248698,100.000000,15.726655,0.842733,57.495920,1.000000,2,1391.000000,0.157267,9.434349
35,64,6,15.990654,36.792613,100.000000,20.410482,0.795895,53.756240,0.000000,2,355.000000,0.204105,6.511675
35,64,7,0.071359,1.639651,100.000000,24.308393,0.756916,50.648791,0.000000,1,1225.000000,0.243084,8.286927
35,64,8,34.597882,3.428195,100.000000,14.659688,0.853403,58.345856,0.000000,1,0.000000,0.146597,9.902659
35,64,9,0.000000,9.978494,100.000000,13.742664,0.862573,59.074181,1.000000,0,0.000000,0.137427,1.194532
35,64,10,14.077180,13.850841,100.000000,12.062188,0.879378,60.415486,0.000000,0,0.000000,0.120622,3.679274
35,65,1,13.364848,2.952690,100.000000,25.839314,0.741607,49.429906,0.000000,0,0.000000,0.258393,1.760948
35,65,2,31.376998,8.183345,100.000000,14.874393,0.851256,58.172500,0.000000,2,0.000000,0.148744,4.414506
35,65,3,1.848098,7.504831,100.000000,11.261575,0.887384,61.055226,0.000000,0,0.000000,0.112616,3.953289
35,65,4,0.000000,19.963369,100.000000,11.733644,0.882664,60.677770,0.000000,0,578.000000,0.117336,6.030497
35,65,5,16.600059,4.420283,100.000000,15.744642,0.842554,57.480211,0.000000,3,1463.000000,0.157446,9.434349
35,65,6,15.780285,35.457052,100.000000,19.947679,0.800523,54.126005,1.000000,2,0.000000,0.199477,6.511675
35,65,7,0.000000,2.721359,100.000000,24.901857,0.750981,50.176207,1.000000,0,1047.000000,0.249019,8.286927
35,65,8,30.112782,3.745670,100.000000,14.549229,0.854508,58.433074,0.000000,1,1423.000000,0.145492,9.902659
35,65,9,4.030787,9.756692,100.000000,13.794834,0.862052,59.032474,0.000000,0,0.000000,0.137948,1.194532
35,65,10,18.048029,14.932811,100.000000,11.733644,0.882664,60.677770,0.000000,0,1452.000000,0.117336,3.679274
35,66,1,13.065269,3.538905,100.000000,27.643921,0.723561,47.994096,0.000000,1,1335.000000,0.276439,1.760948
35,66,2,29.927450,10.495544,100.000000,14.410963,0.855890,58.543063,0.000000,1,670.000000,0.144110,4.414506
35,66,3,6.109687,9.185935,100.000000,11.380195,0.886198,60.960201,0.000000,0,0.000000,0.113802,3.953289
35,66,4,3.589246,19.213334,100.000000,11.484272,0.885157,60.876855,0.000000,0,1015.000000,0.114843,6.030497
35,66,5,12.295364,5.246890,100.000000,15.437311,0.845627,57.727354,0.000000,2,0.000000,0.154373,9.434349
35,66,6,15.890235,38.242061,100.000000,19.010602,0.809894,54.873225,0.000000,2,1134.000000,0.190106,6.511675
35,66,7,3.252487,4.495090,100.000000,24.165825,0.758342,50.762334,0.000000,0,0.000000,0.241658,8.286927
35,66,8,29.469173,4.077662,100.000000,15.716756,0.842832,57.501487,0.000000,1,0.000000,0.157168,9.902659
35,66,9,1.941705,8.822279,100.000000,13.074022,0.869260,59.607827,0.000000,1,1086.000000,0.130740,1.194532
35,66,10,20.873580,14.130082,100.000000,11.484272,0.885157,60.876855,0.000000,0,0.000000,0.114843,3.679274
35,67,1,8.081779,3.085138,100.000000,27.210826,0.727892,48.338574,0.000000,1,0.000000,0.272108,1.760948
35,67,2,29.162496,10.200727,100.000000,14.014969,0.859850,58.858980,2.000000,0,0.000000,0.140150,4.414506
35,67,3,8.199827,8.797714,100.000000,10.955166,0.890448,61.299609,3.000000,2,1918.000000,0.109552,3.953289
35,67,4,6.993621,17.650884,100.000000,10.185021,0.898150,61.914190,0.000000,0,0.000000,0.101850,6.030497
35,67,5,11.773944,3.416657,100.000000,15.736855,0.842631,57.487826,0.000000,0,0.000000,0.157369,9.434349
35,67,6,15.272017,38.453630,100.000000,19.456911,0.805431,54.517876,1.000000,0,0.000000,0.194569,6.511675
35,67,7,7.290291,2.883154,100.000000,25.111200,0.748888,50.009528,0.000000,0,0.000000,0.251112,8.286927
35,67,8,29.783768,4.957931,100.000000,15.149295,0.848507,57.954361,4.000000,1,259.000000,0.151493,9.902659
35,67,9,0.000000,7.439522,100.000000,13.289019,0.867110,59.436166,0.000000,1,0.000000,0.132890,1.194532
35,67,10,21.413009,11.816256,100.000000,10.185021,0.898150,61.914190,0.000000,0,1525.000000,0.101850,3.679274
35,68,1,8.266208,5.445772,100.000000,25.657252,0.743427,49.574823,2.000000,1,1747.000000,0.256573,1.760948
35,68,2,30.322133,11.933550,100.000000,15.052975,0.849470,58.030389,0.000000,0,0.000000,0.150530,4.414506
35,68,3,6.799993,7.641747,100.000000,9.582744,0.904173,62.395609,0.000000,3,929.000000,0.095827,3.953289
35,68,4,5.974543,19.811143,100.000000,10.700965,0.892990,61.502239,0.000000,0,0.000000,0.107010,6.030497
35,68,5,7.141323,1.018851,100.000000,16.345671,0.836543,57.000314,2.000000,2,0.000000,0.163457,9.434349
35,68,6,15.364069,40.273214,100.000000,19.111204,0.808888,54.793599,0.000000,0,0.000000,0.191112,6.511675
35,68,7,8.597756,5.435199,100.000000,24.898472,0.751015,50.178902,0.000000,1,670.000000,0.248985,8.286927
35,68,8,33.389860,2.596121,100.000000,14.300233,0.856998,58.633008,0.000000,1,0.000000,0.143002,9.902659
35,68,9,0.000000,4.702289,100.000000,14.065093,0.859349,58.816749,0.000000,0,0.000000,0.140651,1.194532
35,68,10,19.531643,9.267479,100.000000,10.700965,0.892990,61.502239,0.000000,0,980.000000,0.107010,3.679274
35,69,1,12.956471,7.006377,100.000000,24.728514,0.752715,50.314233,2.000000,0,829.000000,0.247285,1.760948
35,69,2,33.615116,14.779891,100.000000,15.240027,0.847600,57.880642,0.000000,0,0.000000,0.152400,4.414506
35,69,3,8.547201,9.863275,100.000000,9.320056,0.906799,62.605776,1.000000,1,0.000000,0.093201,3.953289
35,69,4,7.622854,18.338956,100.000000,9.560983,0.904390,62.412473,0.000000,0,1261.000000,0.095610,6.030497
35,69,5,9.111526,0.326445,100.000000,17.063846,0.829362,56.426432,2.000000,3,0.000000,0.170638,9.434349
35,69,6,16.469311,41.125699,100.000000,19.817486,0.801825,54.230253,1.000000,1,0.000000,0.198175,6.511675
35,69,7,6.356119,8.128292,100.000000,25.271217,0.747288,49.882131,0.000000,1,0.000000,0.252712,8.286927
35,69,8,30.524290,2.120240,100.000000,13.176886,0.868231,59.529664,0.000000,1,773.000000,0.131769,9.902659
35,69,9,0.000000,5.206562,100.000000,14.922305,0.850777,58.132729,0.000000,2,2772.000000,0.149223,1.194532
35,69,10,23.988791,8.221585,100.000000,9.560983,0.904390,62.412473,0.000000,0,0.000000,0.095610,3.679274
35,70,1,12.100026,7.568107,100.000000,26.513332,0.734867,48.893498,0.000000,0,0.000000,0.265133,1.760948
35,70,2,35.778049,12.285426,100.000000,14.453452,0.855465,58.508964,0.000000,1,1162.000000,0.144535,4.414506
35,70,3,7.287475,11.330492,100.000000,9.424860,0.905751,62.521827,0.000000,1,1231.000000,0.094249,3.953289
35,70,4,10.460714,20.073025,100.000000,10.289730,0.897103,61.830583,0.000000,0,554.000000,0.102897,6.030497
35,70,5,7.071815,0.000000,100.000000,16.591501,0.834085,56.804942,1.000000,4,0.000000,0.165915,9.434349
35,70,6,12.307350,43.948798,100.000000,20.555018,0.794450,53.644145,1.000000,1,0.000000,0.205550,6.511675
35,70,7,3.908847,7.279129,100.000000,27.425133,0.725749,48.168108,1.000000,0,0.000000,0.274251,8.286927
35,70,8,27.720700,1.802326,100.000000,13.860458,0.861395,58.984085,0.000000,0,0.000000,0.138605,9.902659
35,70,9,2.612882,4.370163,100.000000,14.207743,0.857923,58.702965,1.000000,2,437.000000,0.142077,1.194532
35,70,10,27.805759,9.857607,100.000000,10.289730,0.897103,61.830583,0.000000,0,885.000000,0.102897,3.679274
35,71,1,12.250452,9.971983,100.000000,27.898159,0.721018,47.791914,0.000000,0,0.000000,0.278982,1.760948
35,71,2,33.367091,11.565839,100.000000,14.627230,0.853728,58.370939,1.000000,1,0.000000,0.146272,4.414506
35,71,3,5.786694,8.511370,100.000000,9.444358,0.905556,62.506465,0.000000,1,0.000000,0.094444,3.953289
35,71,4,6.305984,18.983186,100.000000,10.594703,0.894053,61.587081,0.000000,0,498.000000,0.105947,6.030497
35,71,5,7.889364,0.473354,100.000000,16.122189,0.838778,57.180924,1.000000,1,0.000000,0.161222,9.434349
35,71,6,10.497785,45.901020,100.000000,21.445475,0.785545,52.935154,0.000000,0,0.000000,0.214455,6.511675
35,71,7,7.596256,7.581187,100.000000,28.573606,0.714264,47.254895,0.000000,1,591.000000,0.285736,8.286927
35,71,8,23.865036,3.843222,100.000000,14.058347,0.859417,58.827044,0.000000,1,1354.000000,0.140583,9.902659
35,71,9,1.006572,5.649546,100.000000,13.814808,0.861852,59.016497,0.000000,2,1201.000000,0.138148,1.194532
35,71,10,29.076143,12.628687,100.000000,10.594703,0.894053,61.587081,0.000000,0,490.000000,0.105947,3.679274
35,72,1,9.099369,8.362006,100.000000,26.635863,0.733641,48.796001,0.000000,1,766.000000,0.266359,1.760948
35,72,2,32.869729,10.314662,100.000000,14.603681,0.853963,58.388519,0.000000,0,0.000000,0.146037,4.414506
35,72,3,2.113132,9.995671,100.000000,9.220812,0.907792,62.684920,0.000000,0,0.000000,0.092208,3.953289
35,72,4,10.543477,16.313157,100.000000,11.071201,0.889288,61.206640,0.000000,0,0.000000,0.110712,6.030497
35,72,5,5.064093,3.054392,100.000000,16.055073,0.839449,57.233087,1.000000,1,0.000000,0.160551,9.434349
35,72,6,8.920055,48.297736,100.000000,21.512035,0.784880,52.882797,1.000000,1,0.000000,0.215120,6.511675
35,72,7,3.104017,5.460727,100.000000,29.036154,0.709638,46.887260,1.000000,1,439.000000,0.290362,8.286927
35,72,8,20.216487,2.511526,100.000000,12.911357,0.870886,59.741129,0.000000,3,2731.000000,0.129114,9.902659
35,72,9,0.000000,6.020091,100.000000,13.780508,0.862195,59.043884,1.000000,0,0.000000,0.137805,1.194532
35,72,10,28.248487,12.004876,100.000000,11.071201,0.889288,61.206640,0.000000,0,0.000000,0.110712,3.679274
35,73,1,12.470148,9.475703,100.000000,27.107548,0.728925,48.420731,1.000000,0,0.000000,0.271075,1.760948
35,73,2,37.075174,11.970006,100.000000,15.228359,0.847716,57.890112,2.000000,0,0.000000,0.152284,4.414506
35,73,3,4.484635,7.610022,100.000000,8.117219,0.918828,63.566477,0.000000,0,0.000000,0.081172,3.953289
35,73,4,7.644294,17.025659,100.000000,10.528087,0.894719,61.640269,0.000000,1,365.000000,0.105281,6.030497
35,73,5,0.287550,5.339612,100.000000,16.766646,0.832334,56.665497,1.000000,2,742.000000,0.167666,9.434349
35,73,6,6.500340,50.026232,100.000000,22.537223,0.774628,52.069061,0.000000,1,0.000000,0.225372,6.511675
35,73,7,0.365210,8.179401,100.000000,31.271331,0.687287,45.112291,0.000000,1,0.000000,0.312713,8.286927
35,73,8,24.272786,2.047466,100.000000,12.174483,0.878255,60.330301,2.000000,1,590.000000,0.121745,9.902659
35,73,9,0.000000,6.443244,100.000000,14.874141,0.851259,58.171060,0.000000,1,1029.000000,0.148741,1.194532
35,73,10,28.020276,14.389767,100.000000,10.528087,0.894719,61.640269,0.000000,0,930.000000,0.105281,3.679274
35,74,1,16.161343,11.268162,100.000000,28.531669,0.714683,47.288231,1.000000,1,393.000000,0.285317,1.760948
35,74,2,40.346581,9.538211,100.000000,14.697017,0.853030,58.314602,0.000000,0,0.000000,0.146970,4.414506
35,74,3,0.000000,9.989410,100.000000,7.234557,0.927654,64.271363,0.000000,1,378.000000,0.072346,3.953289
35,74,4,6.637293,18.350356,100.000000,10.566576,0.894334,61.609538,0.000000,1,0.000000,0.105666,6.030497
35,74,5,0.000000,4.375026,100.000000,16.290386,0.837096,57.047206,1.000000,2,1144.000000,0.162904,9.434349
35,74,6,6.059574,51.298501,100.000000,22.175643,0.778244,52.357877,1.000000,1,0.000000,0.221756,6.511675
35,74,7,4.585432,6.335253,100.000000,31.359117,0.686409,45.042640,1.000000,0,0.000000,0.313591,8.286927
35,74,8,24.225570,2.692079,100.000000,11.974986,0.880250,60.490251,0.000000,0,0.000000,0.119750,9.902659
35,74,9,0.000000,6.578446,100.000000,13.647654,0.863523,59.149932,0.000000,2,1386.000000,0.136477,1.194532
35,74,10,23.194760,12.203871,100.000000,10.566576,0.894334,61.609538,0.000000,0,1098.000000,0.105666,3.679274
35,75,1,12.749043,11.458220,100.000000,27.693719,0.723063,47.954492,1.000000,1,772.000000,0.276937,1.760948
35,75,2,37.558992,7.518172,100.000000,14.842897,0.851571,58.198017,1.000000,1,0.000000,0.148429,4.414506
35,75,3,3.067775,7.936641,100.000000,5.912643,0.940874,65.326979,0.000000,1,0.000000,0.059126,3.953289
35,75,4,10.828145,18.835109,100.000000,10.991055,0.890089,61.270628,0.000000,0,0.000000,0.109911,6.030497
35,75,5,0.000000,6.997508,100.000000,16.034447,0.839656,57.250564,2.000000,2,1947.000000,0.160344,9.434349
35,75,6,10.481190,52.292326,100.000000,21.402406,0.785976,52.975422,0.000000,1,292.000000,0.214024,6.511675
35,75,7,2.187595,3.565712,100.000000,31.469136,0.685309,44.955355,0.000000,0,0.000000,0.314691,8.286927
35,75,8,24.971763,5.423230,100.000000,11.402523,0.885975,60.947469,0.000000,1,1440.000000,0.114025,9.902659
35,75,9,0.096387,6.647628,100.000000,13.464314,0.865357,59.296287,0.000000,1,0.000000,0.134643,1.194532
35,75,10,19.230522,13.315552,100.000000,10.991055,0.890089,61.270628,0.000000,0,0.000000,0.109911,3.679274
35,76,1,11.500819,14.170905,100.000000,28.681078,0.713189,47.169467,0.000000,1,523.000000,0.286811,1.760948
35,76,2,36.566048,6.962331,100.000000,14.798527,0.852015,58.234329,1.000000,0,0.000000,0.147985,4.414506
35,76,3,0.000000,10.859739,100.000000,11.850295,0.881497,60.584644,0.000000,0,1478.000000,0.118503,3.953289
35,76,4,11.443786,18.735047,100.000000,10.546947,0.894531,61.625211,0.000000,1,1102.000000,0.105469,6.030497
35,76,5,2.051006,5.256246,100.000000,16.155506,0.838445,57.155154,0.000000,1,1011.000000,0.161555,9.434349
35,76,6,5.685329,53.944564,100.000000,20.928785,0.790712,53.350196,0.000000,1,1165.000000,0.209288,6.511675
35,76,7,5.459911,3.273200,100.000000,30.007274,0.699927,46.115749,0.000000,0,0.000000,0.300073,8.286927
35,76,8,22.283240,8.410077,100.000000,23.740723,0.762593,51.100923,1.000000,1,0.000000,0.237407,9.902659
35,76,9,0.000000,7.062625,100.000000,13.657834,0.863422,59.141796,0.000000,0,0.000000,0.136578,1.194532
35,76,10,23.820754,15.584741,100.000000,10.546947,0.894531,61.625211,0.000000,0,0.000000,0.105469,3.679274
35,77,1,14.982296,12.675823,100.000000,26.904402,0.730956,48.582342,0.000000,0,1468.000000,0.269044,1.760948
35,77,2,36.198738,6.886529,100.000000,15.095800,0.849042,57.995900,0.000000,0,0.000000,0.150958,4.414506
35,77,3,3.491837,11.963457,100.000000,11.857280,0.881427,60.579068,0.000000,0,0.000000,0.118573,3.953289
35,77,4,10.115989,20.779469,100.000000,9.386237,0.906138,62.552010,0.000000,1,926.000000,0.093862,6.030497
35,77,5,6.331827,4.241493,100.000000,16.331034,0.836690,57.012980,0.000000,0,0.000000,0.163310,9.434349
35,77,6,8.790332,51.832816,100.000000,20.641154,0.793588,53.578663,0.000000,0,489.000000,0.206412,6.511675
35,77,7,7.499711,3.013748,100.000000,29.425029,0.705750,46.578259,0.000000,1,857.000000,0.294250,8.286927
35,77,8,22.851839,10.774242,100.000000,21.974431,0.780256,52.508221,0.000000,0,0.000000,0.219744,9.902659
35,77,9,0.000000,7.118689,100.000000,13.992140,0.860079,58.874982,0.000000,0,0.000000,0.139921,1.194532
35,77,10,19.737180,14.203090,100.000000,9.386237,0.906138,62.552010,0.000000,0,679.000000,0.093862,3.679274
35,78,1,15.812845,15.224542,100.000000,27.248357,0.727516,48.308720,1.000000,0,1402.000000,0.272484,1.760948
35,78,2,35.043157,5.938601,100.000000,14.260971,0.857390,58.661927,0.000000,0,0.000000,0.142610,4.414506
35,78,3,6.508205,11.622434,100.000000,6.083324,0.939167,65.190790,0.000000,0,0.000000,0.060833,3.953289
35,78,4,14.269692,22.271089,100.000000,9.527357,0.904726,62.439324,0.000000,0,1485.000000,0.095274,6.030497
35,78,5,4.862345,4.584814,100.000000,15.703926,0.842961,57.513996,1.000000,1,1188.000000,0.157039,9.434349
35,78,6,11.464950,52.650465,100.000000,21.347189,0.786528,53.017882,1.000000,0,0.000000,0.213472,6.511675
35,78,7,8.739653,1.748985,100.000000,30.793809,0.692062,45.491255,1.000000,0,0.000000,0.307938,8.286927
35,78,8,18.582613,7.906483,100.000000,10.515676,0.894843,61.654538,0.000000,0,0.000000,0.105157,9.902659
35,78,9,0.000000,4.677799,100.000000,13.229247,0.867708,59.483932,0.000000,1,340.000000,0.132292,1.194532
35,78,10,23.425098,15.704047,100.000000,9.527357,0.904726,62.439324,0.000000,0,304.000000,0.095274,3.679274
35,79,1,18.412282,14.108632,100.000000,26.767853,0.732321,48.690982,0.000000,0,0.000000,0.267679,1.760948
35,79,2,34.653971,7.392283,100.000000,13.804958,0.861950,59.025374,0.000000,0,0.000000,0.138050,4.414506
35,79,3,4.851330,10.417718,100.000000,12.270441,0.877296,60.249238,0.000000,1,1443.000000,0.122704,3.953289
35,79,4,16.612159,21.033090,100.000000,11.008602,0.889914,61.256619,0.000000,0,1376.000000,0.110086,6.030497
35,79,5,4.831832,7.322144,100.000000,16.201374,0.837986,57.116463,0.000000,2,1436.000000,0.162014,9.434349
35,79,6,10.888363,54.182831,100.000000,21.715681,0.782843,52.724569,0.000000,0,0.000000,0.217157,6.511675
35,79,7,6.984040,0.399644,100.000000,31.160921,0.688391,45.199900,0.000000,0,276.000000,0.311609,8.286927
35,79,8,17.767546,5.269759,100.000000,18.939015,0.810610,54.928173,0.000000,0,0.000000,0.189390,9.902659
35,79,9,0.000000,2.251270,100.000000,14.206608,0.857934,58.703798,0.000000,1,537.000000,0.142066,1.194532
35,79,10,26.503562,13.915238,100.000000,11.008602,0.889914,61.256619,0.000000,0,0.000000,0.110086,3.679274
35,80,1,20.537976,12.231331,100.000000,28.537937,0.714621,47.283249,0.000000,0,1120.000000,0.285379,1.760948
35,80,2,38.498545,10.086157,100.000000,12.474546,0.875255,60.087439,1.000000,1,312.000000,0.124745,4.414506
35,80,3,6.930570,10.612694,100.000000,10.645526,0.893545,61.546503,0.000000,1,0.000000,0.106455,3.953289
35,80,4,19.090475,22.864436,100.000000,10.907880,0.890921,61.337036,0.000000,0,0.000000,0.109079,6.030497
35,80,5,9.374933,7.665958,100.000000,15.697670,0.843023,57.520582,0.000000,2,0.000000,0.156977,9.434349
35,80,6,8.002225,53.866451,100.000000,20.782731,0.792173,53.468824,0.000000,0,1280.000000,0.207827,6.511675
35,80,7,3.533935,2.991643,100.000000,30.919936,0.690801,45.391146,0.000000,0,0.000000,0.309199,8.286927
35,80,8,17.697302,6.260625,100.000000,18.015965,0.819840,55.664370,0.000000,1,1000.000000,0.180160,9.902659
35,80,9,0.000000,2.179653,100.000000,13.202698,0.867973,59.505076,1.000000,0,0.000000,0.132027,1.194532
35,80,10,30.470779,11.670886,100.000000,10.907880,0.890921,61.337036,0.000000,0,0.000000,0.109079,3.679274
35,81,1,25.004178,13.647372,100.000000,27.725944,0.722741,47.928865,0.000000,0,0.000000,0.277259,1.760948
35,81,2,38.855924,7.814504,100.000000,12.021911,0.879781,60.448488,1.000000,0,0.000000,0.120219,4.414506
35,81,3,2.412004,10.316624,100.000000,6.051742,0.939483,65.216026,0.000000,0,0.000000,0.060517,3.953289
35,81,4,16.959881,24.830313,100.000000,10.665698,0.893343,61.530397,0.000000,0,0.000000,0.106657,6.030497
35,81,5,5.432117,9.452962,100.000000,15.347367,0.846526,57.799335,0.000000,0,1430.000000,0.153474,9.434349
35,81,6,8.922143,53.896733,100.000000,21.973313,0.780267,52.521130,1.000000,1,0.000000,0.219733,6.511675
35,81,7,7.702926,3.091535,100.000000,32.039708,0.679603,44.502819,1.000000,0,545.000000,0.320397,8.286927
35,81,8,16.922490,6.238426,100.000000,8.410119,0.915899,63.333831,1.000000,5,2149.000000,0.084101,9.902659
35,81,9,3.659480,3.636694,100.000000,12.951680,0.870483,59.705448,0.000000,0,0.000000,0.129517,1.194532
35,81,10,32.601864,13.731318,100.000000,10.665698,0.893343,61.530397,0.000000,0,0.000000,0.106657,3.679274
35,82,1,22.264925,11.614794,100.000000,29.226760,0.707732,46.735795,0.000000,0,1320.000000,0.292268,1.760948
35,82,2,42.177673,9.835568,100.000000,11.366574,0.886334,60.971848,1.000000,2,431.000000,0.113666,4.414506
35,82,3,6.746006,9.171284,100.000000,7.328844,0.926712,64.195775,0.000000,1,1557.000000,0.073288,3.953289
35,82,4,14.046381,26.840003,100.000000,10.587914,0.894121,61.592501,0.000000,0,0.000000,0.105879,6.030497
35,82,5,4.357043,6.556615,100.000000,15.484484,0.845155,57.691764,0.000000,0,0.000000,0.154845,9.434349
35,82,6,4.537649,52.378948,100.000000,22.200230,0.777998,52.340334,0.000000,1,0.000000,0.222002,6.511675
35,82,7,9.883396,1.124048,100.000000,32.170195,0.678298,44.399359,0.000000,0,0.000000,0.321702,8.286927
35,82,8,14.820738,7.203283,100.000000,9.577626,0.904224,62.401095,1.000000,3,697.000000,0.095776,9.902659
35,82,9,3.092030,1.890564,100.000000,12.696229,0.873038,59.909345,0.000000,0,0.000000,0.126962,1.194532
35,82,10,37.316686,15.007435,100.000000,10.587914,0.894121,61.592501,0.000000,0,0.000000,0.105879,3.679274
35,83,1,18.591326,8.657109,100.000000,28.787918,0.712121,47.084546,0.000000,1,321.000000,0.287879,1.760948
35,83,2,43.116327,9.530351,100.000000,11.832546,0.881675,60.600026,1.000000,1,0.000000,0.118325,4.414506
35,83,3,7.002114,7.036312,100.000000,6.740004,0.932600,64.666376,0.000000,1,0.000000,0.067400,3.953289
35,83,4,9.956596,27.486427,100.000000,11.527505,0.884725,60.842340,0.000000,0,1023.000000,0.115275,6.030497
35,83,5,7.424119,8.316928,100.000000,14.930824,0.850692,58.133242,0.000000,0,0.000000,0.149308,9.434349
35,83,6,9.532464,52.131247,100.000000,22.468859,0.775311,52.126175,0.000000,1,0.000000,0.224689,6.511675
35,83,7,8.378388,3.488095,100.000000,32.272216,0.677278,44.318478,0.000000,0,0.000000,0.322722,8.286927
35,83,8,15.424352,7.746872,100.000000,9.125766,0.908742,62.762528,0.000000,2,1054.000000,0.091258,9.902659
35,83,9,6.225119,2.577328,100.000000,12.509608,0.874904,60.058364,1.000000,0,0.000000,0.125096,1.194532
35,83,10,36.252149,13.797822,100.000000,11.527505,0.884725,60.842340,0.000000,0,497.000000,0.115275,3.679274
35,84,1,21.445605,8.891430,100.000000,28.062471,0.719375,47.661258,0.000000,1,1086.000000,0.280625,1.760948
35,84,2,42.604551,6.759147,100.000000,11.626748,0.883733,60.763952,0.000000,0,0.000000,0.116267,4.414506
35,84,3,4.564123,6.779160,100.000000,6.408788,0.935912,64.930721,0.000000,0,0.000000,0.064088,3.953289
35,84,4,7.948323,28.977449,100.000000,11.387425,0.886126,60.954174,0.000000,0,1270.000000,0.113874,6.030497
35,84,5,3.327545,5.980822,100.000000,15.606206,0.843938,57.593133,0.000000,1,561.000000,0.156062,9.434349
35,84,6,9.363021,53.383562,100.000000,22.142627,0.778574,52.387128,0.000000,0,0.000000,0.221426,6.511675
35,84,7,6.529131,5.076545,100.000000,32.459357,0.675406,44.170134,0.000000,0,0.000000,0.324594,8.286927
35,84,8,15.677687,4.751980,100.000000,8.672450,0.913275,63.124074,0.000000,1,0.000000,0.086725,9.902659
35,84,9,6.066549,0.000000,100.000000,13.137148,0.868629,59.557391,0.000000,1,589.000000,0.131371,1.194532
35,84,10,35.958367,14.252476,100.000000,11.387425,0.886126,60.954174,0.000000,0,837.000000,0.113874,3.679274
35,85,1,22.410745,10.375690,100.000000,26.449697,0.735503,48.944135,1.000000,1,897.000000,0.264497,1.760948
35,85,2,40.086398,6.061134,100.000000,12.795461,0.872045,59.830944,1.000000,1,0.000000,0.127955,4.414506
35,85,3,0.059149,3.833592,100.000000,6.380552,0.936194,64.952858,0.000000,0,0.000000,0.063806,3.953289
35,85,4,12.489286,26.116446,100.000000,10.897516,0.891025,61.345310,0.000000,0,0.000000,0.108975,6.030497
35,85,5,7.210955,7.202437,100.000000,15.657046,0.843430,57.550754,1.000000,0,0.000000,0.156570,9.434349
35,85,6,6.205480,55.710459,100.000000,21.177320,0.788227,53.156676,0.000000,0,1450.000000,0.211773,6.511675
35,85,7,3.305598,3.796698,100.000000,32.052903,0.679471,44.492356,0.000000,1,1063.000000,0.320529,8.286927
35,85,8,19.486324,6.815313,100.000000,10.040195,0.899598,62.032061,0.000000,0,516.000000,0.100402,9.902659
35,85,9,7.716473,2.143534,100.000000,13.255445,0.867446,59.462965,1.000000,1,560.000000,0.132554,1.194532
35,85,10,38.614316,11.617365,100.000000,10.897516,0.891025,61.345310,0.000000,0,0.000000,0.108975,3.679274
35,86,1,17.738221,7.403296,100.000000,24.855587,0.751444,50.213049,0.000000,1,0.000000,0.248556,1.760948
35,86,2,38.323927,7.461862,100.000000,13.614123,0.863859,59.177363,0.000000,2,1499.000000,0.136141,4.414506
35,86,3,4.475095,3.613967,100.000000,6.258935,0.937411,65.049813,0.000000,1,2131.000000,0.062589,3.953289
35,86,4,12.261616,23.626010,100.000000,11.848196,0.881518,60.586320,0.000000,0,0.000000,0.118482,6.030497
35,86,5,9.786866,6.761588,100.000000,16.043368,0.839566,57.241038,0.000000,0,0.000000,0.160434,9.434349
35,86,6,6.582186,54.026635,100.000000,20.384105,0.796159,53.788480,0.000000,0,885.000000,0.203841,6.511675
35,86,7,1.549471,1.920247,100.000000,31.467850,0.685322,44.956376,0.000000,1,0.000000,0.314678,8.286927
35,86,8,22.154093,4.450453,100.000000,10.626708,0.893733,61.563753,0.000000,0,0.000000,0.106267,9.902659
35,86,9,6.648184,2.951602,100.000000,14.118414,0.858816,58.774184,0.000000,0,0.000000,0.141184,1.194532
35,86,10,42.488223,9.925824,100.000000,11.848196,0.881518,60.586320,0.000000,0,506.000000,0.118482,3.679274
35,87,1,16.289753,4.464038,100.000000,23.062149,0.769379,51.641493,0.000000,0,0.000000,0.230621,1.760948
35,87,2,35.190255,5.232089,100.000000,14.388456,0.856115,58.559461,0.000000,2,0.000000,0.143885,4.414506
35,87,3,6.823785,2.098523,100.000000,6.199526,0.938005,65.097463,0.000000,1,1239.000000,0.061995,3.953289
35,87,4,11.578150,24.591478,100.000000,11.407324,0.885927,60.938287,0.000000,1,2466.000000,0.114073,6.030497
35,87,5,9.759974,4.757654,100.000000,15.933711,0.840663,57.327449,0.000000,0,0.000000,0.159337,9.434349
35,87,6,8.370301,51.298422,100.000000,19.839560,0.801604,54.218721,1.000000,1,0.000000,0.198396,6.511675
35,87,7,2.528203,3.501150,100.000000,29.461415,0.705386,46.549350,1.000000,0,0.000000,0.294614,8.286927
35,87,8,19.141421,6.731857,100.000000,10.746249,0.892538,61.469119,0.000000,1,729.000000,0.107462,9.902659
35,87,9,5.261437,5.130184,100.000000,14.334108,0.856659,58.602046,0.000000,0,0.000000,0.143341,1.194532
35,87,10,39.113587,10.623522,100.000000,11.407324,0.885927,60.938287,0.000000,0,0.000000,0.114073,3.679274
35,88,1,13.434721,3.933270,100.000000,21.309349,0.786907,53.038304,0.000000,1,1403.000000,0.213093,1.760948
35,88,2,34.576531,6.416398,100.000000,15.311316,0.846887,57.823070,2.000000,0,0.000000,0.153113,4.414506
35,88,3,1.994741,3.861174,100.000000,6.190904,0.938091,65.104287,1.000000,2,724.000000,0.061909,3.953289
35,88,4,14.926202,24.367842,100.000000,11.302483,0.886975,61.021989,0.000000,1,0.000000,0.113025,6.030497
35,88,5,12.120444,5.562942,100.000000,15.989410,0.840106,57.282175,1.000000,1,720.000000,0.159894,9.434349
35,88,6,7.240605,50.720792,100.000000,20.614087,0.793859,53.604401,1.000000,0,0.000000,0.206141,6.511675
35,88,7,2.437927,4.624657,100.000000,31.296936,0.687031,45.091975,0.000000,0,1341.000000,0.312969,8.286927
35,88,8,22.582007,6.103664,100.000000,11.449148,0.885509,60.908454,1.000000,0,0.000000,0.114491,9.902659
35,88,9,0.880491,5.641875,100.000000,14.821287,0.851787,58.213254,0.000000,0,0.000000,0.148213,1.194532
35,88,10,37.375943,8.080937,100.000000,11.302483,0.886975,61.021989,0.000000,1,307.000000,0.113025,3.679274
35,89,1,16.385349,3.384812,100.000000,22.811377,0.771886,51.841292,1.000000,0,0.000000,0.228114,1.760948
35,89,2,32.047663,7.259084,100.000000,15.028824,0.849712,58.048969,0.000000,1,426.000000,0.150288,4.414506
35,89,3,1.679469,2.475262,100.000000,5.145829,0.948542,65.939153,0.000000,2,1345.000000,0.051458,3.953289
35,89,4,19.707571,26.881889,100.000000,10.643378,0.893566,61.548218,0.000000,0,0.000000,0.106434,6.030497
35,89,5,7.985248,4.711645,100.000000,15.491420,0.845086,57.680396,1.000000,2,0.000000,0.154914,9.434349
35,89,6,6.335756,52.414457,100.000000,20.743937,0.792561,53.502528,1.000000,2,800.000000,0.207439,6.511675
35,89,7,5.044294,2.828316,100.000000,31.981971,0.680180,44.548601,1.000000,0,1389.000000,0.319820,8.286927
35,89,8,22.726760,6.536533,100.000000,10.987784,0.890122,61.277718,0.000000,1,871.000000,0.109878,9.902659
35,89,9,3.922433,3.692325,100.000000,14.369549,0.856305,58.573751,0.000000,0,0.000000,0.143695,1.194532
35,89,10,34.970642,7.998519,100.000000,10.643378,0.893566,61.548218,0.000000,1,0.000000,0.106434,3.679274
35,90,1,20.569520,4.684204,100.000000,23.907968,0.760920,50.967709,0.000000,0,2016.000000,0.239080,1.760948
35,90,2,34.242569,7.735293,100.000000,14.508457,0.854915,58.464072,0.000000,2,726.000000,0.145085,4.414506
35,90,3,5.490815,5.471973,100.000000,8.530038,0.914700,63.235727,0.000000,1,0.000000,0.085300,3.953289
35,90,4,15.262629,25.808746,100.000000,10.242492,0.897575,61.868301,0.000000,0,0.000000,0.102425,6.030497
35,90,5,7.599710,3.595225,100.000000,15.138017,0.848620,57.963169,0.000000,1,0.000000,0.151380,9.434349
35,90,6,2.237104,52.149261,100.000000,20.053404,0.799466,54.052848,0.000000,2,823.000000,0.200534,6.511675
35,90,7,3.836413,4.603603,100.000000,31.576771,0.684232,44.869970,0.000000,0,982.000000,0.315768,8.286927
35,90,8,23.507014,5.009090,100.000000,19.816523,0.801835,54.228421,0.000000,0,0.000000,0.198165,9.902659
35,90,9,0.000000,4.576305,100.000000,14.310491,0.856895,58.620947,0.000000,0,0.000000,0.143105,1.194532
35,90,10,39.060663,5.282394,100.000000,10.242492,0.897575,61.868301,0.000000,0,0.000000,0.102425,3.679274
35,91,1,17.018550,4.645321,100.000000,23.531330,0.764687,51.267719,0.000000,1,886.000000,0.235313,1.760948
35,91,2,38.291608,8.184877,100.000000,13.794560,0.862054,59.033739,0.000000,1,0.000000,0.137946,4.414506
35,91,3,7.718937,2.848026,100.000000,7.085978,0.929140,64.388990,0.000000,0,0.000000,0.070860,3.953289
35,91,4,16.013962,23.545768,100.000000,9.056709,0.909433,62.815148,0.000000,0,0.000000,0.090567,6.030497
35,91,5,5.930351,6.270082,100.000000,14.418160,0.855818,58.537671,0.000000,0,327.000000,0.144182,9.434349
35,91,6,0.000000,52.135661,100.000000,20.093687,0.799063,54.025201,0.000000,1,0.000000,0.200937,6.511675
35,91,7,5.952440,6.382347,100.000000,33.101396,0.668986,43.661412,0.000000,0,2309.000000,0.331014,8.286927
35,91,8,25.785503,4.355485,100.000000,18.903481,0.810965,54.956511,0.000000,0,0.000000,0.189035,9.902659
35,91,9,3.966243,7.360516,100.000000,13.532355,0.864676,59.242033,0.000000,0,0.000000,0.135324,1.194532
35,91,10,34.498186,5.000130,100.000000,9.056709,0.909433,62.815148,0.000000,0,621.000000,0.090567,3.679274
35,92,1,16.447058,2.962539,100.000000,22.190954,0.778090,52.335668,0.000000,1,0.000000,0.221910,1.760948
35,92,2,42.779298,7.482430,100.000000,15.061678,0.849383,58.022374,0.000000,0,931.000000,0.150617,4.414506
35,92,3,6.617104,5.419479,100.000000,7.518019,0.924820,64.043937,0.000000,0,0.000000,0.075180,3.953289
35,92,4,17.103687,26.184495,100.000000,9.536906,0.904631,62.431699,0.000000,0,0.000000,0.095369,6.030497
35,92,5,9.046294,7.796102,100.000000,15.165890,0.848341,57.939922,0.000000,0,0.000000,0.151659,9.434349
35,92,6,0.000000,54.483138,100.000000,19.758064,0.802419,54.289871,0.000000,0,537.000000,0.197581,6.511675
35,92,7,7.778477,7.772905,100.000000,31.998108,0.680019,44.535805,0.000000,0,1433.000000,0.319981,8.286927
35,92,8,22.656153,4.794384,100.000000,19.827986,0.801720,54.219281,0.000000,0,686.000000,0.198280,9.902659
35,92,9,3.792621,6.426577,100.000000,14.753059,0.852469,58.267741,0.000000,0,0.000000,0.147531,1.194532
35,92,10,33.736906,7.454279,100.000000,9.536906,0.904631,62.431699,0.000000,0,333.000000,0.095369,3.679274
35,93,1,15.786575,0.299955,100.000000,22.522682,0.774773,52.071325,0.000000,0,0.000000,0.225227,1.760948
35,93,2,39.076865,7.196890,100.000000,15.004330,0.849957,58.068125,0.000000,0,866.000000,0.150043,4.414506
35,93,3,6.759586,6.048367,100.000000,7.631497,0.923685,63.953309,0.000000,1,2138.000000,0.076315,3.953289
35,93,4,16.290687,24.730648,100.000000,10.386644,0.896134,61.753203,0.000000,0,0.000000,0.103866,6.030497
35,93,5,8.262428,6.252626,100.000000,15.645823,0.843542,57.557046,0.000000,0,0.000000,0.156458,9.434349
35,93,6,0.000000,52.440449,100.000000,20.628463,0.793715,53.599880,0.000000,0,0.000000,0.206285,6.511675
35,93,7,7.587840,4.974584,100.000000,33.625429,0.663746,43.246452,0.000000,0,0.000000,0.336254,8.286927
35,93,8,22.424799,3.875106,100.000000,19.638539,0.803615,54.370341,0.000000,1,408.000000,0.196385,9.902659
35,93,9,0.000000,4.934202,100.000000,15.450036,0.845500,57.711504,0.000000,0,0.000000,0.154500,1.194532
35,93,10,31.616323,10.173523,100.000000,10.386644,0.896134,61.753203,0.000000,0,770.000000,0.103866,3.679274
35,94,1,16.466348,2.766339,100.000000,24.160635,0.758394,50.766467,0.000000,1,1465.000000,0.241606,1.760948
35,94,2,35.269144,8.735568,100.000000,14.492722,0.855073,58.477080,0.000000,1,791.000000,0.144927,4.414506
35,94,3,9.922589,5.864093,100.000000,3.739148,0.962609,67.062547,0.000000,1,0.000000,0.037391,3.953289
35,94,4,20.182207,27.580386,100.000000,10.879523,0.891205,61.359676,0.000000,0,0.000000,0.108795,6.030497
35,94,5,6.865733,7.859090,100.000000,15.017086,0.849829,58.059978,0.000000,1,1167.000000,0.150171,9.434349
35,94,6,1.317270,52.945153,100.000000,20.263877,0.797361,53.891537,1.000000,0,416.000000,0.202639,6.511675
35,94,7,2.937916,4.202499,100.000000,33.759027,0.662410,43.140701,1.000000,0,0.000000,0.337590,8.286927
35,94,8,20.714992,4.080909,100.000000,10.785862,0.892141,61.438749,0.000000,1,0.000000,0.107859,9.902659
35,94,9,0.000000,5.228863,100.000000,14.406326,0.855937,58.544438,0.000000,1,1404.000000,0.144063,1.194532
35,94,10,34.607023,11.654894,100.000000,10.879523,0.891205,61.359676,0.000000,0,0.000000,0.108795,3.679274
35,95,1,19.776349,1.466773,100.000000,22.515048,0.774850,52.077407,1.000000,0,0.000000,0.225150,1.760948
35,95,2,38.466310,10.467877,100.000000,14.277469,0.857225,58.648485,0.000000,3,1395.000000,0.142775,4.414506
35,95,3,5.170257,7.999324,100.000000,3.857972,0.961420,66.967587,0.000000,0,0.000000,0.038580,3.953289
35,95,4,20.160906,28.665756,100.000000,9.965043,0.900350,62.089835,0.000000,0,0.000000,0.099650,6.030497
35,95,5,10.229153,9.398533,100.000000,14.684540,0.853155,58.324435,1.000000,1,0.000000,0.146845,9.434349
35,95,6,0.000000,52.256387,100.000000,19.222799,0.807772,54.716903,0.000000,0,0.000000,0.192228,6.511675
35,95,7,0.000000,6.536588,100.000000,31.832171,0.681678,44.667395,0.000000,1,518.000000,0.318322,8.286927
35,95,8,17.558680,1.855300,100.000000,10.601354,0.893986,61.585504,0.000000,2,2092.000000,0.106014,9.902659
35,95,9,2.359565,4.047759,100.000000,13.918408,0.860816,58.933828,0.000000,1,0.000000,0.139184,1.194532
35,95,10,31.929762,13.933164,100.000000,9.965043,0.900350,62.089835,0.000000,0,0.000000,0.099650,3.679274
35,96,1,22.261339,4.337062,100.000000,20.934236,0.790658,53.337315,0.000000,0,0.000000,0.209342,1.760948
35,96,2,39.085438,13.220947,100.000000,14.515559,0.854844,58.458544,1.000000,3,0.000000,0.145156,4.414506
35,96,3,3.443513,7.998316,100.000000,5.059678,0.949403,66.007596,0.000000,0,0.000000,0.050597,3.953289
35,96,4,17.696178,25.670987,100.000000,8.615535,0.913845,63.167451,0.000000,0,0.000000,0.086155,6.030497
35,96,5,13.297616,11.340822,100.000000,14.487494,0.855125,58.480974,1.000000,0,1761.000000,0.144875,9.434349
35,96,6,4.633297,50.462841,100.000000,19.557207,0.804428,54.449615,2.000000,2,0.000000,0.195572,6.511675
35,96,7,0.000000,7.805199,100.000000,31.758885,0.682411,44.725519,2.000000,0,1412.000000,0.317589,8.286927
35,96,8,22.413115,0.000000,100.000000,11.806072,0.881939,60.623645,0.000000,3,1310.000000,0.118061,9.902659
35,96,9,4.923990,6.010197,100.000000,13.492716,0.865073,59.273579,0.000000,1,598.000000,0.134927,1.194532
35,96,10,29.263454,15.442585,100.000000,8.615535,0.913845,63.167451,0.000000,0,0.000000,0.086155,3.679274
35,97,1,22.343437,6.972263,100.000000,20.065161,0.799348,54.030173,0.000000,0,0.000000,0.200652,1.760948
35,97,2,36.772377,11.270207,100.000000,15.647283,0.843527,57.555580,0.000000,1,0.000000,0.156473,4.414506
35,97,3,5.012584,5.871421,100.000000,4.033374,0.959666,66.827562,0.000000,0,0.000000,0.040334,3.953289
35,97,4,14.159772,25.231469,100.000000,7.797992,0.922020,63.820341,0.000000,1,1692.000000,0.077980,6.030497
35,97,5,8.870827,11.626352,100.000000,15.365887,0.846341,57.779426,0.000000,0,0.000000,0.153659,9.434349
35,97,6,7.319891,52.384909,100.000000,20.727304,0.792727,53.522533,0.000000,2,557.000000,0.207273,6.511675
35,97,7,0.000000,6.863115,100.000000,34.065568,0.659344,42.898121,0.000000,0,0.000000,0.340656,8.286927
35,97,8,23.855487,0.000000,100.000000,11.479906,0.885201,60.885605,0.000000,2,961.000000,0.114799,9.902659
35,97,9,1.723808,8.250946,100.000000,14.171239,0.858288,58.732045,0.000000,1,648.000000,0.141712,1.194532
35,97,10,28.600507,14.109243,100.000000,7.797992,0.922020,63.820341,0.000000,0,0.000000,0.077980,3.679274
35,98,1,27.316485,8.593775,100.000000,20.100960,0.798990,54.001630,0.000000,0,1269.000000,0.201010,1.760948
35,98,2,36.073471,11.950400,100.000000,15.733041,0.842670,57.487696,2.000000,2,0.000000,0.157330,4.414506
35,98,3,8.726849,8.700630,100.000000,8.047871,0.919521,63.620783,0.000000,0,0.000000,0.080479,3.953289
35,98,4,10.862932,26.996435,100.000000,6.214489,0.937855,65.085046,0.000000,1,858.000000,0.062145,6.030497
35,98,5,4.869714,8.937627,100.000000,14.738547,0.852615,58.280150,0.000000,0,546.000000,0.147385,9.434349
35,98,6,9.344864,51.763426,100.000000,21.140827,0.788592,53.192913,0.000000,1,0.000000,0.211408,6.511675
35,98,7,4.085063,3.863575,100.000000,34.233783,0.657662,42.765043,0.000000,0,0.000000,0.342338,8.286927
35,98,8,25.307912,0.000000,100.000000,23.427861,0.765721,51.350143,2.000000,1,1044.000000,0.234279,9.902659
35,98,9,2.526034,7.105411,100.000000,12.993518,0.870065,59.672039,0.000000,0,0.000000,0.129935,1.194532
35,98,10,24.254778,17.106870,100.000000,6.214489,0.937855,65.085046,0.000000,0,1119.000000,0.062145,3.679274
35,99,1,26.561153,5.597655,100.000000,20.735897,0.792641,53.495425,0.000000,2,2443.000000,0.207359,1.760948
35,99,2,34.821675,12.223864,100.000000,16.031431,0.839686,57.250870,0.000000,1,0.000000,0.160314,4.414506
35,99,3,9.140740,11.684823,100.000000,7.871493,0.921285,63.761641,1.000000,2,513.000000,0.078715,3.953289
35,99,4,14.858087,29.802022,100.000000,5.717906,0.942821,65.481684,0.000000,0,263.000000,0.057179,6.030497
35,99,5,7.920452,6.392985,100.000000,15.237894,0.847621,57.881831,0.000000,0,0.000000,0.152379,9.434349
35,99,6,9.461016,50.584904,100.000000,20.893083,0.791069,53.389581,1.000000,0,0.000000,0.208931,6.511675
35,99,7,6.493197,3.791256,100.000000,33.914672,0.660853,43.017521,0.000000,0,1234.000000,0.339147,8.286927
35,99,8,27.600035,1.521615,100.000000,25.525291,0.744747,49.679867,0.000000,1,0.000000,0.255253,9.902659
35,99,9,0.000000,5.420892,100.000000,13.282117,0.867179,59.441745,0.000000,0,0.000000,0.132821,1.194532
35,99,10,29.140276,18.162503,100.000000,5.717906,0.942821,65.481684,0.000000,0,0.000000,0.057179,3.679274
35,100,1,31.357604,7.227890,100.000000,22.050027,0.779500,52.447976,0.000000,2,0.000000,0.220500,1.760948
35,100,2,33.535207,12.900746,100.000000,15.725155,0.842748,57.495057,1.000000,1,0.000000,0.157252,4.414506
35,100,3,10.374285,10.487478,100.000000,7.416221,0.925838,64.125238,0.000000,1,0.000000,0.074162,3.953289
35,100,4,19.164810,28.901035,100.000000,6.743276,0.932567,64.662700,0.000000,0,940.000000,0.067433,6.030497
35,100,5,3.184264,8.881354,100.000000,15.729788,0.842702,57.489826,0.000000,0,0.000000,0.157298,9.434349
35,100,6,13.462814,49.872077,100.000000,21.935982,0.780640,52.567771,1.000000,1,2274.000000,0.219360,6.511675
35,100,7,5.116498,6.555860,100.000000,36.455743,0.635443,41.010305,1.000000,1,1242.000000,0.364557,8.286927
35,100,8,27.547206,0.000000,100.000000,25.031310,0.749687,50.073135,1.000000,0,1334.000000,0.250313,9.902659
35,100,9,2.973869,3.286428,100.000000,13.952273,0.860477,58.906895,0.000000,0,0.000000,0.139523,1.194532
35,100,10,31.280113,15.648400,100.000000,6.743276,0.932567,64.662700,0.000000,0,0.000000,0.067433,3.679274
35,101,1,33.085199,6.759563,100.000000,20.201253,0.797987,53.921667,2.000000,0,1172.000000,0.202013,1.760948
35,101,2,34.001407,10.647666,100.000000,16.355321,0.836447,56.991349,0.000000,0,0.000000,0.163553,4.414506
35,101,3,13.043965,11.651355,100.000000,8.825655,0.911743,62.999656,0.000000,0,0.000000,0.088257,3.953289
35,101,4,16.550102,29.166885,100.000000,6.443652,0.935563,64.902010,0.000000,0,0.000000,0.064437,6.030497
35,101,5,5.465304,8.656746,100.000000,15.854633,0.841454,57.389357,2.000000,1,0.000000,0.158546,9.434349
35,101,6,16.834217,50.206534,100.000000,22.668336,0.773317,51.983197,0.000000,1,0.000000,0.226683,6.511675
35,101,7,8.413038,8.281299,100.000000,36.511017,0.634890,40.966738,0.000000,1,1894.000000,0.365110,8.286927
35,101,8,23.071345,0.000000,100.000000,24.162059,0.758379,50.765334,0.000000,0,0.000000,0.241621,9.902659
35,101,9,0.000000,0.682138,100.000000,14.261133,0.857389,58.660355,0.000000,0,333.000000,0.142611,1.194532
35,101,10,32.137571,12.880690,100.000000,6.443652,0.935563,64.902010,0.000000,0,1315.000000,0.064437,3.679274
35,102,1,28.958667,6.095864,100.000000,21.898459,0.781015,52.568768,0.000000,0,0.000000,0.218985,1.760948
35,102,2,33.696605,12.384660,100.000000,15.170290,0.848297,57.936566,0.000000,0,0.000000,0.151703,4.414506
35,102,3,11.836454,11.611726,100.000000,9.308383,0.906916,62.614178,0.000000,0,0.000000,0.093084,3.953289
35,102,4,17.879310,31.369242,100.000000,6.658167,0.933418,64.730676,0.000000,0,0.000000,0.066582,6.030497
35,102,5,3.305213,9.263794,100.000000,15.308431,0.846916,57.826010,0.000000,0,2635.000000,0.153084,9.434349
35,102,6,20.471353,51.584595,100.000000,22.000215,0.779998,52.508417,0.000000,0,0.000000,0.220002,6.511675
35,102,7,10.176003,10.001136,100.000000,34.692048,0.653080,42.402655,0.000000,0,0.000000,0.346920,8.286927
35,102,8,23.781826,1.434408,100.000000,22.602069,0.773979,52.008067,0.000000,0,764.000000,0.226021,9.902659
35,102,9,3.604221,2.685150,100.000000,13.648330,0.863517,59.149388,0.000000,0,548.000000,0.136483,1.194532
35,102,10,29.847095,14.000673,100.000000,6.658167,0.933418,64.730676,0.000000,0,421.000000,0.066582,3.679274
35,103,1,26.819815,8.817083,100.000000,20.441061,0.795589,53.730475,0.000000,0,0.000000,0.204411,1.760948
35,103,2,33.836865,14.092536,100.000000,15.381439,0.846186,57.767733,0.000000,0,0.000000,0.153814,4.414506
35,103,3,15.356960,9.409470,100.000000,8.341578,0.916584,63.386228,0.000000,0,1327.000000,0.083416,3.953289
35,103,4,13.418803,30.945607,100.000000,6.145910,0.938541,65.139821,0.000000,0,0.000000,0.061459,6.030497
35,103,5,5.084077,8.308434,100.000000,15.644580,0.843554,57.557079,0.000000,0,1219.000000,0.156446,9.434349
35,103,6,19.629083,50.876011,100.000000,21.961327,0.780387,52.543267,0.000000,0,273.000000,0.219613,6.511675
35,103,7,6.196354,8.724269,100.000000,35.581076,0.644189,41.700307,0.000000,0,0.000000,0.355811,8.286927
35,103,8,25.427401,3.701763,100.000000,22.202659,0.777973,52.326340,0.000000,0,0.000000,0.222027,9.902659
35,103,9,1.799253,5.370623,100.000000,13.725109,0.862749,59.088172,0.000000,0,286.000000,0.137251,1.194532
35,103,10,25.824884,14.479236,100.000000,6.145910,0.938541,65.139821,0.000000,0,0.000000,0.061459,3.679274
35,104,1,26.945847,9.406703,100.000000,21.849027,0.781510,52.608164,0.000000,0,0.000000,0.218490,1.760948
35,104,2,36.727128,12.371544,100.000000,14.847006,0.851530,58.194847,0.000000,0,0.000000,0.148470,4.414506
35,104,3,15.827770,10.515362,100.000000,10.004362,0.899956,62.058440,0.000000,0,1088.000000,0.100044,3.953289
35,104,4,12.377372,29.103528,100.000000,4.844733,0.951553,66.179152,0.000000,0,0.000000,0.048447,6.030497
35,104,5,3.155837,7.958379,100.000000,15.788396,0.842116,57.442959,0.000000,0,988.000000,0.157884,9.434349
35,104,6,18.741974,51.094930,100.000000,21.644024,0.783560,52.787738,0.000000,1,974.000000,0.216440,6.511675
35,104,7,6.449920,10.703439,100.000000,33.283687,0.667163,43.517035,0.000000,0,0.000000,0.332837,8.286927
35,104,8,21.289940,6.018106,100.000000,23.026672,0.769733,51.669758,0.000000,0,1098.000000,0.230267,9.902659
35,104,9,2.058765,8.350481,100.000000,13.638009,0.863620,59.157808,0.000000,0,0.000000,0.136380,1.194532
35,104,10,26.619237,14.595800,100.000000,4.844733,0.951553,66.179152,0.000000,0,385.000000,0.048447,3.679274
35,105,1,28.412067,7.556870,100.000000,21.538644,0.784614,52.855541,0.000000,0,0.000000,0.215386,1.760948
35,105,2,36.739880,14.245077,100.000000,14.395805,0.856042,58.554581,0.000000,2,1550.000000,0.143958,4.414506
35,105,3,13.103798,12.164598,100.000000,8.856449,0.911436,62.975066,0.000000,0,0.000000,0.088564,3.953289
35,105,4,16.482630,30.520295,100.000000,6.131044,0.938690,65.151695,0.000000,1,481.000000,0.061310,6.030497
35,105,5,7.814366,9.293812,100.000000,16.339569,0.836604,57.003025,0.000000,0,1445.000000,0.163396,9.434349
35,105,6,23.687763,51.841440,100.000000,21.623610,0.783764,52.807971,0.000000,1,0.000000,0.216236,6.511675
35,105,7,2.647435,12.660486,100.000000,34.390771,0.656092,42.640875,0.000000,0,0.000000,0.343908,8.286927
35,105,8,17.479005,6.732866,100.000000,22.096530,0.779035,52.410916,0.000000,0,0.000000,0.220965,9.902659
35,105,9,2.255630,8.936870,100.000000,13.962666,0.860373,58.899008,0.000000,0,403.000000,0.139627,1.194532
35,105,10,28.282212,17.138151,100.000000,6.131044,0.938690,65.151695,0.000000,0,0.000000,0.061310,3.679274
35,106,1,29.320721,9.060456,100.000000,19.792276,0.802077,54.247755,1.000000,0,1299.000000,0.197923,1.760948
35,106,2,32.771646,12.626321,100.000000,14.578739,0.854213,58.408467,0.000000,2,0.000000,0.145787,4.414506
35,106,3,14.372865,9.203586,100.000000,7.786532,0.922135,63.829493,0.000000,0,0.000000,0.077865,3.953289
35,106,4,11.564058,30.297987,100.000000,6.984616,0.930154,64.469945,0.000000,1,0.000000,0.069846,6.030497
35,106,5,6.476792,11.667251,100.000000,15.937414,0.840626,57.323347,1.000000,2,1493.000000,0.159374,9.434349
35,106,6,22.457448,50.567351,100.000000,21.734896,0.782651,52.724568,0.000000,0,0.000000,0.217349,6.511675
35,106,7,2.828348,10.633810,100.000000,35.683260,0.643167,41.619642,0.000000,1,2328.000000,0.356833,8.286927
35,106,8,16.265494,7.756242,100.000000,21.980567,0.780194,52.503331,0.000000,0,848.000000,0.219806,9.902659
35,106,9,0.000000,8.139459,100.000000,13.741380,0.862586,59.075596,0.000000,0,0.000000,0.137414,1.194532
35,106,10,32.069157,14.986001,100.000000,6.984616,0.930154,64.469945,0.000000,0,0.000000,0.069846,3.679274
35,107,1,33.241495,7.767073,100.000000,18.231959,0.817680,55.492088,0.000000,0,0.000000,0.182320,1.760948
35,107,2,32.458761,11.499049,100.000000,14.836478,0.851635,58.201819,0.000000,0,1013.000000,0.148365,4.414506
35,107,3,16.881655,10.606719,100.000000,8.014413,0.919856,63.647503,0.000000,0,1288.000000,0.080144,3.953289
35,107,4,11.018219,31.119272,100.000000,6.701228,0.932988,64.696283,0.000000,0,0.000000,0.067012,6.030497
35,107,5,3.945828,12.010250,100.000000,16.407765,0.835922,56.947591,0.000000,3,1936.000000,0.164078,9.434349
35,107,6,19.133229,49.699217,100.000000,21.897449,0.781026,52.595204,1.000000,1,0.000000,0.218974,6.511675
35,107,7,1.218856,10.952821,100.000000,35.780485,0.642195,41.542905,1.000000,0,0.000000,0.357805,8.286927
35,107,8,16.125447,5.121318,100.000000,19.644563,0.803554,54.365537,0.000000,0,0.000000,0.196446,9.902659
35,107,9,0.000000,7.043018,100.000000,14.570501,0.854295,58.413880,0.000000,0,0.000000,0.145705,1.194532
35,107,10,31.963628,14.116497,100.000000,6.701228,0.932988,64.696283,0.000000,0,0.000000,0.067012,3.679274
35,108,1,37.565205,5.353286,100.000000,16.787759,0.832122,56.644138,0.000000,0,553.000000,0.167878,1.760948
35,108,2,33.845564,12.143468,100.000000,14.465149,0.855349,58.497846,1.000000,0,0.000000,0.144651,4.414506
35,108,3,15.136232,13.466788,100.000000,7.857835,0.921422,63.772549,0.000000,0,0.000000,0.078578,3.953289
35,108,4,10.726523,33.670904,100.000000,7.507943,0.924921,64.051984,0.000000,0,0.000000,0.075079,6.030497
35,108,5,6.035267,14.481139,100.000000,16.021149,0.839789,57.255890,1.000000,1,869.000000,0.160211,9.434349
35,108,6,18.616065,47.052405,100.000000,21.254887,0.787451,53.103456,0.000000,1,0.000000,0.212549,6.511675
35,108,7,1.874005,10.548658,100.000000,34.651940,0.653481,42.434363,0.000000,0,442.000000,0.346519,8.286927
35,108,8,13.113808,2.799988,100.000000,17.931406,0.820686,55.731817,0.000000,0,0.000000,0.179314,9.902659
35,108,9,0.000000,4.501823,100.000000,14.267182,0.857328,58.655891,0.000000,0,921.000000,0.142672,1.194532
35,108,10,30.444718,14.841854,100.000000,7.507943,0.924921,64.051984,0.000000,0,719.000000,0.075079,3.679274
35,109,1,42.212989,8.170403,100.000000,15.808044,0.841920,57.425820,0.000000,0,1352.000000,0.158080,1.760948
35,109,2,32.650850,13.601732,100.000000,15.293652,0.847063,57.836892,0.000000,0,0.000000,0.152937,4.414506
35,109,3,15.331298,12.336355,100.000000,7.527062,0.924729,64.036715,0.000000,0,0.000000,0.075271,3.953289
35,109,4,10.544358,31.294836,100.000000,6.715162,0.932848,64.685154,0.000000,0,1039.000000,0.067152,6.030497
35,109,5,10.275026,16.919665,100.000000,15.892238,0.841078,57.358648,0.000000,0,0.000000,0.158922,9.434349
35,109,6,14.751280,44.329828,100.000000,20.868215,0.791318,53.410536,0.000000,0,312.000000,0.208682,6.511675
35,109,7,0.000000,9.317741,100.000000,34.209369,0.657906,42.784356,0.000000,0,0.000000,0.342094,8.286927
35,109,8,9.615311,5.155827,100.000000,19.204801,0.807952,54.716214,0.000000,0,0.000000,0.192048,9.902659
35,109,9,3.614100,4.467713,100.000000,13.788789,0.862112,59.037603,0.000000,0,1326.000000,0.137888,1.194532
35,109,10,33.124309,12.695154,100.000000,6.715162,0.932848,64.685154,0.000000,0,1114.000000,0.067152,3.679274
35,110,1,38.331372,10.124065,100.000000,14.522007,0.854780,58.452077,0.000000,0,0.000000,0.145220,1.760948
35,110,2,36.834629,12.962927,100.000000,15.224527,0.847755,57.892046,0.000000,0,0.000000,0.152245,4.414506
35,110,3,17.327305,14.236321,100.000000,7.650438,0.923496,63.938182,0.000000,1,421.000000,0.076504,3.953289
35,110,4,6.944795,29.428899,100.000000,6.177722,0.938223,65.114412,0.000000,0,0.000000,0.061777,6.030497
35,110,5,12.916538,18.198880,100.000000,15.934436,0.840656,57.325028,0.000000,1,327.000000,0.159344,9.434349
35,110,6,16.435725,46.755245,100.000000,21.959618,0.780404,52.547936,0.000000,0,418.000000,0.219596,6.511675
35,110,7,4.076521,10.502218,100.000000,36.268799,0.637312,41.157689,0.000000,0,0.000000,0.362688,8.286927
35,110,8,7.487955,3.765162,100.000000,18.357375,0.816426,55.392057,0.000000,0,460.000000,0.183574,9.902659
35,110,9,7.479198,4.576694,100.000000,13.574965,0.864250,59.208370,0.000000,1,265.000000,0.135750,1.194532
35,110,10,29.445821,10.257740,100.000000,6.177722,0.938223,65.114412,0.000000,0,0.000000,0.061777,3.679274
35,111,1,35.301378,12.345962,100.000000,12.653280,0.873467,59.943629,0.000000,0,759.000000,0.126533,1.760948
35,111,2,38.889475,11.891528,100.000000,15.487499,0.845125,57.682138,1.000000,0,0.000000,0.154875,4.414506
35,111,3,17.381859,14.389553,100.000000,8.113606,0.918864,63.568286,0.000000,1,0.000000,0.081136,3.953289
35,111,4,8.843005,29.647416,100.000000,6.503710,0.934963,64.854041,0.000000,0,0.000000,0.065037,6.030497
35,111,5,10.098551,20.679298,100.000000,16.127327,0.838727,57.171466,0.000000,2,1138.000000,0.161273,9.434349
35,111,6,19.016148,47.981299,100.000000,21.439419,0.785606,52.956545,0.000000,0,1178.000000,0.214394,6.511675
35,111,7,5.200839,10.976584,100.000000,34.765232,0.652348,42.344803,0.000000,0,1059.000000,0.347652,8.286927
35,111,8,7.186364,6.707130,100.000000,16.091300,0.839087,57.199808,0.000000,0,0.000000,0.160913,9.902659
35,111,9,11.043269,5.792242,100.000000,14.119894,0.858801,58.773371,1.000000,0,0.000000,0.141199,1.194532
35,111,10,29.616035,8.308012,100.000000,6.503710,0.934963,64.854041,0.000000,0,455.000000,0.065037,3.679274
35,112,1,39.659959,13.276818,100.000000,11.213119,0.887869,61.093335,0.000000,0,0.000000,0.112131,1.760948
35,112,2,34.231494,11.063958,100.000000,15.352446,0.846476,57.790115,1.000000,0,0.000000,0.153524,4.414506
35,112,3,22.113853,13.719312,100.000000,6.928483,0.930715,64.514777,0.000000,0,789.000000,0.069285,3.953289
35,112,4,8.111510,28.944637,100.000000,7.242314,0.927577,64.264130,0.000000,0,0.000000,0.072423,6.030497
35,112,5,11.869846,19.512773,100.000000,15.800381,0.841996,57.432739,1.000000,1,0.000000,0.158004,9.434349
35,112,6,15.868086,48.274222,100.000000,20.846856,0.791531,53.429792,0.000000,0,0.000000,0.208469,6.511675
35,112,7,7.125075,8.870235,100.000000,34.765228,0.652348,42.344806,0.000000,0,0.000000,0.347652,8.286927
35,112,8,6.690198,4.752103,100.000000,13.796919,0.862031,59.030776,0.000000,0,0.000000,0.137969,9.902659
35,112,9,10.375298,4.879482,100.000000,14.019776,0.859802,58.853103,0.000000,2,2424.000000,0.140198,1.194532
35,112,10,31.400153,8.904264,100.000000,7.242314,0.927577,64.264130,0.000000,0,2031.000000,0.072423,3.679274
35,113,1,40.436839,11.628853,100.000000,12.817292,0.871827,59.812707,0.000000,1,925.000000,0.128173,1.760948
35,113,2,35.307682,9.752554,100.000000,15.220553,0.847794,57.895071,0.000000,0,256.000000,0.152206,4.414506
35,113,3,24.898084,13.311822,100.000000,8.265429,0.917346,63.447041,0.000000,0,0.000000,0.082654,3.953289
35,113,4,11.883801,31.257787,100.000000,8.211865,0.917881,63.489817,0.000000,0,1006.000000,0.082119,6.030497
35,113,5,9.861666,22.451176,100.000000,15.899248,0.841008,57.353360,0.000000,0,0.000000,0.158992,9.434349
35,113,6,11.540256,46.547879,100.000000,21.890152,0.781098,52.599807,0.000000,0,0.000000,0.218902,6.511675
35,113,7,4.407537,8.048906,100.000000,35.514876,0.644851,41.752573,0.000000,0,0.000000,0.355149,8.286927
35,113,8,8.029138,3.102849,100.000000,15.836886,0.841631,57.402807,0.000000,0,0.000000,0.158369,9.902659
35,113,9,11.749983,2.200682,100.000000,13.963566,0.860364,58.898094,0.000000,2,0.000000,0.139636,1.194532
35,113,10,28.409810,8.331042,100.000000,8.211865,0.917881,63.489817,0.000000,0,2153.000000,0.082119,3.679274
35,114,1,41.011995,10.472722,100.000000,13.638306,0.863617,59.157373,0.000000,1,0.000000,0.136383,1.760948
35,114,2,39.631753,7.642360,100.000000,14.996848,0.850032,58.073353,0.000000,0,0.000000,0.149968,4.414506
35,114,3,29.117161,14.317174,100.000000,3.601642,0.963984,67.172380,0.000000,0,0.000000,0.036016,3.953289
35,114,4,9.497367,34.039443,100.000000,9.090095,0.909099,62.788489,0.000000,0,292.000000,0.090901,6.030497
35,114,5,11.821148,21.025365,100.000000,15.391739,0.846083,57.758130,0.000000,0,671.000000,0.153917,9.434349
35,114,6,7.323583,48.037039,100.000000,21.481265,0.785187,52.930768,0.000000,0,0.000000,0.214813,6.511675
35,114,7,1.921229,10.561388,100.000000,36.422026,0.635780,41.036883,0.000000,0,0.000000,0.364220,8.286927
35,114,8,8.953370,3.401868,100.000000,8.084417,0.919156,63.593449,0.000000,0,0.000000,0.080844,9.902659
35,114,9,13.484841,1.716435,100.000000,13.841931,0.861581,58.994967,0.000000,3,1984.000000,0.138419,1.194532
35,114,10,28.116864,10.176828,100.000000,9.090095,0.909099,62.788489,0.000000,0,0.000000,0.090901,3.679274
35,115,1,36.960875,10.335961,100.000000,14.401817,0.855982,58.547998,0.000000,0,0.000000,0.144018,1.760948
35,115,2,39.971770,6.021296,100.000000,15.011730,0.849883,58.061356,0.000000,0,994.000000,0.150117,4.414506
35,115,3,27.498850,13.090333,100.000000,3.564990,0.964350,67.201526,0.000000,1,533.000000,0.035650,3.953289
35,115,4,6.909184,31.898404,100.000000,9.773801,0.902262,62.242539,0.000000,0,0.000000,0.097738,6.030497
35,115,5,8.020338,23.410562,100.000000,14.783536,0.852165,58.243410,0.000000,0,0.000000,0.147835,9.434349
35,115,6,6.619247,47.200969,100.000000,21.939483,0.780605,52.577741,0.000000,0,0.000000,0.219395,6.511675
35,115,7,5.113112,12.169081,100.000000,38.535078,0.614649,39.375047,0.000000,0,0.000000,0.385351,8.286927
35,115,8,6.909370,2.548799,100.000000,8.831513,0.911685,62.996734,0.000000,0,0.000000,0.088315,9.902659
35,115,9,11.943340,3.086191,100.000000,13.487605,0.865124,59.277665,0.000000,5,2922.000000,0.134876,1.194532
35,115,10,27.094860,12.108133,100.000000,9.773801,0.902262,62.242539,0.000000,0,818.000000,0.097738,3.679274
35,116,1,41.538587,9.644732,100.000000,15.510405,0.844896,57.663319,0.000000,1,1235.000000,0.155104,1.760948
35,116,2,40.402758,5.685826,100.000000,14.187934,0.858121,58.718765,1.000000,1,0.000000,0.141879,4.414506
35,116,3,32.203106,15.691804,100.000000,3.459082,0.965409,67.286190,0.000000,1,0.000000,0.034591,3.953289
35,116,4,9.689683,29.871571,100.000000,10.553230,0.894468,61.620194,0.000000,0,457.000000,0.105532,6.030497
35,116,5,4.805924,23.922586,100.000000,15.247876,0.847521,57.872814,0.000000,0,0.000000,0.152479,9.434349
35,116,6,5.098785,49.771156,100.000000,21.593297,0.784067,52.846597,0.000000,0,1063.000000,0.215933,6.511675
35,116,7,4.780526,11.452343,100.000000,37.371285,0.626287,40.289310,0.000000,0,0.000000,0.373713,8.286927
35,116,8,6.007727,2.411338,100.000000,8.054736,0.919453,63.616916,0.000000,0,1460.000000,0.080547,9.902659
35,116,9,12.184633,4.323675,100.000000,13.885798,0.861142,58.959928,1.000000,2,458.000000,0.138858,1.194532
35,116,10,26.987736,12.098905,100.000000,10.553230,0.894468,61.620194,0.000000,0,0.000000,0.105532,3.679274
35,117,1,44.523207,9.025660,100.000000,14.585741,0.854143,58.401213,0.000000,1,0.000000,0.145857,1.760948
35,117,2,36.968266,3.189853,100.000000,14.380582,0.856194,58.565162,0.000000,1,1078.000000,0.143806,4.414506
35,117,3,35.456370,18.113100,100.000000,3.073297,0.969267,67.594282,0.000000,0,0.000000,0.030733,3.953289
35,117,4,6.327784,28.704259,100.000000,9.187477,0.908125,62.710725,0.000000,0,0.000000,0.091875,6.030497
35,117,5,8.315134,24.833006,100.000000,16.077748,0.839223,57.210692,1.000000,2,1425.000000,0.160777,9.434349
35,117,6,3.434066,48.638623,100.000000,22.044309,0.779557,52.504522,0.000000,0,0.000000,0.220443,6.511675
35,117,7,2.080976,10.666745,100.000000,39.842828,0.601572,38.351447,0.000000,0,0.000000,0.398428,8.286927
35,117,8,9.175167,1.699021,100.000000,7.401155,0.925988,64.138227,0.000000,1,1379.000000,0.074012,9.902659
35,117,9,11.442215,6.514968,100.000000,14.751884,0.852481,58.268779,1.000000,0,0.000000,0.147519,1.194532
35,117,10,31.493906,14.901898,100.000000,9.187477,0.908125,62.710725,0.000000,0,949.000000,0.091875,3.679274
35,118,1,45.154541,8.847281,100.000000,16.101755,0.838982,57.191466,1.000000,0,0.000000,0.161018,1.760948
35,118,2,40.329201,5.371640,100.000000,13.393055,0.866069,59.353286,2.000000,3,0.000000,0.133931,4.414506
35,118,3,34.423888,15.702884,100.000000,3.124920,0.968751,67.553073,0.000000,1,1468.000000,0.031249,3.953289
35,118,4,10.622094,27.540231,100.000000,8.521847,0.914782,63.242268,0.000000,0,1181.000000,0.085218,6.030497
35,118,5,5.715817,25.987595,100.000000,16.168067,0.838319,57.138560,3.000000,1,817.000000,0.161681,9.434349
35,118,6,2.388171,51.454462,100.000000,22.082759,0.779172,52.469946,0.000000,0,0.000000,0.220828,6.511675
35,118,7,5.825963,11.441695,100.000000,39.394942,0.606051,38.701502,0.000000,1,774.000000,0.393949,8.286927
35,118,8,11.229397,2.039235,100.000000,6.696005,0.933040,64.701273,0.000000,1,0.000000,0.066960,9.902659
35,118,9,13.512790,6.586925,100.000000,14.429036,0.855710,58.526501,0.000000,0,0.000000,0.144290,1.194532
35,118,10,36.296071,17.347917,100.000000,8.521847,0.914782,63.242268,0.000000,0,951.000000,0.085218,3.679274
35,119,1,44.930576,9.858593,100.000000,16.290670,0.837093,57.040734,0.000000,0,0.000000,0.162907,1.760948
35,119,2,44.078620,4.359584,100.000000,12.577531,0.874225,60.004175,0.000000,2,369.000000,0.125775,4.414506
35,119,3,35.726148,16.183211,100.000000,2.144975,0.978550,68.335941,0.000000,2,991.000000,0.021450,3.953289
35,119,4,9.454447,25.593065,100.000000,9.069762,0.909302,62.804725,0.000000,0,0.000000,0.090698,6.030497
35,119,5,1.296096,25.499020,100.000000,15.251741,0.847483,57.869761,0.000000,0,479.000000,0.152517,9.434349
35,119,6,5.362476,51.329382,100.000000,22.159962,0.778400,52.420464,0.000000,1,766.000000,0.221600,6.511675
35,119,7,3.891411,13.511024,100.000000,40.705371,0.592946,37.679071,0.000000,1,0.000000,0.407054,8.286927
35,119,8,8.265321,4.586236,100.000000,6.129713,0.938703,65.153619,0.000000,0,0.000000,0.061297,9.902659
35,119,9,13.295390,4.958756,100.000000,13.396351,0.866036,59.350628,0.000000,1,866.000000,0.133964,1.194532
35,119,10,34.425237,15.567087,100.000000,9.069762,0.909302,62.804725,0.000000,0,0.000000,0.090698,3.679274
